dataset,condition_id,condition_name,shaft_speed_rpm,radial_load_kn,bearing_id,bearing_index,snapshot_index,relative_path,split,n_signal_samples,sampling_rate_hz,snapshot_duration_seconds,snapshot_interval_minutes,rul_minutes
XJTU-SY,1,35Hz12kN,2100,12.0,Bearing1_1,1,1,35Hz12kN/Bearing1_1/1.csv,train,32768,25600,1.28,1,122
XJTU-SY,1,35Hz12kN,2100,12.0,Bearing1_1,1,2,35Hz12kN/Bearing1_1/2.csv,train,32768,25600,1.28,1,121
XJTU-SY,1,35Hz12kN,2100,12.0,Bearing1_1,1,3,35Hz12kN/Bearing1_1/3.csv,train,32768,25600,1.28,1,120
XJTU-SY,1,35Hz12kN,2100,12.0,Bearing1_1,1,4,35Hz12kN/Bearing1_1/4.csv,train,32768,25600,1.28,1,119
XJTU-SY,1,35Hz12kN,2100,12.0,Bearing1_1,1,5,35Hz12kN/Bearing1_1/5.csv,train,32768,25600,1.28,1,118
XJTU-SY,1,35Hz12kN,2100,12.0,Bearing1_1,1,6,35Hz12kN/Bearing1_1/6.csv,train,32768,25600,1.28,1,117
XJTU-SY,1,35Hz12kN,2100,12.0,Bearing1_1,1,7,35Hz12kN/Bearing1_1/7.csv,train,32768,25600,1.28,1,116
XJTU-SY,1,35Hz12kN,2100,12.0,Bearing1_1,1,8,35Hz12kN/Bearing1_1/8.csv,train,32768,25600,1.28,1,115
XJTU-SY,1,35Hz12kN,2100,12.0,Bearing1_1,1,9,35Hz12kN/Bearing1_1/9.csv,train,32768,25600,1.28,1,114
XJTU-SY,1,35Hz12kN,2100,12.0,Bearing1_1,1,10,35Hz12kN/Bearing1_1/10.csv,train,32768,25600,1.28,1,113
XJTU-SY,1,35Hz12kN,2100,12.0,Bearing1_1,1,11,35Hz12kN/Bearing1_1/11.csv,train,32768,25600,1.28,1,112
XJTU-SY,1,35Hz12kN,2100,12.0,Bearing1_1,1,12,35Hz12kN/Bearing1_1/12.csv,train,32768,25600,1.28,1,111
XJTU-SY,1,35Hz12kN,2100,12.0,Bearing1_1,1,13,35Hz12kN/Bearing1_1/13.csv,train,32768,25600,1.28,1,110
XJTU-SY,1,35Hz12kN,2100,12.0,Bearing1_1,1,14,35Hz12kN/Bearing1_1/14.csv,train,32768,25600,1.28,1,109
XJTU-SY,1,35Hz12kN,2100,12.0,Bearing1_1,1,15,35Hz12kN/Bearing1_1/15.csv,train,32768,25600,1.28,1,108
XJTU-SY,1,35Hz12kN,2100,12.0,Bearing1_1,1,16,35Hz12kN/Bearing1_1/16.csv,train,32768,25600,1.28,1,107
XJTU-SY,1,35Hz12kN,2100,12.0,Bearing1_1,1,17,35Hz12kN/Bearing1_1/17.csv,train,32768,25600,1.28,1,106
XJTU-SY,1,35Hz12kN,2100,12.0,Bearing1_1,1,18,35Hz12kN/Bearing1_1/18.csv,train,32768,25600,1.28,1,105
XJTU-SY,1,35Hz12kN,2100,12.0,Bearing1_1,1,19,35Hz12kN/Bearing1_1/19.csv,train,32768,25600,1.28,1,104
XJTU-SY,1,35Hz12kN,2100,12.0,Bearing1_1,1,20,35Hz12kN/Bearing1_1/20.csv,train,32768,25600,1.28,1,103
XJTU-SY,1,35Hz12kN,2100,12.0,Bearing1_1,1,21,35Hz12kN/Bearing1_1/21.csv,train,32768,25600,1.28,1,102
XJTU-SY,1,35Hz12kN,2100,12.0,Bearing1_1,1,22,35Hz12kN/Bearing1_1/22.csv,train,32768,25600,1.28,1,101
XJTU-SY,1,35Hz12kN,2100,12.0,Bearing1_1,1,23,35Hz12kN/Bearing1_1/23.csv,train,32768,25600,1.28,1,100
XJTU-SY,1,35Hz12kN,2100,12.0,Bearing1_1,1,24,35Hz12kN/Bearing1_1/24.csv,train,32768,25600,1.28,1,99
XJTU-SY,1,35Hz12kN,2100,12.0,Bearing1_1,1,25,35Hz12kN/Bearing1_1/25.csv,train,32768,25600,1.28,1,98
XJTU-SY,1,35Hz12kN,2100,12.0,Bearing1_1,1,26,35Hz12kN/Bearing1_1/26.csv,train,32768,25600,1.28,1,97
XJTU-SY,1,35Hz12kN,2100,12.0,Bearing1_1,1,27,35Hz12kN/Bearing1_1/27.csv,train,32768,25600,1.28,1,96
XJTU-SY,1,35Hz12kN,2100,12.0,Bearing1_1,1,28,35Hz12kN/Bearing1_1/28.csv,train,32768,25600,1.28,1,95
XJTU-SY,1,35Hz12kN,2100,12.0,Bearing1_1,1,29,35Hz12kN/Bearing1_1/29.csv,train,32768,25600,1.28,1,94
XJTU-SY,1,35Hz12kN,2100,12.0,Bearing1_1,1,30,35Hz12kN/Bearing1_1/30.csv,train,32768,25600,1.28,1,93
XJTU-SY,1,35Hz12kN,2100,12.0,Bearing1_1,1,31,35Hz12kN/Bearing1_1/31.csv,train,32768,25600,1.28,1,92
XJTU-SY,1,35Hz12kN,2100,12.0,Bearing1_1,1,32,35Hz12kN/Bearing1_1/32.csv,train,32768,25600,1.28,1,91
XJTU-SY,1,35Hz12kN,2100,12.0,Bearing1_1,1,33,35Hz12kN/Bearing1_1/33.csv,train,32768,25600,1.28,1,90
XJTU-SY,1,35Hz12kN,2100,12.0,Bearing1_1,1,34,35Hz12kN/Bearing1_1/34.csv,train,32768,25600,1.28,1,89
XJTU-SY,1,35Hz12kN,2100,12.0,Bearing1_1,1,35,35Hz12kN/Bearing1_1/35.csv,train,32768,25600,1.28,1,88
XJTU-SY,1,35Hz12kN,2100,12.0,Bearing1_1,1,36,35Hz12kN/Bearing1_1/36.csv,train,32768,25600,1.28,1,87
XJTU-SY,1,35Hz12kN,2100,12.0,Bearing1_1,1,37,35Hz12kN/Bearing1_1/37.csv,train,32768,25600,1.28,1,86
XJTU-SY,1,35Hz12kN,2100,12.0,Bearing1_1,1,38,35Hz12kN/Bearing1_1/38.csv,train,32768,25600,1.28,1,85
XJTU-SY,1,35Hz12kN,2100,12.0,Bearing1_1,1,39,35Hz12kN/Bearing1_1/39.csv,train,32768,25600,1.28,1,84
XJTU-SY,1,35Hz12kN,2100,12.0,Bearing1_1,1,40,35Hz12kN/Bearing1_1/40.csv,train,32768,25600,1.28,1,83
XJTU-SY,1,35Hz12kN,2100,12.0,Bearing1_1,1,41,35Hz12kN/Bearing1_1/41.csv,train,32768,25600,1.28,1,82
XJTU-SY,1,35Hz12kN,2100,12.0,Bearing1_1,1,42,35Hz12kN/Bearing1_1/42.csv,train,32768,25600,1.28,1,81
XJTU-SY,1,35Hz12kN,2100,12.0,Bearing1_1,1,43,35Hz12kN/Bearing1_1/43.csv,train,32768,25600,1.28,1,80
XJTU-SY,1,35Hz12kN,2100,12.0,Bearing1_1,1,44,35Hz12kN/Bearing1_1/44.csv,train,32768,25600,1.28,1,79
XJTU-SY,1,35Hz12kN,2100,12.0,Bearing1_1,1,45,35Hz12kN/Bearing1_1/45.csv,train,32768,25600,1.28,1,78
XJTU-SY,1,35Hz12kN,2100,12.0,Bearing1_1,1,46,35Hz12kN/Bearing1_1/46.csv,train,32768,25600,1.28,1,77
XJTU-SY,1,35Hz12kN,2100,12.0,Bearing1_1,1,47,35Hz12kN/Bearing1_1/47.csv,train,32768,25600,1.28,1,76
XJTU-SY,1,35Hz12kN,2100,12.0,Bearing1_1,1,48,35Hz12kN/Bearing1_1/48.csv,train,32768,25600,1.28,1,75
XJTU-SY,1,35Hz12kN,2100,12.0,Bearing1_1,1,49,35Hz12kN/Bearing1_1/49.csv,train,32768,25600,1.28,1,74
XJTU-SY,1,35Hz12kN,2100,12.0,Bearing1_1,1,50,35Hz12kN/Bearing1_1/50.csv,train,32768,25600,1.28,1,73
XJTU-SY,1,35Hz12kN,2100,12.0,Bearing1_1,1,51,35Hz12kN/Bearing1_1/51.csv,train,32768,25600,1.28,1,72
XJTU-SY,1,35Hz12kN,2100,12.0,Bearing1_1,1,52,35Hz12kN/Bearing1_1/52.csv,train,32768,25600,1.28,1,71
XJTU-SY,1,35Hz12kN,2100,12.0,Bearing1_1,1,53,35Hz12kN/Bearing1_1/53.csv,train,32768,25600,1.28,1,70
XJTU-SY,1,35Hz12kN,2100,12.0,Bearing1_1,1,54,35Hz12kN/Bearing1_1/54.csv,train,32768,25600,1.28,1,69
XJTU-SY,1,35Hz12kN,2100,12.0,Bearing1_1,1,55,35Hz12kN/Bearing1_1/55.csv,train,32768,25600,1.28,1,68
XJTU-SY,1,35Hz12kN,2100,12.0,Bearing1_1,1,56,35Hz12kN/Bearing1_1/56.csv,train,32768,25600,1.28,1,67
XJTU-SY,1,35Hz12kN,2100,12.0,Bearing1_1,1,57,35Hz12kN/Bearing1_1/57.csv,train,32768,25600,1.28,1,66
XJTU-SY,1,35Hz12kN,2100,12.0,Bearing1_1,1,58,35Hz12kN/Bearing1_1/58.csv,train,32768,25600,1.28,1,65
XJTU-SY,1,35Hz12kN,2100,12.0,Bearing1_1,1,59,35Hz12kN/Bearing1_1/59.csv,train,32768,25600,1.28,1,64
XJTU-SY,1,35Hz12kN,2100,12.0,Bearing1_1,1,60,35Hz12kN/Bearing1_1/60.csv,train,32768,25600,1.28,1,63
XJTU-SY,1,35Hz12kN,2100,12.0,Bearing1_1,1,61,35Hz12kN/Bearing1_1/61.csv,train,32768,25600,1.28,1,62
XJTU-SY,1,35Hz12kN,2100,12.0,Bearing1_1,1,62,35Hz12kN/Bearing1_1/62.csv,train,32768,25600,1.28,1,61
XJTU-SY,1,35Hz12kN,2100,12.0,Bearing1_1,1,63,35Hz12kN/Bearing1_1/63.csv,train,32768,25600,1.28,1,60
XJTU-SY,1,35Hz12kN,2100,12.0,Bearing1_1,1,64,35Hz12kN/Bearing1_1/64.csv,train,32768,25600,1.28,1,59
XJTU-SY,1,35Hz12kN,2100,12.0,Bearing1_1,1,65,35Hz12kN/Bearing1_1/65.csv,train,32768,25600,1.28,1,58
XJTU-SY,1,35Hz12kN,2100,12.0,Bearing1_1,1,66,35Hz12kN/Bearing1_1/66.csv,train,32768,25600,1.28,1,57
XJTU-SY,1,35Hz12kN,2100,12.0,Bearing1_1,1,67,35Hz12kN/Bearing1_1/67.csv,train,32768,25600,1.28,1,56
XJTU-SY,1,35Hz12kN,2100,12.0,Bearing1_1,1,68,35Hz12kN/Bearing1_1/68.csv,train,32768,25600,1.28,1,55
XJTU-SY,1,35Hz12kN,2100,12.0,Bearing1_1,1,69,35Hz12kN/Bearing1_1/69.csv,train,32768,25600,1.28,1,54
XJTU-SY,1,35Hz12kN,2100,12.0,Bearing1_1,1,70,35Hz12kN/Bearing1_1/70.csv,train,32768,25600,1.28,1,53
XJTU-SY,1,35Hz12kN,2100,12.0,Bearing1_1,1,71,35Hz12kN/Bearing1_1/71.csv,train,32768,25600,1.28,1,52
XJTU-SY,1,35Hz12kN,2100,12.0,Bearing1_1,1,72,35Hz12kN/Bearing1_1/72.csv,train,32768,25600,1.28,1,51
XJTU-SY,1,35Hz12kN,2100,12.0,Bearing1_1,1,73,35Hz12kN/Bearing1_1/73.csv,train,32768,25600,1.28,1,50
XJTU-SY,1,35Hz12kN,2100,12.0,Bearing1_1,1,74,35Hz12kN/Bearing1_1/74.csv,train,32768,25600,1.28,1,49
XJTU-SY,1,35Hz12kN,2100,12.0,Bearing1_1,1,75,35Hz12kN/Bearing1_1/75.csv,train,32768,25600,1.28,1,48
XJTU-SY,1,35Hz12kN,2100,12.0,Bearing1_1,1,76,35Hz12kN/Bearing1_1/76.csv,train,32768,25600,1.28,1,47
XJTU-SY,1,35Hz12kN,2100,12.0,Bearing1_1,1,77,35Hz12kN/Bearing1_1/77.csv,train,32768,25600,1.28,1,46
XJTU-SY,1,35Hz12kN,2100,12.0,Bearing1_1,1,78,35Hz12kN/Bearing1_1/78.csv,train,32768,25600,1.28,1,45
XJTU-SY,1,35Hz12kN,2100,12.0,Bearing1_1,1,79,35Hz12kN/Bearing1_1/79.csv,train,32768,25600,1.28,1,44
XJTU-SY,1,35Hz12kN,2100,12.0,Bearing1_1,1,80,35Hz12kN/Bearing1_1/80.csv,train,32768,25600,1.28,1,43
XJTU-SY,1,35Hz12kN,2100,12.0,Bearing1_1,1,81,35Hz12kN/Bearing1_1/81.csv,train,32768,25600,1.28,1,42
XJTU-SY,1,35Hz12kN,2100,12.0,Bearing1_1,1,82,35Hz12kN/Bearing1_1/82.csv,train,32768,25600,1.28,1,41
XJTU-SY,1,35Hz12kN,2100,12.0,Bearing1_1,1,83,35Hz12kN/Bearing1_1/83.csv,train,32768,25600,1.28,1,40
XJTU-SY,1,35Hz12kN,2100,12.0,Bearing1_1,1,84,35Hz12kN/Bearing1_1/84.csv,train,32768,25600,1.28,1,39
XJTU-SY,1,35Hz12kN,2100,12.0,Bearing1_1,1,85,35Hz12kN/Bearing1_1/85.csv,train,32768,25600,1.28,1,38
XJTU-SY,1,35Hz12kN,2100,12.0,Bearing1_1,1,86,35Hz12kN/Bearing1_1/86.csv,train,32768,25600,1.28,1,37
XJTU-SY,1,35Hz12kN,2100,12.0,Bearing1_1,1,87,35Hz12kN/Bearing1_1/87.csv,train,32768,25600,1.28,1,36
XJTU-SY,1,35Hz12kN,2100,12.0,Bearing1_1,1,88,35Hz12kN/Bearing1_1/88.csv,train,32768,25600,1.28,1,35
XJTU-SY,1,35Hz12kN,2100,12.0,Bearing1_1,1,89,35Hz12kN/Bearing1_1/89.csv,train,32768,25600,1.28,1,34
XJTU-SY,1,35Hz12kN,2100,12.0,Bearing1_1,1,90,35Hz12kN/Bearing1_1/90.csv,train,32768,25600,1.28,1,33
XJTU-SY,1,35Hz12kN,2100,12.0,Bearing1_1,1,91,35Hz12kN/Bearing1_1/91.csv,train,32768,25600,1.28,1,32
XJTU-SY,1,35Hz12kN,2100,12.0,Bearing1_1,1,92,35Hz12kN/Bearing1_1/92.csv,train,32768,25600,1.28,1,31
XJTU-SY,1,35Hz12kN,2100,12.0,Bearing1_1,1,93,35Hz12kN/Bearing1_1/93.csv,train,32768,25600,1.28,1,30
XJTU-SY,1,35Hz12kN,2100,12.0,Bearing1_1,1,94,35Hz12kN/Bearing1_1/94.csv,train,32768,25600,1.28,1,29
XJTU-SY,1,35Hz12kN,2100,12.0,Bearing1_1,1,95,35Hz12kN/Bearing1_1/95.csv,train,32768,25600,1.28,1,28
XJTU-SY,1,35Hz12kN,2100,12.0,Bearing1_1,1,96,35Hz12kN/Bearing1_1/96.csv,train,32768,25600,1.28,1,27
XJTU-SY,1,35Hz12kN,2100,12.0,Bearing1_1,1,97,35Hz12kN/Bearing1_1/97.csv,train,32768,25600,1.28,1,26
XJTU-SY,1,35Hz12kN,2100,12.0,Bearing1_1,1,98,35Hz12kN/Bearing1_1/98.csv,train,32768,25600,1.28,1,25
XJTU-SY,1,35Hz12kN,2100,12.0,Bearing1_1,1,99,35Hz12kN/Bearing1_1/99.csv,train,32768,25600,1.28,1,24
XJTU-SY,1,35Hz12kN,2100,12.0,Bearing1_1,1,100,35Hz12kN/Bearing1_1/100.csv,train,32768,25600,1.28,1,23
XJTU-SY,1,35Hz12kN,2100,12.0,Bearing1_1,1,101,35Hz12kN/Bearing1_1/101.csv,train,32768,25600,1.28,1,22
XJTU-SY,1,35Hz12kN,2100,12.0,Bearing1_1,1,102,35Hz12kN/Bearing1_1/102.csv,train,32768,25600,1.28,1,21
XJTU-SY,1,35Hz12kN,2100,12.0,Bearing1_1,1,103,35Hz12kN/Bearing1_1/103.csv,train,32768,25600,1.28,1,20
XJTU-SY,1,35Hz12kN,2100,12.0,Bearing1_1,1,104,35Hz12kN/Bearing1_1/104.csv,train,32768,25600,1.28,1,19
XJTU-SY,1,35Hz12kN,2100,12.0,Bearing1_1,1,105,35Hz12kN/Bearing1_1/105.csv,train,32768,25600,1.28,1,18
XJTU-SY,1,35Hz12kN,2100,12.0,Bearing1_1,1,106,35Hz12kN/Bearing1_1/106.csv,train,32768,25600,1.28,1,17
XJTU-SY,1,35Hz12kN,2100,12.0,Bearing1_1,1,107,35Hz12kN/Bearing1_1/107.csv,train,32768,25600,1.28,1,16
XJTU-SY,1,35Hz12kN,2100,12.0,Bearing1_1,1,108,35Hz12kN/Bearing1_1/108.csv,train,32768,25600,1.28,1,15
XJTU-SY,1,35Hz12kN,2100,12.0,Bearing1_1,1,109,35Hz12kN/Bearing1_1/109.csv,train,32768,25600,1.28,1,14
XJTU-SY,1,35Hz12kN,2100,12.0,Bearing1_1,1,110,35Hz12kN/Bearing1_1/110.csv,train,32768,25600,1.28,1,13
XJTU-SY,1,35Hz12kN,2100,12.0,Bearing1_1,1,111,35Hz12kN/Bearing1_1/111.csv,train,32768,25600,1.28,1,12
XJTU-SY,1,35Hz12kN,2100,12.0,Bearing1_1,1,112,35Hz12kN/Bearing1_1/112.csv,train,32768,25600,1.28,1,11
XJTU-SY,1,35Hz12kN,2100,12.0,Bearing1_1,1,113,35Hz12kN/Bearing1_1/113.csv,train,32768,25600,1.28,1,10
XJTU-SY,1,35Hz12kN,2100,12.0,Bearing1_1,1,114,35Hz12kN/Bearing1_1/114.csv,train,32768,25600,1.28,1,9
XJTU-SY,1,35Hz12kN,2100,12.0,Bearing1_1,1,115,35Hz12kN/Bearing1_1/115.csv,train,32768,25600,1.28,1,8
XJTU-SY,1,35Hz12kN,2100,12.0,Bearing1_1,1,116,35Hz12kN/Bearing1_1/116.csv,train,32768,25600,1.28,1,7
XJTU-SY,1,35Hz12kN,2100,12.0,Bearing1_1,1,117,35Hz12kN/Bearing1_1/117.csv,train,32768,25600,1.28,1,6
XJTU-SY,1,35Hz12kN,2100,12.0,Bearing1_1,1,118,35Hz12kN/Bearing1_1/118.csv,train,32768,25600,1.28,1,5
XJTU-SY,1,35Hz12kN,2100,12.0,Bearing1_1,1,119,35Hz12kN/Bearing1_1/119.csv,train,32768,25600,1.28,1,4
XJTU-SY,1,35Hz12kN,2100,12.0,Bearing1_1,1,120,35Hz12kN/Bearing1_1/120.csv,train,32768,25600,1.28,1,3
XJTU-SY,1,35Hz12kN,2100,12.0,Bearing1_1,1,121,35Hz12kN/Bearing1_1/121.csv,train,32768,25600,1.28,1,2
XJTU-SY,1,35Hz12kN,2100,12.0,Bearing1_1,1,122,35Hz12kN/Bearing1_1/122.csv,train,32768,25600,1.28,1,1
XJTU-SY,1,35Hz12kN,2100,12.0,Bearing1_1,1,123,35Hz12kN/Bearing1_1/123.csv,train,32768,25600,1.28,1,0
XJTU-SY,1,35Hz12kN,2100,12.0,Bearing1_2,2,1,35Hz12kN/Bearing1_2/1.csv,train,32768,25600,1.28,1,160
XJTU-SY,1,35Hz12kN,2100,12.0,Bearing1_2,2,2,35Hz12kN/Bearing1_2/2.csv,train,32768,25600,1.28,1,159
XJTU-SY,1,35Hz12kN,2100,12.0,Bearing1_2,2,3,35Hz12kN/Bearing1_2/3.csv,train,32768,25600,1.28,1,158
XJTU-SY,1,35Hz12kN,2100,12.0,Bearing1_2,2,4,35Hz12kN/Bearing1_2/4.csv,train,32768,25600,1.28,1,157
XJTU-SY,1,35Hz12kN,2100,12.0,Bearing1_2,2,5,35Hz12kN/Bearing1_2/5.csv,train,32768,25600,1.28,1,156
XJTU-SY,1,35Hz12kN,2100,12.0,Bearing1_2,2,6,35Hz12kN/Bearing1_2/6.csv,train,32768,25600,1.28,1,155
XJTU-SY,1,35Hz12kN,2100,12.0,Bearing1_2,2,7,35Hz12kN/Bearing1_2/7.csv,train,32768,25600,1.28,1,154
XJTU-SY,1,35Hz12kN,2100,12.0,Bearing1_2,2,8,35Hz12kN/Bearing1_2/8.csv,train,32768,25600,1.28,1,153
XJTU-SY,1,35Hz12kN,2100,12.0,Bearing1_2,2,9,35Hz12kN/Bearing1_2/9.csv,train,32768,25600,1.28,1,152
XJTU-SY,1,35Hz12kN,2100,12.0,Bearing1_2,2,10,35Hz12kN/Bearing1_2/10.csv,train,32768,25600,1.28,1,151
XJTU-SY,1,35Hz12kN,2100,12.0,Bearing1_2,2,11,35Hz12kN/Bearing1_2/11.csv,train,32768,25600,1.28,1,150
XJTU-SY,1,35Hz12kN,2100,12.0,Bearing1_2,2,12,35Hz12kN/Bearing1_2/12.csv,train,32768,25600,1.28,1,149
XJTU-SY,1,35Hz12kN,2100,12.0,Bearing1_2,2,13,35Hz12kN/Bearing1_2/13.csv,train,32768,25600,1.28,1,148
XJTU-SY,1,35Hz12kN,2100,12.0,Bearing1_2,2,14,35Hz12kN/Bearing1_2/14.csv,train,32768,25600,1.28,1,147
XJTU-SY,1,35Hz12kN,2100,12.0,Bearing1_2,2,15,35Hz12kN/Bearing1_2/15.csv,train,32768,25600,1.28,1,146
XJTU-SY,1,35Hz12kN,2100,12.0,Bearing1_2,2,16,35Hz12kN/Bearing1_2/16.csv,train,32768,25600,1.28,1,145
XJTU-SY,1,35Hz12kN,2100,12.0,Bearing1_2,2,17,35Hz12kN/Bearing1_2/17.csv,train,32768,25600,1.28,1,144
XJTU-SY,1,35Hz12kN,2100,12.0,Bearing1_2,2,18,35Hz12kN/Bearing1_2/18.csv,train,32768,25600,1.28,1,143
XJTU-SY,1,35Hz12kN,2100,12.0,Bearing1_2,2,19,35Hz12kN/Bearing1_2/19.csv,train,32768,25600,1.28,1,142
XJTU-SY,1,35Hz12kN,2100,12.0,Bearing1_2,2,20,35Hz12kN/Bearing1_2/20.csv,train,32768,25600,1.28,1,141
XJTU-SY,1,35Hz12kN,2100,12.0,Bearing1_2,2,21,35Hz12kN/Bearing1_2/21.csv,train,32768,25600,1.28,1,140
XJTU-SY,1,35Hz12kN,2100,12.0,Bearing1_2,2,22,35Hz12kN/Bearing1_2/22.csv,train,32768,25600,1.28,1,139
XJTU-SY,1,35Hz12kN,2100,12.0,Bearing1_2,2,23,35Hz12kN/Bearing1_2/23.csv,train,32768,25600,1.28,1,138
XJTU-SY,1,35Hz12kN,2100,12.0,Bearing1_2,2,24,35Hz12kN/Bearing1_2/24.csv,train,32768,25600,1.28,1,137
XJTU-SY,1,35Hz12kN,2100,12.0,Bearing1_2,2,25,35Hz12kN/Bearing1_2/25.csv,train,32768,25600,1.28,1,136
XJTU-SY,1,35Hz12kN,2100,12.0,Bearing1_2,2,26,35Hz12kN/Bearing1_2/26.csv,train,32768,25600,1.28,1,135
XJTU-SY,1,35Hz12kN,2100,12.0,Bearing1_2,2,27,35Hz12kN/Bearing1_2/27.csv,train,32768,25600,1.28,1,134
XJTU-SY,1,35Hz12kN,2100,12.0,Bearing1_2,2,28,35Hz12kN/Bearing1_2/28.csv,train,32768,25600,1.28,1,133
XJTU-SY,1,35Hz12kN,2100,12.0,Bearing1_2,2,29,35Hz12kN/Bearing1_2/29.csv,train,32768,25600,1.28,1,132
XJTU-SY,1,35Hz12kN,2100,12.0,Bearing1_2,2,30,35Hz12kN/Bearing1_2/30.csv,train,32768,25600,1.28,1,131
XJTU-SY,1,35Hz12kN,2100,12.0,Bearing1_2,2,31,35Hz12kN/Bearing1_2/31.csv,train,32768,25600,1.28,1,130
XJTU-SY,1,35Hz12kN,2100,12.0,Bearing1_2,2,32,35Hz12kN/Bearing1_2/32.csv,train,32768,25600,1.28,1,129
XJTU-SY,1,35Hz12kN,2100,12.0,Bearing1_2,2,33,35Hz12kN/Bearing1_2/33.csv,train,32768,25600,1.28,1,128
XJTU-SY,1,35Hz12kN,2100,12.0,Bearing1_2,2,34,35Hz12kN/Bearing1_2/34.csv,train,32768,25600,1.28,1,127
XJTU-SY,1,35Hz12kN,2100,12.0,Bearing1_2,2,35,35Hz12kN/Bearing1_2/35.csv,train,32768,25600,1.28,1,126
XJTU-SY,1,35Hz12kN,2100,12.0,Bearing1_2,2,36,35Hz12kN/Bearing1_2/36.csv,train,32768,25600,1.28,1,125
XJTU-SY,1,35Hz12kN,2100,12.0,Bearing1_2,2,37,35Hz12kN/Bearing1_2/37.csv,train,32768,25600,1.28,1,124
XJTU-SY,1,35Hz12kN,2100,12.0,Bearing1_2,2,38,35Hz12kN/Bearing1_2/38.csv,train,32768,25600,1.28,1,123
XJTU-SY,1,35Hz12kN,2100,12.0,Bearing1_2,2,39,35Hz12kN/Bearing1_2/39.csv,train,32768,25600,1.28,1,122
XJTU-SY,1,35Hz12kN,2100,12.0,Bearing1_2,2,40,35Hz12kN/Bearing1_2/40.csv,train,32768,25600,1.28,1,121
XJTU-SY,1,35Hz12kN,2100,12.0,Bearing1_2,2,41,35Hz12kN/Bearing1_2/41.csv,train,32768,25600,1.28,1,120
XJTU-SY,1,35Hz12kN,2100,12.0,Bearing1_2,2,42,35Hz12kN/Bearing1_2/42.csv,train,32768,25600,1.28,1,119
XJTU-SY,1,35Hz12kN,2100,12.0,Bearing1_2,2,43,35Hz12kN/Bearing1_2/43.csv,train,32768,25600,1.28,1,118
XJTU-SY,1,35Hz12kN,2100,12.0,Bearing1_2,2,44,35Hz12kN/Bearing1_2/44.csv,train,32768,25600,1.28,1,117
XJTU-SY,1,35Hz12kN,2100,12.0,Bearing1_2,2,45,35Hz12kN/Bearing1_2/45.csv,train,32768,25600,1.28,1,116
XJTU-SY,1,35Hz12kN,2100,12.0,Bearing1_2,2,46,35Hz12kN/Bearing1_2/46.csv,train,32768,25600,1.28,1,115
XJTU-SY,1,35Hz12kN,2100,12.0,Bearing1_2,2,47,35Hz12kN/Bearing1_2/47.csv,train,32768,25600,1.28,1,114
XJTU-SY,1,35Hz12kN,2100,12.0,Bearing1_2,2,48,35Hz12kN/Bearing1_2/48.csv,train,32768,25600,1.28,1,113
XJTU-SY,1,35Hz12kN,2100,12.0,Bearing1_2,2,49,35Hz12kN/Bearing1_2/49.csv,train,32768,25600,1.28,1,112
XJTU-SY,1,35Hz12kN,2100,12.0,Bearing1_2,2,50,35Hz12kN/Bearing1_2/50.csv,train,32768,25600,1.28,1,111
XJTU-SY,1,35Hz12kN,2100,12.0,Bearing1_2,2,51,35Hz12kN/Bearing1_2/51.csv,train,32768,25600,1.28,1,110
XJTU-SY,1,35Hz12kN,2100,12.0,Bearing1_2,2,52,35Hz12kN/Bearing1_2/52.csv,train,32768,25600,1.28,1,109
XJTU-SY,1,35Hz12kN,2100,12.0,Bearing1_2,2,53,35Hz12kN/Bearing1_2/53.csv,train,32768,25600,1.28,1,108
XJTU-SY,1,35Hz12kN,2100,12.0,Bearing1_2,2,54,35Hz12kN/Bearing1_2/54.csv,train,32768,25600,1.28,1,107
XJTU-SY,1,35Hz12kN,2100,12.0,Bearing1_2,2,55,35Hz12kN/Bearing1_2/55.csv,train,32768,25600,1.28,1,106
XJTU-SY,1,35Hz12kN,2100,12.0,Bearing1_2,2,56,35Hz12kN/Bearing1_2/56.csv,train,32768,25600,1.28,1,105
XJTU-SY,1,35Hz12kN,2100,12.0,Bearing1_2,2,57,35Hz12kN/Bearing1_2/57.csv,train,32768,25600,1.28,1,104
XJTU-SY,1,35Hz12kN,2100,12.0,Bearing1_2,2,58,35Hz12kN/Bearing1_2/58.csv,train,32768,25600,1.28,1,103
XJTU-SY,1,35Hz12kN,2100,12.0,Bearing1_2,2,59,35Hz12kN/Bearing1_2/59.csv,train,32768,25600,1.28,1,102
XJTU-SY,1,35Hz12kN,2100,12.0,Bearing1_2,2,60,35Hz12kN/Bearing1_2/60.csv,train,32768,25600,1.28,1,101
XJTU-SY,1,35Hz12kN,2100,12.0,Bearing1_2,2,61,35Hz12kN/Bearing1_2/61.csv,train,32768,25600,1.28,1,100
XJTU-SY,1,35Hz12kN,2100,12.0,Bearing1_2,2,62,35Hz12kN/Bearing1_2/62.csv,train,32768,25600,1.28,1,99
XJTU-SY,1,35Hz12kN,2100,12.0,Bearing1_2,2,63,35Hz12kN/Bearing1_2/63.csv,train,32768,25600,1.28,1,98
XJTU-SY,1,35Hz12kN,2100,12.0,Bearing1_2,2,64,35Hz12kN/Bearing1_2/64.csv,train,32768,25600,1.28,1,97
XJTU-SY,1,35Hz12kN,2100,12.0,Bearing1_2,2,65,35Hz12kN/Bearing1_2/65.csv,train,32768,25600,1.28,1,96
XJTU-SY,1,35Hz12kN,2100,12.0,Bearing1_2,2,66,35Hz12kN/Bearing1_2/66.csv,train,32768,25600,1.28,1,95
XJTU-SY,1,35Hz12kN,2100,12.0,Bearing1_2,2,67,35Hz12kN/Bearing1_2/67.csv,train,32768,25600,1.28,1,94
XJTU-SY,1,35Hz12kN,2100,12.0,Bearing1_2,2,68,35Hz12kN/Bearing1_2/68.csv,train,32768,25600,1.28,1,93
XJTU-SY,1,35Hz12kN,2100,12.0,Bearing1_2,2,69,35Hz12kN/Bearing1_2/69.csv,train,32768,25600,1.28,1,92
XJTU-SY,1,35Hz12kN,2100,12.0,Bearing1_2,2,70,35Hz12kN/Bearing1_2/70.csv,train,32768,25600,1.28,1,91
XJTU-SY,1,35Hz12kN,2100,12.0,Bearing1_2,2,71,35Hz12kN/Bearing1_2/71.csv,train,32768,25600,1.28,1,90
XJTU-SY,1,35Hz12kN,2100,12.0,Bearing1_2,2,72,35Hz12kN/Bearing1_2/72.csv,train,32768,25600,1.28,1,89
XJTU-SY,1,35Hz12kN,2100,12.0,Bearing1_2,2,73,35Hz12kN/Bearing1_2/73.csv,train,32768,25600,1.28,1,88
XJTU-SY,1,35Hz12kN,2100,12.0,Bearing1_2,2,74,35Hz12kN/Bearing1_2/74.csv,train,32768,25600,1.28,1,87
XJTU-SY,1,35Hz12kN,2100,12.0,Bearing1_2,2,75,35Hz12kN/Bearing1_2/75.csv,train,32768,25600,1.28,1,86
XJTU-SY,1,35Hz12kN,2100,12.0,Bearing1_2,2,76,35Hz12kN/Bearing1_2/76.csv,train,32768,25600,1.28,1,85
XJTU-SY,1,35Hz12kN,2100,12.0,Bearing1_2,2,77,35Hz12kN/Bearing1_2/77.csv,train,32768,25600,1.28,1,84
XJTU-SY,1,35Hz12kN,2100,12.0,Bearing1_2,2,78,35Hz12kN/Bearing1_2/78.csv,train,32768,25600,1.28,1,83
XJTU-SY,1,35Hz12kN,2100,12.0,Bearing1_2,2,79,35Hz12kN/Bearing1_2/79.csv,train,32768,25600,1.28,1,82
XJTU-SY,1,35Hz12kN,2100,12.0,Bearing1_2,2,80,35Hz12kN/Bearing1_2/80.csv,train,32768,25600,1.28,1,81
XJTU-SY,1,35Hz12kN,2100,12.0,Bearing1_2,2,81,35Hz12kN/Bearing1_2/81.csv,train,32768,25600,1.28,1,80
XJTU-SY,1,35Hz12kN,2100,12.0,Bearing1_2,2,82,35Hz12kN/Bearing1_2/82.csv,train,32768,25600,1.28,1,79
XJTU-SY,1,35Hz12kN,2100,12.0,Bearing1_2,2,83,35Hz12kN/Bearing1_2/83.csv,train,32768,25600,1.28,1,78
XJTU-SY,1,35Hz12kN,2100,12.0,Bearing1_2,2,84,35Hz12kN/Bearing1_2/84.csv,train,32768,25600,1.28,1,77
XJTU-SY,1,35Hz12kN,2100,12.0,Bearing1_2,2,85,35Hz12kN/Bearing1_2/85.csv,train,32768,25600,1.28,1,76
XJTU-SY,1,35Hz12kN,2100,12.0,Bearing1_2,2,86,35Hz12kN/Bearing1_2/86.csv,train,32768,25600,1.28,1,75
XJTU-SY,1,35Hz12kN,2100,12.0,Bearing1_2,2,87,35Hz12kN/Bearing1_2/87.csv,train,32768,25600,1.28,1,74
XJTU-SY,1,35Hz12kN,2100,12.0,Bearing1_2,2,88,35Hz12kN/Bearing1_2/88.csv,train,32768,25600,1.28,1,73
XJTU-SY,1,35Hz12kN,2100,12.0,Bearing1_2,2,89,35Hz12kN/Bearing1_2/89.csv,train,32768,25600,1.28,1,72
XJTU-SY,1,35Hz12kN,2100,12.0,Bearing1_2,2,90,35Hz12kN/Bearing1_2/90.csv,train,32768,25600,1.28,1,71
XJTU-SY,1,35Hz12kN,2100,12.0,Bearing1_2,2,91,35Hz12kN/Bearing1_2/91.csv,train,32768,25600,1.28,1,70
XJTU-SY,1,35Hz12kN,2100,12.0,Bearing1_2,2,92,35Hz12kN/Bearing1_2/92.csv,train,32768,25600,1.28,1,69
XJTU-SY,1,35Hz12kN,2100,12.0,Bearing1_2,2,93,35Hz12kN/Bearing1_2/93.csv,train,32768,25600,1.28,1,68
XJTU-SY,1,35Hz12kN,2100,12.0,Bearing1_2,2,94,35Hz12kN/Bearing1_2/94.csv,train,32768,25600,1.28,1,67
XJTU-SY,1,35Hz12kN,2100,12.0,Bearing1_2,2,95,35Hz12kN/Bearing1_2/95.csv,train,32768,25600,1.28,1,66
XJTU-SY,1,35Hz12kN,2100,12.0,Bearing1_2,2,96,35Hz12kN/Bearing1_2/96.csv,train,32768,25600,1.28,1,65
XJTU-SY,1,35Hz12kN,2100,12.0,Bearing1_2,2,97,35Hz12kN/Bearing1_2/97.csv,train,32768,25600,1.28,1,64
XJTU-SY,1,35Hz12kN,2100,12.0,Bearing1_2,2,98,35Hz12kN/Bearing1_2/98.csv,train,32768,25600,1.28,1,63
XJTU-SY,1,35Hz12kN,2100,12.0,Bearing1_2,2,99,35Hz12kN/Bearing1_2/99.csv,train,32768,25600,1.28,1,62
XJTU-SY,1,35Hz12kN,2100,12.0,Bearing1_2,2,100,35Hz12kN/Bearing1_2/100.csv,train,32768,25600,1.28,1,61
XJTU-SY,1,35Hz12kN,2100,12.0,Bearing1_2,2,101,35Hz12kN/Bearing1_2/101.csv,train,32768,25600,1.28,1,60
XJTU-SY,1,35Hz12kN,2100,12.0,Bearing1_2,2,102,35Hz12kN/Bearing1_2/102.csv,train,32768,25600,1.28,1,59
XJTU-SY,1,35Hz12kN,2100,12.0,Bearing1_2,2,103,35Hz12kN/Bearing1_2/103.csv,train,32768,25600,1.28,1,58
XJTU-SY,1,35Hz12kN,2100,12.0,Bearing1_2,2,104,35Hz12kN/Bearing1_2/104.csv,train,32768,25600,1.28,1,57
XJTU-SY,1,35Hz12kN,2100,12.0,Bearing1_2,2,105,35Hz12kN/Bearing1_2/105.csv,train,32768,25600,1.28,1,56
XJTU-SY,1,35Hz12kN,2100,12.0,Bearing1_2,2,106,35Hz12kN/Bearing1_2/106.csv,train,32768,25600,1.28,1,55
XJTU-SY,1,35Hz12kN,2100,12.0,Bearing1_2,2,107,35Hz12kN/Bearing1_2/107.csv,train,32768,25600,1.28,1,54
XJTU-SY,1,35Hz12kN,2100,12.0,Bearing1_2,2,108,35Hz12kN/Bearing1_2/108.csv,train,32768,25600,1.28,1,53
XJTU-SY,1,35Hz12kN,2100,12.0,Bearing1_2,2,109,35Hz12kN/Bearing1_2/109.csv,train,32768,25600,1.28,1,52
XJTU-SY,1,35Hz12kN,2100,12.0,Bearing1_2,2,110,35Hz12kN/Bearing1_2/110.csv,train,32768,25600,1.28,1,51
XJTU-SY,1,35Hz12kN,2100,12.0,Bearing1_2,2,111,35Hz12kN/Bearing1_2/111.csv,train,32768,25600,1.28,1,50
XJTU-SY,1,35Hz12kN,2100,12.0,Bearing1_2,2,112,35Hz12kN/Bearing1_2/112.csv,train,32768,25600,1.28,1,49
XJTU-SY,1,35Hz12kN,2100,12.0,Bearing1_2,2,113,35Hz12kN/Bearing1_2/113.csv,train,32768,25600,1.28,1,48
XJTU-SY,1,35Hz12kN,2100,12.0,Bearing1_2,2,114,35Hz12kN/Bearing1_2/114.csv,train,32768,25600,1.28,1,47
XJTU-SY,1,35Hz12kN,2100,12.0,Bearing1_2,2,115,35Hz12kN/Bearing1_2/115.csv,train,32768,25600,1.28,1,46
XJTU-SY,1,35Hz12kN,2100,12.0,Bearing1_2,2,116,35Hz12kN/Bearing1_2/116.csv,train,32768,25600,1.28,1,45
XJTU-SY,1,35Hz12kN,2100,12.0,Bearing1_2,2,117,35Hz12kN/Bearing1_2/117.csv,train,32768,25600,1.28,1,44
XJTU-SY,1,35Hz12kN,2100,12.0,Bearing1_2,2,118,35Hz12kN/Bearing1_2/118.csv,train,32768,25600,1.28,1,43
XJTU-SY,1,35Hz12kN,2100,12.0,Bearing1_2,2,119,35Hz12kN/Bearing1_2/119.csv,train,32768,25600,1.28,1,42
XJTU-SY,1,35Hz12kN,2100,12.0,Bearing1_2,2,120,35Hz12kN/Bearing1_2/120.csv,train,32768,25600,1.28,1,41
XJTU-SY,1,35Hz12kN,2100,12.0,Bearing1_2,2,121,35Hz12kN/Bearing1_2/121.csv,train,32768,25600,1.28,1,40
XJTU-SY,1,35Hz12kN,2100,12.0,Bearing1_2,2,122,35Hz12kN/Bearing1_2/122.csv,train,32768,25600,1.28,1,39
XJTU-SY,1,35Hz12kN,2100,12.0,Bearing1_2,2,123,35Hz12kN/Bearing1_2/123.csv,train,32768,25600,1.28,1,38
XJTU-SY,1,35Hz12kN,2100,12.0,Bearing1_2,2,124,35Hz12kN/Bearing1_2/124.csv,train,32768,25600,1.28,1,37
XJTU-SY,1,35Hz12kN,2100,12.0,Bearing1_2,2,125,35Hz12kN/Bearing1_2/125.csv,train,32768,25600,1.28,1,36
XJTU-SY,1,35Hz12kN,2100,12.0,Bearing1_2,2,126,35Hz12kN/Bearing1_2/126.csv,train,32768,25600,1.28,1,35
XJTU-SY,1,35Hz12kN,2100,12.0,Bearing1_2,2,127,35Hz12kN/Bearing1_2/127.csv,train,32768,25600,1.28,1,34
XJTU-SY,1,35Hz12kN,2100,12.0,Bearing1_2,2,128,35Hz12kN/Bearing1_2/128.csv,train,32768,25600,1.28,1,33
XJTU-SY,1,35Hz12kN,2100,12.0,Bearing1_2,2,129,35Hz12kN/Bearing1_2/129.csv,train,32768,25600,1.28,1,32
XJTU-SY,1,35Hz12kN,2100,12.0,Bearing1_2,2,130,35Hz12kN/Bearing1_2/130.csv,train,32768,25600,1.28,1,31
XJTU-SY,1,35Hz12kN,2100,12.0,Bearing1_2,2,131,35Hz12kN/Bearing1_2/131.csv,train,32768,25600,1.28,1,30
XJTU-SY,1,35Hz12kN,2100,12.0,Bearing1_2,2,132,35Hz12kN/Bearing1_2/132.csv,train,32768,25600,1.28,1,29
XJTU-SY,1,35Hz12kN,2100,12.0,Bearing1_2,2,133,35Hz12kN/Bearing1_2/133.csv,train,32768,25600,1.28,1,28
XJTU-SY,1,35Hz12kN,2100,12.0,Bearing1_2,2,134,35Hz12kN/Bearing1_2/134.csv,train,32768,25600,1.28,1,27
XJTU-SY,1,35Hz12kN,2100,12.0,Bearing1_2,2,135,35Hz12kN/Bearing1_2/135.csv,train,32768,25600,1.28,1,26
XJTU-SY,1,35Hz12kN,2100,12.0,Bearing1_2,2,136,35Hz12kN/Bearing1_2/136.csv,train,32768,25600,1.28,1,25
XJTU-SY,1,35Hz12kN,2100,12.0,Bearing1_2,2,137,35Hz12kN/Bearing1_2/137.csv,train,32768,25600,1.28,1,24
XJTU-SY,1,35Hz12kN,2100,12.0,Bearing1_2,2,138,35Hz12kN/Bearing1_2/138.csv,train,32768,25600,1.28,1,23
XJTU-SY,1,35Hz12kN,2100,12.0,Bearing1_2,2,139,35Hz12kN/Bearing1_2/139.csv,train,32768,25600,1.28,1,22
XJTU-SY,1,35Hz12kN,2100,12.0,Bearing1_2,2,140,35Hz12kN/Bearing1_2/140.csv,train,32768,25600,1.28,1,21
XJTU-SY,1,35Hz12kN,2100,12.0,Bearing1_2,2,141,35Hz12kN/Bearing1_2/141.csv,train,32768,25600,1.28,1,20
XJTU-SY,1,35Hz12kN,2100,12.0,Bearing1_2,2,142,35Hz12kN/Bearing1_2/142.csv,train,32768,25600,1.28,1,19
XJTU-SY,1,35Hz12kN,2100,12.0,Bearing1_2,2,143,35Hz12kN/Bearing1_2/143.csv,train,32768,25600,1.28,1,18
XJTU-SY,1,35Hz12kN,2100,12.0,Bearing1_2,2,144,35Hz12kN/Bearing1_2/144.csv,train,32768,25600,1.28,1,17
XJTU-SY,1,35Hz12kN,2100,12.0,Bearing1_2,2,145,35Hz12kN/Bearing1_2/145.csv,train,32768,25600,1.28,1,16
XJTU-SY,1,35Hz12kN,2100,12.0,Bearing1_2,2,146,35Hz12kN/Bearing1_2/146.csv,train,32768,25600,1.28,1,15
XJTU-SY,1,35Hz12kN,2100,12.0,Bearing1_2,2,147,35Hz12kN/Bearing1_2/147.csv,train,32768,25600,1.28,1,14
XJTU-SY,1,35Hz12kN,2100,12.0,Bearing1_2,2,148,35Hz12kN/Bearing1_2/148.csv,train,32768,25600,1.28,1,13
XJTU-SY,1,35Hz12kN,2100,12.0,Bearing1_2,2,149,35Hz12kN/Bearing1_2/149.csv,train,32768,25600,1.28,1,12
XJTU-SY,1,35Hz12kN,2100,12.0,Bearing1_2,2,150,35Hz12kN/Bearing1_2/150.csv,train,32768,25600,1.28,1,11
XJTU-SY,1,35Hz12kN,2100,12.0,Bearing1_2,2,151,35Hz12kN/Bearing1_2/151.csv,train,32768,25600,1.28,1,10
XJTU-SY,1,35Hz12kN,2100,12.0,Bearing1_2,2,152,35Hz12kN/Bearing1_2/152.csv,train,32768,25600,1.28,1,9
XJTU-SY,1,35Hz12kN,2100,12.0,Bearing1_2,2,153,35Hz12kN/Bearing1_2/153.csv,train,32768,25600,1.28,1,8
XJTU-SY,1,35Hz12kN,2100,12.0,Bearing1_2,2,154,35Hz12kN/Bearing1_2/154.csv,train,32768,25600,1.28,1,7
XJTU-SY,1,35Hz12kN,2100,12.0,Bearing1_2,2,155,35Hz12kN/Bearing1_2/155.csv,train,32768,25600,1.28,1,6
XJTU-SY,1,35Hz12kN,2100,12.0,Bearing1_2,2,156,35Hz12kN/Bearing1_2/156.csv,train,32768,25600,1.28,1,5
XJTU-SY,1,35Hz12kN,2100,12.0,Bearing1_2,2,157,35Hz12kN/Bearing1_2/157.csv,train,32768,25600,1.28,1,4
XJTU-SY,1,35Hz12kN,2100,12.0,Bearing1_2,2,158,35Hz12kN/Bearing1_2/158.csv,train,32768,25600,1.28,1,3
XJTU-SY,1,35Hz12kN,2100,12.0,Bearing1_2,2,159,35Hz12kN/Bearing1_2/159.csv,train,32768,25600,1.28,1,2
XJTU-SY,1,35Hz12kN,2100,12.0,Bearing1_2,2,160,35Hz12kN/Bearing1_2/160.csv,train,32768,25600,1.28,1,1
XJTU-SY,1,35Hz12kN,2100,12.0,Bearing1_2,2,161,35Hz12kN/Bearing1_2/161.csv,train,32768,25600,1.28,1,0
XJTU-SY,1,35Hz12kN,2100,12.0,Bearing1_3,3,1,35Hz12kN/Bearing1_3/1.csv,validation,32768,25600,1.28,1,157
XJTU-SY,1,35Hz12kN,2100,12.0,Bearing1_3,3,2,35Hz12kN/Bearing1_3/2.csv,validation,32768,25600,1.28,1,156
XJTU-SY,1,35Hz12kN,2100,12.0,Bearing1_3,3,3,35Hz12kN/Bearing1_3/3.csv,validation,32768,25600,1.28,1,155
XJTU-SY,1,35Hz12kN,2100,12.0,Bearing1_3,3,4,35Hz12kN/Bearing1_3/4.csv,validation,32768,25600,1.28,1,154
XJTU-SY,1,35Hz12kN,2100,12.0,Bearing1_3,3,5,35Hz12kN/Bearing1_3/5.csv,validation,32768,25600,1.28,1,153
XJTU-SY,1,35Hz12kN,2100,12.0,Bearing1_3,3,6,35Hz12kN/Bearing1_3/6.csv,validation,32768,25600,1.28,1,152
XJTU-SY,1,35Hz12kN,2100,12.0,Bearing1_3,3,7,35Hz12kN/Bearing1_3/7.csv,validation,32768,25600,1.28,1,151
XJTU-SY,1,35Hz12kN,2100,12.0,Bearing1_3,3,8,35Hz12kN/Bearing1_3/8.csv,validation,32768,25600,1.28,1,150
XJTU-SY,1,35Hz12kN,2100,12.0,Bearing1_3,3,9,35Hz12kN/Bearing1_3/9.csv,validation,32768,25600,1.28,1,149
XJTU-SY,1,35Hz12kN,2100,12.0,Bearing1_3,3,10,35Hz12kN/Bearing1_3/10.csv,validation,32768,25600,1.28,1,148
XJTU-SY,1,35Hz12kN,2100,12.0,Bearing1_3,3,11,35Hz12kN/Bearing1_3/11.csv,validation,32768,25600,1.28,1,147
XJTU-SY,1,35Hz12kN,2100,12.0,Bearing1_3,3,12,35Hz12kN/Bearing1_3/12.csv,validation,32768,25600,1.28,1,146
XJTU-SY,1,35Hz12kN,2100,12.0,Bearing1_3,3,13,35Hz12kN/Bearing1_3/13.csv,validation,32768,25600,1.28,1,145
XJTU-SY,1,35Hz12kN,2100,12.0,Bearing1_3,3,14,35Hz12kN/Bearing1_3/14.csv,validation,32768,25600,1.28,1,144
XJTU-SY,1,35Hz12kN,2100,12.0,Bearing1_3,3,15,35Hz12kN/Bearing1_3/15.csv,validation,32768,25600,1.28,1,143
XJTU-SY,1,35Hz12kN,2100,12.0,Bearing1_3,3,16,35Hz12kN/Bearing1_3/16.csv,validation,32768,25600,1.28,1,142
XJTU-SY,1,35Hz12kN,2100,12.0,Bearing1_3,3,17,35Hz12kN/Bearing1_3/17.csv,validation,32768,25600,1.28,1,141
XJTU-SY,1,35Hz12kN,2100,12.0,Bearing1_3,3,18,35Hz12kN/Bearing1_3/18.csv,validation,32768,25600,1.28,1,140
XJTU-SY,1,35Hz12kN,2100,12.0,Bearing1_3,3,19,35Hz12kN/Bearing1_3/19.csv,validation,32768,25600,1.28,1,139
XJTU-SY,1,35Hz12kN,2100,12.0,Bearing1_3,3,20,35Hz12kN/Bearing1_3/20.csv,validation,32768,25600,1.28,1,138
XJTU-SY,1,35Hz12kN,2100,12.0,Bearing1_3,3,21,35Hz12kN/Bearing1_3/21.csv,validation,32768,25600,1.28,1,137
XJTU-SY,1,35Hz12kN,2100,12.0,Bearing1_3,3,22,35Hz12kN/Bearing1_3/22.csv,validation,32768,25600,1.28,1,136
XJTU-SY,1,35Hz12kN,2100,12.0,Bearing1_3,3,23,35Hz12kN/Bearing1_3/23.csv,validation,32768,25600,1.28,1,135
XJTU-SY,1,35Hz12kN,2100,12.0,Bearing1_3,3,24,35Hz12kN/Bearing1_3/24.csv,validation,32768,25600,1.28,1,134
XJTU-SY,1,35Hz12kN,2100,12.0,Bearing1_3,3,25,35Hz12kN/Bearing1_3/25.csv,validation,32768,25600,1.28,1,133
XJTU-SY,1,35Hz12kN,2100,12.0,Bearing1_3,3,26,35Hz12kN/Bearing1_3/26.csv,validation,32768,25600,1.28,1,132
XJTU-SY,1,35Hz12kN,2100,12.0,Bearing1_3,3,27,35Hz12kN/Bearing1_3/27.csv,validation,32768,25600,1.28,1,131
XJTU-SY,1,35Hz12kN,2100,12.0,Bearing1_3,3,28,35Hz12kN/Bearing1_3/28.csv,validation,32768,25600,1.28,1,130
XJTU-SY,1,35Hz12kN,2100,12.0,Bearing1_3,3,29,35Hz12kN/Bearing1_3/29.csv,validation,32768,25600,1.28,1,129
XJTU-SY,1,35Hz12kN,2100,12.0,Bearing1_3,3,30,35Hz12kN/Bearing1_3/30.csv,validation,32768,25600,1.28,1,128
XJTU-SY,1,35Hz12kN,2100,12.0,Bearing1_3,3,31,35Hz12kN/Bearing1_3/31.csv,validation,32768,25600,1.28,1,127
XJTU-SY,1,35Hz12kN,2100,12.0,Bearing1_3,3,32,35Hz12kN/Bearing1_3/32.csv,validation,32768,25600,1.28,1,126
XJTU-SY,1,35Hz12kN,2100,12.0,Bearing1_3,3,33,35Hz12kN/Bearing1_3/33.csv,validation,32768,25600,1.28,1,125
XJTU-SY,1,35Hz12kN,2100,12.0,Bearing1_3,3,34,35Hz12kN/Bearing1_3/34.csv,validation,32768,25600,1.28,1,124
XJTU-SY,1,35Hz12kN,2100,12.0,Bearing1_3,3,35,35Hz12kN/Bearing1_3/35.csv,validation,32768,25600,1.28,1,123
XJTU-SY,1,35Hz12kN,2100,12.0,Bearing1_3,3,36,35Hz12kN/Bearing1_3/36.csv,validation,32768,25600,1.28,1,122
XJTU-SY,1,35Hz12kN,2100,12.0,Bearing1_3,3,37,35Hz12kN/Bearing1_3/37.csv,validation,32768,25600,1.28,1,121
XJTU-SY,1,35Hz12kN,2100,12.0,Bearing1_3,3,38,35Hz12kN/Bearing1_3/38.csv,validation,32768,25600,1.28,1,120
XJTU-SY,1,35Hz12kN,2100,12.0,Bearing1_3,3,39,35Hz12kN/Bearing1_3/39.csv,validation,32768,25600,1.28,1,119
XJTU-SY,1,35Hz12kN,2100,12.0,Bearing1_3,3,40,35Hz12kN/Bearing1_3/40.csv,validation,32768,25600,1.28,1,118
XJTU-SY,1,35Hz12kN,2100,12.0,Bearing1_3,3,41,35Hz12kN/Bearing1_3/41.csv,validation,32768,25600,1.28,1,117
XJTU-SY,1,35Hz12kN,2100,12.0,Bearing1_3,3,42,35Hz12kN/Bearing1_3/42.csv,validation,32768,25600,1.28,1,116
XJTU-SY,1,35Hz12kN,2100,12.0,Bearing1_3,3,43,35Hz12kN/Bearing1_3/43.csv,validation,32768,25600,1.28,1,115
XJTU-SY,1,35Hz12kN,2100,12.0,Bearing1_3,3,44,35Hz12kN/Bearing1_3/44.csv,validation,32768,25600,1.28,1,114
XJTU-SY,1,35Hz12kN,2100,12.0,Bearing1_3,3,45,35Hz12kN/Bearing1_3/45.csv,validation,32768,25600,1.28,1,113
XJTU-SY,1,35Hz12kN,2100,12.0,Bearing1_3,3,46,35Hz12kN/Bearing1_3/46.csv,validation,32768,25600,1.28,1,112
XJTU-SY,1,35Hz12kN,2100,12.0,Bearing1_3,3,47,35Hz12kN/Bearing1_3/47.csv,validation,32768,25600,1.28,1,111
XJTU-SY,1,35Hz12kN,2100,12.0,Bearing1_3,3,48,35Hz12kN/Bearing1_3/48.csv,validation,32768,25600,1.28,1,110
XJTU-SY,1,35Hz12kN,2100,12.0,Bearing1_3,3,49,35Hz12kN/Bearing1_3/49.csv,validation,32768,25600,1.28,1,109
XJTU-SY,1,35Hz12kN,2100,12.0,Bearing1_3,3,50,35Hz12kN/Bearing1_3/50.csv,validation,32768,25600,1.28,1,108
XJTU-SY,1,35Hz12kN,2100,12.0,Bearing1_3,3,51,35Hz12kN/Bearing1_3/51.csv,validation,32768,25600,1.28,1,107
XJTU-SY,1,35Hz12kN,2100,12.0,Bearing1_3,3,52,35Hz12kN/Bearing1_3/52.csv,validation,32768,25600,1.28,1,106
XJTU-SY,1,35Hz12kN,2100,12.0,Bearing1_3,3,53,35Hz12kN/Bearing1_3/53.csv,validation,32768,25600,1.28,1,105
XJTU-SY,1,35Hz12kN,2100,12.0,Bearing1_3,3,54,35Hz12kN/Bearing1_3/54.csv,validation,32768,25600,1.28,1,104
XJTU-SY,1,35Hz12kN,2100,12.0,Bearing1_3,3,55,35Hz12kN/Bearing1_3/55.csv,validation,32768,25600,1.28,1,103
XJTU-SY,1,35Hz12kN,2100,12.0,Bearing1_3,3,56,35Hz12kN/Bearing1_3/56.csv,validation,32768,25600,1.28,1,102
XJTU-SY,1,35Hz12kN,2100,12.0,Bearing1_3,3,57,35Hz12kN/Bearing1_3/57.csv,validation,32768,25600,1.28,1,101
XJTU-SY,1,35Hz12kN,2100,12.0,Bearing1_3,3,58,35Hz12kN/Bearing1_3/58.csv,validation,32768,25600,1.28,1,100
XJTU-SY,1,35Hz12kN,2100,12.0,Bearing1_3,3,59,35Hz12kN/Bearing1_3/59.csv,validation,32768,25600,1.28,1,99
XJTU-SY,1,35Hz12kN,2100,12.0,Bearing1_3,3,60,35Hz12kN/Bearing1_3/60.csv,validation,32768,25600,1.28,1,98
XJTU-SY,1,35Hz12kN,2100,12.0,Bearing1_3,3,61,35Hz12kN/Bearing1_3/61.csv,validation,32768,25600,1.28,1,97
XJTU-SY,1,35Hz12kN,2100,12.0,Bearing1_3,3,62,35Hz12kN/Bearing1_3/62.csv,validation,32768,25600,1.28,1,96
XJTU-SY,1,35Hz12kN,2100,12.0,Bearing1_3,3,63,35Hz12kN/Bearing1_3/63.csv,validation,32768,25600,1.28,1,95
XJTU-SY,1,35Hz12kN,2100,12.0,Bearing1_3,3,64,35Hz12kN/Bearing1_3/64.csv,validation,32768,25600,1.28,1,94
XJTU-SY,1,35Hz12kN,2100,12.0,Bearing1_3,3,65,35Hz12kN/Bearing1_3/65.csv,validation,32768,25600,1.28,1,93
XJTU-SY,1,35Hz12kN,2100,12.0,Bearing1_3,3,66,35Hz12kN/Bearing1_3/66.csv,validation,32768,25600,1.28,1,92
XJTU-SY,1,35Hz12kN,2100,12.0,Bearing1_3,3,67,35Hz12kN/Bearing1_3/67.csv,validation,32768,25600,1.28,1,91
XJTU-SY,1,35Hz12kN,2100,12.0,Bearing1_3,3,68,35Hz12kN/Bearing1_3/68.csv,validation,32768,25600,1.28,1,90
XJTU-SY,1,35Hz12kN,2100,12.0,Bearing1_3,3,69,35Hz12kN/Bearing1_3/69.csv,validation,32768,25600,1.28,1,89
XJTU-SY,1,35Hz12kN,2100,12.0,Bearing1_3,3,70,35Hz12kN/Bearing1_3/70.csv,validation,32768,25600,1.28,1,88
XJTU-SY,1,35Hz12kN,2100,12.0,Bearing1_3,3,71,35Hz12kN/Bearing1_3/71.csv,validation,32768,25600,1.28,1,87
XJTU-SY,1,35Hz12kN,2100,12.0,Bearing1_3,3,72,35Hz12kN/Bearing1_3/72.csv,validation,32768,25600,1.28,1,86
XJTU-SY,1,35Hz12kN,2100,12.0,Bearing1_3,3,73,35Hz12kN/Bearing1_3/73.csv,validation,32768,25600,1.28,1,85
XJTU-SY,1,35Hz12kN,2100,12.0,Bearing1_3,3,74,35Hz12kN/Bearing1_3/74.csv,validation,32768,25600,1.28,1,84
XJTU-SY,1,35Hz12kN,2100,12.0,Bearing1_3,3,75,35Hz12kN/Bearing1_3/75.csv,validation,32768,25600,1.28,1,83
XJTU-SY,1,35Hz12kN,2100,12.0,Bearing1_3,3,76,35Hz12kN/Bearing1_3/76.csv,validation,32768,25600,1.28,1,82
XJTU-SY,1,35Hz12kN,2100,12.0,Bearing1_3,3,77,35Hz12kN/Bearing1_3/77.csv,validation,32768,25600,1.28,1,81
XJTU-SY,1,35Hz12kN,2100,12.0,Bearing1_3,3,78,35Hz12kN/Bearing1_3/78.csv,validation,32768,25600,1.28,1,80
XJTU-SY,1,35Hz12kN,2100,12.0,Bearing1_3,3,79,35Hz12kN/Bearing1_3/79.csv,validation,32768,25600,1.28,1,79
XJTU-SY,1,35Hz12kN,2100,12.0,Bearing1_3,3,80,35Hz12kN/Bearing1_3/80.csv,validation,32768,25600,1.28,1,78
XJTU-SY,1,35Hz12kN,2100,12.0,Bearing1_3,3,81,35Hz12kN/Bearing1_3/81.csv,validation,32768,25600,1.28,1,77
XJTU-SY,1,35Hz12kN,2100,12.0,Bearing1_3,3,82,35Hz12kN/Bearing1_3/82.csv,validation,32768,25600,1.28,1,76
XJTU-SY,1,35Hz12kN,2100,12.0,Bearing1_3,3,83,35Hz12kN/Bearing1_3/83.csv,validation,32768,25600,1.28,1,75
XJTU-SY,1,35Hz12kN,2100,12.0,Bearing1_3,3,84,35Hz12kN/Bearing1_3/84.csv,validation,32768,25600,1.28,1,74
XJTU-SY,1,35Hz12kN,2100,12.0,Bearing1_3,3,85,35Hz12kN/Bearing1_3/85.csv,validation,32768,25600,1.28,1,73
XJTU-SY,1,35Hz12kN,2100,12.0,Bearing1_3,3,86,35Hz12kN/Bearing1_3/86.csv,validation,32768,25600,1.28,1,72
XJTU-SY,1,35Hz12kN,2100,12.0,Bearing1_3,3,87,35Hz12kN/Bearing1_3/87.csv,validation,32768,25600,1.28,1,71
XJTU-SY,1,35Hz12kN,2100,12.0,Bearing1_3,3,88,35Hz12kN/Bearing1_3/88.csv,validation,32768,25600,1.28,1,70
XJTU-SY,1,35Hz12kN,2100,12.0,Bearing1_3,3,89,35Hz12kN/Bearing1_3/89.csv,validation,32768,25600,1.28,1,69
XJTU-SY,1,35Hz12kN,2100,12.0,Bearing1_3,3,90,35Hz12kN/Bearing1_3/90.csv,validation,32768,25600,1.28,1,68
XJTU-SY,1,35Hz12kN,2100,12.0,Bearing1_3,3,91,35Hz12kN/Bearing1_3/91.csv,validation,32768,25600,1.28,1,67
XJTU-SY,1,35Hz12kN,2100,12.0,Bearing1_3,3,92,35Hz12kN/Bearing1_3/92.csv,validation,32768,25600,1.28,1,66
XJTU-SY,1,35Hz12kN,2100,12.0,Bearing1_3,3,93,35Hz12kN/Bearing1_3/93.csv,validation,32768,25600,1.28,1,65
XJTU-SY,1,35Hz12kN,2100,12.0,Bearing1_3,3,94,35Hz12kN/Bearing1_3/94.csv,validation,32768,25600,1.28,1,64
XJTU-SY,1,35Hz12kN,2100,12.0,Bearing1_3,3,95,35Hz12kN/Bearing1_3/95.csv,validation,32768,25600,1.28,1,63
XJTU-SY,1,35Hz12kN,2100,12.0,Bearing1_3,3,96,35Hz12kN/Bearing1_3/96.csv,validation,32768,25600,1.28,1,62
XJTU-SY,1,35Hz12kN,2100,12.0,Bearing1_3,3,97,35Hz12kN/Bearing1_3/97.csv,validation,32768,25600,1.28,1,61
XJTU-SY,1,35Hz12kN,2100,12.0,Bearing1_3,3,98,35Hz12kN/Bearing1_3/98.csv,validation,32768,25600,1.28,1,60
XJTU-SY,1,35Hz12kN,2100,12.0,Bearing1_3,3,99,35Hz12kN/Bearing1_3/99.csv,validation,32768,25600,1.28,1,59
XJTU-SY,1,35Hz12kN,2100,12.0,Bearing1_3,3,100,35Hz12kN/Bearing1_3/100.csv,validation,32768,25600,1.28,1,58
XJTU-SY,1,35Hz12kN,2100,12.0,Bearing1_3,3,101,35Hz12kN/Bearing1_3/101.csv,validation,32768,25600,1.28,1,57
XJTU-SY,1,35Hz12kN,2100,12.0,Bearing1_3,3,102,35Hz12kN/Bearing1_3/102.csv,validation,32768,25600,1.28,1,56
XJTU-SY,1,35Hz12kN,2100,12.0,Bearing1_3,3,103,35Hz12kN/Bearing1_3/103.csv,validation,32768,25600,1.28,1,55
XJTU-SY,1,35Hz12kN,2100,12.0,Bearing1_3,3,104,35Hz12kN/Bearing1_3/104.csv,validation,32768,25600,1.28,1,54
XJTU-SY,1,35Hz12kN,2100,12.0,Bearing1_3,3,105,35Hz12kN/Bearing1_3/105.csv,validation,32768,25600,1.28,1,53
XJTU-SY,1,35Hz12kN,2100,12.0,Bearing1_3,3,106,35Hz12kN/Bearing1_3/106.csv,validation,32768,25600,1.28,1,52
XJTU-SY,1,35Hz12kN,2100,12.0,Bearing1_3,3,107,35Hz12kN/Bearing1_3/107.csv,validation,32768,25600,1.28,1,51
XJTU-SY,1,35Hz12kN,2100,12.0,Bearing1_3,3,108,35Hz12kN/Bearing1_3/108.csv,validation,32768,25600,1.28,1,50
XJTU-SY,1,35Hz12kN,2100,12.0,Bearing1_3,3,109,35Hz12kN/Bearing1_3/109.csv,validation,32768,25600,1.28,1,49
XJTU-SY,1,35Hz12kN,2100,12.0,Bearing1_3,3,110,35Hz12kN/Bearing1_3/110.csv,validation,32768,25600,1.28,1,48
XJTU-SY,1,35Hz12kN,2100,12.0,Bearing1_3,3,111,35Hz12kN/Bearing1_3/111.csv,validation,32768,25600,1.28,1,47
XJTU-SY,1,35Hz12kN,2100,12.0,Bearing1_3,3,112,35Hz12kN/Bearing1_3/112.csv,validation,32768,25600,1.28,1,46
XJTU-SY,1,35Hz12kN,2100,12.0,Bearing1_3,3,113,35Hz12kN/Bearing1_3/113.csv,validation,32768,25600,1.28,1,45
XJTU-SY,1,35Hz12kN,2100,12.0,Bearing1_3,3,114,35Hz12kN/Bearing1_3/114.csv,validation,32768,25600,1.28,1,44
XJTU-SY,1,35Hz12kN,2100,12.0,Bearing1_3,3,115,35Hz12kN/Bearing1_3/115.csv,validation,32768,25600,1.28,1,43
XJTU-SY,1,35Hz12kN,2100,12.0,Bearing1_3,3,116,35Hz12kN/Bearing1_3/116.csv,validation,32768,25600,1.28,1,42
XJTU-SY,1,35Hz12kN,2100,12.0,Bearing1_3,3,117,35Hz12kN/Bearing1_3/117.csv,validation,32768,25600,1.28,1,41
XJTU-SY,1,35Hz12kN,2100,12.0,Bearing1_3,3,118,35Hz12kN/Bearing1_3/118.csv,validation,32768,25600,1.28,1,40
XJTU-SY,1,35Hz12kN,2100,12.0,Bearing1_3,3,119,35Hz12kN/Bearing1_3/119.csv,validation,32768,25600,1.28,1,39
XJTU-SY,1,35Hz12kN,2100,12.0,Bearing1_3,3,120,35Hz12kN/Bearing1_3/120.csv,validation,32768,25600,1.28,1,38
XJTU-SY,1,35Hz12kN,2100,12.0,Bearing1_3,3,121,35Hz12kN/Bearing1_3/121.csv,validation,32768,25600,1.28,1,37
XJTU-SY,1,35Hz12kN,2100,12.0,Bearing1_3,3,122,35Hz12kN/Bearing1_3/122.csv,validation,32768,25600,1.28,1,36
XJTU-SY,1,35Hz12kN,2100,12.0,Bearing1_3,3,123,35Hz12kN/Bearing1_3/123.csv,validation,32768,25600,1.28,1,35
XJTU-SY,1,35Hz12kN,2100,12.0,Bearing1_3,3,124,35Hz12kN/Bearing1_3/124.csv,validation,32768,25600,1.28,1,34
XJTU-SY,1,35Hz12kN,2100,12.0,Bearing1_3,3,125,35Hz12kN/Bearing1_3/125.csv,validation,32768,25600,1.28,1,33
XJTU-SY,1,35Hz12kN,2100,12.0,Bearing1_3,3,126,35Hz12kN/Bearing1_3/126.csv,validation,32768,25600,1.28,1,32
XJTU-SY,1,35Hz12kN,2100,12.0,Bearing1_3,3,127,35Hz12kN/Bearing1_3/127.csv,validation,32768,25600,1.28,1,31
XJTU-SY,1,35Hz12kN,2100,12.0,Bearing1_3,3,128,35Hz12kN/Bearing1_3/128.csv,validation,32768,25600,1.28,1,30
XJTU-SY,1,35Hz12kN,2100,12.0,Bearing1_3,3,129,35Hz12kN/Bearing1_3/129.csv,validation,32768,25600,1.28,1,29
XJTU-SY,1,35Hz12kN,2100,12.0,Bearing1_3,3,130,35Hz12kN/Bearing1_3/130.csv,validation,32768,25600,1.28,1,28
XJTU-SY,1,35Hz12kN,2100,12.0,Bearing1_3,3,131,35Hz12kN/Bearing1_3/131.csv,validation,32768,25600,1.28,1,27
XJTU-SY,1,35Hz12kN,2100,12.0,Bearing1_3,3,132,35Hz12kN/Bearing1_3/132.csv,validation,32768,25600,1.28,1,26
XJTU-SY,1,35Hz12kN,2100,12.0,Bearing1_3,3,133,35Hz12kN/Bearing1_3/133.csv,validation,32768,25600,1.28,1,25
XJTU-SY,1,35Hz12kN,2100,12.0,Bearing1_3,3,134,35Hz12kN/Bearing1_3/134.csv,validation,32768,25600,1.28,1,24
XJTU-SY,1,35Hz12kN,2100,12.0,Bearing1_3,3,135,35Hz12kN/Bearing1_3/135.csv,validation,32768,25600,1.28,1,23
XJTU-SY,1,35Hz12kN,2100,12.0,Bearing1_3,3,136,35Hz12kN/Bearing1_3/136.csv,validation,32768,25600,1.28,1,22
XJTU-SY,1,35Hz12kN,2100,12.0,Bearing1_3,3,137,35Hz12kN/Bearing1_3/137.csv,validation,32768,25600,1.28,1,21
XJTU-SY,1,35Hz12kN,2100,12.0,Bearing1_3,3,138,35Hz12kN/Bearing1_3/138.csv,validation,32768,25600,1.28,1,20
XJTU-SY,1,35Hz12kN,2100,12.0,Bearing1_3,3,139,35Hz12kN/Bearing1_3/139.csv,validation,32768,25600,1.28,1,19
XJTU-SY,1,35Hz12kN,2100,12.0,Bearing1_3,3,140,35Hz12kN/Bearing1_3/140.csv,validation,32768,25600,1.28,1,18
XJTU-SY,1,35Hz12kN,2100,12.0,Bearing1_3,3,141,35Hz12kN/Bearing1_3/141.csv,validation,32768,25600,1.28,1,17
XJTU-SY,1,35Hz12kN,2100,12.0,Bearing1_3,3,142,35Hz12kN/Bearing1_3/142.csv,validation,32768,25600,1.28,1,16
XJTU-SY,1,35Hz12kN,2100,12.0,Bearing1_3,3,143,35Hz12kN/Bearing1_3/143.csv,validation,32768,25600,1.28,1,15
XJTU-SY,1,35Hz12kN,2100,12.0,Bearing1_3,3,144,35Hz12kN/Bearing1_3/144.csv,validation,32768,25600,1.28,1,14
XJTU-SY,1,35Hz12kN,2100,12.0,Bearing1_3,3,145,35Hz12kN/Bearing1_3/145.csv,validation,32768,25600,1.28,1,13
XJTU-SY,1,35Hz12kN,2100,12.0,Bearing1_3,3,146,35Hz12kN/Bearing1_3/146.csv,validation,32768,25600,1.28,1,12
XJTU-SY,1,35Hz12kN,2100,12.0,Bearing1_3,3,147,35Hz12kN/Bearing1_3/147.csv,validation,32768,25600,1.28,1,11
XJTU-SY,1,35Hz12kN,2100,12.0,Bearing1_3,3,148,35Hz12kN/Bearing1_3/148.csv,validation,32768,25600,1.28,1,10
XJTU-SY,1,35Hz12kN,2100,12.0,Bearing1_3,3,149,35Hz12kN/Bearing1_3/149.csv,validation,32768,25600,1.28,1,9
XJTU-SY,1,35Hz12kN,2100,12.0,Bearing1_3,3,150,35Hz12kN/Bearing1_3/150.csv,validation,32768,25600,1.28,1,8
XJTU-SY,1,35Hz12kN,2100,12.0,Bearing1_3,3,151,35Hz12kN/Bearing1_3/151.csv,validation,32768,25600,1.28,1,7
XJTU-SY,1,35Hz12kN,2100,12.0,Bearing1_3,3,152,35Hz12kN/Bearing1_3/152.csv,validation,32768,25600,1.28,1,6
XJTU-SY,1,35Hz12kN,2100,12.0,Bearing1_3,3,153,35Hz12kN/Bearing1_3/153.csv,validation,32768,25600,1.28,1,5
XJTU-SY,1,35Hz12kN,2100,12.0,Bearing1_3,3,154,35Hz12kN/Bearing1_3/154.csv,validation,32768,25600,1.28,1,4
XJTU-SY,1,35Hz12kN,2100,12.0,Bearing1_3,3,155,35Hz12kN/Bearing1_3/155.csv,validation,32768,25600,1.28,1,3
XJTU-SY,1,35Hz12kN,2100,12.0,Bearing1_3,3,156,35Hz12kN/Bearing1_3/156.csv,validation,32768,25600,1.28,1,2
XJTU-SY,1,35Hz12kN,2100,12.0,Bearing1_3,3,157,35Hz12kN/Bearing1_3/157.csv,validation,32768,25600,1.28,1,1
XJTU-SY,1,35Hz12kN,2100,12.0,Bearing1_3,3,158,35Hz12kN/Bearing1_3/158.csv,validation,32768,25600,1.28,1,0
XJTU-SY,1,35Hz12kN,2100,12.0,Bearing1_4,4,1,35Hz12kN/Bearing1_4/1.csv,test,32768,25600,1.28,1,121
XJTU-SY,1,35Hz12kN,2100,12.0,Bearing1_4,4,2,35Hz12kN/Bearing1_4/2.csv,test,32768,25600,1.28,1,120
XJTU-SY,1,35Hz12kN,2100,12.0,Bearing1_4,4,3,35Hz12kN/Bearing1_4/3.csv,test,32768,25600,1.28,1,119
XJTU-SY,1,35Hz12kN,2100,12.0,Bearing1_4,4,4,35Hz12kN/Bearing1_4/4.csv,test,32768,25600,1.28,1,118
XJTU-SY,1,35Hz12kN,2100,12.0,Bearing1_4,4,5,35Hz12kN/Bearing1_4/5.csv,test,32768,25600,1.28,1,117
XJTU-SY,1,35Hz12kN,2100,12.0,Bearing1_4,4,6,35Hz12kN/Bearing1_4/6.csv,test,32768,25600,1.28,1,116
XJTU-SY,1,35Hz12kN,2100,12.0,Bearing1_4,4,7,35Hz12kN/Bearing1_4/7.csv,test,32768,25600,1.28,1,115
XJTU-SY,1,35Hz12kN,2100,12.0,Bearing1_4,4,8,35Hz12kN/Bearing1_4/8.csv,test,32768,25600,1.28,1,114
XJTU-SY,1,35Hz12kN,2100,12.0,Bearing1_4,4,9,35Hz12kN/Bearing1_4/9.csv,test,32768,25600,1.28,1,113
XJTU-SY,1,35Hz12kN,2100,12.0,Bearing1_4,4,10,35Hz12kN/Bearing1_4/10.csv,test,32768,25600,1.28,1,112
XJTU-SY,1,35Hz12kN,2100,12.0,Bearing1_4,4,11,35Hz12kN/Bearing1_4/11.csv,test,32768,25600,1.28,1,111
XJTU-SY,1,35Hz12kN,2100,12.0,Bearing1_4,4,12,35Hz12kN/Bearing1_4/12.csv,test,32768,25600,1.28,1,110
XJTU-SY,1,35Hz12kN,2100,12.0,Bearing1_4,4,13,35Hz12kN/Bearing1_4/13.csv,test,32768,25600,1.28,1,109
XJTU-SY,1,35Hz12kN,2100,12.0,Bearing1_4,4,14,35Hz12kN/Bearing1_4/14.csv,test,32768,25600,1.28,1,108
XJTU-SY,1,35Hz12kN,2100,12.0,Bearing1_4,4,15,35Hz12kN/Bearing1_4/15.csv,test,32768,25600,1.28,1,107
XJTU-SY,1,35Hz12kN,2100,12.0,Bearing1_4,4,16,35Hz12kN/Bearing1_4/16.csv,test,32768,25600,1.28,1,106
XJTU-SY,1,35Hz12kN,2100,12.0,Bearing1_4,4,17,35Hz12kN/Bearing1_4/17.csv,test,32768,25600,1.28,1,105
XJTU-SY,1,35Hz12kN,2100,12.0,Bearing1_4,4,18,35Hz12kN/Bearing1_4/18.csv,test,32768,25600,1.28,1,104
XJTU-SY,1,35Hz12kN,2100,12.0,Bearing1_4,4,19,35Hz12kN/Bearing1_4/19.csv,test,32768,25600,1.28,1,103
XJTU-SY,1,35Hz12kN,2100,12.0,Bearing1_4,4,20,35Hz12kN/Bearing1_4/20.csv,test,32768,25600,1.28,1,102
XJTU-SY,1,35Hz12kN,2100,12.0,Bearing1_4,4,21,35Hz12kN/Bearing1_4/21.csv,test,32768,25600,1.28,1,101
XJTU-SY,1,35Hz12kN,2100,12.0,Bearing1_4,4,22,35Hz12kN/Bearing1_4/22.csv,test,32768,25600,1.28,1,100
XJTU-SY,1,35Hz12kN,2100,12.0,Bearing1_4,4,23,35Hz12kN/Bearing1_4/23.csv,test,32768,25600,1.28,1,99
XJTU-SY,1,35Hz12kN,2100,12.0,Bearing1_4,4,24,35Hz12kN/Bearing1_4/24.csv,test,32768,25600,1.28,1,98
XJTU-SY,1,35Hz12kN,2100,12.0,Bearing1_4,4,25,35Hz12kN/Bearing1_4/25.csv,test,32768,25600,1.28,1,97
XJTU-SY,1,35Hz12kN,2100,12.0,Bearing1_4,4,26,35Hz12kN/Bearing1_4/26.csv,test,32768,25600,1.28,1,96
XJTU-SY,1,35Hz12kN,2100,12.0,Bearing1_4,4,27,35Hz12kN/Bearing1_4/27.csv,test,32768,25600,1.28,1,95
XJTU-SY,1,35Hz12kN,2100,12.0,Bearing1_4,4,28,35Hz12kN/Bearing1_4/28.csv,test,32768,25600,1.28,1,94
XJTU-SY,1,35Hz12kN,2100,12.0,Bearing1_4,4,29,35Hz12kN/Bearing1_4/29.csv,test,32768,25600,1.28,1,93
XJTU-SY,1,35Hz12kN,2100,12.0,Bearing1_4,4,30,35Hz12kN/Bearing1_4/30.csv,test,32768,25600,1.28,1,92
XJTU-SY,1,35Hz12kN,2100,12.0,Bearing1_4,4,31,35Hz12kN/Bearing1_4/31.csv,test,32768,25600,1.28,1,91
XJTU-SY,1,35Hz12kN,2100,12.0,Bearing1_4,4,32,35Hz12kN/Bearing1_4/32.csv,test,32768,25600,1.28,1,90
XJTU-SY,1,35Hz12kN,2100,12.0,Bearing1_4,4,33,35Hz12kN/Bearing1_4/33.csv,test,32768,25600,1.28,1,89
XJTU-SY,1,35Hz12kN,2100,12.0,Bearing1_4,4,34,35Hz12kN/Bearing1_4/34.csv,test,32768,25600,1.28,1,88
XJTU-SY,1,35Hz12kN,2100,12.0,Bearing1_4,4,35,35Hz12kN/Bearing1_4/35.csv,test,32768,25600,1.28,1,87
XJTU-SY,1,35Hz12kN,2100,12.0,Bearing1_4,4,36,35Hz12kN/Bearing1_4/36.csv,test,32768,25600,1.28,1,86
XJTU-SY,1,35Hz12kN,2100,12.0,Bearing1_4,4,37,35Hz12kN/Bearing1_4/37.csv,test,32768,25600,1.28,1,85
XJTU-SY,1,35Hz12kN,2100,12.0,Bearing1_4,4,38,35Hz12kN/Bearing1_4/38.csv,test,32768,25600,1.28,1,84
XJTU-SY,1,35Hz12kN,2100,12.0,Bearing1_4,4,39,35Hz12kN/Bearing1_4/39.csv,test,32768,25600,1.28,1,83
XJTU-SY,1,35Hz12kN,2100,12.0,Bearing1_4,4,40,35Hz12kN/Bearing1_4/40.csv,test,32768,25600,1.28,1,82
XJTU-SY,1,35Hz12kN,2100,12.0,Bearing1_4,4,41,35Hz12kN/Bearing1_4/41.csv,test,32768,25600,1.28,1,81
XJTU-SY,1,35Hz12kN,2100,12.0,Bearing1_4,4,42,35Hz12kN/Bearing1_4/42.csv,test,32768,25600,1.28,1,80
XJTU-SY,1,35Hz12kN,2100,12.0,Bearing1_4,4,43,35Hz12kN/Bearing1_4/43.csv,test,32768,25600,1.28,1,79
XJTU-SY,1,35Hz12kN,2100,12.0,Bearing1_4,4,44,35Hz12kN/Bearing1_4/44.csv,test,32768,25600,1.28,1,78
XJTU-SY,1,35Hz12kN,2100,12.0,Bearing1_4,4,45,35Hz12kN/Bearing1_4/45.csv,test,32768,25600,1.28,1,77
XJTU-SY,1,35Hz12kN,2100,12.0,Bearing1_4,4,46,35Hz12kN/Bearing1_4/46.csv,test,32768,25600,1.28,1,76
XJTU-SY,1,35Hz12kN,2100,12.0,Bearing1_4,4,47,35Hz12kN/Bearing1_4/47.csv,test,32768,25600,1.28,1,75
XJTU-SY,1,35Hz12kN,2100,12.0,Bearing1_4,4,48,35Hz12kN/Bearing1_4/48.csv,test,32768,25600,1.28,1,74
XJTU-SY,1,35Hz12kN,2100,12.0,Bearing1_4,4,49,35Hz12kN/Bearing1_4/49.csv,test,32768,25600,1.28,1,73
XJTU-SY,1,35Hz12kN,2100,12.0,Bearing1_4,4,50,35Hz12kN/Bearing1_4/50.csv,test,32768,25600,1.28,1,72
XJTU-SY,1,35Hz12kN,2100,12.0,Bearing1_4,4,51,35Hz12kN/Bearing1_4/51.csv,test,32768,25600,1.28,1,71
XJTU-SY,1,35Hz12kN,2100,12.0,Bearing1_4,4,52,35Hz12kN/Bearing1_4/52.csv,test,32768,25600,1.28,1,70
XJTU-SY,1,35Hz12kN,2100,12.0,Bearing1_4,4,53,35Hz12kN/Bearing1_4/53.csv,test,32768,25600,1.28,1,69
XJTU-SY,1,35Hz12kN,2100,12.0,Bearing1_4,4,54,35Hz12kN/Bearing1_4/54.csv,test,32768,25600,1.28,1,68
XJTU-SY,1,35Hz12kN,2100,12.0,Bearing1_4,4,55,35Hz12kN/Bearing1_4/55.csv,test,32768,25600,1.28,1,67
XJTU-SY,1,35Hz12kN,2100,12.0,Bearing1_4,4,56,35Hz12kN/Bearing1_4/56.csv,test,32768,25600,1.28,1,66
XJTU-SY,1,35Hz12kN,2100,12.0,Bearing1_4,4,57,35Hz12kN/Bearing1_4/57.csv,test,32768,25600,1.28,1,65
XJTU-SY,1,35Hz12kN,2100,12.0,Bearing1_4,4,58,35Hz12kN/Bearing1_4/58.csv,test,32768,25600,1.28,1,64
XJTU-SY,1,35Hz12kN,2100,12.0,Bearing1_4,4,59,35Hz12kN/Bearing1_4/59.csv,test,32768,25600,1.28,1,63
XJTU-SY,1,35Hz12kN,2100,12.0,Bearing1_4,4,60,35Hz12kN/Bearing1_4/60.csv,test,32768,25600,1.28,1,62
XJTU-SY,1,35Hz12kN,2100,12.0,Bearing1_4,4,61,35Hz12kN/Bearing1_4/61.csv,test,32768,25600,1.28,1,61
XJTU-SY,1,35Hz12kN,2100,12.0,Bearing1_4,4,62,35Hz12kN/Bearing1_4/62.csv,test,32768,25600,1.28,1,60
XJTU-SY,1,35Hz12kN,2100,12.0,Bearing1_4,4,63,35Hz12kN/Bearing1_4/63.csv,test,32768,25600,1.28,1,59
XJTU-SY,1,35Hz12kN,2100,12.0,Bearing1_4,4,64,35Hz12kN/Bearing1_4/64.csv,test,32768,25600,1.28,1,58
XJTU-SY,1,35Hz12kN,2100,12.0,Bearing1_4,4,65,35Hz12kN/Bearing1_4/65.csv,test,32768,25600,1.28,1,57
XJTU-SY,1,35Hz12kN,2100,12.0,Bearing1_4,4,66,35Hz12kN/Bearing1_4/66.csv,test,32768,25600,1.28,1,56
XJTU-SY,1,35Hz12kN,2100,12.0,Bearing1_4,4,67,35Hz12kN/Bearing1_4/67.csv,test,32768,25600,1.28,1,55
XJTU-SY,1,35Hz12kN,2100,12.0,Bearing1_4,4,68,35Hz12kN/Bearing1_4/68.csv,test,32768,25600,1.28,1,54
XJTU-SY,1,35Hz12kN,2100,12.0,Bearing1_4,4,69,35Hz12kN/Bearing1_4/69.csv,test,32768,25600,1.28,1,53
XJTU-SY,1,35Hz12kN,2100,12.0,Bearing1_4,4,70,35Hz12kN/Bearing1_4/70.csv,test,32768,25600,1.28,1,52
XJTU-SY,1,35Hz12kN,2100,12.0,Bearing1_4,4,71,35Hz12kN/Bearing1_4/71.csv,test,32768,25600,1.28,1,51
XJTU-SY,1,35Hz12kN,2100,12.0,Bearing1_4,4,72,35Hz12kN/Bearing1_4/72.csv,test,32768,25600,1.28,1,50
XJTU-SY,1,35Hz12kN,2100,12.0,Bearing1_4,4,73,35Hz12kN/Bearing1_4/73.csv,test,32768,25600,1.28,1,49
XJTU-SY,1,35Hz12kN,2100,12.0,Bearing1_4,4,74,35Hz12kN/Bearing1_4/74.csv,test,32768,25600,1.28,1,48
XJTU-SY,1,35Hz12kN,2100,12.0,Bearing1_4,4,75,35Hz12kN/Bearing1_4/75.csv,test,32768,25600,1.28,1,47
XJTU-SY,1,35Hz12kN,2100,12.0,Bearing1_4,4,76,35Hz12kN/Bearing1_4/76.csv,test,32768,25600,1.28,1,46
XJTU-SY,1,35Hz12kN,2100,12.0,Bearing1_4,4,77,35Hz12kN/Bearing1_4/77.csv,test,32768,25600,1.28,1,45
XJTU-SY,1,35Hz12kN,2100,12.0,Bearing1_4,4,78,35Hz12kN/Bearing1_4/78.csv,test,32768,25600,1.28,1,44
XJTU-SY,1,35Hz12kN,2100,12.0,Bearing1_4,4,79,35Hz12kN/Bearing1_4/79.csv,test,32768,25600,1.28,1,43
XJTU-SY,1,35Hz12kN,2100,12.0,Bearing1_4,4,80,35Hz12kN/Bearing1_4/80.csv,test,32768,25600,1.28,1,42
XJTU-SY,1,35Hz12kN,2100,12.0,Bearing1_4,4,81,35Hz12kN/Bearing1_4/81.csv,test,32768,25600,1.28,1,41
XJTU-SY,1,35Hz12kN,2100,12.0,Bearing1_4,4,82,35Hz12kN/Bearing1_4/82.csv,test,32768,25600,1.28,1,40
XJTU-SY,1,35Hz12kN,2100,12.0,Bearing1_4,4,83,35Hz12kN/Bearing1_4/83.csv,test,32768,25600,1.28,1,39
XJTU-SY,1,35Hz12kN,2100,12.0,Bearing1_4,4,84,35Hz12kN/Bearing1_4/84.csv,test,32768,25600,1.28,1,38
XJTU-SY,1,35Hz12kN,2100,12.0,Bearing1_4,4,85,35Hz12kN/Bearing1_4/85.csv,test,32768,25600,1.28,1,37
XJTU-SY,1,35Hz12kN,2100,12.0,Bearing1_4,4,86,35Hz12kN/Bearing1_4/86.csv,test,32768,25600,1.28,1,36
XJTU-SY,1,35Hz12kN,2100,12.0,Bearing1_4,4,87,35Hz12kN/Bearing1_4/87.csv,test,32768,25600,1.28,1,35
XJTU-SY,1,35Hz12kN,2100,12.0,Bearing1_4,4,88,35Hz12kN/Bearing1_4/88.csv,test,32768,25600,1.28,1,34
XJTU-SY,1,35Hz12kN,2100,12.0,Bearing1_4,4,89,35Hz12kN/Bearing1_4/89.csv,test,32768,25600,1.28,1,33
XJTU-SY,1,35Hz12kN,2100,12.0,Bearing1_4,4,90,35Hz12kN/Bearing1_4/90.csv,test,32768,25600,1.28,1,32
XJTU-SY,1,35Hz12kN,2100,12.0,Bearing1_4,4,91,35Hz12kN/Bearing1_4/91.csv,test,32768,25600,1.28,1,31
XJTU-SY,1,35Hz12kN,2100,12.0,Bearing1_4,4,92,35Hz12kN/Bearing1_4/92.csv,test,32768,25600,1.28,1,30
XJTU-SY,1,35Hz12kN,2100,12.0,Bearing1_4,4,93,35Hz12kN/Bearing1_4/93.csv,test,32768,25600,1.28,1,29
XJTU-SY,1,35Hz12kN,2100,12.0,Bearing1_4,4,94,35Hz12kN/Bearing1_4/94.csv,test,32768,25600,1.28,1,28
XJTU-SY,1,35Hz12kN,2100,12.0,Bearing1_4,4,95,35Hz12kN/Bearing1_4/95.csv,test,32768,25600,1.28,1,27
XJTU-SY,1,35Hz12kN,2100,12.0,Bearing1_4,4,96,35Hz12kN/Bearing1_4/96.csv,test,32768,25600,1.28,1,26
XJTU-SY,1,35Hz12kN,2100,12.0,Bearing1_4,4,97,35Hz12kN/Bearing1_4/97.csv,test,32768,25600,1.28,1,25
XJTU-SY,1,35Hz12kN,2100,12.0,Bearing1_4,4,98,35Hz12kN/Bearing1_4/98.csv,test,32768,25600,1.28,1,24
XJTU-SY,1,35Hz12kN,2100,12.0,Bearing1_4,4,99,35Hz12kN/Bearing1_4/99.csv,test,32768,25600,1.28,1,23
XJTU-SY,1,35Hz12kN,2100,12.0,Bearing1_4,4,100,35Hz12kN/Bearing1_4/100.csv,test,32768,25600,1.28,1,22
XJTU-SY,1,35Hz12kN,2100,12.0,Bearing1_4,4,101,35Hz12kN/Bearing1_4/101.csv,test,32768,25600,1.28,1,21
XJTU-SY,1,35Hz12kN,2100,12.0,Bearing1_4,4,102,35Hz12kN/Bearing1_4/102.csv,test,32768,25600,1.28,1,20
XJTU-SY,1,35Hz12kN,2100,12.0,Bearing1_4,4,103,35Hz12kN/Bearing1_4/103.csv,test,32768,25600,1.28,1,19
XJTU-SY,1,35Hz12kN,2100,12.0,Bearing1_4,4,104,35Hz12kN/Bearing1_4/104.csv,test,32768,25600,1.28,1,18
XJTU-SY,1,35Hz12kN,2100,12.0,Bearing1_4,4,105,35Hz12kN/Bearing1_4/105.csv,test,32768,25600,1.28,1,17
XJTU-SY,1,35Hz12kN,2100,12.0,Bearing1_4,4,106,35Hz12kN/Bearing1_4/106.csv,test,32768,25600,1.28,1,16
XJTU-SY,1,35Hz12kN,2100,12.0,Bearing1_4,4,107,35Hz12kN/Bearing1_4/107.csv,test,32768,25600,1.28,1,15
XJTU-SY,1,35Hz12kN,2100,12.0,Bearing1_4,4,108,35Hz12kN/Bearing1_4/108.csv,test,32768,25600,1.28,1,14
XJTU-SY,1,35Hz12kN,2100,12.0,Bearing1_4,4,109,35Hz12kN/Bearing1_4/109.csv,test,32768,25600,1.28,1,13
XJTU-SY,1,35Hz12kN,2100,12.0,Bearing1_4,4,110,35Hz12kN/Bearing1_4/110.csv,test,32768,25600,1.28,1,12
XJTU-SY,1,35Hz12kN,2100,12.0,Bearing1_4,4,111,35Hz12kN/Bearing1_4/111.csv,test,32768,25600,1.28,1,11
XJTU-SY,1,35Hz12kN,2100,12.0,Bearing1_4,4,112,35Hz12kN/Bearing1_4/112.csv,test,32768,25600,1.28,1,10
XJTU-SY,1,35Hz12kN,2100,12.0,Bearing1_4,4,113,35Hz12kN/Bearing1_4/113.csv,test,32768,25600,1.28,1,9
XJTU-SY,1,35Hz12kN,2100,12.0,Bearing1_4,4,114,35Hz12kN/Bearing1_4/114.csv,test,32768,25600,1.28,1,8
XJTU-SY,1,35Hz12kN,2100,12.0,Bearing1_4,4,115,35Hz12kN/Bearing1_4/115.csv,test,32768,25600,1.28,1,7
XJTU-SY,1,35Hz12kN,2100,12.0,Bearing1_4,4,116,35Hz12kN/Bearing1_4/116.csv,test,32768,25600,1.28,1,6
XJTU-SY,1,35Hz12kN,2100,12.0,Bearing1_4,4,117,35Hz12kN/Bearing1_4/117.csv,test,32768,25600,1.28,1,5
XJTU-SY,1,35Hz12kN,2100,12.0,Bearing1_4,4,118,35Hz12kN/Bearing1_4/118.csv,test,32768,25600,1.28,1,4
XJTU-SY,1,35Hz12kN,2100,12.0,Bearing1_4,4,119,35Hz12kN/Bearing1_4/119.csv,test,32768,25600,1.28,1,3
XJTU-SY,1,35Hz12kN,2100,12.0,Bearing1_4,4,120,35Hz12kN/Bearing1_4/120.csv,test,32768,25600,1.28,1,2
XJTU-SY,1,35Hz12kN,2100,12.0,Bearing1_4,4,121,35Hz12kN/Bearing1_4/121.csv,test,32768,25600,1.28,1,1
XJTU-SY,1,35Hz12kN,2100,12.0,Bearing1_4,4,122,35Hz12kN/Bearing1_4/122.csv,test,32768,25600,1.28,1,0
XJTU-SY,1,35Hz12kN,2100,12.0,Bearing1_5,5,1,35Hz12kN/Bearing1_5/1.csv,test,32768,25600,1.28,1,51
XJTU-SY,1,35Hz12kN,2100,12.0,Bearing1_5,5,2,35Hz12kN/Bearing1_5/2.csv,test,32768,25600,1.28,1,50
XJTU-SY,1,35Hz12kN,2100,12.0,Bearing1_5,5,3,35Hz12kN/Bearing1_5/3.csv,test,32768,25600,1.28,1,49
XJTU-SY,1,35Hz12kN,2100,12.0,Bearing1_5,5,4,35Hz12kN/Bearing1_5/4.csv,test,32768,25600,1.28,1,48
XJTU-SY,1,35Hz12kN,2100,12.0,Bearing1_5,5,5,35Hz12kN/Bearing1_5/5.csv,test,32768,25600,1.28,1,47
XJTU-SY,1,35Hz12kN,2100,12.0,Bearing1_5,5,6,35Hz12kN/Bearing1_5/6.csv,test,32768,25600,1.28,1,46
XJTU-SY,1,35Hz12kN,2100,12.0,Bearing1_5,5,7,35Hz12kN/Bearing1_5/7.csv,test,32768,25600,1.28,1,45
XJTU-SY,1,35Hz12kN,2100,12.0,Bearing1_5,5,8,35Hz12kN/Bearing1_5/8.csv,test,32768,25600,1.28,1,44
XJTU-SY,1,35Hz12kN,2100,12.0,Bearing1_5,5,9,35Hz12kN/Bearing1_5/9.csv,test,32768,25600,1.28,1,43
XJTU-SY,1,35Hz12kN,2100,12.0,Bearing1_5,5,10,35Hz12kN/Bearing1_5/10.csv,test,32768,25600,1.28,1,42
XJTU-SY,1,35Hz12kN,2100,12.0,Bearing1_5,5,11,35Hz12kN/Bearing1_5/11.csv,test,32768,25600,1.28,1,41
XJTU-SY,1,35Hz12kN,2100,12.0,Bearing1_5,5,12,35Hz12kN/Bearing1_5/12.csv,test,32768,25600,1.28,1,40
XJTU-SY,1,35Hz12kN,2100,12.0,Bearing1_5,5,13,35Hz12kN/Bearing1_5/13.csv,test,32768,25600,1.28,1,39
XJTU-SY,1,35Hz12kN,2100,12.0,Bearing1_5,5,14,35Hz12kN/Bearing1_5/14.csv,test,32768,25600,1.28,1,38
XJTU-SY,1,35Hz12kN,2100,12.0,Bearing1_5,5,15,35Hz12kN/Bearing1_5/15.csv,test,32768,25600,1.28,1,37
XJTU-SY,1,35Hz12kN,2100,12.0,Bearing1_5,5,16,35Hz12kN/Bearing1_5/16.csv,test,32768,25600,1.28,1,36
XJTU-SY,1,35Hz12kN,2100,12.0,Bearing1_5,5,17,35Hz12kN/Bearing1_5/17.csv,test,32768,25600,1.28,1,35
XJTU-SY,1,35Hz12kN,2100,12.0,Bearing1_5,5,18,35Hz12kN/Bearing1_5/18.csv,test,32768,25600,1.28,1,34
XJTU-SY,1,35Hz12kN,2100,12.0,Bearing1_5,5,19,35Hz12kN/Bearing1_5/19.csv,test,32768,25600,1.28,1,33
XJTU-SY,1,35Hz12kN,2100,12.0,Bearing1_5,5,20,35Hz12kN/Bearing1_5/20.csv,test,32768,25600,1.28,1,32
XJTU-SY,1,35Hz12kN,2100,12.0,Bearing1_5,5,21,35Hz12kN/Bearing1_5/21.csv,test,32768,25600,1.28,1,31
XJTU-SY,1,35Hz12kN,2100,12.0,Bearing1_5,5,22,35Hz12kN/Bearing1_5/22.csv,test,32768,25600,1.28,1,30
XJTU-SY,1,35Hz12kN,2100,12.0,Bearing1_5,5,23,35Hz12kN/Bearing1_5/23.csv,test,32768,25600,1.28,1,29
XJTU-SY,1,35Hz12kN,2100,12.0,Bearing1_5,5,24,35Hz12kN/Bearing1_5/24.csv,test,32768,25600,1.28,1,28
XJTU-SY,1,35Hz12kN,2100,12.0,Bearing1_5,5,25,35Hz12kN/Bearing1_5/25.csv,test,32768,25600,1.28,1,27
XJTU-SY,1,35Hz12kN,2100,12.0,Bearing1_5,5,26,35Hz12kN/Bearing1_5/26.csv,test,32768,25600,1.28,1,26
XJTU-SY,1,35Hz12kN,2100,12.0,Bearing1_5,5,27,35Hz12kN/Bearing1_5/27.csv,test,32768,25600,1.28,1,25
XJTU-SY,1,35Hz12kN,2100,12.0,Bearing1_5,5,28,35Hz12kN/Bearing1_5/28.csv,test,32768,25600,1.28,1,24
XJTU-SY,1,35Hz12kN,2100,12.0,Bearing1_5,5,29,35Hz12kN/Bearing1_5/29.csv,test,32768,25600,1.28,1,23
XJTU-SY,1,35Hz12kN,2100,12.0,Bearing1_5,5,30,35Hz12kN/Bearing1_5/30.csv,test,32768,25600,1.28,1,22
XJTU-SY,1,35Hz12kN,2100,12.0,Bearing1_5,5,31,35Hz12kN/Bearing1_5/31.csv,test,32768,25600,1.28,1,21
XJTU-SY,1,35Hz12kN,2100,12.0,Bearing1_5,5,32,35Hz12kN/Bearing1_5/32.csv,test,32768,25600,1.28,1,20
XJTU-SY,1,35Hz12kN,2100,12.0,Bearing1_5,5,33,35Hz12kN/Bearing1_5/33.csv,test,32768,25600,1.28,1,19
XJTU-SY,1,35Hz12kN,2100,12.0,Bearing1_5,5,34,35Hz12kN/Bearing1_5/34.csv,test,32768,25600,1.28,1,18
XJTU-SY,1,35Hz12kN,2100,12.0,Bearing1_5,5,35,35Hz12kN/Bearing1_5/35.csv,test,32768,25600,1.28,1,17
XJTU-SY,1,35Hz12kN,2100,12.0,Bearing1_5,5,36,35Hz12kN/Bearing1_5/36.csv,test,32768,25600,1.28,1,16
XJTU-SY,1,35Hz12kN,2100,12.0,Bearing1_5,5,37,35Hz12kN/Bearing1_5/37.csv,test,32768,25600,1.28,1,15
XJTU-SY,1,35Hz12kN,2100,12.0,Bearing1_5,5,38,35Hz12kN/Bearing1_5/38.csv,test,32768,25600,1.28,1,14
XJTU-SY,1,35Hz12kN,2100,12.0,Bearing1_5,5,39,35Hz12kN/Bearing1_5/39.csv,test,32768,25600,1.28,1,13
XJTU-SY,1,35Hz12kN,2100,12.0,Bearing1_5,5,40,35Hz12kN/Bearing1_5/40.csv,test,32768,25600,1.28,1,12
XJTU-SY,1,35Hz12kN,2100,12.0,Bearing1_5,5,41,35Hz12kN/Bearing1_5/41.csv,test,32768,25600,1.28,1,11
XJTU-SY,1,35Hz12kN,2100,12.0,Bearing1_5,5,42,35Hz12kN/Bearing1_5/42.csv,test,32768,25600,1.28,1,10
XJTU-SY,1,35Hz12kN,2100,12.0,Bearing1_5,5,43,35Hz12kN/Bearing1_5/43.csv,test,32768,25600,1.28,1,9
XJTU-SY,1,35Hz12kN,2100,12.0,Bearing1_5,5,44,35Hz12kN/Bearing1_5/44.csv,test,32768,25600,1.28,1,8
XJTU-SY,1,35Hz12kN,2100,12.0,Bearing1_5,5,45,35Hz12kN/Bearing1_5/45.csv,test,32768,25600,1.28,1,7
XJTU-SY,1,35Hz12kN,2100,12.0,Bearing1_5,5,46,35Hz12kN/Bearing1_5/46.csv,test,32768,25600,1.28,1,6
XJTU-SY,1,35Hz12kN,2100,12.0,Bearing1_5,5,47,35Hz12kN/Bearing1_5/47.csv,test,32768,25600,1.28,1,5
XJTU-SY,1,35Hz12kN,2100,12.0,Bearing1_5,5,48,35Hz12kN/Bearing1_5/48.csv,test,32768,25600,1.28,1,4
XJTU-SY,1,35Hz12kN,2100,12.0,Bearing1_5,5,49,35Hz12kN/Bearing1_5/49.csv,test,32768,25600,1.28,1,3
XJTU-SY,1,35Hz12kN,2100,12.0,Bearing1_5,5,50,35Hz12kN/Bearing1_5/50.csv,test,32768,25600,1.28,1,2
XJTU-SY,1,35Hz12kN,2100,12.0,Bearing1_5,5,51,35Hz12kN/Bearing1_5/51.csv,test,32768,25600,1.28,1,1
XJTU-SY,1,35Hz12kN,2100,12.0,Bearing1_5,5,52,35Hz12kN/Bearing1_5/52.csv,test,32768,25600,1.28,1,0
XJTU-SY,2,37.5Hz11kN,2250,11.0,Bearing2_1,1,1,37.5Hz11kN/Bearing2_1/1.csv,train,32768,25600,1.28,1,490
XJTU-SY,2,37.5Hz11kN,2250,11.0,Bearing2_1,1,2,37.5Hz11kN/Bearing2_1/2.csv,train,32768,25600,1.28,1,489
XJTU-SY,2,37.5Hz11kN,2250,11.0,Bearing2_1,1,3,37.5Hz11kN/Bearing2_1/3.csv,train,32768,25600,1.28,1,488
XJTU-SY,2,37.5Hz11kN,2250,11.0,Bearing2_1,1,4,37.5Hz11kN/Bearing2_1/4.csv,train,32768,25600,1.28,1,487
XJTU-SY,2,37.5Hz11kN,2250,11.0,Bearing2_1,1,5,37.5Hz11kN/Bearing2_1/5.csv,train,32768,25600,1.28,1,486
XJTU-SY,2,37.5Hz11kN,2250,11.0,Bearing2_1,1,6,37.5Hz11kN/Bearing2_1/6.csv,train,32768,25600,1.28,1,485
XJTU-SY,2,37.5Hz11kN,2250,11.0,Bearing2_1,1,7,37.5Hz11kN/Bearing2_1/7.csv,train,32768,25600,1.28,1,484
XJTU-SY,2,37.5Hz11kN,2250,11.0,Bearing2_1,1,8,37.5Hz11kN/Bearing2_1/8.csv,train,32768,25600,1.28,1,483
XJTU-SY,2,37.5Hz11kN,2250,11.0,Bearing2_1,1,9,37.5Hz11kN/Bearing2_1/9.csv,train,32768,25600,1.28,1,482
XJTU-SY,2,37.5Hz11kN,2250,11.0,Bearing2_1,1,10,37.5Hz11kN/Bearing2_1/10.csv,train,32768,25600,1.28,1,481
XJTU-SY,2,37.5Hz11kN,2250,11.0,Bearing2_1,1,11,37.5Hz11kN/Bearing2_1/11.csv,train,32768,25600,1.28,1,480
XJTU-SY,2,37.5Hz11kN,2250,11.0,Bearing2_1,1,12,37.5Hz11kN/Bearing2_1/12.csv,train,32768,25600,1.28,1,479
XJTU-SY,2,37.5Hz11kN,2250,11.0,Bearing2_1,1,13,37.5Hz11kN/Bearing2_1/13.csv,train,32768,25600,1.28,1,478
XJTU-SY,2,37.5Hz11kN,2250,11.0,Bearing2_1,1,14,37.5Hz11kN/Bearing2_1/14.csv,train,32768,25600,1.28,1,477
XJTU-SY,2,37.5Hz11kN,2250,11.0,Bearing2_1,1,15,37.5Hz11kN/Bearing2_1/15.csv,train,32768,25600,1.28,1,476
XJTU-SY,2,37.5Hz11kN,2250,11.0,Bearing2_1,1,16,37.5Hz11kN/Bearing2_1/16.csv,train,32768,25600,1.28,1,475
XJTU-SY,2,37.5Hz11kN,2250,11.0,Bearing2_1,1,17,37.5Hz11kN/Bearing2_1/17.csv,train,32768,25600,1.28,1,474
XJTU-SY,2,37.5Hz11kN,2250,11.0,Bearing2_1,1,18,37.5Hz11kN/Bearing2_1/18.csv,train,32768,25600,1.28,1,473
XJTU-SY,2,37.5Hz11kN,2250,11.0,Bearing2_1,1,19,37.5Hz11kN/Bearing2_1/19.csv,train,32768,25600,1.28,1,472
XJTU-SY,2,37.5Hz11kN,2250,11.0,Bearing2_1,1,20,37.5Hz11kN/Bearing2_1/20.csv,train,32768,25600,1.28,1,471
XJTU-SY,2,37.5Hz11kN,2250,11.0,Bearing2_1,1,21,37.5Hz11kN/Bearing2_1/21.csv,train,32768,25600,1.28,1,470
XJTU-SY,2,37.5Hz11kN,2250,11.0,Bearing2_1,1,22,37.5Hz11kN/Bearing2_1/22.csv,train,32768,25600,1.28,1,469
XJTU-SY,2,37.5Hz11kN,2250,11.0,Bearing2_1,1,23,37.5Hz11kN/Bearing2_1/23.csv,train,32768,25600,1.28,1,468
XJTU-SY,2,37.5Hz11kN,2250,11.0,Bearing2_1,1,24,37.5Hz11kN/Bearing2_1/24.csv,train,32768,25600,1.28,1,467
XJTU-SY,2,37.5Hz11kN,2250,11.0,Bearing2_1,1,25,37.5Hz11kN/Bearing2_1/25.csv,train,32768,25600,1.28,1,466
XJTU-SY,2,37.5Hz11kN,2250,11.0,Bearing2_1,1,26,37.5Hz11kN/Bearing2_1/26.csv,train,32768,25600,1.28,1,465
XJTU-SY,2,37.5Hz11kN,2250,11.0,Bearing2_1,1,27,37.5Hz11kN/Bearing2_1/27.csv,train,32768,25600,1.28,1,464
XJTU-SY,2,37.5Hz11kN,2250,11.0,Bearing2_1,1,28,37.5Hz11kN/Bearing2_1/28.csv,train,32768,25600,1.28,1,463
XJTU-SY,2,37.5Hz11kN,2250,11.0,Bearing2_1,1,29,37.5Hz11kN/Bearing2_1/29.csv,train,32768,25600,1.28,1,462
XJTU-SY,2,37.5Hz11kN,2250,11.0,Bearing2_1,1,30,37.5Hz11kN/Bearing2_1/30.csv,train,32768,25600,1.28,1,461
XJTU-SY,2,37.5Hz11kN,2250,11.0,Bearing2_1,1,31,37.5Hz11kN/Bearing2_1/31.csv,train,32768,25600,1.28,1,460
XJTU-SY,2,37.5Hz11kN,2250,11.0,Bearing2_1,1,32,37.5Hz11kN/Bearing2_1/32.csv,train,32768,25600,1.28,1,459
XJTU-SY,2,37.5Hz11kN,2250,11.0,Bearing2_1,1,33,37.5Hz11kN/Bearing2_1/33.csv,train,32768,25600,1.28,1,458
XJTU-SY,2,37.5Hz11kN,2250,11.0,Bearing2_1,1,34,37.5Hz11kN/Bearing2_1/34.csv,train,32768,25600,1.28,1,457
XJTU-SY,2,37.5Hz11kN,2250,11.0,Bearing2_1,1,35,37.5Hz11kN/Bearing2_1/35.csv,train,32768,25600,1.28,1,456
XJTU-SY,2,37.5Hz11kN,2250,11.0,Bearing2_1,1,36,37.5Hz11kN/Bearing2_1/36.csv,train,32768,25600,1.28,1,455
XJTU-SY,2,37.5Hz11kN,2250,11.0,Bearing2_1,1,37,37.5Hz11kN/Bearing2_1/37.csv,train,32768,25600,1.28,1,454
XJTU-SY,2,37.5Hz11kN,2250,11.0,Bearing2_1,1,38,37.5Hz11kN/Bearing2_1/38.csv,train,32768,25600,1.28,1,453
XJTU-SY,2,37.5Hz11kN,2250,11.0,Bearing2_1,1,39,37.5Hz11kN/Bearing2_1/39.csv,train,32768,25600,1.28,1,452
XJTU-SY,2,37.5Hz11kN,2250,11.0,Bearing2_1,1,40,37.5Hz11kN/Bearing2_1/40.csv,train,32768,25600,1.28,1,451
XJTU-SY,2,37.5Hz11kN,2250,11.0,Bearing2_1,1,41,37.5Hz11kN/Bearing2_1/41.csv,train,32768,25600,1.28,1,450
XJTU-SY,2,37.5Hz11kN,2250,11.0,Bearing2_1,1,42,37.5Hz11kN/Bearing2_1/42.csv,train,32768,25600,1.28,1,449
XJTU-SY,2,37.5Hz11kN,2250,11.0,Bearing2_1,1,43,37.5Hz11kN/Bearing2_1/43.csv,train,32768,25600,1.28,1,448
XJTU-SY,2,37.5Hz11kN,2250,11.0,Bearing2_1,1,44,37.5Hz11kN/Bearing2_1/44.csv,train,32768,25600,1.28,1,447
XJTU-SY,2,37.5Hz11kN,2250,11.0,Bearing2_1,1,45,37.5Hz11kN/Bearing2_1/45.csv,train,32768,25600,1.28,1,446
XJTU-SY,2,37.5Hz11kN,2250,11.0,Bearing2_1,1,46,37.5Hz11kN/Bearing2_1/46.csv,train,32768,25600,1.28,1,445
XJTU-SY,2,37.5Hz11kN,2250,11.0,Bearing2_1,1,47,37.5Hz11kN/Bearing2_1/47.csv,train,32768,25600,1.28,1,444
XJTU-SY,2,37.5Hz11kN,2250,11.0,Bearing2_1,1,48,37.5Hz11kN/Bearing2_1/48.csv,train,32768,25600,1.28,1,443
XJTU-SY,2,37.5Hz11kN,2250,11.0,Bearing2_1,1,49,37.5Hz11kN/Bearing2_1/49.csv,train,32768,25600,1.28,1,442
XJTU-SY,2,37.5Hz11kN,2250,11.0,Bearing2_1,1,50,37.5Hz11kN/Bearing2_1/50.csv,train,32768,25600,1.28,1,441
XJTU-SY,2,37.5Hz11kN,2250,11.0,Bearing2_1,1,51,37.5Hz11kN/Bearing2_1/51.csv,train,32768,25600,1.28,1,440
XJTU-SY,2,37.5Hz11kN,2250,11.0,Bearing2_1,1,52,37.5Hz11kN/Bearing2_1/52.csv,train,32768,25600,1.28,1,439
XJTU-SY,2,37.5Hz11kN,2250,11.0,Bearing2_1,1,53,37.5Hz11kN/Bearing2_1/53.csv,train,32768,25600,1.28,1,438
XJTU-SY,2,37.5Hz11kN,2250,11.0,Bearing2_1,1,54,37.5Hz11kN/Bearing2_1/54.csv,train,32768,25600,1.28,1,437
XJTU-SY,2,37.5Hz11kN,2250,11.0,Bearing2_1,1,55,37.5Hz11kN/Bearing2_1/55.csv,train,32768,25600,1.28,1,436
XJTU-SY,2,37.5Hz11kN,2250,11.0,Bearing2_1,1,56,37.5Hz11kN/Bearing2_1/56.csv,train,32768,25600,1.28,1,435
XJTU-SY,2,37.5Hz11kN,2250,11.0,Bearing2_1,1,57,37.5Hz11kN/Bearing2_1/57.csv,train,32768,25600,1.28,1,434
XJTU-SY,2,37.5Hz11kN,2250,11.0,Bearing2_1,1,58,37.5Hz11kN/Bearing2_1/58.csv,train,32768,25600,1.28,1,433
XJTU-SY,2,37.5Hz11kN,2250,11.0,Bearing2_1,1,59,37.5Hz11kN/Bearing2_1/59.csv,train,32768,25600,1.28,1,432
XJTU-SY,2,37.5Hz11kN,2250,11.0,Bearing2_1,1,60,37.5Hz11kN/Bearing2_1/60.csv,train,32768,25600,1.28,1,431
XJTU-SY,2,37.5Hz11kN,2250,11.0,Bearing2_1,1,61,37.5Hz11kN/Bearing2_1/61.csv,train,32768,25600,1.28,1,430
XJTU-SY,2,37.5Hz11kN,2250,11.0,Bearing2_1,1,62,37.5Hz11kN/Bearing2_1/62.csv,train,32768,25600,1.28,1,429
XJTU-SY,2,37.5Hz11kN,2250,11.0,Bearing2_1,1,63,37.5Hz11kN/Bearing2_1/63.csv,train,32768,25600,1.28,1,428
XJTU-SY,2,37.5Hz11kN,2250,11.0,Bearing2_1,1,64,37.5Hz11kN/Bearing2_1/64.csv,train,32768,25600,1.28,1,427
XJTU-SY,2,37.5Hz11kN,2250,11.0,Bearing2_1,1,65,37.5Hz11kN/Bearing2_1/65.csv,train,32768,25600,1.28,1,426
XJTU-SY,2,37.5Hz11kN,2250,11.0,Bearing2_1,1,66,37.5Hz11kN/Bearing2_1/66.csv,train,32768,25600,1.28,1,425
XJTU-SY,2,37.5Hz11kN,2250,11.0,Bearing2_1,1,67,37.5Hz11kN/Bearing2_1/67.csv,train,32768,25600,1.28,1,424
XJTU-SY,2,37.5Hz11kN,2250,11.0,Bearing2_1,1,68,37.5Hz11kN/Bearing2_1/68.csv,train,32768,25600,1.28,1,423
XJTU-SY,2,37.5Hz11kN,2250,11.0,Bearing2_1,1,69,37.5Hz11kN/Bearing2_1/69.csv,train,32768,25600,1.28,1,422
XJTU-SY,2,37.5Hz11kN,2250,11.0,Bearing2_1,1,70,37.5Hz11kN/Bearing2_1/70.csv,train,32768,25600,1.28,1,421
XJTU-SY,2,37.5Hz11kN,2250,11.0,Bearing2_1,1,71,37.5Hz11kN/Bearing2_1/71.csv,train,32768,25600,1.28,1,420
XJTU-SY,2,37.5Hz11kN,2250,11.0,Bearing2_1,1,72,37.5Hz11kN/Bearing2_1/72.csv,train,32768,25600,1.28,1,419
XJTU-SY,2,37.5Hz11kN,2250,11.0,Bearing2_1,1,73,37.5Hz11kN/Bearing2_1/73.csv,train,32768,25600,1.28,1,418
XJTU-SY,2,37.5Hz11kN,2250,11.0,Bearing2_1,1,74,37.5Hz11kN/Bearing2_1/74.csv,train,32768,25600,1.28,1,417
XJTU-SY,2,37.5Hz11kN,2250,11.0,Bearing2_1,1,75,37.5Hz11kN/Bearing2_1/75.csv,train,32768,25600,1.28,1,416
XJTU-SY,2,37.5Hz11kN,2250,11.0,Bearing2_1,1,76,37.5Hz11kN/Bearing2_1/76.csv,train,32768,25600,1.28,1,415
XJTU-SY,2,37.5Hz11kN,2250,11.0,Bearing2_1,1,77,37.5Hz11kN/Bearing2_1/77.csv,train,32768,25600,1.28,1,414
XJTU-SY,2,37.5Hz11kN,2250,11.0,Bearing2_1,1,78,37.5Hz11kN/Bearing2_1/78.csv,train,32768,25600,1.28,1,413
XJTU-SY,2,37.5Hz11kN,2250,11.0,Bearing2_1,1,79,37.5Hz11kN/Bearing2_1/79.csv,train,32768,25600,1.28,1,412
XJTU-SY,2,37.5Hz11kN,2250,11.0,Bearing2_1,1,80,37.5Hz11kN/Bearing2_1/80.csv,train,32768,25600,1.28,1,411
XJTU-SY,2,37.5Hz11kN,2250,11.0,Bearing2_1,1,81,37.5Hz11kN/Bearing2_1/81.csv,train,32768,25600,1.28,1,410
XJTU-SY,2,37.5Hz11kN,2250,11.0,Bearing2_1,1,82,37.5Hz11kN/Bearing2_1/82.csv,train,32768,25600,1.28,1,409
XJTU-SY,2,37.5Hz11kN,2250,11.0,Bearing2_1,1,83,37.5Hz11kN/Bearing2_1/83.csv,train,32768,25600,1.28,1,408
XJTU-SY,2,37.5Hz11kN,2250,11.0,Bearing2_1,1,84,37.5Hz11kN/Bearing2_1/84.csv,train,32768,25600,1.28,1,407
XJTU-SY,2,37.5Hz11kN,2250,11.0,Bearing2_1,1,85,37.5Hz11kN/Bearing2_1/85.csv,train,32768,25600,1.28,1,406
XJTU-SY,2,37.5Hz11kN,2250,11.0,Bearing2_1,1,86,37.5Hz11kN/Bearing2_1/86.csv,train,32768,25600,1.28,1,405
XJTU-SY,2,37.5Hz11kN,2250,11.0,Bearing2_1,1,87,37.5Hz11kN/Bearing2_1/87.csv,train,32768,25600,1.28,1,404
XJTU-SY,2,37.5Hz11kN,2250,11.0,Bearing2_1,1,88,37.5Hz11kN/Bearing2_1/88.csv,train,32768,25600,1.28,1,403
XJTU-SY,2,37.5Hz11kN,2250,11.0,Bearing2_1,1,89,37.5Hz11kN/Bearing2_1/89.csv,train,32768,25600,1.28,1,402
XJTU-SY,2,37.5Hz11kN,2250,11.0,Bearing2_1,1,90,37.5Hz11kN/Bearing2_1/90.csv,train,32768,25600,1.28,1,401
XJTU-SY,2,37.5Hz11kN,2250,11.0,Bearing2_1,1,91,37.5Hz11kN/Bearing2_1/91.csv,train,32768,25600,1.28,1,400
XJTU-SY,2,37.5Hz11kN,2250,11.0,Bearing2_1,1,92,37.5Hz11kN/Bearing2_1/92.csv,train,32768,25600,1.28,1,399
XJTU-SY,2,37.5Hz11kN,2250,11.0,Bearing2_1,1,93,37.5Hz11kN/Bearing2_1/93.csv,train,32768,25600,1.28,1,398
XJTU-SY,2,37.5Hz11kN,2250,11.0,Bearing2_1,1,94,37.5Hz11kN/Bearing2_1/94.csv,train,32768,25600,1.28,1,397
XJTU-SY,2,37.5Hz11kN,2250,11.0,Bearing2_1,1,95,37.5Hz11kN/Bearing2_1/95.csv,train,32768,25600,1.28,1,396
XJTU-SY,2,37.5Hz11kN,2250,11.0,Bearing2_1,1,96,37.5Hz11kN/Bearing2_1/96.csv,train,32768,25600,1.28,1,395
XJTU-SY,2,37.5Hz11kN,2250,11.0,Bearing2_1,1,97,37.5Hz11kN/Bearing2_1/97.csv,train,32768,25600,1.28,1,394
XJTU-SY,2,37.5Hz11kN,2250,11.0,Bearing2_1,1,98,37.5Hz11kN/Bearing2_1/98.csv,train,32768,25600,1.28,1,393
XJTU-SY,2,37.5Hz11kN,2250,11.0,Bearing2_1,1,99,37.5Hz11kN/Bearing2_1/99.csv,train,32768,25600,1.28,1,392
XJTU-SY,2,37.5Hz11kN,2250,11.0,Bearing2_1,1,100,37.5Hz11kN/Bearing2_1/100.csv,train,32768,25600,1.28,1,391
XJTU-SY,2,37.5Hz11kN,2250,11.0,Bearing2_1,1,101,37.5Hz11kN/Bearing2_1/101.csv,train,32768,25600,1.28,1,390
XJTU-SY,2,37.5Hz11kN,2250,11.0,Bearing2_1,1,102,37.5Hz11kN/Bearing2_1/102.csv,train,32768,25600,1.28,1,389
XJTU-SY,2,37.5Hz11kN,2250,11.0,Bearing2_1,1,103,37.5Hz11kN/Bearing2_1/103.csv,train,32768,25600,1.28,1,388
XJTU-SY,2,37.5Hz11kN,2250,11.0,Bearing2_1,1,104,37.5Hz11kN/Bearing2_1/104.csv,train,32768,25600,1.28,1,387
XJTU-SY,2,37.5Hz11kN,2250,11.0,Bearing2_1,1,105,37.5Hz11kN/Bearing2_1/105.csv,train,32768,25600,1.28,1,386
XJTU-SY,2,37.5Hz11kN,2250,11.0,Bearing2_1,1,106,37.5Hz11kN/Bearing2_1/106.csv,train,32768,25600,1.28,1,385
XJTU-SY,2,37.5Hz11kN,2250,11.0,Bearing2_1,1,107,37.5Hz11kN/Bearing2_1/107.csv,train,32768,25600,1.28,1,384
XJTU-SY,2,37.5Hz11kN,2250,11.0,Bearing2_1,1,108,37.5Hz11kN/Bearing2_1/108.csv,train,32768,25600,1.28,1,383
XJTU-SY,2,37.5Hz11kN,2250,11.0,Bearing2_1,1,109,37.5Hz11kN/Bearing2_1/109.csv,train,32768,25600,1.28,1,382
XJTU-SY,2,37.5Hz11kN,2250,11.0,Bearing2_1,1,110,37.5Hz11kN/Bearing2_1/110.csv,train,32768,25600,1.28,1,381
XJTU-SY,2,37.5Hz11kN,2250,11.0,Bearing2_1,1,111,37.5Hz11kN/Bearing2_1/111.csv,train,32768,25600,1.28,1,380
XJTU-SY,2,37.5Hz11kN,2250,11.0,Bearing2_1,1,112,37.5Hz11kN/Bearing2_1/112.csv,train,32768,25600,1.28,1,379
XJTU-SY,2,37.5Hz11kN,2250,11.0,Bearing2_1,1,113,37.5Hz11kN/Bearing2_1/113.csv,train,32768,25600,1.28,1,378
XJTU-SY,2,37.5Hz11kN,2250,11.0,Bearing2_1,1,114,37.5Hz11kN/Bearing2_1/114.csv,train,32768,25600,1.28,1,377
XJTU-SY,2,37.5Hz11kN,2250,11.0,Bearing2_1,1,115,37.5Hz11kN/Bearing2_1/115.csv,train,32768,25600,1.28,1,376
XJTU-SY,2,37.5Hz11kN,2250,11.0,Bearing2_1,1,116,37.5Hz11kN/Bearing2_1/116.csv,train,32768,25600,1.28,1,375
XJTU-SY,2,37.5Hz11kN,2250,11.0,Bearing2_1,1,117,37.5Hz11kN/Bearing2_1/117.csv,train,32768,25600,1.28,1,374
XJTU-SY,2,37.5Hz11kN,2250,11.0,Bearing2_1,1,118,37.5Hz11kN/Bearing2_1/118.csv,train,32768,25600,1.28,1,373
XJTU-SY,2,37.5Hz11kN,2250,11.0,Bearing2_1,1,119,37.5Hz11kN/Bearing2_1/119.csv,train,32768,25600,1.28,1,372
XJTU-SY,2,37.5Hz11kN,2250,11.0,Bearing2_1,1,120,37.5Hz11kN/Bearing2_1/120.csv,train,32768,25600,1.28,1,371
XJTU-SY,2,37.5Hz11kN,2250,11.0,Bearing2_1,1,121,37.5Hz11kN/Bearing2_1/121.csv,train,32768,25600,1.28,1,370
XJTU-SY,2,37.5Hz11kN,2250,11.0,Bearing2_1,1,122,37.5Hz11kN/Bearing2_1/122.csv,train,32768,25600,1.28,1,369
XJTU-SY,2,37.5Hz11kN,2250,11.0,Bearing2_1,1,123,37.5Hz11kN/Bearing2_1/123.csv,train,32768,25600,1.28,1,368
XJTU-SY,2,37.5Hz11kN,2250,11.0,Bearing2_1,1,124,37.5Hz11kN/Bearing2_1/124.csv,train,32768,25600,1.28,1,367
XJTU-SY,2,37.5Hz11kN,2250,11.0,Bearing2_1,1,125,37.5Hz11kN/Bearing2_1/125.csv,train,32768,25600,1.28,1,366
XJTU-SY,2,37.5Hz11kN,2250,11.0,Bearing2_1,1,126,37.5Hz11kN/Bearing2_1/126.csv,train,32768,25600,1.28,1,365
XJTU-SY,2,37.5Hz11kN,2250,11.0,Bearing2_1,1,127,37.5Hz11kN/Bearing2_1/127.csv,train,32768,25600,1.28,1,364
XJTU-SY,2,37.5Hz11kN,2250,11.0,Bearing2_1,1,128,37.5Hz11kN/Bearing2_1/128.csv,train,32768,25600,1.28,1,363
XJTU-SY,2,37.5Hz11kN,2250,11.0,Bearing2_1,1,129,37.5Hz11kN/Bearing2_1/129.csv,train,32768,25600,1.28,1,362
XJTU-SY,2,37.5Hz11kN,2250,11.0,Bearing2_1,1,130,37.5Hz11kN/Bearing2_1/130.csv,train,32768,25600,1.28,1,361
XJTU-SY,2,37.5Hz11kN,2250,11.0,Bearing2_1,1,131,37.5Hz11kN/Bearing2_1/131.csv,train,32768,25600,1.28,1,360
XJTU-SY,2,37.5Hz11kN,2250,11.0,Bearing2_1,1,132,37.5Hz11kN/Bearing2_1/132.csv,train,32768,25600,1.28,1,359
XJTU-SY,2,37.5Hz11kN,2250,11.0,Bearing2_1,1,133,37.5Hz11kN/Bearing2_1/133.csv,train,32768,25600,1.28,1,358
XJTU-SY,2,37.5Hz11kN,2250,11.0,Bearing2_1,1,134,37.5Hz11kN/Bearing2_1/134.csv,train,32768,25600,1.28,1,357
XJTU-SY,2,37.5Hz11kN,2250,11.0,Bearing2_1,1,135,37.5Hz11kN/Bearing2_1/135.csv,train,32768,25600,1.28,1,356
XJTU-SY,2,37.5Hz11kN,2250,11.0,Bearing2_1,1,136,37.5Hz11kN/Bearing2_1/136.csv,train,32768,25600,1.28,1,355
XJTU-SY,2,37.5Hz11kN,2250,11.0,Bearing2_1,1,137,37.5Hz11kN/Bearing2_1/137.csv,train,32768,25600,1.28,1,354
XJTU-SY,2,37.5Hz11kN,2250,11.0,Bearing2_1,1,138,37.5Hz11kN/Bearing2_1/138.csv,train,32768,25600,1.28,1,353
XJTU-SY,2,37.5Hz11kN,2250,11.0,Bearing2_1,1,139,37.5Hz11kN/Bearing2_1/139.csv,train,32768,25600,1.28,1,352
XJTU-SY,2,37.5Hz11kN,2250,11.0,Bearing2_1,1,140,37.5Hz11kN/Bearing2_1/140.csv,train,32768,25600,1.28,1,351
XJTU-SY,2,37.5Hz11kN,2250,11.0,Bearing2_1,1,141,37.5Hz11kN/Bearing2_1/141.csv,train,32768,25600,1.28,1,350
XJTU-SY,2,37.5Hz11kN,2250,11.0,Bearing2_1,1,142,37.5Hz11kN/Bearing2_1/142.csv,train,32768,25600,1.28,1,349
XJTU-SY,2,37.5Hz11kN,2250,11.0,Bearing2_1,1,143,37.5Hz11kN/Bearing2_1/143.csv,train,32768,25600,1.28,1,348
XJTU-SY,2,37.5Hz11kN,2250,11.0,Bearing2_1,1,144,37.5Hz11kN/Bearing2_1/144.csv,train,32768,25600,1.28,1,347
XJTU-SY,2,37.5Hz11kN,2250,11.0,Bearing2_1,1,145,37.5Hz11kN/Bearing2_1/145.csv,train,32768,25600,1.28,1,346
XJTU-SY,2,37.5Hz11kN,2250,11.0,Bearing2_1,1,146,37.5Hz11kN/Bearing2_1/146.csv,train,32768,25600,1.28,1,345
XJTU-SY,2,37.5Hz11kN,2250,11.0,Bearing2_1,1,147,37.5Hz11kN/Bearing2_1/147.csv,train,32768,25600,1.28,1,344
XJTU-SY,2,37.5Hz11kN,2250,11.0,Bearing2_1,1,148,37.5Hz11kN/Bearing2_1/148.csv,train,32768,25600,1.28,1,343
XJTU-SY,2,37.5Hz11kN,2250,11.0,Bearing2_1,1,149,37.5Hz11kN/Bearing2_1/149.csv,train,32768,25600,1.28,1,342
XJTU-SY,2,37.5Hz11kN,2250,11.0,Bearing2_1,1,150,37.5Hz11kN/Bearing2_1/150.csv,train,32768,25600,1.28,1,341
XJTU-SY,2,37.5Hz11kN,2250,11.0,Bearing2_1,1,151,37.5Hz11kN/Bearing2_1/151.csv,train,32768,25600,1.28,1,340
XJTU-SY,2,37.5Hz11kN,2250,11.0,Bearing2_1,1,152,37.5Hz11kN/Bearing2_1/152.csv,train,32768,25600,1.28,1,339
XJTU-SY,2,37.5Hz11kN,2250,11.0,Bearing2_1,1,153,37.5Hz11kN/Bearing2_1/153.csv,train,32768,25600,1.28,1,338
XJTU-SY,2,37.5Hz11kN,2250,11.0,Bearing2_1,1,154,37.5Hz11kN/Bearing2_1/154.csv,train,32768,25600,1.28,1,337
XJTU-SY,2,37.5Hz11kN,2250,11.0,Bearing2_1,1,155,37.5Hz11kN/Bearing2_1/155.csv,train,32768,25600,1.28,1,336
XJTU-SY,2,37.5Hz11kN,2250,11.0,Bearing2_1,1,156,37.5Hz11kN/Bearing2_1/156.csv,train,32768,25600,1.28,1,335
XJTU-SY,2,37.5Hz11kN,2250,11.0,Bearing2_1,1,157,37.5Hz11kN/Bearing2_1/157.csv,train,32768,25600,1.28,1,334
XJTU-SY,2,37.5Hz11kN,2250,11.0,Bearing2_1,1,158,37.5Hz11kN/Bearing2_1/158.csv,train,32768,25600,1.28,1,333
XJTU-SY,2,37.5Hz11kN,2250,11.0,Bearing2_1,1,159,37.5Hz11kN/Bearing2_1/159.csv,train,32768,25600,1.28,1,332
XJTU-SY,2,37.5Hz11kN,2250,11.0,Bearing2_1,1,160,37.5Hz11kN/Bearing2_1/160.csv,train,32768,25600,1.28,1,331
XJTU-SY,2,37.5Hz11kN,2250,11.0,Bearing2_1,1,161,37.5Hz11kN/Bearing2_1/161.csv,train,32768,25600,1.28,1,330
XJTU-SY,2,37.5Hz11kN,2250,11.0,Bearing2_1,1,162,37.5Hz11kN/Bearing2_1/162.csv,train,32768,25600,1.28,1,329
XJTU-SY,2,37.5Hz11kN,2250,11.0,Bearing2_1,1,163,37.5Hz11kN/Bearing2_1/163.csv,train,32768,25600,1.28,1,328
XJTU-SY,2,37.5Hz11kN,2250,11.0,Bearing2_1,1,164,37.5Hz11kN/Bearing2_1/164.csv,train,32768,25600,1.28,1,327
XJTU-SY,2,37.5Hz11kN,2250,11.0,Bearing2_1,1,165,37.5Hz11kN/Bearing2_1/165.csv,train,32768,25600,1.28,1,326
XJTU-SY,2,37.5Hz11kN,2250,11.0,Bearing2_1,1,166,37.5Hz11kN/Bearing2_1/166.csv,train,32768,25600,1.28,1,325
XJTU-SY,2,37.5Hz11kN,2250,11.0,Bearing2_1,1,167,37.5Hz11kN/Bearing2_1/167.csv,train,32768,25600,1.28,1,324
XJTU-SY,2,37.5Hz11kN,2250,11.0,Bearing2_1,1,168,37.5Hz11kN/Bearing2_1/168.csv,train,32768,25600,1.28,1,323
XJTU-SY,2,37.5Hz11kN,2250,11.0,Bearing2_1,1,169,37.5Hz11kN/Bearing2_1/169.csv,train,32768,25600,1.28,1,322
XJTU-SY,2,37.5Hz11kN,2250,11.0,Bearing2_1,1,170,37.5Hz11kN/Bearing2_1/170.csv,train,32768,25600,1.28,1,321
XJTU-SY,2,37.5Hz11kN,2250,11.0,Bearing2_1,1,171,37.5Hz11kN/Bearing2_1/171.csv,train,32768,25600,1.28,1,320
XJTU-SY,2,37.5Hz11kN,2250,11.0,Bearing2_1,1,172,37.5Hz11kN/Bearing2_1/172.csv,train,32768,25600,1.28,1,319
XJTU-SY,2,37.5Hz11kN,2250,11.0,Bearing2_1,1,173,37.5Hz11kN/Bearing2_1/173.csv,train,32768,25600,1.28,1,318
XJTU-SY,2,37.5Hz11kN,2250,11.0,Bearing2_1,1,174,37.5Hz11kN/Bearing2_1/174.csv,train,32768,25600,1.28,1,317
XJTU-SY,2,37.5Hz11kN,2250,11.0,Bearing2_1,1,175,37.5Hz11kN/Bearing2_1/175.csv,train,32768,25600,1.28,1,316
XJTU-SY,2,37.5Hz11kN,2250,11.0,Bearing2_1,1,176,37.5Hz11kN/Bearing2_1/176.csv,train,32768,25600,1.28,1,315
XJTU-SY,2,37.5Hz11kN,2250,11.0,Bearing2_1,1,177,37.5Hz11kN/Bearing2_1/177.csv,train,32768,25600,1.28,1,314
XJTU-SY,2,37.5Hz11kN,2250,11.0,Bearing2_1,1,178,37.5Hz11kN/Bearing2_1/178.csv,train,32768,25600,1.28,1,313
XJTU-SY,2,37.5Hz11kN,2250,11.0,Bearing2_1,1,179,37.5Hz11kN/Bearing2_1/179.csv,train,32768,25600,1.28,1,312
XJTU-SY,2,37.5Hz11kN,2250,11.0,Bearing2_1,1,180,37.5Hz11kN/Bearing2_1/180.csv,train,32768,25600,1.28,1,311
XJTU-SY,2,37.5Hz11kN,2250,11.0,Bearing2_1,1,181,37.5Hz11kN/Bearing2_1/181.csv,train,32768,25600,1.28,1,310
XJTU-SY,2,37.5Hz11kN,2250,11.0,Bearing2_1,1,182,37.5Hz11kN/Bearing2_1/182.csv,train,32768,25600,1.28,1,309
XJTU-SY,2,37.5Hz11kN,2250,11.0,Bearing2_1,1,183,37.5Hz11kN/Bearing2_1/183.csv,train,32768,25600,1.28,1,308
XJTU-SY,2,37.5Hz11kN,2250,11.0,Bearing2_1,1,184,37.5Hz11kN/Bearing2_1/184.csv,train,32768,25600,1.28,1,307
XJTU-SY,2,37.5Hz11kN,2250,11.0,Bearing2_1,1,185,37.5Hz11kN/Bearing2_1/185.csv,train,32768,25600,1.28,1,306
XJTU-SY,2,37.5Hz11kN,2250,11.0,Bearing2_1,1,186,37.5Hz11kN/Bearing2_1/186.csv,train,32768,25600,1.28,1,305
XJTU-SY,2,37.5Hz11kN,2250,11.0,Bearing2_1,1,187,37.5Hz11kN/Bearing2_1/187.csv,train,32768,25600,1.28,1,304
XJTU-SY,2,37.5Hz11kN,2250,11.0,Bearing2_1,1,188,37.5Hz11kN/Bearing2_1/188.csv,train,32768,25600,1.28,1,303
XJTU-SY,2,37.5Hz11kN,2250,11.0,Bearing2_1,1,189,37.5Hz11kN/Bearing2_1/189.csv,train,32768,25600,1.28,1,302
XJTU-SY,2,37.5Hz11kN,2250,11.0,Bearing2_1,1,190,37.5Hz11kN/Bearing2_1/190.csv,train,32768,25600,1.28,1,301
XJTU-SY,2,37.5Hz11kN,2250,11.0,Bearing2_1,1,191,37.5Hz11kN/Bearing2_1/191.csv,train,32768,25600,1.28,1,300
XJTU-SY,2,37.5Hz11kN,2250,11.0,Bearing2_1,1,192,37.5Hz11kN/Bearing2_1/192.csv,train,32768,25600,1.28,1,299
XJTU-SY,2,37.5Hz11kN,2250,11.0,Bearing2_1,1,193,37.5Hz11kN/Bearing2_1/193.csv,train,32768,25600,1.28,1,298
XJTU-SY,2,37.5Hz11kN,2250,11.0,Bearing2_1,1,194,37.5Hz11kN/Bearing2_1/194.csv,train,32768,25600,1.28,1,297
XJTU-SY,2,37.5Hz11kN,2250,11.0,Bearing2_1,1,195,37.5Hz11kN/Bearing2_1/195.csv,train,32768,25600,1.28,1,296
XJTU-SY,2,37.5Hz11kN,2250,11.0,Bearing2_1,1,196,37.5Hz11kN/Bearing2_1/196.csv,train,32768,25600,1.28,1,295
XJTU-SY,2,37.5Hz11kN,2250,11.0,Bearing2_1,1,197,37.5Hz11kN/Bearing2_1/197.csv,train,32768,25600,1.28,1,294
XJTU-SY,2,37.5Hz11kN,2250,11.0,Bearing2_1,1,198,37.5Hz11kN/Bearing2_1/198.csv,train,32768,25600,1.28,1,293
XJTU-SY,2,37.5Hz11kN,2250,11.0,Bearing2_1,1,199,37.5Hz11kN/Bearing2_1/199.csv,train,32768,25600,1.28,1,292
XJTU-SY,2,37.5Hz11kN,2250,11.0,Bearing2_1,1,200,37.5Hz11kN/Bearing2_1/200.csv,train,32768,25600,1.28,1,291
XJTU-SY,2,37.5Hz11kN,2250,11.0,Bearing2_1,1,201,37.5Hz11kN/Bearing2_1/201.csv,train,32768,25600,1.28,1,290
XJTU-SY,2,37.5Hz11kN,2250,11.0,Bearing2_1,1,202,37.5Hz11kN/Bearing2_1/202.csv,train,32768,25600,1.28,1,289
XJTU-SY,2,37.5Hz11kN,2250,11.0,Bearing2_1,1,203,37.5Hz11kN/Bearing2_1/203.csv,train,32768,25600,1.28,1,288
XJTU-SY,2,37.5Hz11kN,2250,11.0,Bearing2_1,1,204,37.5Hz11kN/Bearing2_1/204.csv,train,32768,25600,1.28,1,287
XJTU-SY,2,37.5Hz11kN,2250,11.0,Bearing2_1,1,205,37.5Hz11kN/Bearing2_1/205.csv,train,32768,25600,1.28,1,286
XJTU-SY,2,37.5Hz11kN,2250,11.0,Bearing2_1,1,206,37.5Hz11kN/Bearing2_1/206.csv,train,32768,25600,1.28,1,285
XJTU-SY,2,37.5Hz11kN,2250,11.0,Bearing2_1,1,207,37.5Hz11kN/Bearing2_1/207.csv,train,32768,25600,1.28,1,284
XJTU-SY,2,37.5Hz11kN,2250,11.0,Bearing2_1,1,208,37.5Hz11kN/Bearing2_1/208.csv,train,32768,25600,1.28,1,283
XJTU-SY,2,37.5Hz11kN,2250,11.0,Bearing2_1,1,209,37.5Hz11kN/Bearing2_1/209.csv,train,32768,25600,1.28,1,282
XJTU-SY,2,37.5Hz11kN,2250,11.0,Bearing2_1,1,210,37.5Hz11kN/Bearing2_1/210.csv,train,32768,25600,1.28,1,281
XJTU-SY,2,37.5Hz11kN,2250,11.0,Bearing2_1,1,211,37.5Hz11kN/Bearing2_1/211.csv,train,32768,25600,1.28,1,280
XJTU-SY,2,37.5Hz11kN,2250,11.0,Bearing2_1,1,212,37.5Hz11kN/Bearing2_1/212.csv,train,32768,25600,1.28,1,279
XJTU-SY,2,37.5Hz11kN,2250,11.0,Bearing2_1,1,213,37.5Hz11kN/Bearing2_1/213.csv,train,32768,25600,1.28,1,278
XJTU-SY,2,37.5Hz11kN,2250,11.0,Bearing2_1,1,214,37.5Hz11kN/Bearing2_1/214.csv,train,32768,25600,1.28,1,277
XJTU-SY,2,37.5Hz11kN,2250,11.0,Bearing2_1,1,215,37.5Hz11kN/Bearing2_1/215.csv,train,32768,25600,1.28,1,276
XJTU-SY,2,37.5Hz11kN,2250,11.0,Bearing2_1,1,216,37.5Hz11kN/Bearing2_1/216.csv,train,32768,25600,1.28,1,275
XJTU-SY,2,37.5Hz11kN,2250,11.0,Bearing2_1,1,217,37.5Hz11kN/Bearing2_1/217.csv,train,32768,25600,1.28,1,274
XJTU-SY,2,37.5Hz11kN,2250,11.0,Bearing2_1,1,218,37.5Hz11kN/Bearing2_1/218.csv,train,32768,25600,1.28,1,273
XJTU-SY,2,37.5Hz11kN,2250,11.0,Bearing2_1,1,219,37.5Hz11kN/Bearing2_1/219.csv,train,32768,25600,1.28,1,272
XJTU-SY,2,37.5Hz11kN,2250,11.0,Bearing2_1,1,220,37.5Hz11kN/Bearing2_1/220.csv,train,32768,25600,1.28,1,271
XJTU-SY,2,37.5Hz11kN,2250,11.0,Bearing2_1,1,221,37.5Hz11kN/Bearing2_1/221.csv,train,32768,25600,1.28,1,270
XJTU-SY,2,37.5Hz11kN,2250,11.0,Bearing2_1,1,222,37.5Hz11kN/Bearing2_1/222.csv,train,32768,25600,1.28,1,269
XJTU-SY,2,37.5Hz11kN,2250,11.0,Bearing2_1,1,223,37.5Hz11kN/Bearing2_1/223.csv,train,32768,25600,1.28,1,268
XJTU-SY,2,37.5Hz11kN,2250,11.0,Bearing2_1,1,224,37.5Hz11kN/Bearing2_1/224.csv,train,32768,25600,1.28,1,267
XJTU-SY,2,37.5Hz11kN,2250,11.0,Bearing2_1,1,225,37.5Hz11kN/Bearing2_1/225.csv,train,32768,25600,1.28,1,266
XJTU-SY,2,37.5Hz11kN,2250,11.0,Bearing2_1,1,226,37.5Hz11kN/Bearing2_1/226.csv,train,32768,25600,1.28,1,265
XJTU-SY,2,37.5Hz11kN,2250,11.0,Bearing2_1,1,227,37.5Hz11kN/Bearing2_1/227.csv,train,32768,25600,1.28,1,264
XJTU-SY,2,37.5Hz11kN,2250,11.0,Bearing2_1,1,228,37.5Hz11kN/Bearing2_1/228.csv,train,32768,25600,1.28,1,263
XJTU-SY,2,37.5Hz11kN,2250,11.0,Bearing2_1,1,229,37.5Hz11kN/Bearing2_1/229.csv,train,32768,25600,1.28,1,262
XJTU-SY,2,37.5Hz11kN,2250,11.0,Bearing2_1,1,230,37.5Hz11kN/Bearing2_1/230.csv,train,32768,25600,1.28,1,261
XJTU-SY,2,37.5Hz11kN,2250,11.0,Bearing2_1,1,231,37.5Hz11kN/Bearing2_1/231.csv,train,32768,25600,1.28,1,260
XJTU-SY,2,37.5Hz11kN,2250,11.0,Bearing2_1,1,232,37.5Hz11kN/Bearing2_1/232.csv,train,32768,25600,1.28,1,259
XJTU-SY,2,37.5Hz11kN,2250,11.0,Bearing2_1,1,233,37.5Hz11kN/Bearing2_1/233.csv,train,32768,25600,1.28,1,258
XJTU-SY,2,37.5Hz11kN,2250,11.0,Bearing2_1,1,234,37.5Hz11kN/Bearing2_1/234.csv,train,32768,25600,1.28,1,257
XJTU-SY,2,37.5Hz11kN,2250,11.0,Bearing2_1,1,235,37.5Hz11kN/Bearing2_1/235.csv,train,32768,25600,1.28,1,256
XJTU-SY,2,37.5Hz11kN,2250,11.0,Bearing2_1,1,236,37.5Hz11kN/Bearing2_1/236.csv,train,32768,25600,1.28,1,255
XJTU-SY,2,37.5Hz11kN,2250,11.0,Bearing2_1,1,237,37.5Hz11kN/Bearing2_1/237.csv,train,32768,25600,1.28,1,254
XJTU-SY,2,37.5Hz11kN,2250,11.0,Bearing2_1,1,238,37.5Hz11kN/Bearing2_1/238.csv,train,32768,25600,1.28,1,253
XJTU-SY,2,37.5Hz11kN,2250,11.0,Bearing2_1,1,239,37.5Hz11kN/Bearing2_1/239.csv,train,32768,25600,1.28,1,252
XJTU-SY,2,37.5Hz11kN,2250,11.0,Bearing2_1,1,240,37.5Hz11kN/Bearing2_1/240.csv,train,32768,25600,1.28,1,251
XJTU-SY,2,37.5Hz11kN,2250,11.0,Bearing2_1,1,241,37.5Hz11kN/Bearing2_1/241.csv,train,32768,25600,1.28,1,250
XJTU-SY,2,37.5Hz11kN,2250,11.0,Bearing2_1,1,242,37.5Hz11kN/Bearing2_1/242.csv,train,32768,25600,1.28,1,249
XJTU-SY,2,37.5Hz11kN,2250,11.0,Bearing2_1,1,243,37.5Hz11kN/Bearing2_1/243.csv,train,32768,25600,1.28,1,248
XJTU-SY,2,37.5Hz11kN,2250,11.0,Bearing2_1,1,244,37.5Hz11kN/Bearing2_1/244.csv,train,32768,25600,1.28,1,247
XJTU-SY,2,37.5Hz11kN,2250,11.0,Bearing2_1,1,245,37.5Hz11kN/Bearing2_1/245.csv,train,32768,25600,1.28,1,246
XJTU-SY,2,37.5Hz11kN,2250,11.0,Bearing2_1,1,246,37.5Hz11kN/Bearing2_1/246.csv,train,32768,25600,1.28,1,245
XJTU-SY,2,37.5Hz11kN,2250,11.0,Bearing2_1,1,247,37.5Hz11kN/Bearing2_1/247.csv,train,32768,25600,1.28,1,244
XJTU-SY,2,37.5Hz11kN,2250,11.0,Bearing2_1,1,248,37.5Hz11kN/Bearing2_1/248.csv,train,32768,25600,1.28,1,243
XJTU-SY,2,37.5Hz11kN,2250,11.0,Bearing2_1,1,249,37.5Hz11kN/Bearing2_1/249.csv,train,32768,25600,1.28,1,242
XJTU-SY,2,37.5Hz11kN,2250,11.0,Bearing2_1,1,250,37.5Hz11kN/Bearing2_1/250.csv,train,32768,25600,1.28,1,241
XJTU-SY,2,37.5Hz11kN,2250,11.0,Bearing2_1,1,251,37.5Hz11kN/Bearing2_1/251.csv,train,32768,25600,1.28,1,240
XJTU-SY,2,37.5Hz11kN,2250,11.0,Bearing2_1,1,252,37.5Hz11kN/Bearing2_1/252.csv,train,32768,25600,1.28,1,239
XJTU-SY,2,37.5Hz11kN,2250,11.0,Bearing2_1,1,253,37.5Hz11kN/Bearing2_1/253.csv,train,32768,25600,1.28,1,238
XJTU-SY,2,37.5Hz11kN,2250,11.0,Bearing2_1,1,254,37.5Hz11kN/Bearing2_1/254.csv,train,32768,25600,1.28,1,237
XJTU-SY,2,37.5Hz11kN,2250,11.0,Bearing2_1,1,255,37.5Hz11kN/Bearing2_1/255.csv,train,32768,25600,1.28,1,236
XJTU-SY,2,37.5Hz11kN,2250,11.0,Bearing2_1,1,256,37.5Hz11kN/Bearing2_1/256.csv,train,32768,25600,1.28,1,235
XJTU-SY,2,37.5Hz11kN,2250,11.0,Bearing2_1,1,257,37.5Hz11kN/Bearing2_1/257.csv,train,32768,25600,1.28,1,234
XJTU-SY,2,37.5Hz11kN,2250,11.0,Bearing2_1,1,258,37.5Hz11kN/Bearing2_1/258.csv,train,32768,25600,1.28,1,233
XJTU-SY,2,37.5Hz11kN,2250,11.0,Bearing2_1,1,259,37.5Hz11kN/Bearing2_1/259.csv,train,32768,25600,1.28,1,232
XJTU-SY,2,37.5Hz11kN,2250,11.0,Bearing2_1,1,260,37.5Hz11kN/Bearing2_1/260.csv,train,32768,25600,1.28,1,231
XJTU-SY,2,37.5Hz11kN,2250,11.0,Bearing2_1,1,261,37.5Hz11kN/Bearing2_1/261.csv,train,32768,25600,1.28,1,230
XJTU-SY,2,37.5Hz11kN,2250,11.0,Bearing2_1,1,262,37.5Hz11kN/Bearing2_1/262.csv,train,32768,25600,1.28,1,229
XJTU-SY,2,37.5Hz11kN,2250,11.0,Bearing2_1,1,263,37.5Hz11kN/Bearing2_1/263.csv,train,32768,25600,1.28,1,228
XJTU-SY,2,37.5Hz11kN,2250,11.0,Bearing2_1,1,264,37.5Hz11kN/Bearing2_1/264.csv,train,32768,25600,1.28,1,227
XJTU-SY,2,37.5Hz11kN,2250,11.0,Bearing2_1,1,265,37.5Hz11kN/Bearing2_1/265.csv,train,32768,25600,1.28,1,226
XJTU-SY,2,37.5Hz11kN,2250,11.0,Bearing2_1,1,266,37.5Hz11kN/Bearing2_1/266.csv,train,32768,25600,1.28,1,225
XJTU-SY,2,37.5Hz11kN,2250,11.0,Bearing2_1,1,267,37.5Hz11kN/Bearing2_1/267.csv,train,32768,25600,1.28,1,224
XJTU-SY,2,37.5Hz11kN,2250,11.0,Bearing2_1,1,268,37.5Hz11kN/Bearing2_1/268.csv,train,32768,25600,1.28,1,223
XJTU-SY,2,37.5Hz11kN,2250,11.0,Bearing2_1,1,269,37.5Hz11kN/Bearing2_1/269.csv,train,32768,25600,1.28,1,222
XJTU-SY,2,37.5Hz11kN,2250,11.0,Bearing2_1,1,270,37.5Hz11kN/Bearing2_1/270.csv,train,32768,25600,1.28,1,221
XJTU-SY,2,37.5Hz11kN,2250,11.0,Bearing2_1,1,271,37.5Hz11kN/Bearing2_1/271.csv,train,32768,25600,1.28,1,220
XJTU-SY,2,37.5Hz11kN,2250,11.0,Bearing2_1,1,272,37.5Hz11kN/Bearing2_1/272.csv,train,32768,25600,1.28,1,219
XJTU-SY,2,37.5Hz11kN,2250,11.0,Bearing2_1,1,273,37.5Hz11kN/Bearing2_1/273.csv,train,32768,25600,1.28,1,218
XJTU-SY,2,37.5Hz11kN,2250,11.0,Bearing2_1,1,274,37.5Hz11kN/Bearing2_1/274.csv,train,32768,25600,1.28,1,217
XJTU-SY,2,37.5Hz11kN,2250,11.0,Bearing2_1,1,275,37.5Hz11kN/Bearing2_1/275.csv,train,32768,25600,1.28,1,216
XJTU-SY,2,37.5Hz11kN,2250,11.0,Bearing2_1,1,276,37.5Hz11kN/Bearing2_1/276.csv,train,32768,25600,1.28,1,215
XJTU-SY,2,37.5Hz11kN,2250,11.0,Bearing2_1,1,277,37.5Hz11kN/Bearing2_1/277.csv,train,32768,25600,1.28,1,214
XJTU-SY,2,37.5Hz11kN,2250,11.0,Bearing2_1,1,278,37.5Hz11kN/Bearing2_1/278.csv,train,32768,25600,1.28,1,213
XJTU-SY,2,37.5Hz11kN,2250,11.0,Bearing2_1,1,279,37.5Hz11kN/Bearing2_1/279.csv,train,32768,25600,1.28,1,212
XJTU-SY,2,37.5Hz11kN,2250,11.0,Bearing2_1,1,280,37.5Hz11kN/Bearing2_1/280.csv,train,32768,25600,1.28,1,211
XJTU-SY,2,37.5Hz11kN,2250,11.0,Bearing2_1,1,281,37.5Hz11kN/Bearing2_1/281.csv,train,32768,25600,1.28,1,210
XJTU-SY,2,37.5Hz11kN,2250,11.0,Bearing2_1,1,282,37.5Hz11kN/Bearing2_1/282.csv,train,32768,25600,1.28,1,209
XJTU-SY,2,37.5Hz11kN,2250,11.0,Bearing2_1,1,283,37.5Hz11kN/Bearing2_1/283.csv,train,32768,25600,1.28,1,208
XJTU-SY,2,37.5Hz11kN,2250,11.0,Bearing2_1,1,284,37.5Hz11kN/Bearing2_1/284.csv,train,32768,25600,1.28,1,207
XJTU-SY,2,37.5Hz11kN,2250,11.0,Bearing2_1,1,285,37.5Hz11kN/Bearing2_1/285.csv,train,32768,25600,1.28,1,206
XJTU-SY,2,37.5Hz11kN,2250,11.0,Bearing2_1,1,286,37.5Hz11kN/Bearing2_1/286.csv,train,32768,25600,1.28,1,205
XJTU-SY,2,37.5Hz11kN,2250,11.0,Bearing2_1,1,287,37.5Hz11kN/Bearing2_1/287.csv,train,32768,25600,1.28,1,204
XJTU-SY,2,37.5Hz11kN,2250,11.0,Bearing2_1,1,288,37.5Hz11kN/Bearing2_1/288.csv,train,32768,25600,1.28,1,203
XJTU-SY,2,37.5Hz11kN,2250,11.0,Bearing2_1,1,289,37.5Hz11kN/Bearing2_1/289.csv,train,32768,25600,1.28,1,202
XJTU-SY,2,37.5Hz11kN,2250,11.0,Bearing2_1,1,290,37.5Hz11kN/Bearing2_1/290.csv,train,32768,25600,1.28,1,201
XJTU-SY,2,37.5Hz11kN,2250,11.0,Bearing2_1,1,291,37.5Hz11kN/Bearing2_1/291.csv,train,32768,25600,1.28,1,200
XJTU-SY,2,37.5Hz11kN,2250,11.0,Bearing2_1,1,292,37.5Hz11kN/Bearing2_1/292.csv,train,32768,25600,1.28,1,199
XJTU-SY,2,37.5Hz11kN,2250,11.0,Bearing2_1,1,293,37.5Hz11kN/Bearing2_1/293.csv,train,32768,25600,1.28,1,198
XJTU-SY,2,37.5Hz11kN,2250,11.0,Bearing2_1,1,294,37.5Hz11kN/Bearing2_1/294.csv,train,32768,25600,1.28,1,197
XJTU-SY,2,37.5Hz11kN,2250,11.0,Bearing2_1,1,295,37.5Hz11kN/Bearing2_1/295.csv,train,32768,25600,1.28,1,196
XJTU-SY,2,37.5Hz11kN,2250,11.0,Bearing2_1,1,296,37.5Hz11kN/Bearing2_1/296.csv,train,32768,25600,1.28,1,195
XJTU-SY,2,37.5Hz11kN,2250,11.0,Bearing2_1,1,297,37.5Hz11kN/Bearing2_1/297.csv,train,32768,25600,1.28,1,194
XJTU-SY,2,37.5Hz11kN,2250,11.0,Bearing2_1,1,298,37.5Hz11kN/Bearing2_1/298.csv,train,32768,25600,1.28,1,193
XJTU-SY,2,37.5Hz11kN,2250,11.0,Bearing2_1,1,299,37.5Hz11kN/Bearing2_1/299.csv,train,32768,25600,1.28,1,192
XJTU-SY,2,37.5Hz11kN,2250,11.0,Bearing2_1,1,300,37.5Hz11kN/Bearing2_1/300.csv,train,32768,25600,1.28,1,191
XJTU-SY,2,37.5Hz11kN,2250,11.0,Bearing2_1,1,301,37.5Hz11kN/Bearing2_1/301.csv,train,32768,25600,1.28,1,190
XJTU-SY,2,37.5Hz11kN,2250,11.0,Bearing2_1,1,302,37.5Hz11kN/Bearing2_1/302.csv,train,32768,25600,1.28,1,189
XJTU-SY,2,37.5Hz11kN,2250,11.0,Bearing2_1,1,303,37.5Hz11kN/Bearing2_1/303.csv,train,32768,25600,1.28,1,188
XJTU-SY,2,37.5Hz11kN,2250,11.0,Bearing2_1,1,304,37.5Hz11kN/Bearing2_1/304.csv,train,32768,25600,1.28,1,187
XJTU-SY,2,37.5Hz11kN,2250,11.0,Bearing2_1,1,305,37.5Hz11kN/Bearing2_1/305.csv,train,32768,25600,1.28,1,186
XJTU-SY,2,37.5Hz11kN,2250,11.0,Bearing2_1,1,306,37.5Hz11kN/Bearing2_1/306.csv,train,32768,25600,1.28,1,185
XJTU-SY,2,37.5Hz11kN,2250,11.0,Bearing2_1,1,307,37.5Hz11kN/Bearing2_1/307.csv,train,32768,25600,1.28,1,184
XJTU-SY,2,37.5Hz11kN,2250,11.0,Bearing2_1,1,308,37.5Hz11kN/Bearing2_1/308.csv,train,32768,25600,1.28,1,183
XJTU-SY,2,37.5Hz11kN,2250,11.0,Bearing2_1,1,309,37.5Hz11kN/Bearing2_1/309.csv,train,32768,25600,1.28,1,182
XJTU-SY,2,37.5Hz11kN,2250,11.0,Bearing2_1,1,310,37.5Hz11kN/Bearing2_1/310.csv,train,32768,25600,1.28,1,181
XJTU-SY,2,37.5Hz11kN,2250,11.0,Bearing2_1,1,311,37.5Hz11kN/Bearing2_1/311.csv,train,32768,25600,1.28,1,180
XJTU-SY,2,37.5Hz11kN,2250,11.0,Bearing2_1,1,312,37.5Hz11kN/Bearing2_1/312.csv,train,32768,25600,1.28,1,179
XJTU-SY,2,37.5Hz11kN,2250,11.0,Bearing2_1,1,313,37.5Hz11kN/Bearing2_1/313.csv,train,32768,25600,1.28,1,178
XJTU-SY,2,37.5Hz11kN,2250,11.0,Bearing2_1,1,314,37.5Hz11kN/Bearing2_1/314.csv,train,32768,25600,1.28,1,177
XJTU-SY,2,37.5Hz11kN,2250,11.0,Bearing2_1,1,315,37.5Hz11kN/Bearing2_1/315.csv,train,32768,25600,1.28,1,176
XJTU-SY,2,37.5Hz11kN,2250,11.0,Bearing2_1,1,316,37.5Hz11kN/Bearing2_1/316.csv,train,32768,25600,1.28,1,175
XJTU-SY,2,37.5Hz11kN,2250,11.0,Bearing2_1,1,317,37.5Hz11kN/Bearing2_1/317.csv,train,32768,25600,1.28,1,174
XJTU-SY,2,37.5Hz11kN,2250,11.0,Bearing2_1,1,318,37.5Hz11kN/Bearing2_1/318.csv,train,32768,25600,1.28,1,173
XJTU-SY,2,37.5Hz11kN,2250,11.0,Bearing2_1,1,319,37.5Hz11kN/Bearing2_1/319.csv,train,32768,25600,1.28,1,172
XJTU-SY,2,37.5Hz11kN,2250,11.0,Bearing2_1,1,320,37.5Hz11kN/Bearing2_1/320.csv,train,32768,25600,1.28,1,171
XJTU-SY,2,37.5Hz11kN,2250,11.0,Bearing2_1,1,321,37.5Hz11kN/Bearing2_1/321.csv,train,32768,25600,1.28,1,170
XJTU-SY,2,37.5Hz11kN,2250,11.0,Bearing2_1,1,322,37.5Hz11kN/Bearing2_1/322.csv,train,32768,25600,1.28,1,169
XJTU-SY,2,37.5Hz11kN,2250,11.0,Bearing2_1,1,323,37.5Hz11kN/Bearing2_1/323.csv,train,32768,25600,1.28,1,168
XJTU-SY,2,37.5Hz11kN,2250,11.0,Bearing2_1,1,324,37.5Hz11kN/Bearing2_1/324.csv,train,32768,25600,1.28,1,167
XJTU-SY,2,37.5Hz11kN,2250,11.0,Bearing2_1,1,325,37.5Hz11kN/Bearing2_1/325.csv,train,32768,25600,1.28,1,166
XJTU-SY,2,37.5Hz11kN,2250,11.0,Bearing2_1,1,326,37.5Hz11kN/Bearing2_1/326.csv,train,32768,25600,1.28,1,165
XJTU-SY,2,37.5Hz11kN,2250,11.0,Bearing2_1,1,327,37.5Hz11kN/Bearing2_1/327.csv,train,32768,25600,1.28,1,164
XJTU-SY,2,37.5Hz11kN,2250,11.0,Bearing2_1,1,328,37.5Hz11kN/Bearing2_1/328.csv,train,32768,25600,1.28,1,163
XJTU-SY,2,37.5Hz11kN,2250,11.0,Bearing2_1,1,329,37.5Hz11kN/Bearing2_1/329.csv,train,32768,25600,1.28,1,162
XJTU-SY,2,37.5Hz11kN,2250,11.0,Bearing2_1,1,330,37.5Hz11kN/Bearing2_1/330.csv,train,32768,25600,1.28,1,161
XJTU-SY,2,37.5Hz11kN,2250,11.0,Bearing2_1,1,331,37.5Hz11kN/Bearing2_1/331.csv,train,32768,25600,1.28,1,160
XJTU-SY,2,37.5Hz11kN,2250,11.0,Bearing2_1,1,332,37.5Hz11kN/Bearing2_1/332.csv,train,32768,25600,1.28,1,159
XJTU-SY,2,37.5Hz11kN,2250,11.0,Bearing2_1,1,333,37.5Hz11kN/Bearing2_1/333.csv,train,32768,25600,1.28,1,158
XJTU-SY,2,37.5Hz11kN,2250,11.0,Bearing2_1,1,334,37.5Hz11kN/Bearing2_1/334.csv,train,32768,25600,1.28,1,157
XJTU-SY,2,37.5Hz11kN,2250,11.0,Bearing2_1,1,335,37.5Hz11kN/Bearing2_1/335.csv,train,32768,25600,1.28,1,156
XJTU-SY,2,37.5Hz11kN,2250,11.0,Bearing2_1,1,336,37.5Hz11kN/Bearing2_1/336.csv,train,32768,25600,1.28,1,155
XJTU-SY,2,37.5Hz11kN,2250,11.0,Bearing2_1,1,337,37.5Hz11kN/Bearing2_1/337.csv,train,32768,25600,1.28,1,154
XJTU-SY,2,37.5Hz11kN,2250,11.0,Bearing2_1,1,338,37.5Hz11kN/Bearing2_1/338.csv,train,32768,25600,1.28,1,153
XJTU-SY,2,37.5Hz11kN,2250,11.0,Bearing2_1,1,339,37.5Hz11kN/Bearing2_1/339.csv,train,32768,25600,1.28,1,152
XJTU-SY,2,37.5Hz11kN,2250,11.0,Bearing2_1,1,340,37.5Hz11kN/Bearing2_1/340.csv,train,32768,25600,1.28,1,151
XJTU-SY,2,37.5Hz11kN,2250,11.0,Bearing2_1,1,341,37.5Hz11kN/Bearing2_1/341.csv,train,32768,25600,1.28,1,150
XJTU-SY,2,37.5Hz11kN,2250,11.0,Bearing2_1,1,342,37.5Hz11kN/Bearing2_1/342.csv,train,32768,25600,1.28,1,149
XJTU-SY,2,37.5Hz11kN,2250,11.0,Bearing2_1,1,343,37.5Hz11kN/Bearing2_1/343.csv,train,32768,25600,1.28,1,148
XJTU-SY,2,37.5Hz11kN,2250,11.0,Bearing2_1,1,344,37.5Hz11kN/Bearing2_1/344.csv,train,32768,25600,1.28,1,147
XJTU-SY,2,37.5Hz11kN,2250,11.0,Bearing2_1,1,345,37.5Hz11kN/Bearing2_1/345.csv,train,32768,25600,1.28,1,146
XJTU-SY,2,37.5Hz11kN,2250,11.0,Bearing2_1,1,346,37.5Hz11kN/Bearing2_1/346.csv,train,32768,25600,1.28,1,145
XJTU-SY,2,37.5Hz11kN,2250,11.0,Bearing2_1,1,347,37.5Hz11kN/Bearing2_1/347.csv,train,32768,25600,1.28,1,144
XJTU-SY,2,37.5Hz11kN,2250,11.0,Bearing2_1,1,348,37.5Hz11kN/Bearing2_1/348.csv,train,32768,25600,1.28,1,143
XJTU-SY,2,37.5Hz11kN,2250,11.0,Bearing2_1,1,349,37.5Hz11kN/Bearing2_1/349.csv,train,32768,25600,1.28,1,142
XJTU-SY,2,37.5Hz11kN,2250,11.0,Bearing2_1,1,350,37.5Hz11kN/Bearing2_1/350.csv,train,32768,25600,1.28,1,141
XJTU-SY,2,37.5Hz11kN,2250,11.0,Bearing2_1,1,351,37.5Hz11kN/Bearing2_1/351.csv,train,32768,25600,1.28,1,140
XJTU-SY,2,37.5Hz11kN,2250,11.0,Bearing2_1,1,352,37.5Hz11kN/Bearing2_1/352.csv,train,32768,25600,1.28,1,139
XJTU-SY,2,37.5Hz11kN,2250,11.0,Bearing2_1,1,353,37.5Hz11kN/Bearing2_1/353.csv,train,32768,25600,1.28,1,138
XJTU-SY,2,37.5Hz11kN,2250,11.0,Bearing2_1,1,354,37.5Hz11kN/Bearing2_1/354.csv,train,32768,25600,1.28,1,137
XJTU-SY,2,37.5Hz11kN,2250,11.0,Bearing2_1,1,355,37.5Hz11kN/Bearing2_1/355.csv,train,32768,25600,1.28,1,136
XJTU-SY,2,37.5Hz11kN,2250,11.0,Bearing2_1,1,356,37.5Hz11kN/Bearing2_1/356.csv,train,32768,25600,1.28,1,135
XJTU-SY,2,37.5Hz11kN,2250,11.0,Bearing2_1,1,357,37.5Hz11kN/Bearing2_1/357.csv,train,32768,25600,1.28,1,134
XJTU-SY,2,37.5Hz11kN,2250,11.0,Bearing2_1,1,358,37.5Hz11kN/Bearing2_1/358.csv,train,32768,25600,1.28,1,133
XJTU-SY,2,37.5Hz11kN,2250,11.0,Bearing2_1,1,359,37.5Hz11kN/Bearing2_1/359.csv,train,32768,25600,1.28,1,132
XJTU-SY,2,37.5Hz11kN,2250,11.0,Bearing2_1,1,360,37.5Hz11kN/Bearing2_1/360.csv,train,32768,25600,1.28,1,131
XJTU-SY,2,37.5Hz11kN,2250,11.0,Bearing2_1,1,361,37.5Hz11kN/Bearing2_1/361.csv,train,32768,25600,1.28,1,130
XJTU-SY,2,37.5Hz11kN,2250,11.0,Bearing2_1,1,362,37.5Hz11kN/Bearing2_1/362.csv,train,32768,25600,1.28,1,129
XJTU-SY,2,37.5Hz11kN,2250,11.0,Bearing2_1,1,363,37.5Hz11kN/Bearing2_1/363.csv,train,32768,25600,1.28,1,128
XJTU-SY,2,37.5Hz11kN,2250,11.0,Bearing2_1,1,364,37.5Hz11kN/Bearing2_1/364.csv,train,32768,25600,1.28,1,127
XJTU-SY,2,37.5Hz11kN,2250,11.0,Bearing2_1,1,365,37.5Hz11kN/Bearing2_1/365.csv,train,32768,25600,1.28,1,126
XJTU-SY,2,37.5Hz11kN,2250,11.0,Bearing2_1,1,366,37.5Hz11kN/Bearing2_1/366.csv,train,32768,25600,1.28,1,125
XJTU-SY,2,37.5Hz11kN,2250,11.0,Bearing2_1,1,367,37.5Hz11kN/Bearing2_1/367.csv,train,32768,25600,1.28,1,124
XJTU-SY,2,37.5Hz11kN,2250,11.0,Bearing2_1,1,368,37.5Hz11kN/Bearing2_1/368.csv,train,32768,25600,1.28,1,123
XJTU-SY,2,37.5Hz11kN,2250,11.0,Bearing2_1,1,369,37.5Hz11kN/Bearing2_1/369.csv,train,32768,25600,1.28,1,122
XJTU-SY,2,37.5Hz11kN,2250,11.0,Bearing2_1,1,370,37.5Hz11kN/Bearing2_1/370.csv,train,32768,25600,1.28,1,121
XJTU-SY,2,37.5Hz11kN,2250,11.0,Bearing2_1,1,371,37.5Hz11kN/Bearing2_1/371.csv,train,32768,25600,1.28,1,120
XJTU-SY,2,37.5Hz11kN,2250,11.0,Bearing2_1,1,372,37.5Hz11kN/Bearing2_1/372.csv,train,32768,25600,1.28,1,119
XJTU-SY,2,37.5Hz11kN,2250,11.0,Bearing2_1,1,373,37.5Hz11kN/Bearing2_1/373.csv,train,32768,25600,1.28,1,118
XJTU-SY,2,37.5Hz11kN,2250,11.0,Bearing2_1,1,374,37.5Hz11kN/Bearing2_1/374.csv,train,32768,25600,1.28,1,117
XJTU-SY,2,37.5Hz11kN,2250,11.0,Bearing2_1,1,375,37.5Hz11kN/Bearing2_1/375.csv,train,32768,25600,1.28,1,116
XJTU-SY,2,37.5Hz11kN,2250,11.0,Bearing2_1,1,376,37.5Hz11kN/Bearing2_1/376.csv,train,32768,25600,1.28,1,115
XJTU-SY,2,37.5Hz11kN,2250,11.0,Bearing2_1,1,377,37.5Hz11kN/Bearing2_1/377.csv,train,32768,25600,1.28,1,114
XJTU-SY,2,37.5Hz11kN,2250,11.0,Bearing2_1,1,378,37.5Hz11kN/Bearing2_1/378.csv,train,32768,25600,1.28,1,113
XJTU-SY,2,37.5Hz11kN,2250,11.0,Bearing2_1,1,379,37.5Hz11kN/Bearing2_1/379.csv,train,32768,25600,1.28,1,112
XJTU-SY,2,37.5Hz11kN,2250,11.0,Bearing2_1,1,380,37.5Hz11kN/Bearing2_1/380.csv,train,32768,25600,1.28,1,111
XJTU-SY,2,37.5Hz11kN,2250,11.0,Bearing2_1,1,381,37.5Hz11kN/Bearing2_1/381.csv,train,32768,25600,1.28,1,110
XJTU-SY,2,37.5Hz11kN,2250,11.0,Bearing2_1,1,382,37.5Hz11kN/Bearing2_1/382.csv,train,32768,25600,1.28,1,109
XJTU-SY,2,37.5Hz11kN,2250,11.0,Bearing2_1,1,383,37.5Hz11kN/Bearing2_1/383.csv,train,32768,25600,1.28,1,108
XJTU-SY,2,37.5Hz11kN,2250,11.0,Bearing2_1,1,384,37.5Hz11kN/Bearing2_1/384.csv,train,32768,25600,1.28,1,107
XJTU-SY,2,37.5Hz11kN,2250,11.0,Bearing2_1,1,385,37.5Hz11kN/Bearing2_1/385.csv,train,32768,25600,1.28,1,106
XJTU-SY,2,37.5Hz11kN,2250,11.0,Bearing2_1,1,386,37.5Hz11kN/Bearing2_1/386.csv,train,32768,25600,1.28,1,105
XJTU-SY,2,37.5Hz11kN,2250,11.0,Bearing2_1,1,387,37.5Hz11kN/Bearing2_1/387.csv,train,32768,25600,1.28,1,104
XJTU-SY,2,37.5Hz11kN,2250,11.0,Bearing2_1,1,388,37.5Hz11kN/Bearing2_1/388.csv,train,32768,25600,1.28,1,103
XJTU-SY,2,37.5Hz11kN,2250,11.0,Bearing2_1,1,389,37.5Hz11kN/Bearing2_1/389.csv,train,32768,25600,1.28,1,102
XJTU-SY,2,37.5Hz11kN,2250,11.0,Bearing2_1,1,390,37.5Hz11kN/Bearing2_1/390.csv,train,32768,25600,1.28,1,101
XJTU-SY,2,37.5Hz11kN,2250,11.0,Bearing2_1,1,391,37.5Hz11kN/Bearing2_1/391.csv,train,32768,25600,1.28,1,100
XJTU-SY,2,37.5Hz11kN,2250,11.0,Bearing2_1,1,392,37.5Hz11kN/Bearing2_1/392.csv,train,32768,25600,1.28,1,99
XJTU-SY,2,37.5Hz11kN,2250,11.0,Bearing2_1,1,393,37.5Hz11kN/Bearing2_1/393.csv,train,32768,25600,1.28,1,98
XJTU-SY,2,37.5Hz11kN,2250,11.0,Bearing2_1,1,394,37.5Hz11kN/Bearing2_1/394.csv,train,32768,25600,1.28,1,97
XJTU-SY,2,37.5Hz11kN,2250,11.0,Bearing2_1,1,395,37.5Hz11kN/Bearing2_1/395.csv,train,32768,25600,1.28,1,96
XJTU-SY,2,37.5Hz11kN,2250,11.0,Bearing2_1,1,396,37.5Hz11kN/Bearing2_1/396.csv,train,32768,25600,1.28,1,95
XJTU-SY,2,37.5Hz11kN,2250,11.0,Bearing2_1,1,397,37.5Hz11kN/Bearing2_1/397.csv,train,32768,25600,1.28,1,94
XJTU-SY,2,37.5Hz11kN,2250,11.0,Bearing2_1,1,398,37.5Hz11kN/Bearing2_1/398.csv,train,32768,25600,1.28,1,93
XJTU-SY,2,37.5Hz11kN,2250,11.0,Bearing2_1,1,399,37.5Hz11kN/Bearing2_1/399.csv,train,32768,25600,1.28,1,92
XJTU-SY,2,37.5Hz11kN,2250,11.0,Bearing2_1,1,400,37.5Hz11kN/Bearing2_1/400.csv,train,32768,25600,1.28,1,91
XJTU-SY,2,37.5Hz11kN,2250,11.0,Bearing2_1,1,401,37.5Hz11kN/Bearing2_1/401.csv,train,32768,25600,1.28,1,90
XJTU-SY,2,37.5Hz11kN,2250,11.0,Bearing2_1,1,402,37.5Hz11kN/Bearing2_1/402.csv,train,32768,25600,1.28,1,89
XJTU-SY,2,37.5Hz11kN,2250,11.0,Bearing2_1,1,403,37.5Hz11kN/Bearing2_1/403.csv,train,32768,25600,1.28,1,88
XJTU-SY,2,37.5Hz11kN,2250,11.0,Bearing2_1,1,404,37.5Hz11kN/Bearing2_1/404.csv,train,32768,25600,1.28,1,87
XJTU-SY,2,37.5Hz11kN,2250,11.0,Bearing2_1,1,405,37.5Hz11kN/Bearing2_1/405.csv,train,32768,25600,1.28,1,86
XJTU-SY,2,37.5Hz11kN,2250,11.0,Bearing2_1,1,406,37.5Hz11kN/Bearing2_1/406.csv,train,32768,25600,1.28,1,85
XJTU-SY,2,37.5Hz11kN,2250,11.0,Bearing2_1,1,407,37.5Hz11kN/Bearing2_1/407.csv,train,32768,25600,1.28,1,84
XJTU-SY,2,37.5Hz11kN,2250,11.0,Bearing2_1,1,408,37.5Hz11kN/Bearing2_1/408.csv,train,32768,25600,1.28,1,83
XJTU-SY,2,37.5Hz11kN,2250,11.0,Bearing2_1,1,409,37.5Hz11kN/Bearing2_1/409.csv,train,32768,25600,1.28,1,82
XJTU-SY,2,37.5Hz11kN,2250,11.0,Bearing2_1,1,410,37.5Hz11kN/Bearing2_1/410.csv,train,32768,25600,1.28,1,81
XJTU-SY,2,37.5Hz11kN,2250,11.0,Bearing2_1,1,411,37.5Hz11kN/Bearing2_1/411.csv,train,32768,25600,1.28,1,80
XJTU-SY,2,37.5Hz11kN,2250,11.0,Bearing2_1,1,412,37.5Hz11kN/Bearing2_1/412.csv,train,32768,25600,1.28,1,79
XJTU-SY,2,37.5Hz11kN,2250,11.0,Bearing2_1,1,413,37.5Hz11kN/Bearing2_1/413.csv,train,32768,25600,1.28,1,78
XJTU-SY,2,37.5Hz11kN,2250,11.0,Bearing2_1,1,414,37.5Hz11kN/Bearing2_1/414.csv,train,32768,25600,1.28,1,77
XJTU-SY,2,37.5Hz11kN,2250,11.0,Bearing2_1,1,415,37.5Hz11kN/Bearing2_1/415.csv,train,32768,25600,1.28,1,76
XJTU-SY,2,37.5Hz11kN,2250,11.0,Bearing2_1,1,416,37.5Hz11kN/Bearing2_1/416.csv,train,32768,25600,1.28,1,75
XJTU-SY,2,37.5Hz11kN,2250,11.0,Bearing2_1,1,417,37.5Hz11kN/Bearing2_1/417.csv,train,32768,25600,1.28,1,74
XJTU-SY,2,37.5Hz11kN,2250,11.0,Bearing2_1,1,418,37.5Hz11kN/Bearing2_1/418.csv,train,32768,25600,1.28,1,73
XJTU-SY,2,37.5Hz11kN,2250,11.0,Bearing2_1,1,419,37.5Hz11kN/Bearing2_1/419.csv,train,32768,25600,1.28,1,72
XJTU-SY,2,37.5Hz11kN,2250,11.0,Bearing2_1,1,420,37.5Hz11kN/Bearing2_1/420.csv,train,32768,25600,1.28,1,71
XJTU-SY,2,37.5Hz11kN,2250,11.0,Bearing2_1,1,421,37.5Hz11kN/Bearing2_1/421.csv,train,32768,25600,1.28,1,70
XJTU-SY,2,37.5Hz11kN,2250,11.0,Bearing2_1,1,422,37.5Hz11kN/Bearing2_1/422.csv,train,32768,25600,1.28,1,69
XJTU-SY,2,37.5Hz11kN,2250,11.0,Bearing2_1,1,423,37.5Hz11kN/Bearing2_1/423.csv,train,32768,25600,1.28,1,68
XJTU-SY,2,37.5Hz11kN,2250,11.0,Bearing2_1,1,424,37.5Hz11kN/Bearing2_1/424.csv,train,32768,25600,1.28,1,67
XJTU-SY,2,37.5Hz11kN,2250,11.0,Bearing2_1,1,425,37.5Hz11kN/Bearing2_1/425.csv,train,32768,25600,1.28,1,66
XJTU-SY,2,37.5Hz11kN,2250,11.0,Bearing2_1,1,426,37.5Hz11kN/Bearing2_1/426.csv,train,32768,25600,1.28,1,65
XJTU-SY,2,37.5Hz11kN,2250,11.0,Bearing2_1,1,427,37.5Hz11kN/Bearing2_1/427.csv,train,32768,25600,1.28,1,64
XJTU-SY,2,37.5Hz11kN,2250,11.0,Bearing2_1,1,428,37.5Hz11kN/Bearing2_1/428.csv,train,32768,25600,1.28,1,63
XJTU-SY,2,37.5Hz11kN,2250,11.0,Bearing2_1,1,429,37.5Hz11kN/Bearing2_1/429.csv,train,32768,25600,1.28,1,62
XJTU-SY,2,37.5Hz11kN,2250,11.0,Bearing2_1,1,430,37.5Hz11kN/Bearing2_1/430.csv,train,32768,25600,1.28,1,61
XJTU-SY,2,37.5Hz11kN,2250,11.0,Bearing2_1,1,431,37.5Hz11kN/Bearing2_1/431.csv,train,32768,25600,1.28,1,60
XJTU-SY,2,37.5Hz11kN,2250,11.0,Bearing2_1,1,432,37.5Hz11kN/Bearing2_1/432.csv,train,32768,25600,1.28,1,59
XJTU-SY,2,37.5Hz11kN,2250,11.0,Bearing2_1,1,433,37.5Hz11kN/Bearing2_1/433.csv,train,32768,25600,1.28,1,58
XJTU-SY,2,37.5Hz11kN,2250,11.0,Bearing2_1,1,434,37.5Hz11kN/Bearing2_1/434.csv,train,32768,25600,1.28,1,57
XJTU-SY,2,37.5Hz11kN,2250,11.0,Bearing2_1,1,435,37.5Hz11kN/Bearing2_1/435.csv,train,32768,25600,1.28,1,56
XJTU-SY,2,37.5Hz11kN,2250,11.0,Bearing2_1,1,436,37.5Hz11kN/Bearing2_1/436.csv,train,32768,25600,1.28,1,55
XJTU-SY,2,37.5Hz11kN,2250,11.0,Bearing2_1,1,437,37.5Hz11kN/Bearing2_1/437.csv,train,32768,25600,1.28,1,54
XJTU-SY,2,37.5Hz11kN,2250,11.0,Bearing2_1,1,438,37.5Hz11kN/Bearing2_1/438.csv,train,32768,25600,1.28,1,53
XJTU-SY,2,37.5Hz11kN,2250,11.0,Bearing2_1,1,439,37.5Hz11kN/Bearing2_1/439.csv,train,32768,25600,1.28,1,52
XJTU-SY,2,37.5Hz11kN,2250,11.0,Bearing2_1,1,440,37.5Hz11kN/Bearing2_1/440.csv,train,32768,25600,1.28,1,51
XJTU-SY,2,37.5Hz11kN,2250,11.0,Bearing2_1,1,441,37.5Hz11kN/Bearing2_1/441.csv,train,32768,25600,1.28,1,50
XJTU-SY,2,37.5Hz11kN,2250,11.0,Bearing2_1,1,442,37.5Hz11kN/Bearing2_1/442.csv,train,32768,25600,1.28,1,49
XJTU-SY,2,37.5Hz11kN,2250,11.0,Bearing2_1,1,443,37.5Hz11kN/Bearing2_1/443.csv,train,32768,25600,1.28,1,48
XJTU-SY,2,37.5Hz11kN,2250,11.0,Bearing2_1,1,444,37.5Hz11kN/Bearing2_1/444.csv,train,32768,25600,1.28,1,47
XJTU-SY,2,37.5Hz11kN,2250,11.0,Bearing2_1,1,445,37.5Hz11kN/Bearing2_1/445.csv,train,32768,25600,1.28,1,46
XJTU-SY,2,37.5Hz11kN,2250,11.0,Bearing2_1,1,446,37.5Hz11kN/Bearing2_1/446.csv,train,32768,25600,1.28,1,45
XJTU-SY,2,37.5Hz11kN,2250,11.0,Bearing2_1,1,447,37.5Hz11kN/Bearing2_1/447.csv,train,32768,25600,1.28,1,44
XJTU-SY,2,37.5Hz11kN,2250,11.0,Bearing2_1,1,448,37.5Hz11kN/Bearing2_1/448.csv,train,32768,25600,1.28,1,43
XJTU-SY,2,37.5Hz11kN,2250,11.0,Bearing2_1,1,449,37.5Hz11kN/Bearing2_1/449.csv,train,32768,25600,1.28,1,42
XJTU-SY,2,37.5Hz11kN,2250,11.0,Bearing2_1,1,450,37.5Hz11kN/Bearing2_1/450.csv,train,32768,25600,1.28,1,41
XJTU-SY,2,37.5Hz11kN,2250,11.0,Bearing2_1,1,451,37.5Hz11kN/Bearing2_1/451.csv,train,32768,25600,1.28,1,40
XJTU-SY,2,37.5Hz11kN,2250,11.0,Bearing2_1,1,452,37.5Hz11kN/Bearing2_1/452.csv,train,32768,25600,1.28,1,39
XJTU-SY,2,37.5Hz11kN,2250,11.0,Bearing2_1,1,453,37.5Hz11kN/Bearing2_1/453.csv,train,32768,25600,1.28,1,38
XJTU-SY,2,37.5Hz11kN,2250,11.0,Bearing2_1,1,454,37.5Hz11kN/Bearing2_1/454.csv,train,32768,25600,1.28,1,37
XJTU-SY,2,37.5Hz11kN,2250,11.0,Bearing2_1,1,455,37.5Hz11kN/Bearing2_1/455.csv,train,32768,25600,1.28,1,36
XJTU-SY,2,37.5Hz11kN,2250,11.0,Bearing2_1,1,456,37.5Hz11kN/Bearing2_1/456.csv,train,32768,25600,1.28,1,35
XJTU-SY,2,37.5Hz11kN,2250,11.0,Bearing2_1,1,457,37.5Hz11kN/Bearing2_1/457.csv,train,32768,25600,1.28,1,34
XJTU-SY,2,37.5Hz11kN,2250,11.0,Bearing2_1,1,458,37.5Hz11kN/Bearing2_1/458.csv,train,32768,25600,1.28,1,33
XJTU-SY,2,37.5Hz11kN,2250,11.0,Bearing2_1,1,459,37.5Hz11kN/Bearing2_1/459.csv,train,32768,25600,1.28,1,32
XJTU-SY,2,37.5Hz11kN,2250,11.0,Bearing2_1,1,460,37.5Hz11kN/Bearing2_1/460.csv,train,32768,25600,1.28,1,31
XJTU-SY,2,37.5Hz11kN,2250,11.0,Bearing2_1,1,461,37.5Hz11kN/Bearing2_1/461.csv,train,32768,25600,1.28,1,30
XJTU-SY,2,37.5Hz11kN,2250,11.0,Bearing2_1,1,462,37.5Hz11kN/Bearing2_1/462.csv,train,32768,25600,1.28,1,29
XJTU-SY,2,37.5Hz11kN,2250,11.0,Bearing2_1,1,463,37.5Hz11kN/Bearing2_1/463.csv,train,32768,25600,1.28,1,28
XJTU-SY,2,37.5Hz11kN,2250,11.0,Bearing2_1,1,464,37.5Hz11kN/Bearing2_1/464.csv,train,32768,25600,1.28,1,27
XJTU-SY,2,37.5Hz11kN,2250,11.0,Bearing2_1,1,465,37.5Hz11kN/Bearing2_1/465.csv,train,32768,25600,1.28,1,26
XJTU-SY,2,37.5Hz11kN,2250,11.0,Bearing2_1,1,466,37.5Hz11kN/Bearing2_1/466.csv,train,32768,25600,1.28,1,25
XJTU-SY,2,37.5Hz11kN,2250,11.0,Bearing2_1,1,467,37.5Hz11kN/Bearing2_1/467.csv,train,32768,25600,1.28,1,24
XJTU-SY,2,37.5Hz11kN,2250,11.0,Bearing2_1,1,468,37.5Hz11kN/Bearing2_1/468.csv,train,32768,25600,1.28,1,23
XJTU-SY,2,37.5Hz11kN,2250,11.0,Bearing2_1,1,469,37.5Hz11kN/Bearing2_1/469.csv,train,32768,25600,1.28,1,22
XJTU-SY,2,37.5Hz11kN,2250,11.0,Bearing2_1,1,470,37.5Hz11kN/Bearing2_1/470.csv,train,32768,25600,1.28,1,21
XJTU-SY,2,37.5Hz11kN,2250,11.0,Bearing2_1,1,471,37.5Hz11kN/Bearing2_1/471.csv,train,32768,25600,1.28,1,20
XJTU-SY,2,37.5Hz11kN,2250,11.0,Bearing2_1,1,472,37.5Hz11kN/Bearing2_1/472.csv,train,32768,25600,1.28,1,19
XJTU-SY,2,37.5Hz11kN,2250,11.0,Bearing2_1,1,473,37.5Hz11kN/Bearing2_1/473.csv,train,32768,25600,1.28,1,18
XJTU-SY,2,37.5Hz11kN,2250,11.0,Bearing2_1,1,474,37.5Hz11kN/Bearing2_1/474.csv,train,32768,25600,1.28,1,17
XJTU-SY,2,37.5Hz11kN,2250,11.0,Bearing2_1,1,475,37.5Hz11kN/Bearing2_1/475.csv,train,32768,25600,1.28,1,16
XJTU-SY,2,37.5Hz11kN,2250,11.0,Bearing2_1,1,476,37.5Hz11kN/Bearing2_1/476.csv,train,32768,25600,1.28,1,15
XJTU-SY,2,37.5Hz11kN,2250,11.0,Bearing2_1,1,477,37.5Hz11kN/Bearing2_1/477.csv,train,32768,25600,1.28,1,14
XJTU-SY,2,37.5Hz11kN,2250,11.0,Bearing2_1,1,478,37.5Hz11kN/Bearing2_1/478.csv,train,32768,25600,1.28,1,13
XJTU-SY,2,37.5Hz11kN,2250,11.0,Bearing2_1,1,479,37.5Hz11kN/Bearing2_1/479.csv,train,32768,25600,1.28,1,12
XJTU-SY,2,37.5Hz11kN,2250,11.0,Bearing2_1,1,480,37.5Hz11kN/Bearing2_1/480.csv,train,32768,25600,1.28,1,11
XJTU-SY,2,37.5Hz11kN,2250,11.0,Bearing2_1,1,481,37.5Hz11kN/Bearing2_1/481.csv,train,32768,25600,1.28,1,10
XJTU-SY,2,37.5Hz11kN,2250,11.0,Bearing2_1,1,482,37.5Hz11kN/Bearing2_1/482.csv,train,32768,25600,1.28,1,9
XJTU-SY,2,37.5Hz11kN,2250,11.0,Bearing2_1,1,483,37.5Hz11kN/Bearing2_1/483.csv,train,32768,25600,1.28,1,8
XJTU-SY,2,37.5Hz11kN,2250,11.0,Bearing2_1,1,484,37.5Hz11kN/Bearing2_1/484.csv,train,32768,25600,1.28,1,7
XJTU-SY,2,37.5Hz11kN,2250,11.0,Bearing2_1,1,485,37.5Hz11kN/Bearing2_1/485.csv,train,32768,25600,1.28,1,6
XJTU-SY,2,37.5Hz11kN,2250,11.0,Bearing2_1,1,486,37.5Hz11kN/Bearing2_1/486.csv,train,32768,25600,1.28,1,5
XJTU-SY,2,37.5Hz11kN,2250,11.0,Bearing2_1,1,487,37.5Hz11kN/Bearing2_1/487.csv,train,32768,25600,1.28,1,4
XJTU-SY,2,37.5Hz11kN,2250,11.0,Bearing2_1,1,488,37.5Hz11kN/Bearing2_1/488.csv,train,32768,25600,1.28,1,3
XJTU-SY,2,37.5Hz11kN,2250,11.0,Bearing2_1,1,489,37.5Hz11kN/Bearing2_1/489.csv,train,32768,25600,1.28,1,2
XJTU-SY,2,37.5Hz11kN,2250,11.0,Bearing2_1,1,490,37.5Hz11kN/Bearing2_1/490.csv,train,32768,25600,1.28,1,1
XJTU-SY,2,37.5Hz11kN,2250,11.0,Bearing2_1,1,491,37.5Hz11kN/Bearing2_1/491.csv,train,32768,25600,1.28,1,0
XJTU-SY,2,37.5Hz11kN,2250,11.0,Bearing2_2,2,1,37.5Hz11kN/Bearing2_2/1.csv,train,32768,25600,1.28,1,160
XJTU-SY,2,37.5Hz11kN,2250,11.0,Bearing2_2,2,2,37.5Hz11kN/Bearing2_2/2.csv,train,32768,25600,1.28,1,159
XJTU-SY,2,37.5Hz11kN,2250,11.0,Bearing2_2,2,3,37.5Hz11kN/Bearing2_2/3.csv,train,32768,25600,1.28,1,158
XJTU-SY,2,37.5Hz11kN,2250,11.0,Bearing2_2,2,4,37.5Hz11kN/Bearing2_2/4.csv,train,32768,25600,1.28,1,157
XJTU-SY,2,37.5Hz11kN,2250,11.0,Bearing2_2,2,5,37.5Hz11kN/Bearing2_2/5.csv,train,32768,25600,1.28,1,156
XJTU-SY,2,37.5Hz11kN,2250,11.0,Bearing2_2,2,6,37.5Hz11kN/Bearing2_2/6.csv,train,32768,25600,1.28,1,155
XJTU-SY,2,37.5Hz11kN,2250,11.0,Bearing2_2,2,7,37.5Hz11kN/Bearing2_2/7.csv,train,32768,25600,1.28,1,154
XJTU-SY,2,37.5Hz11kN,2250,11.0,Bearing2_2,2,8,37.5Hz11kN/Bearing2_2/8.csv,train,32768,25600,1.28,1,153
XJTU-SY,2,37.5Hz11kN,2250,11.0,Bearing2_2,2,9,37.5Hz11kN/Bearing2_2/9.csv,train,32768,25600,1.28,1,152
XJTU-SY,2,37.5Hz11kN,2250,11.0,Bearing2_2,2,10,37.5Hz11kN/Bearing2_2/10.csv,train,32768,25600,1.28,1,151
XJTU-SY,2,37.5Hz11kN,2250,11.0,Bearing2_2,2,11,37.5Hz11kN/Bearing2_2/11.csv,train,32768,25600,1.28,1,150
XJTU-SY,2,37.5Hz11kN,2250,11.0,Bearing2_2,2,12,37.5Hz11kN/Bearing2_2/12.csv,train,32768,25600,1.28,1,149
XJTU-SY,2,37.5Hz11kN,2250,11.0,Bearing2_2,2,13,37.5Hz11kN/Bearing2_2/13.csv,train,32768,25600,1.28,1,148
XJTU-SY,2,37.5Hz11kN,2250,11.0,Bearing2_2,2,14,37.5Hz11kN/Bearing2_2/14.csv,train,32768,25600,1.28,1,147
XJTU-SY,2,37.5Hz11kN,2250,11.0,Bearing2_2,2,15,37.5Hz11kN/Bearing2_2/15.csv,train,32768,25600,1.28,1,146
XJTU-SY,2,37.5Hz11kN,2250,11.0,Bearing2_2,2,16,37.5Hz11kN/Bearing2_2/16.csv,train,32768,25600,1.28,1,145
XJTU-SY,2,37.5Hz11kN,2250,11.0,Bearing2_2,2,17,37.5Hz11kN/Bearing2_2/17.csv,train,32768,25600,1.28,1,144
XJTU-SY,2,37.5Hz11kN,2250,11.0,Bearing2_2,2,18,37.5Hz11kN/Bearing2_2/18.csv,train,32768,25600,1.28,1,143
XJTU-SY,2,37.5Hz11kN,2250,11.0,Bearing2_2,2,19,37.5Hz11kN/Bearing2_2/19.csv,train,32768,25600,1.28,1,142
XJTU-SY,2,37.5Hz11kN,2250,11.0,Bearing2_2,2,20,37.5Hz11kN/Bearing2_2/20.csv,train,32768,25600,1.28,1,141
XJTU-SY,2,37.5Hz11kN,2250,11.0,Bearing2_2,2,21,37.5Hz11kN/Bearing2_2/21.csv,train,32768,25600,1.28,1,140
XJTU-SY,2,37.5Hz11kN,2250,11.0,Bearing2_2,2,22,37.5Hz11kN/Bearing2_2/22.csv,train,32768,25600,1.28,1,139
XJTU-SY,2,37.5Hz11kN,2250,11.0,Bearing2_2,2,23,37.5Hz11kN/Bearing2_2/23.csv,train,32768,25600,1.28,1,138
XJTU-SY,2,37.5Hz11kN,2250,11.0,Bearing2_2,2,24,37.5Hz11kN/Bearing2_2/24.csv,train,32768,25600,1.28,1,137
XJTU-SY,2,37.5Hz11kN,2250,11.0,Bearing2_2,2,25,37.5Hz11kN/Bearing2_2/25.csv,train,32768,25600,1.28,1,136
XJTU-SY,2,37.5Hz11kN,2250,11.0,Bearing2_2,2,26,37.5Hz11kN/Bearing2_2/26.csv,train,32768,25600,1.28,1,135
XJTU-SY,2,37.5Hz11kN,2250,11.0,Bearing2_2,2,27,37.5Hz11kN/Bearing2_2/27.csv,train,32768,25600,1.28,1,134
XJTU-SY,2,37.5Hz11kN,2250,11.0,Bearing2_2,2,28,37.5Hz11kN/Bearing2_2/28.csv,train,32768,25600,1.28,1,133
XJTU-SY,2,37.5Hz11kN,2250,11.0,Bearing2_2,2,29,37.5Hz11kN/Bearing2_2/29.csv,train,32768,25600,1.28,1,132
XJTU-SY,2,37.5Hz11kN,2250,11.0,Bearing2_2,2,30,37.5Hz11kN/Bearing2_2/30.csv,train,32768,25600,1.28,1,131
XJTU-SY,2,37.5Hz11kN,2250,11.0,Bearing2_2,2,31,37.5Hz11kN/Bearing2_2/31.csv,train,32768,25600,1.28,1,130
XJTU-SY,2,37.5Hz11kN,2250,11.0,Bearing2_2,2,32,37.5Hz11kN/Bearing2_2/32.csv,train,32768,25600,1.28,1,129
XJTU-SY,2,37.5Hz11kN,2250,11.0,Bearing2_2,2,33,37.5Hz11kN/Bearing2_2/33.csv,train,32768,25600,1.28,1,128
XJTU-SY,2,37.5Hz11kN,2250,11.0,Bearing2_2,2,34,37.5Hz11kN/Bearing2_2/34.csv,train,32768,25600,1.28,1,127
XJTU-SY,2,37.5Hz11kN,2250,11.0,Bearing2_2,2,35,37.5Hz11kN/Bearing2_2/35.csv,train,32768,25600,1.28,1,126
XJTU-SY,2,37.5Hz11kN,2250,11.0,Bearing2_2,2,36,37.5Hz11kN/Bearing2_2/36.csv,train,32768,25600,1.28,1,125
XJTU-SY,2,37.5Hz11kN,2250,11.0,Bearing2_2,2,37,37.5Hz11kN/Bearing2_2/37.csv,train,32768,25600,1.28,1,124
XJTU-SY,2,37.5Hz11kN,2250,11.0,Bearing2_2,2,38,37.5Hz11kN/Bearing2_2/38.csv,train,32768,25600,1.28,1,123
XJTU-SY,2,37.5Hz11kN,2250,11.0,Bearing2_2,2,39,37.5Hz11kN/Bearing2_2/39.csv,train,32768,25600,1.28,1,122
XJTU-SY,2,37.5Hz11kN,2250,11.0,Bearing2_2,2,40,37.5Hz11kN/Bearing2_2/40.csv,train,32768,25600,1.28,1,121
XJTU-SY,2,37.5Hz11kN,2250,11.0,Bearing2_2,2,41,37.5Hz11kN/Bearing2_2/41.csv,train,32768,25600,1.28,1,120
XJTU-SY,2,37.5Hz11kN,2250,11.0,Bearing2_2,2,42,37.5Hz11kN/Bearing2_2/42.csv,train,32768,25600,1.28,1,119
XJTU-SY,2,37.5Hz11kN,2250,11.0,Bearing2_2,2,43,37.5Hz11kN/Bearing2_2/43.csv,train,32768,25600,1.28,1,118
XJTU-SY,2,37.5Hz11kN,2250,11.0,Bearing2_2,2,44,37.5Hz11kN/Bearing2_2/44.csv,train,32768,25600,1.28,1,117
XJTU-SY,2,37.5Hz11kN,2250,11.0,Bearing2_2,2,45,37.5Hz11kN/Bearing2_2/45.csv,train,32768,25600,1.28,1,116
XJTU-SY,2,37.5Hz11kN,2250,11.0,Bearing2_2,2,46,37.5Hz11kN/Bearing2_2/46.csv,train,32768,25600,1.28,1,115
XJTU-SY,2,37.5Hz11kN,2250,11.0,Bearing2_2,2,47,37.5Hz11kN/Bearing2_2/47.csv,train,32768,25600,1.28,1,114
XJTU-SY,2,37.5Hz11kN,2250,11.0,Bearing2_2,2,48,37.5Hz11kN/Bearing2_2/48.csv,train,32768,25600,1.28,1,113
XJTU-SY,2,37.5Hz11kN,2250,11.0,Bearing2_2,2,49,37.5Hz11kN/Bearing2_2/49.csv,train,32768,25600,1.28,1,112
XJTU-SY,2,37.5Hz11kN,2250,11.0,Bearing2_2,2,50,37.5Hz11kN/Bearing2_2/50.csv,train,32768,25600,1.28,1,111
XJTU-SY,2,37.5Hz11kN,2250,11.0,Bearing2_2,2,51,37.5Hz11kN/Bearing2_2/51.csv,train,32768,25600,1.28,1,110
XJTU-SY,2,37.5Hz11kN,2250,11.0,Bearing2_2,2,52,37.5Hz11kN/Bearing2_2/52.csv,train,32768,25600,1.28,1,109
XJTU-SY,2,37.5Hz11kN,2250,11.0,Bearing2_2,2,53,37.5Hz11kN/Bearing2_2/53.csv,train,32768,25600,1.28,1,108
XJTU-SY,2,37.5Hz11kN,2250,11.0,Bearing2_2,2,54,37.5Hz11kN/Bearing2_2/54.csv,train,32768,25600,1.28,1,107
XJTU-SY,2,37.5Hz11kN,2250,11.0,Bearing2_2,2,55,37.5Hz11kN/Bearing2_2/55.csv,train,32768,25600,1.28,1,106
XJTU-SY,2,37.5Hz11kN,2250,11.0,Bearing2_2,2,56,37.5Hz11kN/Bearing2_2/56.csv,train,32768,25600,1.28,1,105
XJTU-SY,2,37.5Hz11kN,2250,11.0,Bearing2_2,2,57,37.5Hz11kN/Bearing2_2/57.csv,train,32768,25600,1.28,1,104
XJTU-SY,2,37.5Hz11kN,2250,11.0,Bearing2_2,2,58,37.5Hz11kN/Bearing2_2/58.csv,train,32768,25600,1.28,1,103
XJTU-SY,2,37.5Hz11kN,2250,11.0,Bearing2_2,2,59,37.5Hz11kN/Bearing2_2/59.csv,train,32768,25600,1.28,1,102
XJTU-SY,2,37.5Hz11kN,2250,11.0,Bearing2_2,2,60,37.5Hz11kN/Bearing2_2/60.csv,train,32768,25600,1.28,1,101
XJTU-SY,2,37.5Hz11kN,2250,11.0,Bearing2_2,2,61,37.5Hz11kN/Bearing2_2/61.csv,train,32768,25600,1.28,1,100
XJTU-SY,2,37.5Hz11kN,2250,11.0,Bearing2_2,2,62,37.5Hz11kN/Bearing2_2/62.csv,train,32768,25600,1.28,1,99
XJTU-SY,2,37.5Hz11kN,2250,11.0,Bearing2_2,2,63,37.5Hz11kN/Bearing2_2/63.csv,train,32768,25600,1.28,1,98
XJTU-SY,2,37.5Hz11kN,2250,11.0,Bearing2_2,2,64,37.5Hz11kN/Bearing2_2/64.csv,train,32768,25600,1.28,1,97
XJTU-SY,2,37.5Hz11kN,2250,11.0,Bearing2_2,2,65,37.5Hz11kN/Bearing2_2/65.csv,train,32768,25600,1.28,1,96
XJTU-SY,2,37.5Hz11kN,2250,11.0,Bearing2_2,2,66,37.5Hz11kN/Bearing2_2/66.csv,train,32768,25600,1.28,1,95
XJTU-SY,2,37.5Hz11kN,2250,11.0,Bearing2_2,2,67,37.5Hz11kN/Bearing2_2/67.csv,train,32768,25600,1.28,1,94
XJTU-SY,2,37.5Hz11kN,2250,11.0,Bearing2_2,2,68,37.5Hz11kN/Bearing2_2/68.csv,train,32768,25600,1.28,1,93
XJTU-SY,2,37.5Hz11kN,2250,11.0,Bearing2_2,2,69,37.5Hz11kN/Bearing2_2/69.csv,train,32768,25600,1.28,1,92
XJTU-SY,2,37.5Hz11kN,2250,11.0,Bearing2_2,2,70,37.5Hz11kN/Bearing2_2/70.csv,train,32768,25600,1.28,1,91
XJTU-SY,2,37.5Hz11kN,2250,11.0,Bearing2_2,2,71,37.5Hz11kN/Bearing2_2/71.csv,train,32768,25600,1.28,1,90
XJTU-SY,2,37.5Hz11kN,2250,11.0,Bearing2_2,2,72,37.5Hz11kN/Bearing2_2/72.csv,train,32768,25600,1.28,1,89
XJTU-SY,2,37.5Hz11kN,2250,11.0,Bearing2_2,2,73,37.5Hz11kN/Bearing2_2/73.csv,train,32768,25600,1.28,1,88
XJTU-SY,2,37.5Hz11kN,2250,11.0,Bearing2_2,2,74,37.5Hz11kN/Bearing2_2/74.csv,train,32768,25600,1.28,1,87
XJTU-SY,2,37.5Hz11kN,2250,11.0,Bearing2_2,2,75,37.5Hz11kN/Bearing2_2/75.csv,train,32768,25600,1.28,1,86
XJTU-SY,2,37.5Hz11kN,2250,11.0,Bearing2_2,2,76,37.5Hz11kN/Bearing2_2/76.csv,train,32768,25600,1.28,1,85
XJTU-SY,2,37.5Hz11kN,2250,11.0,Bearing2_2,2,77,37.5Hz11kN/Bearing2_2/77.csv,train,32768,25600,1.28,1,84
XJTU-SY,2,37.5Hz11kN,2250,11.0,Bearing2_2,2,78,37.5Hz11kN/Bearing2_2/78.csv,train,32768,25600,1.28,1,83
XJTU-SY,2,37.5Hz11kN,2250,11.0,Bearing2_2,2,79,37.5Hz11kN/Bearing2_2/79.csv,train,32768,25600,1.28,1,82
XJTU-SY,2,37.5Hz11kN,2250,11.0,Bearing2_2,2,80,37.5Hz11kN/Bearing2_2/80.csv,train,32768,25600,1.28,1,81
XJTU-SY,2,37.5Hz11kN,2250,11.0,Bearing2_2,2,81,37.5Hz11kN/Bearing2_2/81.csv,train,32768,25600,1.28,1,80
XJTU-SY,2,37.5Hz11kN,2250,11.0,Bearing2_2,2,82,37.5Hz11kN/Bearing2_2/82.csv,train,32768,25600,1.28,1,79
XJTU-SY,2,37.5Hz11kN,2250,11.0,Bearing2_2,2,83,37.5Hz11kN/Bearing2_2/83.csv,train,32768,25600,1.28,1,78
XJTU-SY,2,37.5Hz11kN,2250,11.0,Bearing2_2,2,84,37.5Hz11kN/Bearing2_2/84.csv,train,32768,25600,1.28,1,77
XJTU-SY,2,37.5Hz11kN,2250,11.0,Bearing2_2,2,85,37.5Hz11kN/Bearing2_2/85.csv,train,32768,25600,1.28,1,76
XJTU-SY,2,37.5Hz11kN,2250,11.0,Bearing2_2,2,86,37.5Hz11kN/Bearing2_2/86.csv,train,32768,25600,1.28,1,75
XJTU-SY,2,37.5Hz11kN,2250,11.0,Bearing2_2,2,87,37.5Hz11kN/Bearing2_2/87.csv,train,32768,25600,1.28,1,74
XJTU-SY,2,37.5Hz11kN,2250,11.0,Bearing2_2,2,88,37.5Hz11kN/Bearing2_2/88.csv,train,32768,25600,1.28,1,73
XJTU-SY,2,37.5Hz11kN,2250,11.0,Bearing2_2,2,89,37.5Hz11kN/Bearing2_2/89.csv,train,32768,25600,1.28,1,72
XJTU-SY,2,37.5Hz11kN,2250,11.0,Bearing2_2,2,90,37.5Hz11kN/Bearing2_2/90.csv,train,32768,25600,1.28,1,71
XJTU-SY,2,37.5Hz11kN,2250,11.0,Bearing2_2,2,91,37.5Hz11kN/Bearing2_2/91.csv,train,32768,25600,1.28,1,70
XJTU-SY,2,37.5Hz11kN,2250,11.0,Bearing2_2,2,92,37.5Hz11kN/Bearing2_2/92.csv,train,32768,25600,1.28,1,69
XJTU-SY,2,37.5Hz11kN,2250,11.0,Bearing2_2,2,93,37.5Hz11kN/Bearing2_2/93.csv,train,32768,25600,1.28,1,68
XJTU-SY,2,37.5Hz11kN,2250,11.0,Bearing2_2,2,94,37.5Hz11kN/Bearing2_2/94.csv,train,32768,25600,1.28,1,67
XJTU-SY,2,37.5Hz11kN,2250,11.0,Bearing2_2,2,95,37.5Hz11kN/Bearing2_2/95.csv,train,32768,25600,1.28,1,66
XJTU-SY,2,37.5Hz11kN,2250,11.0,Bearing2_2,2,96,37.5Hz11kN/Bearing2_2/96.csv,train,32768,25600,1.28,1,65
XJTU-SY,2,37.5Hz11kN,2250,11.0,Bearing2_2,2,97,37.5Hz11kN/Bearing2_2/97.csv,train,32768,25600,1.28,1,64
XJTU-SY,2,37.5Hz11kN,2250,11.0,Bearing2_2,2,98,37.5Hz11kN/Bearing2_2/98.csv,train,32768,25600,1.28,1,63
XJTU-SY,2,37.5Hz11kN,2250,11.0,Bearing2_2,2,99,37.5Hz11kN/Bearing2_2/99.csv,train,32768,25600,1.28,1,62
XJTU-SY,2,37.5Hz11kN,2250,11.0,Bearing2_2,2,100,37.5Hz11kN/Bearing2_2/100.csv,train,32768,25600,1.28,1,61
XJTU-SY,2,37.5Hz11kN,2250,11.0,Bearing2_2,2,101,37.5Hz11kN/Bearing2_2/101.csv,train,32768,25600,1.28,1,60
XJTU-SY,2,37.5Hz11kN,2250,11.0,Bearing2_2,2,102,37.5Hz11kN/Bearing2_2/102.csv,train,32768,25600,1.28,1,59
XJTU-SY,2,37.5Hz11kN,2250,11.0,Bearing2_2,2,103,37.5Hz11kN/Bearing2_2/103.csv,train,32768,25600,1.28,1,58
XJTU-SY,2,37.5Hz11kN,2250,11.0,Bearing2_2,2,104,37.5Hz11kN/Bearing2_2/104.csv,train,32768,25600,1.28,1,57
XJTU-SY,2,37.5Hz11kN,2250,11.0,Bearing2_2,2,105,37.5Hz11kN/Bearing2_2/105.csv,train,32768,25600,1.28,1,56
XJTU-SY,2,37.5Hz11kN,2250,11.0,Bearing2_2,2,106,37.5Hz11kN/Bearing2_2/106.csv,train,32768,25600,1.28,1,55
XJTU-SY,2,37.5Hz11kN,2250,11.0,Bearing2_2,2,107,37.5Hz11kN/Bearing2_2/107.csv,train,32768,25600,1.28,1,54
XJTU-SY,2,37.5Hz11kN,2250,11.0,Bearing2_2,2,108,37.5Hz11kN/Bearing2_2/108.csv,train,32768,25600,1.28,1,53
XJTU-SY,2,37.5Hz11kN,2250,11.0,Bearing2_2,2,109,37.5Hz11kN/Bearing2_2/109.csv,train,32768,25600,1.28,1,52
XJTU-SY,2,37.5Hz11kN,2250,11.0,Bearing2_2,2,110,37.5Hz11kN/Bearing2_2/110.csv,train,32768,25600,1.28,1,51
XJTU-SY,2,37.5Hz11kN,2250,11.0,Bearing2_2,2,111,37.5Hz11kN/Bearing2_2/111.csv,train,32768,25600,1.28,1,50
XJTU-SY,2,37.5Hz11kN,2250,11.0,Bearing2_2,2,112,37.5Hz11kN/Bearing2_2/112.csv,train,32768,25600,1.28,1,49
XJTU-SY,2,37.5Hz11kN,2250,11.0,Bearing2_2,2,113,37.5Hz11kN/Bearing2_2/113.csv,train,32768,25600,1.28,1,48
XJTU-SY,2,37.5Hz11kN,2250,11.0,Bearing2_2,2,114,37.5Hz11kN/Bearing2_2/114.csv,train,32768,25600,1.28,1,47
XJTU-SY,2,37.5Hz11kN,2250,11.0,Bearing2_2,2,115,37.5Hz11kN/Bearing2_2/115.csv,train,32768,25600,1.28,1,46
XJTU-SY,2,37.5Hz11kN,2250,11.0,Bearing2_2,2,116,37.5Hz11kN/Bearing2_2/116.csv,train,32768,25600,1.28,1,45
XJTU-SY,2,37.5Hz11kN,2250,11.0,Bearing2_2,2,117,37.5Hz11kN/Bearing2_2/117.csv,train,32768,25600,1.28,1,44
XJTU-SY,2,37.5Hz11kN,2250,11.0,Bearing2_2,2,118,37.5Hz11kN/Bearing2_2/118.csv,train,32768,25600,1.28,1,43
XJTU-SY,2,37.5Hz11kN,2250,11.0,Bearing2_2,2,119,37.5Hz11kN/Bearing2_2/119.csv,train,32768,25600,1.28,1,42
XJTU-SY,2,37.5Hz11kN,2250,11.0,Bearing2_2,2,120,37.5Hz11kN/Bearing2_2/120.csv,train,32768,25600,1.28,1,41
XJTU-SY,2,37.5Hz11kN,2250,11.0,Bearing2_2,2,121,37.5Hz11kN/Bearing2_2/121.csv,train,32768,25600,1.28,1,40
XJTU-SY,2,37.5Hz11kN,2250,11.0,Bearing2_2,2,122,37.5Hz11kN/Bearing2_2/122.csv,train,32768,25600,1.28,1,39
XJTU-SY,2,37.5Hz11kN,2250,11.0,Bearing2_2,2,123,37.5Hz11kN/Bearing2_2/123.csv,train,32768,25600,1.28,1,38
XJTU-SY,2,37.5Hz11kN,2250,11.0,Bearing2_2,2,124,37.5Hz11kN/Bearing2_2/124.csv,train,32768,25600,1.28,1,37
XJTU-SY,2,37.5Hz11kN,2250,11.0,Bearing2_2,2,125,37.5Hz11kN/Bearing2_2/125.csv,train,32768,25600,1.28,1,36
XJTU-SY,2,37.5Hz11kN,2250,11.0,Bearing2_2,2,126,37.5Hz11kN/Bearing2_2/126.csv,train,32768,25600,1.28,1,35
XJTU-SY,2,37.5Hz11kN,2250,11.0,Bearing2_2,2,127,37.5Hz11kN/Bearing2_2/127.csv,train,32768,25600,1.28,1,34
XJTU-SY,2,37.5Hz11kN,2250,11.0,Bearing2_2,2,128,37.5Hz11kN/Bearing2_2/128.csv,train,32768,25600,1.28,1,33
XJTU-SY,2,37.5Hz11kN,2250,11.0,Bearing2_2,2,129,37.5Hz11kN/Bearing2_2/129.csv,train,32768,25600,1.28,1,32
XJTU-SY,2,37.5Hz11kN,2250,11.0,Bearing2_2,2,130,37.5Hz11kN/Bearing2_2/130.csv,train,32768,25600,1.28,1,31
XJTU-SY,2,37.5Hz11kN,2250,11.0,Bearing2_2,2,131,37.5Hz11kN/Bearing2_2/131.csv,train,32768,25600,1.28,1,30
XJTU-SY,2,37.5Hz11kN,2250,11.0,Bearing2_2,2,132,37.5Hz11kN/Bearing2_2/132.csv,train,32768,25600,1.28,1,29
XJTU-SY,2,37.5Hz11kN,2250,11.0,Bearing2_2,2,133,37.5Hz11kN/Bearing2_2/133.csv,train,32768,25600,1.28,1,28
XJTU-SY,2,37.5Hz11kN,2250,11.0,Bearing2_2,2,134,37.5Hz11kN/Bearing2_2/134.csv,train,32768,25600,1.28,1,27
XJTU-SY,2,37.5Hz11kN,2250,11.0,Bearing2_2,2,135,37.5Hz11kN/Bearing2_2/135.csv,train,32768,25600,1.28,1,26
XJTU-SY,2,37.5Hz11kN,2250,11.0,Bearing2_2,2,136,37.5Hz11kN/Bearing2_2/136.csv,train,32768,25600,1.28,1,25
XJTU-SY,2,37.5Hz11kN,2250,11.0,Bearing2_2,2,137,37.5Hz11kN/Bearing2_2/137.csv,train,32768,25600,1.28,1,24
XJTU-SY,2,37.5Hz11kN,2250,11.0,Bearing2_2,2,138,37.5Hz11kN/Bearing2_2/138.csv,train,32768,25600,1.28,1,23
XJTU-SY,2,37.5Hz11kN,2250,11.0,Bearing2_2,2,139,37.5Hz11kN/Bearing2_2/139.csv,train,32768,25600,1.28,1,22
XJTU-SY,2,37.5Hz11kN,2250,11.0,Bearing2_2,2,140,37.5Hz11kN/Bearing2_2/140.csv,train,32768,25600,1.28,1,21
XJTU-SY,2,37.5Hz11kN,2250,11.0,Bearing2_2,2,141,37.5Hz11kN/Bearing2_2/141.csv,train,32768,25600,1.28,1,20
XJTU-SY,2,37.5Hz11kN,2250,11.0,Bearing2_2,2,142,37.5Hz11kN/Bearing2_2/142.csv,train,32768,25600,1.28,1,19
XJTU-SY,2,37.5Hz11kN,2250,11.0,Bearing2_2,2,143,37.5Hz11kN/Bearing2_2/143.csv,train,32768,25600,1.28,1,18
XJTU-SY,2,37.5Hz11kN,2250,11.0,Bearing2_2,2,144,37.5Hz11kN/Bearing2_2/144.csv,train,32768,25600,1.28,1,17
XJTU-SY,2,37.5Hz11kN,2250,11.0,Bearing2_2,2,145,37.5Hz11kN/Bearing2_2/145.csv,train,32768,25600,1.28,1,16
XJTU-SY,2,37.5Hz11kN,2250,11.0,Bearing2_2,2,146,37.5Hz11kN/Bearing2_2/146.csv,train,32768,25600,1.28,1,15
XJTU-SY,2,37.5Hz11kN,2250,11.0,Bearing2_2,2,147,37.5Hz11kN/Bearing2_2/147.csv,train,32768,25600,1.28,1,14
XJTU-SY,2,37.5Hz11kN,2250,11.0,Bearing2_2,2,148,37.5Hz11kN/Bearing2_2/148.csv,train,32768,25600,1.28,1,13
XJTU-SY,2,37.5Hz11kN,2250,11.0,Bearing2_2,2,149,37.5Hz11kN/Bearing2_2/149.csv,train,32768,25600,1.28,1,12
XJTU-SY,2,37.5Hz11kN,2250,11.0,Bearing2_2,2,150,37.5Hz11kN/Bearing2_2/150.csv,train,32768,25600,1.28,1,11
XJTU-SY,2,37.5Hz11kN,2250,11.0,Bearing2_2,2,151,37.5Hz11kN/Bearing2_2/151.csv,train,32768,25600,1.28,1,10
XJTU-SY,2,37.5Hz11kN,2250,11.0,Bearing2_2,2,152,37.5Hz11kN/Bearing2_2/152.csv,train,32768,25600,1.28,1,9
XJTU-SY,2,37.5Hz11kN,2250,11.0,Bearing2_2,2,153,37.5Hz11kN/Bearing2_2/153.csv,train,32768,25600,1.28,1,8
XJTU-SY,2,37.5Hz11kN,2250,11.0,Bearing2_2,2,154,37.5Hz11kN/Bearing2_2/154.csv,train,32768,25600,1.28,1,7
XJTU-SY,2,37.5Hz11kN,2250,11.0,Bearing2_2,2,155,37.5Hz11kN/Bearing2_2/155.csv,train,32768,25600,1.28,1,6
XJTU-SY,2,37.5Hz11kN,2250,11.0,Bearing2_2,2,156,37.5Hz11kN/Bearing2_2/156.csv,train,32768,25600,1.28,1,5
XJTU-SY,2,37.5Hz11kN,2250,11.0,Bearing2_2,2,157,37.5Hz11kN/Bearing2_2/157.csv,train,32768,25600,1.28,1,4
XJTU-SY,2,37.5Hz11kN,2250,11.0,Bearing2_2,2,158,37.5Hz11kN/Bearing2_2/158.csv,train,32768,25600,1.28,1,3
XJTU-SY,2,37.5Hz11kN,2250,11.0,Bearing2_2,2,159,37.5Hz11kN/Bearing2_2/159.csv,train,32768,25600,1.28,1,2
XJTU-SY,2,37.5Hz11kN,2250,11.0,Bearing2_2,2,160,37.5Hz11kN/Bearing2_2/160.csv,train,32768,25600,1.28,1,1
XJTU-SY,2,37.5Hz11kN,2250,11.0,Bearing2_2,2,161,37.5Hz11kN/Bearing2_2/161.csv,train,32768,25600,1.28,1,0
XJTU-SY,2,37.5Hz11kN,2250,11.0,Bearing2_3,3,1,37.5Hz11kN/Bearing2_3/1.csv,validation,32768,25600,1.28,1,532
XJTU-SY,2,37.5Hz11kN,2250,11.0,Bearing2_3,3,2,37.5Hz11kN/Bearing2_3/2.csv,validation,32768,25600,1.28,1,531
XJTU-SY,2,37.5Hz11kN,2250,11.0,Bearing2_3,3,3,37.5Hz11kN/Bearing2_3/3.csv,validation,32768,25600,1.28,1,530
XJTU-SY,2,37.5Hz11kN,2250,11.0,Bearing2_3,3,4,37.5Hz11kN/Bearing2_3/4.csv,validation,32768,25600,1.28,1,529
XJTU-SY,2,37.5Hz11kN,2250,11.0,Bearing2_3,3,5,37.5Hz11kN/Bearing2_3/5.csv,validation,32768,25600,1.28,1,528
XJTU-SY,2,37.5Hz11kN,2250,11.0,Bearing2_3,3,6,37.5Hz11kN/Bearing2_3/6.csv,validation,32768,25600,1.28,1,527
XJTU-SY,2,37.5Hz11kN,2250,11.0,Bearing2_3,3,7,37.5Hz11kN/Bearing2_3/7.csv,validation,32768,25600,1.28,1,526
XJTU-SY,2,37.5Hz11kN,2250,11.0,Bearing2_3,3,8,37.5Hz11kN/Bearing2_3/8.csv,validation,32768,25600,1.28,1,525
XJTU-SY,2,37.5Hz11kN,2250,11.0,Bearing2_3,3,9,37.5Hz11kN/Bearing2_3/9.csv,validation,32768,25600,1.28,1,524
XJTU-SY,2,37.5Hz11kN,2250,11.0,Bearing2_3,3,10,37.5Hz11kN/Bearing2_3/10.csv,validation,32768,25600,1.28,1,523
XJTU-SY,2,37.5Hz11kN,2250,11.0,Bearing2_3,3,11,37.5Hz11kN/Bearing2_3/11.csv,validation,32768,25600,1.28,1,522
XJTU-SY,2,37.5Hz11kN,2250,11.0,Bearing2_3,3,12,37.5Hz11kN/Bearing2_3/12.csv,validation,32768,25600,1.28,1,521
XJTU-SY,2,37.5Hz11kN,2250,11.0,Bearing2_3,3,13,37.5Hz11kN/Bearing2_3/13.csv,validation,32768,25600,1.28,1,520
XJTU-SY,2,37.5Hz11kN,2250,11.0,Bearing2_3,3,14,37.5Hz11kN/Bearing2_3/14.csv,validation,32768,25600,1.28,1,519
XJTU-SY,2,37.5Hz11kN,2250,11.0,Bearing2_3,3,15,37.5Hz11kN/Bearing2_3/15.csv,validation,32768,25600,1.28,1,518
XJTU-SY,2,37.5Hz11kN,2250,11.0,Bearing2_3,3,16,37.5Hz11kN/Bearing2_3/16.csv,validation,32768,25600,1.28,1,517
XJTU-SY,2,37.5Hz11kN,2250,11.0,Bearing2_3,3,17,37.5Hz11kN/Bearing2_3/17.csv,validation,32768,25600,1.28,1,516
XJTU-SY,2,37.5Hz11kN,2250,11.0,Bearing2_3,3,18,37.5Hz11kN/Bearing2_3/18.csv,validation,32768,25600,1.28,1,515
XJTU-SY,2,37.5Hz11kN,2250,11.0,Bearing2_3,3,19,37.5Hz11kN/Bearing2_3/19.csv,validation,32768,25600,1.28,1,514
XJTU-SY,2,37.5Hz11kN,2250,11.0,Bearing2_3,3,20,37.5Hz11kN/Bearing2_3/20.csv,validation,32768,25600,1.28,1,513
XJTU-SY,2,37.5Hz11kN,2250,11.0,Bearing2_3,3,21,37.5Hz11kN/Bearing2_3/21.csv,validation,32768,25600,1.28,1,512
XJTU-SY,2,37.5Hz11kN,2250,11.0,Bearing2_3,3,22,37.5Hz11kN/Bearing2_3/22.csv,validation,32768,25600,1.28,1,511
XJTU-SY,2,37.5Hz11kN,2250,11.0,Bearing2_3,3,23,37.5Hz11kN/Bearing2_3/23.csv,validation,32768,25600,1.28,1,510
XJTU-SY,2,37.5Hz11kN,2250,11.0,Bearing2_3,3,24,37.5Hz11kN/Bearing2_3/24.csv,validation,32768,25600,1.28,1,509
XJTU-SY,2,37.5Hz11kN,2250,11.0,Bearing2_3,3,25,37.5Hz11kN/Bearing2_3/25.csv,validation,32768,25600,1.28,1,508
XJTU-SY,2,37.5Hz11kN,2250,11.0,Bearing2_3,3,26,37.5Hz11kN/Bearing2_3/26.csv,validation,32768,25600,1.28,1,507
XJTU-SY,2,37.5Hz11kN,2250,11.0,Bearing2_3,3,27,37.5Hz11kN/Bearing2_3/27.csv,validation,32768,25600,1.28,1,506
XJTU-SY,2,37.5Hz11kN,2250,11.0,Bearing2_3,3,28,37.5Hz11kN/Bearing2_3/28.csv,validation,32768,25600,1.28,1,505
XJTU-SY,2,37.5Hz11kN,2250,11.0,Bearing2_3,3,29,37.5Hz11kN/Bearing2_3/29.csv,validation,32768,25600,1.28,1,504
XJTU-SY,2,37.5Hz11kN,2250,11.0,Bearing2_3,3,30,37.5Hz11kN/Bearing2_3/30.csv,validation,32768,25600,1.28,1,503
XJTU-SY,2,37.5Hz11kN,2250,11.0,Bearing2_3,3,31,37.5Hz11kN/Bearing2_3/31.csv,validation,32768,25600,1.28,1,502
XJTU-SY,2,37.5Hz11kN,2250,11.0,Bearing2_3,3,32,37.5Hz11kN/Bearing2_3/32.csv,validation,32768,25600,1.28,1,501
XJTU-SY,2,37.5Hz11kN,2250,11.0,Bearing2_3,3,33,37.5Hz11kN/Bearing2_3/33.csv,validation,32768,25600,1.28,1,500
XJTU-SY,2,37.5Hz11kN,2250,11.0,Bearing2_3,3,34,37.5Hz11kN/Bearing2_3/34.csv,validation,32768,25600,1.28,1,499
XJTU-SY,2,37.5Hz11kN,2250,11.0,Bearing2_3,3,35,37.5Hz11kN/Bearing2_3/35.csv,validation,32768,25600,1.28,1,498
XJTU-SY,2,37.5Hz11kN,2250,11.0,Bearing2_3,3,36,37.5Hz11kN/Bearing2_3/36.csv,validation,32768,25600,1.28,1,497
XJTU-SY,2,37.5Hz11kN,2250,11.0,Bearing2_3,3,37,37.5Hz11kN/Bearing2_3/37.csv,validation,32768,25600,1.28,1,496
XJTU-SY,2,37.5Hz11kN,2250,11.0,Bearing2_3,3,38,37.5Hz11kN/Bearing2_3/38.csv,validation,32768,25600,1.28,1,495
XJTU-SY,2,37.5Hz11kN,2250,11.0,Bearing2_3,3,39,37.5Hz11kN/Bearing2_3/39.csv,validation,32768,25600,1.28,1,494
XJTU-SY,2,37.5Hz11kN,2250,11.0,Bearing2_3,3,40,37.5Hz11kN/Bearing2_3/40.csv,validation,32768,25600,1.28,1,493
XJTU-SY,2,37.5Hz11kN,2250,11.0,Bearing2_3,3,41,37.5Hz11kN/Bearing2_3/41.csv,validation,32768,25600,1.28,1,492
XJTU-SY,2,37.5Hz11kN,2250,11.0,Bearing2_3,3,42,37.5Hz11kN/Bearing2_3/42.csv,validation,32768,25600,1.28,1,491
XJTU-SY,2,37.5Hz11kN,2250,11.0,Bearing2_3,3,43,37.5Hz11kN/Bearing2_3/43.csv,validation,32768,25600,1.28,1,490
XJTU-SY,2,37.5Hz11kN,2250,11.0,Bearing2_3,3,44,37.5Hz11kN/Bearing2_3/44.csv,validation,32768,25600,1.28,1,489
XJTU-SY,2,37.5Hz11kN,2250,11.0,Bearing2_3,3,45,37.5Hz11kN/Bearing2_3/45.csv,validation,32768,25600,1.28,1,488
XJTU-SY,2,37.5Hz11kN,2250,11.0,Bearing2_3,3,46,37.5Hz11kN/Bearing2_3/46.csv,validation,32768,25600,1.28,1,487
XJTU-SY,2,37.5Hz11kN,2250,11.0,Bearing2_3,3,47,37.5Hz11kN/Bearing2_3/47.csv,validation,32768,25600,1.28,1,486
XJTU-SY,2,37.5Hz11kN,2250,11.0,Bearing2_3,3,48,37.5Hz11kN/Bearing2_3/48.csv,validation,32768,25600,1.28,1,485
XJTU-SY,2,37.5Hz11kN,2250,11.0,Bearing2_3,3,49,37.5Hz11kN/Bearing2_3/49.csv,validation,32768,25600,1.28,1,484
XJTU-SY,2,37.5Hz11kN,2250,11.0,Bearing2_3,3,50,37.5Hz11kN/Bearing2_3/50.csv,validation,32768,25600,1.28,1,483
XJTU-SY,2,37.5Hz11kN,2250,11.0,Bearing2_3,3,51,37.5Hz11kN/Bearing2_3/51.csv,validation,32768,25600,1.28,1,482
XJTU-SY,2,37.5Hz11kN,2250,11.0,Bearing2_3,3,52,37.5Hz11kN/Bearing2_3/52.csv,validation,32768,25600,1.28,1,481
XJTU-SY,2,37.5Hz11kN,2250,11.0,Bearing2_3,3,53,37.5Hz11kN/Bearing2_3/53.csv,validation,32768,25600,1.28,1,480
XJTU-SY,2,37.5Hz11kN,2250,11.0,Bearing2_3,3,54,37.5Hz11kN/Bearing2_3/54.csv,validation,32768,25600,1.28,1,479
XJTU-SY,2,37.5Hz11kN,2250,11.0,Bearing2_3,3,55,37.5Hz11kN/Bearing2_3/55.csv,validation,32768,25600,1.28,1,478
XJTU-SY,2,37.5Hz11kN,2250,11.0,Bearing2_3,3,56,37.5Hz11kN/Bearing2_3/56.csv,validation,32768,25600,1.28,1,477
XJTU-SY,2,37.5Hz11kN,2250,11.0,Bearing2_3,3,57,37.5Hz11kN/Bearing2_3/57.csv,validation,32768,25600,1.28,1,476
XJTU-SY,2,37.5Hz11kN,2250,11.0,Bearing2_3,3,58,37.5Hz11kN/Bearing2_3/58.csv,validation,32768,25600,1.28,1,475
XJTU-SY,2,37.5Hz11kN,2250,11.0,Bearing2_3,3,59,37.5Hz11kN/Bearing2_3/59.csv,validation,32768,25600,1.28,1,474
XJTU-SY,2,37.5Hz11kN,2250,11.0,Bearing2_3,3,60,37.5Hz11kN/Bearing2_3/60.csv,validation,32768,25600,1.28,1,473
XJTU-SY,2,37.5Hz11kN,2250,11.0,Bearing2_3,3,61,37.5Hz11kN/Bearing2_3/61.csv,validation,32768,25600,1.28,1,472
XJTU-SY,2,37.5Hz11kN,2250,11.0,Bearing2_3,3,62,37.5Hz11kN/Bearing2_3/62.csv,validation,32768,25600,1.28,1,471
XJTU-SY,2,37.5Hz11kN,2250,11.0,Bearing2_3,3,63,37.5Hz11kN/Bearing2_3/63.csv,validation,32768,25600,1.28,1,470
XJTU-SY,2,37.5Hz11kN,2250,11.0,Bearing2_3,3,64,37.5Hz11kN/Bearing2_3/64.csv,validation,32768,25600,1.28,1,469
XJTU-SY,2,37.5Hz11kN,2250,11.0,Bearing2_3,3,65,37.5Hz11kN/Bearing2_3/65.csv,validation,32768,25600,1.28,1,468
XJTU-SY,2,37.5Hz11kN,2250,11.0,Bearing2_3,3,66,37.5Hz11kN/Bearing2_3/66.csv,validation,32768,25600,1.28,1,467
XJTU-SY,2,37.5Hz11kN,2250,11.0,Bearing2_3,3,67,37.5Hz11kN/Bearing2_3/67.csv,validation,32768,25600,1.28,1,466
XJTU-SY,2,37.5Hz11kN,2250,11.0,Bearing2_3,3,68,37.5Hz11kN/Bearing2_3/68.csv,validation,32768,25600,1.28,1,465
XJTU-SY,2,37.5Hz11kN,2250,11.0,Bearing2_3,3,69,37.5Hz11kN/Bearing2_3/69.csv,validation,32768,25600,1.28,1,464
XJTU-SY,2,37.5Hz11kN,2250,11.0,Bearing2_3,3,70,37.5Hz11kN/Bearing2_3/70.csv,validation,32768,25600,1.28,1,463
XJTU-SY,2,37.5Hz11kN,2250,11.0,Bearing2_3,3,71,37.5Hz11kN/Bearing2_3/71.csv,validation,32768,25600,1.28,1,462
XJTU-SY,2,37.5Hz11kN,2250,11.0,Bearing2_3,3,72,37.5Hz11kN/Bearing2_3/72.csv,validation,32768,25600,1.28,1,461
XJTU-SY,2,37.5Hz11kN,2250,11.0,Bearing2_3,3,73,37.5Hz11kN/Bearing2_3/73.csv,validation,32768,25600,1.28,1,460
XJTU-SY,2,37.5Hz11kN,2250,11.0,Bearing2_3,3,74,37.5Hz11kN/Bearing2_3/74.csv,validation,32768,25600,1.28,1,459
XJTU-SY,2,37.5Hz11kN,2250,11.0,Bearing2_3,3,75,37.5Hz11kN/Bearing2_3/75.csv,validation,32768,25600,1.28,1,458
XJTU-SY,2,37.5Hz11kN,2250,11.0,Bearing2_3,3,76,37.5Hz11kN/Bearing2_3/76.csv,validation,32768,25600,1.28,1,457
XJTU-SY,2,37.5Hz11kN,2250,11.0,Bearing2_3,3,77,37.5Hz11kN/Bearing2_3/77.csv,validation,32768,25600,1.28,1,456
XJTU-SY,2,37.5Hz11kN,2250,11.0,Bearing2_3,3,78,37.5Hz11kN/Bearing2_3/78.csv,validation,32768,25600,1.28,1,455
XJTU-SY,2,37.5Hz11kN,2250,11.0,Bearing2_3,3,79,37.5Hz11kN/Bearing2_3/79.csv,validation,32768,25600,1.28,1,454
XJTU-SY,2,37.5Hz11kN,2250,11.0,Bearing2_3,3,80,37.5Hz11kN/Bearing2_3/80.csv,validation,32768,25600,1.28,1,453
XJTU-SY,2,37.5Hz11kN,2250,11.0,Bearing2_3,3,81,37.5Hz11kN/Bearing2_3/81.csv,validation,32768,25600,1.28,1,452
XJTU-SY,2,37.5Hz11kN,2250,11.0,Bearing2_3,3,82,37.5Hz11kN/Bearing2_3/82.csv,validation,32768,25600,1.28,1,451
XJTU-SY,2,37.5Hz11kN,2250,11.0,Bearing2_3,3,83,37.5Hz11kN/Bearing2_3/83.csv,validation,32768,25600,1.28,1,450
XJTU-SY,2,37.5Hz11kN,2250,11.0,Bearing2_3,3,84,37.5Hz11kN/Bearing2_3/84.csv,validation,32768,25600,1.28,1,449
XJTU-SY,2,37.5Hz11kN,2250,11.0,Bearing2_3,3,85,37.5Hz11kN/Bearing2_3/85.csv,validation,32768,25600,1.28,1,448
XJTU-SY,2,37.5Hz11kN,2250,11.0,Bearing2_3,3,86,37.5Hz11kN/Bearing2_3/86.csv,validation,32768,25600,1.28,1,447
XJTU-SY,2,37.5Hz11kN,2250,11.0,Bearing2_3,3,87,37.5Hz11kN/Bearing2_3/87.csv,validation,32768,25600,1.28,1,446
XJTU-SY,2,37.5Hz11kN,2250,11.0,Bearing2_3,3,88,37.5Hz11kN/Bearing2_3/88.csv,validation,32768,25600,1.28,1,445
XJTU-SY,2,37.5Hz11kN,2250,11.0,Bearing2_3,3,89,37.5Hz11kN/Bearing2_3/89.csv,validation,32768,25600,1.28,1,444
XJTU-SY,2,37.5Hz11kN,2250,11.0,Bearing2_3,3,90,37.5Hz11kN/Bearing2_3/90.csv,validation,32768,25600,1.28,1,443
XJTU-SY,2,37.5Hz11kN,2250,11.0,Bearing2_3,3,91,37.5Hz11kN/Bearing2_3/91.csv,validation,32768,25600,1.28,1,442
XJTU-SY,2,37.5Hz11kN,2250,11.0,Bearing2_3,3,92,37.5Hz11kN/Bearing2_3/92.csv,validation,32768,25600,1.28,1,441
XJTU-SY,2,37.5Hz11kN,2250,11.0,Bearing2_3,3,93,37.5Hz11kN/Bearing2_3/93.csv,validation,32768,25600,1.28,1,440
XJTU-SY,2,37.5Hz11kN,2250,11.0,Bearing2_3,3,94,37.5Hz11kN/Bearing2_3/94.csv,validation,32768,25600,1.28,1,439
XJTU-SY,2,37.5Hz11kN,2250,11.0,Bearing2_3,3,95,37.5Hz11kN/Bearing2_3/95.csv,validation,32768,25600,1.28,1,438
XJTU-SY,2,37.5Hz11kN,2250,11.0,Bearing2_3,3,96,37.5Hz11kN/Bearing2_3/96.csv,validation,32768,25600,1.28,1,437
XJTU-SY,2,37.5Hz11kN,2250,11.0,Bearing2_3,3,97,37.5Hz11kN/Bearing2_3/97.csv,validation,32768,25600,1.28,1,436
XJTU-SY,2,37.5Hz11kN,2250,11.0,Bearing2_3,3,98,37.5Hz11kN/Bearing2_3/98.csv,validation,32768,25600,1.28,1,435
XJTU-SY,2,37.5Hz11kN,2250,11.0,Bearing2_3,3,99,37.5Hz11kN/Bearing2_3/99.csv,validation,32768,25600,1.28,1,434
XJTU-SY,2,37.5Hz11kN,2250,11.0,Bearing2_3,3,100,37.5Hz11kN/Bearing2_3/100.csv,validation,32768,25600,1.28,1,433
XJTU-SY,2,37.5Hz11kN,2250,11.0,Bearing2_3,3,101,37.5Hz11kN/Bearing2_3/101.csv,validation,32768,25600,1.28,1,432
XJTU-SY,2,37.5Hz11kN,2250,11.0,Bearing2_3,3,102,37.5Hz11kN/Bearing2_3/102.csv,validation,32768,25600,1.28,1,431
XJTU-SY,2,37.5Hz11kN,2250,11.0,Bearing2_3,3,103,37.5Hz11kN/Bearing2_3/103.csv,validation,32768,25600,1.28,1,430
XJTU-SY,2,37.5Hz11kN,2250,11.0,Bearing2_3,3,104,37.5Hz11kN/Bearing2_3/104.csv,validation,32768,25600,1.28,1,429
XJTU-SY,2,37.5Hz11kN,2250,11.0,Bearing2_3,3,105,37.5Hz11kN/Bearing2_3/105.csv,validation,32768,25600,1.28,1,428
XJTU-SY,2,37.5Hz11kN,2250,11.0,Bearing2_3,3,106,37.5Hz11kN/Bearing2_3/106.csv,validation,32768,25600,1.28,1,427
XJTU-SY,2,37.5Hz11kN,2250,11.0,Bearing2_3,3,107,37.5Hz11kN/Bearing2_3/107.csv,validation,32768,25600,1.28,1,426
XJTU-SY,2,37.5Hz11kN,2250,11.0,Bearing2_3,3,108,37.5Hz11kN/Bearing2_3/108.csv,validation,32768,25600,1.28,1,425
XJTU-SY,2,37.5Hz11kN,2250,11.0,Bearing2_3,3,109,37.5Hz11kN/Bearing2_3/109.csv,validation,32768,25600,1.28,1,424
XJTU-SY,2,37.5Hz11kN,2250,11.0,Bearing2_3,3,110,37.5Hz11kN/Bearing2_3/110.csv,validation,32768,25600,1.28,1,423
XJTU-SY,2,37.5Hz11kN,2250,11.0,Bearing2_3,3,111,37.5Hz11kN/Bearing2_3/111.csv,validation,32768,25600,1.28,1,422
XJTU-SY,2,37.5Hz11kN,2250,11.0,Bearing2_3,3,112,37.5Hz11kN/Bearing2_3/112.csv,validation,32768,25600,1.28,1,421
XJTU-SY,2,37.5Hz11kN,2250,11.0,Bearing2_3,3,113,37.5Hz11kN/Bearing2_3/113.csv,validation,32768,25600,1.28,1,420
XJTU-SY,2,37.5Hz11kN,2250,11.0,Bearing2_3,3,114,37.5Hz11kN/Bearing2_3/114.csv,validation,32768,25600,1.28,1,419
XJTU-SY,2,37.5Hz11kN,2250,11.0,Bearing2_3,3,115,37.5Hz11kN/Bearing2_3/115.csv,validation,32768,25600,1.28,1,418
XJTU-SY,2,37.5Hz11kN,2250,11.0,Bearing2_3,3,116,37.5Hz11kN/Bearing2_3/116.csv,validation,32768,25600,1.28,1,417
XJTU-SY,2,37.5Hz11kN,2250,11.0,Bearing2_3,3,117,37.5Hz11kN/Bearing2_3/117.csv,validation,32768,25600,1.28,1,416
XJTU-SY,2,37.5Hz11kN,2250,11.0,Bearing2_3,3,118,37.5Hz11kN/Bearing2_3/118.csv,validation,32768,25600,1.28,1,415
XJTU-SY,2,37.5Hz11kN,2250,11.0,Bearing2_3,3,119,37.5Hz11kN/Bearing2_3/119.csv,validation,32768,25600,1.28,1,414
XJTU-SY,2,37.5Hz11kN,2250,11.0,Bearing2_3,3,120,37.5Hz11kN/Bearing2_3/120.csv,validation,32768,25600,1.28,1,413
XJTU-SY,2,37.5Hz11kN,2250,11.0,Bearing2_3,3,121,37.5Hz11kN/Bearing2_3/121.csv,validation,32768,25600,1.28,1,412
XJTU-SY,2,37.5Hz11kN,2250,11.0,Bearing2_3,3,122,37.5Hz11kN/Bearing2_3/122.csv,validation,32768,25600,1.28,1,411
XJTU-SY,2,37.5Hz11kN,2250,11.0,Bearing2_3,3,123,37.5Hz11kN/Bearing2_3/123.csv,validation,32768,25600,1.28,1,410
XJTU-SY,2,37.5Hz11kN,2250,11.0,Bearing2_3,3,124,37.5Hz11kN/Bearing2_3/124.csv,validation,32768,25600,1.28,1,409
XJTU-SY,2,37.5Hz11kN,2250,11.0,Bearing2_3,3,125,37.5Hz11kN/Bearing2_3/125.csv,validation,32768,25600,1.28,1,408
XJTU-SY,2,37.5Hz11kN,2250,11.0,Bearing2_3,3,126,37.5Hz11kN/Bearing2_3/126.csv,validation,32768,25600,1.28,1,407
XJTU-SY,2,37.5Hz11kN,2250,11.0,Bearing2_3,3,127,37.5Hz11kN/Bearing2_3/127.csv,validation,32768,25600,1.28,1,406
XJTU-SY,2,37.5Hz11kN,2250,11.0,Bearing2_3,3,128,37.5Hz11kN/Bearing2_3/128.csv,validation,32768,25600,1.28,1,405
XJTU-SY,2,37.5Hz11kN,2250,11.0,Bearing2_3,3,129,37.5Hz11kN/Bearing2_3/129.csv,validation,32768,25600,1.28,1,404
XJTU-SY,2,37.5Hz11kN,2250,11.0,Bearing2_3,3,130,37.5Hz11kN/Bearing2_3/130.csv,validation,32768,25600,1.28,1,403
XJTU-SY,2,37.5Hz11kN,2250,11.0,Bearing2_3,3,131,37.5Hz11kN/Bearing2_3/131.csv,validation,32768,25600,1.28,1,402
XJTU-SY,2,37.5Hz11kN,2250,11.0,Bearing2_3,3,132,37.5Hz11kN/Bearing2_3/132.csv,validation,32768,25600,1.28,1,401
XJTU-SY,2,37.5Hz11kN,2250,11.0,Bearing2_3,3,133,37.5Hz11kN/Bearing2_3/133.csv,validation,32768,25600,1.28,1,400
XJTU-SY,2,37.5Hz11kN,2250,11.0,Bearing2_3,3,134,37.5Hz11kN/Bearing2_3/134.csv,validation,32768,25600,1.28,1,399
XJTU-SY,2,37.5Hz11kN,2250,11.0,Bearing2_3,3,135,37.5Hz11kN/Bearing2_3/135.csv,validation,32768,25600,1.28,1,398
XJTU-SY,2,37.5Hz11kN,2250,11.0,Bearing2_3,3,136,37.5Hz11kN/Bearing2_3/136.csv,validation,32768,25600,1.28,1,397
XJTU-SY,2,37.5Hz11kN,2250,11.0,Bearing2_3,3,137,37.5Hz11kN/Bearing2_3/137.csv,validation,32768,25600,1.28,1,396
XJTU-SY,2,37.5Hz11kN,2250,11.0,Bearing2_3,3,138,37.5Hz11kN/Bearing2_3/138.csv,validation,32768,25600,1.28,1,395
XJTU-SY,2,37.5Hz11kN,2250,11.0,Bearing2_3,3,139,37.5Hz11kN/Bearing2_3/139.csv,validation,32768,25600,1.28,1,394
XJTU-SY,2,37.5Hz11kN,2250,11.0,Bearing2_3,3,140,37.5Hz11kN/Bearing2_3/140.csv,validation,32768,25600,1.28,1,393
XJTU-SY,2,37.5Hz11kN,2250,11.0,Bearing2_3,3,141,37.5Hz11kN/Bearing2_3/141.csv,validation,32768,25600,1.28,1,392
XJTU-SY,2,37.5Hz11kN,2250,11.0,Bearing2_3,3,142,37.5Hz11kN/Bearing2_3/142.csv,validation,32768,25600,1.28,1,391
XJTU-SY,2,37.5Hz11kN,2250,11.0,Bearing2_3,3,143,37.5Hz11kN/Bearing2_3/143.csv,validation,32768,25600,1.28,1,390
XJTU-SY,2,37.5Hz11kN,2250,11.0,Bearing2_3,3,144,37.5Hz11kN/Bearing2_3/144.csv,validation,32768,25600,1.28,1,389
XJTU-SY,2,37.5Hz11kN,2250,11.0,Bearing2_3,3,145,37.5Hz11kN/Bearing2_3/145.csv,validation,32768,25600,1.28,1,388
XJTU-SY,2,37.5Hz11kN,2250,11.0,Bearing2_3,3,146,37.5Hz11kN/Bearing2_3/146.csv,validation,32768,25600,1.28,1,387
XJTU-SY,2,37.5Hz11kN,2250,11.0,Bearing2_3,3,147,37.5Hz11kN/Bearing2_3/147.csv,validation,32768,25600,1.28,1,386
XJTU-SY,2,37.5Hz11kN,2250,11.0,Bearing2_3,3,148,37.5Hz11kN/Bearing2_3/148.csv,validation,32768,25600,1.28,1,385
XJTU-SY,2,37.5Hz11kN,2250,11.0,Bearing2_3,3,149,37.5Hz11kN/Bearing2_3/149.csv,validation,32768,25600,1.28,1,384
XJTU-SY,2,37.5Hz11kN,2250,11.0,Bearing2_3,3,150,37.5Hz11kN/Bearing2_3/150.csv,validation,32768,25600,1.28,1,383
XJTU-SY,2,37.5Hz11kN,2250,11.0,Bearing2_3,3,151,37.5Hz11kN/Bearing2_3/151.csv,validation,32768,25600,1.28,1,382
XJTU-SY,2,37.5Hz11kN,2250,11.0,Bearing2_3,3,152,37.5Hz11kN/Bearing2_3/152.csv,validation,32768,25600,1.28,1,381
XJTU-SY,2,37.5Hz11kN,2250,11.0,Bearing2_3,3,153,37.5Hz11kN/Bearing2_3/153.csv,validation,32768,25600,1.28,1,380
XJTU-SY,2,37.5Hz11kN,2250,11.0,Bearing2_3,3,154,37.5Hz11kN/Bearing2_3/154.csv,validation,32768,25600,1.28,1,379
XJTU-SY,2,37.5Hz11kN,2250,11.0,Bearing2_3,3,155,37.5Hz11kN/Bearing2_3/155.csv,validation,32768,25600,1.28,1,378
XJTU-SY,2,37.5Hz11kN,2250,11.0,Bearing2_3,3,156,37.5Hz11kN/Bearing2_3/156.csv,validation,32768,25600,1.28,1,377
XJTU-SY,2,37.5Hz11kN,2250,11.0,Bearing2_3,3,157,37.5Hz11kN/Bearing2_3/157.csv,validation,32768,25600,1.28,1,376
XJTU-SY,2,37.5Hz11kN,2250,11.0,Bearing2_3,3,158,37.5Hz11kN/Bearing2_3/158.csv,validation,32768,25600,1.28,1,375
XJTU-SY,2,37.5Hz11kN,2250,11.0,Bearing2_3,3,159,37.5Hz11kN/Bearing2_3/159.csv,validation,32768,25600,1.28,1,374
XJTU-SY,2,37.5Hz11kN,2250,11.0,Bearing2_3,3,160,37.5Hz11kN/Bearing2_3/160.csv,validation,32768,25600,1.28,1,373
XJTU-SY,2,37.5Hz11kN,2250,11.0,Bearing2_3,3,161,37.5Hz11kN/Bearing2_3/161.csv,validation,32768,25600,1.28,1,372
XJTU-SY,2,37.5Hz11kN,2250,11.0,Bearing2_3,3,162,37.5Hz11kN/Bearing2_3/162.csv,validation,32768,25600,1.28,1,371
XJTU-SY,2,37.5Hz11kN,2250,11.0,Bearing2_3,3,163,37.5Hz11kN/Bearing2_3/163.csv,validation,32768,25600,1.28,1,370
XJTU-SY,2,37.5Hz11kN,2250,11.0,Bearing2_3,3,164,37.5Hz11kN/Bearing2_3/164.csv,validation,32768,25600,1.28,1,369
XJTU-SY,2,37.5Hz11kN,2250,11.0,Bearing2_3,3,165,37.5Hz11kN/Bearing2_3/165.csv,validation,32768,25600,1.28,1,368
XJTU-SY,2,37.5Hz11kN,2250,11.0,Bearing2_3,3,166,37.5Hz11kN/Bearing2_3/166.csv,validation,32768,25600,1.28,1,367
XJTU-SY,2,37.5Hz11kN,2250,11.0,Bearing2_3,3,167,37.5Hz11kN/Bearing2_3/167.csv,validation,32768,25600,1.28,1,366
XJTU-SY,2,37.5Hz11kN,2250,11.0,Bearing2_3,3,168,37.5Hz11kN/Bearing2_3/168.csv,validation,32768,25600,1.28,1,365
XJTU-SY,2,37.5Hz11kN,2250,11.0,Bearing2_3,3,169,37.5Hz11kN/Bearing2_3/169.csv,validation,32768,25600,1.28,1,364
XJTU-SY,2,37.5Hz11kN,2250,11.0,Bearing2_3,3,170,37.5Hz11kN/Bearing2_3/170.csv,validation,32768,25600,1.28,1,363
XJTU-SY,2,37.5Hz11kN,2250,11.0,Bearing2_3,3,171,37.5Hz11kN/Bearing2_3/171.csv,validation,32768,25600,1.28,1,362
XJTU-SY,2,37.5Hz11kN,2250,11.0,Bearing2_3,3,172,37.5Hz11kN/Bearing2_3/172.csv,validation,32768,25600,1.28,1,361
XJTU-SY,2,37.5Hz11kN,2250,11.0,Bearing2_3,3,173,37.5Hz11kN/Bearing2_3/173.csv,validation,32768,25600,1.28,1,360
XJTU-SY,2,37.5Hz11kN,2250,11.0,Bearing2_3,3,174,37.5Hz11kN/Bearing2_3/174.csv,validation,32768,25600,1.28,1,359
XJTU-SY,2,37.5Hz11kN,2250,11.0,Bearing2_3,3,175,37.5Hz11kN/Bearing2_3/175.csv,validation,32768,25600,1.28,1,358
XJTU-SY,2,37.5Hz11kN,2250,11.0,Bearing2_3,3,176,37.5Hz11kN/Bearing2_3/176.csv,validation,32768,25600,1.28,1,357
XJTU-SY,2,37.5Hz11kN,2250,11.0,Bearing2_3,3,177,37.5Hz11kN/Bearing2_3/177.csv,validation,32768,25600,1.28,1,356
XJTU-SY,2,37.5Hz11kN,2250,11.0,Bearing2_3,3,178,37.5Hz11kN/Bearing2_3/178.csv,validation,32768,25600,1.28,1,355
XJTU-SY,2,37.5Hz11kN,2250,11.0,Bearing2_3,3,179,37.5Hz11kN/Bearing2_3/179.csv,validation,32768,25600,1.28,1,354
XJTU-SY,2,37.5Hz11kN,2250,11.0,Bearing2_3,3,180,37.5Hz11kN/Bearing2_3/180.csv,validation,32768,25600,1.28,1,353
XJTU-SY,2,37.5Hz11kN,2250,11.0,Bearing2_3,3,181,37.5Hz11kN/Bearing2_3/181.csv,validation,32768,25600,1.28,1,352
XJTU-SY,2,37.5Hz11kN,2250,11.0,Bearing2_3,3,182,37.5Hz11kN/Bearing2_3/182.csv,validation,32768,25600,1.28,1,351
XJTU-SY,2,37.5Hz11kN,2250,11.0,Bearing2_3,3,183,37.5Hz11kN/Bearing2_3/183.csv,validation,32768,25600,1.28,1,350
XJTU-SY,2,37.5Hz11kN,2250,11.0,Bearing2_3,3,184,37.5Hz11kN/Bearing2_3/184.csv,validation,32768,25600,1.28,1,349
XJTU-SY,2,37.5Hz11kN,2250,11.0,Bearing2_3,3,185,37.5Hz11kN/Bearing2_3/185.csv,validation,32768,25600,1.28,1,348
XJTU-SY,2,37.5Hz11kN,2250,11.0,Bearing2_3,3,186,37.5Hz11kN/Bearing2_3/186.csv,validation,32768,25600,1.28,1,347
XJTU-SY,2,37.5Hz11kN,2250,11.0,Bearing2_3,3,187,37.5Hz11kN/Bearing2_3/187.csv,validation,32768,25600,1.28,1,346
XJTU-SY,2,37.5Hz11kN,2250,11.0,Bearing2_3,3,188,37.5Hz11kN/Bearing2_3/188.csv,validation,32768,25600,1.28,1,345
XJTU-SY,2,37.5Hz11kN,2250,11.0,Bearing2_3,3,189,37.5Hz11kN/Bearing2_3/189.csv,validation,32768,25600,1.28,1,344
XJTU-SY,2,37.5Hz11kN,2250,11.0,Bearing2_3,3,190,37.5Hz11kN/Bearing2_3/190.csv,validation,32768,25600,1.28,1,343
XJTU-SY,2,37.5Hz11kN,2250,11.0,Bearing2_3,3,191,37.5Hz11kN/Bearing2_3/191.csv,validation,32768,25600,1.28,1,342
XJTU-SY,2,37.5Hz11kN,2250,11.0,Bearing2_3,3,192,37.5Hz11kN/Bearing2_3/192.csv,validation,32768,25600,1.28,1,341
XJTU-SY,2,37.5Hz11kN,2250,11.0,Bearing2_3,3,193,37.5Hz11kN/Bearing2_3/193.csv,validation,32768,25600,1.28,1,340
XJTU-SY,2,37.5Hz11kN,2250,11.0,Bearing2_3,3,194,37.5Hz11kN/Bearing2_3/194.csv,validation,32768,25600,1.28,1,339
XJTU-SY,2,37.5Hz11kN,2250,11.0,Bearing2_3,3,195,37.5Hz11kN/Bearing2_3/195.csv,validation,32768,25600,1.28,1,338
XJTU-SY,2,37.5Hz11kN,2250,11.0,Bearing2_3,3,196,37.5Hz11kN/Bearing2_3/196.csv,validation,32768,25600,1.28,1,337
XJTU-SY,2,37.5Hz11kN,2250,11.0,Bearing2_3,3,197,37.5Hz11kN/Bearing2_3/197.csv,validation,32768,25600,1.28,1,336
XJTU-SY,2,37.5Hz11kN,2250,11.0,Bearing2_3,3,198,37.5Hz11kN/Bearing2_3/198.csv,validation,32768,25600,1.28,1,335
XJTU-SY,2,37.5Hz11kN,2250,11.0,Bearing2_3,3,199,37.5Hz11kN/Bearing2_3/199.csv,validation,32768,25600,1.28,1,334
XJTU-SY,2,37.5Hz11kN,2250,11.0,Bearing2_3,3,200,37.5Hz11kN/Bearing2_3/200.csv,validation,32768,25600,1.28,1,333
XJTU-SY,2,37.5Hz11kN,2250,11.0,Bearing2_3,3,201,37.5Hz11kN/Bearing2_3/201.csv,validation,32768,25600,1.28,1,332
XJTU-SY,2,37.5Hz11kN,2250,11.0,Bearing2_3,3,202,37.5Hz11kN/Bearing2_3/202.csv,validation,32768,25600,1.28,1,331
XJTU-SY,2,37.5Hz11kN,2250,11.0,Bearing2_3,3,203,37.5Hz11kN/Bearing2_3/203.csv,validation,32768,25600,1.28,1,330
XJTU-SY,2,37.5Hz11kN,2250,11.0,Bearing2_3,3,204,37.5Hz11kN/Bearing2_3/204.csv,validation,32768,25600,1.28,1,329
XJTU-SY,2,37.5Hz11kN,2250,11.0,Bearing2_3,3,205,37.5Hz11kN/Bearing2_3/205.csv,validation,32768,25600,1.28,1,328
XJTU-SY,2,37.5Hz11kN,2250,11.0,Bearing2_3,3,206,37.5Hz11kN/Bearing2_3/206.csv,validation,32768,25600,1.28,1,327
XJTU-SY,2,37.5Hz11kN,2250,11.0,Bearing2_3,3,207,37.5Hz11kN/Bearing2_3/207.csv,validation,32768,25600,1.28,1,326
XJTU-SY,2,37.5Hz11kN,2250,11.0,Bearing2_3,3,208,37.5Hz11kN/Bearing2_3/208.csv,validation,32768,25600,1.28,1,325
XJTU-SY,2,37.5Hz11kN,2250,11.0,Bearing2_3,3,209,37.5Hz11kN/Bearing2_3/209.csv,validation,32768,25600,1.28,1,324
XJTU-SY,2,37.5Hz11kN,2250,11.0,Bearing2_3,3,210,37.5Hz11kN/Bearing2_3/210.csv,validation,32768,25600,1.28,1,323
XJTU-SY,2,37.5Hz11kN,2250,11.0,Bearing2_3,3,211,37.5Hz11kN/Bearing2_3/211.csv,validation,32768,25600,1.28,1,322
XJTU-SY,2,37.5Hz11kN,2250,11.0,Bearing2_3,3,212,37.5Hz11kN/Bearing2_3/212.csv,validation,32768,25600,1.28,1,321
XJTU-SY,2,37.5Hz11kN,2250,11.0,Bearing2_3,3,213,37.5Hz11kN/Bearing2_3/213.csv,validation,32768,25600,1.28,1,320
XJTU-SY,2,37.5Hz11kN,2250,11.0,Bearing2_3,3,214,37.5Hz11kN/Bearing2_3/214.csv,validation,32768,25600,1.28,1,319
XJTU-SY,2,37.5Hz11kN,2250,11.0,Bearing2_3,3,215,37.5Hz11kN/Bearing2_3/215.csv,validation,32768,25600,1.28,1,318
XJTU-SY,2,37.5Hz11kN,2250,11.0,Bearing2_3,3,216,37.5Hz11kN/Bearing2_3/216.csv,validation,32768,25600,1.28,1,317
XJTU-SY,2,37.5Hz11kN,2250,11.0,Bearing2_3,3,217,37.5Hz11kN/Bearing2_3/217.csv,validation,32768,25600,1.28,1,316
XJTU-SY,2,37.5Hz11kN,2250,11.0,Bearing2_3,3,218,37.5Hz11kN/Bearing2_3/218.csv,validation,32768,25600,1.28,1,315
XJTU-SY,2,37.5Hz11kN,2250,11.0,Bearing2_3,3,219,37.5Hz11kN/Bearing2_3/219.csv,validation,32768,25600,1.28,1,314
XJTU-SY,2,37.5Hz11kN,2250,11.0,Bearing2_3,3,220,37.5Hz11kN/Bearing2_3/220.csv,validation,32768,25600,1.28,1,313
XJTU-SY,2,37.5Hz11kN,2250,11.0,Bearing2_3,3,221,37.5Hz11kN/Bearing2_3/221.csv,validation,32768,25600,1.28,1,312
XJTU-SY,2,37.5Hz11kN,2250,11.0,Bearing2_3,3,222,37.5Hz11kN/Bearing2_3/222.csv,validation,32768,25600,1.28,1,311
XJTU-SY,2,37.5Hz11kN,2250,11.0,Bearing2_3,3,223,37.5Hz11kN/Bearing2_3/223.csv,validation,32768,25600,1.28,1,310
XJTU-SY,2,37.5Hz11kN,2250,11.0,Bearing2_3,3,224,37.5Hz11kN/Bearing2_3/224.csv,validation,32768,25600,1.28,1,309
XJTU-SY,2,37.5Hz11kN,2250,11.0,Bearing2_3,3,225,37.5Hz11kN/Bearing2_3/225.csv,validation,32768,25600,1.28,1,308
XJTU-SY,2,37.5Hz11kN,2250,11.0,Bearing2_3,3,226,37.5Hz11kN/Bearing2_3/226.csv,validation,32768,25600,1.28,1,307
XJTU-SY,2,37.5Hz11kN,2250,11.0,Bearing2_3,3,227,37.5Hz11kN/Bearing2_3/227.csv,validation,32768,25600,1.28,1,306
XJTU-SY,2,37.5Hz11kN,2250,11.0,Bearing2_3,3,228,37.5Hz11kN/Bearing2_3/228.csv,validation,32768,25600,1.28,1,305
XJTU-SY,2,37.5Hz11kN,2250,11.0,Bearing2_3,3,229,37.5Hz11kN/Bearing2_3/229.csv,validation,32768,25600,1.28,1,304
XJTU-SY,2,37.5Hz11kN,2250,11.0,Bearing2_3,3,230,37.5Hz11kN/Bearing2_3/230.csv,validation,32768,25600,1.28,1,303
XJTU-SY,2,37.5Hz11kN,2250,11.0,Bearing2_3,3,231,37.5Hz11kN/Bearing2_3/231.csv,validation,32768,25600,1.28,1,302
XJTU-SY,2,37.5Hz11kN,2250,11.0,Bearing2_3,3,232,37.5Hz11kN/Bearing2_3/232.csv,validation,32768,25600,1.28,1,301
XJTU-SY,2,37.5Hz11kN,2250,11.0,Bearing2_3,3,233,37.5Hz11kN/Bearing2_3/233.csv,validation,32768,25600,1.28,1,300
XJTU-SY,2,37.5Hz11kN,2250,11.0,Bearing2_3,3,234,37.5Hz11kN/Bearing2_3/234.csv,validation,32768,25600,1.28,1,299
XJTU-SY,2,37.5Hz11kN,2250,11.0,Bearing2_3,3,235,37.5Hz11kN/Bearing2_3/235.csv,validation,32768,25600,1.28,1,298
XJTU-SY,2,37.5Hz11kN,2250,11.0,Bearing2_3,3,236,37.5Hz11kN/Bearing2_3/236.csv,validation,32768,25600,1.28,1,297
XJTU-SY,2,37.5Hz11kN,2250,11.0,Bearing2_3,3,237,37.5Hz11kN/Bearing2_3/237.csv,validation,32768,25600,1.28,1,296
XJTU-SY,2,37.5Hz11kN,2250,11.0,Bearing2_3,3,238,37.5Hz11kN/Bearing2_3/238.csv,validation,32768,25600,1.28,1,295
XJTU-SY,2,37.5Hz11kN,2250,11.0,Bearing2_3,3,239,37.5Hz11kN/Bearing2_3/239.csv,validation,32768,25600,1.28,1,294
XJTU-SY,2,37.5Hz11kN,2250,11.0,Bearing2_3,3,240,37.5Hz11kN/Bearing2_3/240.csv,validation,32768,25600,1.28,1,293
XJTU-SY,2,37.5Hz11kN,2250,11.0,Bearing2_3,3,241,37.5Hz11kN/Bearing2_3/241.csv,validation,32768,25600,1.28,1,292
XJTU-SY,2,37.5Hz11kN,2250,11.0,Bearing2_3,3,242,37.5Hz11kN/Bearing2_3/242.csv,validation,32768,25600,1.28,1,291
XJTU-SY,2,37.5Hz11kN,2250,11.0,Bearing2_3,3,243,37.5Hz11kN/Bearing2_3/243.csv,validation,32768,25600,1.28,1,290
XJTU-SY,2,37.5Hz11kN,2250,11.0,Bearing2_3,3,244,37.5Hz11kN/Bearing2_3/244.csv,validation,32768,25600,1.28,1,289
XJTU-SY,2,37.5Hz11kN,2250,11.0,Bearing2_3,3,245,37.5Hz11kN/Bearing2_3/245.csv,validation,32768,25600,1.28,1,288
XJTU-SY,2,37.5Hz11kN,2250,11.0,Bearing2_3,3,246,37.5Hz11kN/Bearing2_3/246.csv,validation,32768,25600,1.28,1,287
XJTU-SY,2,37.5Hz11kN,2250,11.0,Bearing2_3,3,247,37.5Hz11kN/Bearing2_3/247.csv,validation,32768,25600,1.28,1,286
XJTU-SY,2,37.5Hz11kN,2250,11.0,Bearing2_3,3,248,37.5Hz11kN/Bearing2_3/248.csv,validation,32768,25600,1.28,1,285
XJTU-SY,2,37.5Hz11kN,2250,11.0,Bearing2_3,3,249,37.5Hz11kN/Bearing2_3/249.csv,validation,32768,25600,1.28,1,284
XJTU-SY,2,37.5Hz11kN,2250,11.0,Bearing2_3,3,250,37.5Hz11kN/Bearing2_3/250.csv,validation,32768,25600,1.28,1,283
XJTU-SY,2,37.5Hz11kN,2250,11.0,Bearing2_3,3,251,37.5Hz11kN/Bearing2_3/251.csv,validation,32768,25600,1.28,1,282
XJTU-SY,2,37.5Hz11kN,2250,11.0,Bearing2_3,3,252,37.5Hz11kN/Bearing2_3/252.csv,validation,32768,25600,1.28,1,281
XJTU-SY,2,37.5Hz11kN,2250,11.0,Bearing2_3,3,253,37.5Hz11kN/Bearing2_3/253.csv,validation,32768,25600,1.28,1,280
XJTU-SY,2,37.5Hz11kN,2250,11.0,Bearing2_3,3,254,37.5Hz11kN/Bearing2_3/254.csv,validation,32768,25600,1.28,1,279
XJTU-SY,2,37.5Hz11kN,2250,11.0,Bearing2_3,3,255,37.5Hz11kN/Bearing2_3/255.csv,validation,32768,25600,1.28,1,278
XJTU-SY,2,37.5Hz11kN,2250,11.0,Bearing2_3,3,256,37.5Hz11kN/Bearing2_3/256.csv,validation,32768,25600,1.28,1,277
XJTU-SY,2,37.5Hz11kN,2250,11.0,Bearing2_3,3,257,37.5Hz11kN/Bearing2_3/257.csv,validation,32768,25600,1.28,1,276
XJTU-SY,2,37.5Hz11kN,2250,11.0,Bearing2_3,3,258,37.5Hz11kN/Bearing2_3/258.csv,validation,32768,25600,1.28,1,275
XJTU-SY,2,37.5Hz11kN,2250,11.0,Bearing2_3,3,259,37.5Hz11kN/Bearing2_3/259.csv,validation,32768,25600,1.28,1,274
XJTU-SY,2,37.5Hz11kN,2250,11.0,Bearing2_3,3,260,37.5Hz11kN/Bearing2_3/260.csv,validation,32768,25600,1.28,1,273
XJTU-SY,2,37.5Hz11kN,2250,11.0,Bearing2_3,3,261,37.5Hz11kN/Bearing2_3/261.csv,validation,32768,25600,1.28,1,272
XJTU-SY,2,37.5Hz11kN,2250,11.0,Bearing2_3,3,262,37.5Hz11kN/Bearing2_3/262.csv,validation,32768,25600,1.28,1,271
XJTU-SY,2,37.5Hz11kN,2250,11.0,Bearing2_3,3,263,37.5Hz11kN/Bearing2_3/263.csv,validation,32768,25600,1.28,1,270
XJTU-SY,2,37.5Hz11kN,2250,11.0,Bearing2_3,3,264,37.5Hz11kN/Bearing2_3/264.csv,validation,32768,25600,1.28,1,269
XJTU-SY,2,37.5Hz11kN,2250,11.0,Bearing2_3,3,265,37.5Hz11kN/Bearing2_3/265.csv,validation,32768,25600,1.28,1,268
XJTU-SY,2,37.5Hz11kN,2250,11.0,Bearing2_3,3,266,37.5Hz11kN/Bearing2_3/266.csv,validation,32768,25600,1.28,1,267
XJTU-SY,2,37.5Hz11kN,2250,11.0,Bearing2_3,3,267,37.5Hz11kN/Bearing2_3/267.csv,validation,32768,25600,1.28,1,266
XJTU-SY,2,37.5Hz11kN,2250,11.0,Bearing2_3,3,268,37.5Hz11kN/Bearing2_3/268.csv,validation,32768,25600,1.28,1,265
XJTU-SY,2,37.5Hz11kN,2250,11.0,Bearing2_3,3,269,37.5Hz11kN/Bearing2_3/269.csv,validation,32768,25600,1.28,1,264
XJTU-SY,2,37.5Hz11kN,2250,11.0,Bearing2_3,3,270,37.5Hz11kN/Bearing2_3/270.csv,validation,32768,25600,1.28,1,263
XJTU-SY,2,37.5Hz11kN,2250,11.0,Bearing2_3,3,271,37.5Hz11kN/Bearing2_3/271.csv,validation,32768,25600,1.28,1,262
XJTU-SY,2,37.5Hz11kN,2250,11.0,Bearing2_3,3,272,37.5Hz11kN/Bearing2_3/272.csv,validation,32768,25600,1.28,1,261
XJTU-SY,2,37.5Hz11kN,2250,11.0,Bearing2_3,3,273,37.5Hz11kN/Bearing2_3/273.csv,validation,32768,25600,1.28,1,260
XJTU-SY,2,37.5Hz11kN,2250,11.0,Bearing2_3,3,274,37.5Hz11kN/Bearing2_3/274.csv,validation,32768,25600,1.28,1,259
XJTU-SY,2,37.5Hz11kN,2250,11.0,Bearing2_3,3,275,37.5Hz11kN/Bearing2_3/275.csv,validation,32768,25600,1.28,1,258
XJTU-SY,2,37.5Hz11kN,2250,11.0,Bearing2_3,3,276,37.5Hz11kN/Bearing2_3/276.csv,validation,32768,25600,1.28,1,257
XJTU-SY,2,37.5Hz11kN,2250,11.0,Bearing2_3,3,277,37.5Hz11kN/Bearing2_3/277.csv,validation,32768,25600,1.28,1,256
XJTU-SY,2,37.5Hz11kN,2250,11.0,Bearing2_3,3,278,37.5Hz11kN/Bearing2_3/278.csv,validation,32768,25600,1.28,1,255
XJTU-SY,2,37.5Hz11kN,2250,11.0,Bearing2_3,3,279,37.5Hz11kN/Bearing2_3/279.csv,validation,32768,25600,1.28,1,254
XJTU-SY,2,37.5Hz11kN,2250,11.0,Bearing2_3,3,280,37.5Hz11kN/Bearing2_3/280.csv,validation,32768,25600,1.28,1,253
XJTU-SY,2,37.5Hz11kN,2250,11.0,Bearing2_3,3,281,37.5Hz11kN/Bearing2_3/281.csv,validation,32768,25600,1.28,1,252
XJTU-SY,2,37.5Hz11kN,2250,11.0,Bearing2_3,3,282,37.5Hz11kN/Bearing2_3/282.csv,validation,32768,25600,1.28,1,251
XJTU-SY,2,37.5Hz11kN,2250,11.0,Bearing2_3,3,283,37.5Hz11kN/Bearing2_3/283.csv,validation,32768,25600,1.28,1,250
XJTU-SY,2,37.5Hz11kN,2250,11.0,Bearing2_3,3,284,37.5Hz11kN/Bearing2_3/284.csv,validation,32768,25600,1.28,1,249
XJTU-SY,2,37.5Hz11kN,2250,11.0,Bearing2_3,3,285,37.5Hz11kN/Bearing2_3/285.csv,validation,32768,25600,1.28,1,248
XJTU-SY,2,37.5Hz11kN,2250,11.0,Bearing2_3,3,286,37.5Hz11kN/Bearing2_3/286.csv,validation,32768,25600,1.28,1,247
XJTU-SY,2,37.5Hz11kN,2250,11.0,Bearing2_3,3,287,37.5Hz11kN/Bearing2_3/287.csv,validation,32768,25600,1.28,1,246
XJTU-SY,2,37.5Hz11kN,2250,11.0,Bearing2_3,3,288,37.5Hz11kN/Bearing2_3/288.csv,validation,32768,25600,1.28,1,245
XJTU-SY,2,37.5Hz11kN,2250,11.0,Bearing2_3,3,289,37.5Hz11kN/Bearing2_3/289.csv,validation,32768,25600,1.28,1,244
XJTU-SY,2,37.5Hz11kN,2250,11.0,Bearing2_3,3,290,37.5Hz11kN/Bearing2_3/290.csv,validation,32768,25600,1.28,1,243
XJTU-SY,2,37.5Hz11kN,2250,11.0,Bearing2_3,3,291,37.5Hz11kN/Bearing2_3/291.csv,validation,32768,25600,1.28,1,242
XJTU-SY,2,37.5Hz11kN,2250,11.0,Bearing2_3,3,292,37.5Hz11kN/Bearing2_3/292.csv,validation,32768,25600,1.28,1,241
XJTU-SY,2,37.5Hz11kN,2250,11.0,Bearing2_3,3,293,37.5Hz11kN/Bearing2_3/293.csv,validation,32768,25600,1.28,1,240
XJTU-SY,2,37.5Hz11kN,2250,11.0,Bearing2_3,3,294,37.5Hz11kN/Bearing2_3/294.csv,validation,32768,25600,1.28,1,239
XJTU-SY,2,37.5Hz11kN,2250,11.0,Bearing2_3,3,295,37.5Hz11kN/Bearing2_3/295.csv,validation,32768,25600,1.28,1,238
XJTU-SY,2,37.5Hz11kN,2250,11.0,Bearing2_3,3,296,37.5Hz11kN/Bearing2_3/296.csv,validation,32768,25600,1.28,1,237
XJTU-SY,2,37.5Hz11kN,2250,11.0,Bearing2_3,3,297,37.5Hz11kN/Bearing2_3/297.csv,validation,32768,25600,1.28,1,236
XJTU-SY,2,37.5Hz11kN,2250,11.0,Bearing2_3,3,298,37.5Hz11kN/Bearing2_3/298.csv,validation,32768,25600,1.28,1,235
XJTU-SY,2,37.5Hz11kN,2250,11.0,Bearing2_3,3,299,37.5Hz11kN/Bearing2_3/299.csv,validation,32768,25600,1.28,1,234
XJTU-SY,2,37.5Hz11kN,2250,11.0,Bearing2_3,3,300,37.5Hz11kN/Bearing2_3/300.csv,validation,32768,25600,1.28,1,233
XJTU-SY,2,37.5Hz11kN,2250,11.0,Bearing2_3,3,301,37.5Hz11kN/Bearing2_3/301.csv,validation,32768,25600,1.28,1,232
XJTU-SY,2,37.5Hz11kN,2250,11.0,Bearing2_3,3,302,37.5Hz11kN/Bearing2_3/302.csv,validation,32768,25600,1.28,1,231
XJTU-SY,2,37.5Hz11kN,2250,11.0,Bearing2_3,3,303,37.5Hz11kN/Bearing2_3/303.csv,validation,32768,25600,1.28,1,230
XJTU-SY,2,37.5Hz11kN,2250,11.0,Bearing2_3,3,304,37.5Hz11kN/Bearing2_3/304.csv,validation,32768,25600,1.28,1,229
XJTU-SY,2,37.5Hz11kN,2250,11.0,Bearing2_3,3,305,37.5Hz11kN/Bearing2_3/305.csv,validation,32768,25600,1.28,1,228
XJTU-SY,2,37.5Hz11kN,2250,11.0,Bearing2_3,3,306,37.5Hz11kN/Bearing2_3/306.csv,validation,32768,25600,1.28,1,227
XJTU-SY,2,37.5Hz11kN,2250,11.0,Bearing2_3,3,307,37.5Hz11kN/Bearing2_3/307.csv,validation,32768,25600,1.28,1,226
XJTU-SY,2,37.5Hz11kN,2250,11.0,Bearing2_3,3,308,37.5Hz11kN/Bearing2_3/308.csv,validation,32768,25600,1.28,1,225
XJTU-SY,2,37.5Hz11kN,2250,11.0,Bearing2_3,3,309,37.5Hz11kN/Bearing2_3/309.csv,validation,32768,25600,1.28,1,224
XJTU-SY,2,37.5Hz11kN,2250,11.0,Bearing2_3,3,310,37.5Hz11kN/Bearing2_3/310.csv,validation,32768,25600,1.28,1,223
XJTU-SY,2,37.5Hz11kN,2250,11.0,Bearing2_3,3,311,37.5Hz11kN/Bearing2_3/311.csv,validation,32768,25600,1.28,1,222
XJTU-SY,2,37.5Hz11kN,2250,11.0,Bearing2_3,3,312,37.5Hz11kN/Bearing2_3/312.csv,validation,32768,25600,1.28,1,221
XJTU-SY,2,37.5Hz11kN,2250,11.0,Bearing2_3,3,313,37.5Hz11kN/Bearing2_3/313.csv,validation,32768,25600,1.28,1,220
XJTU-SY,2,37.5Hz11kN,2250,11.0,Bearing2_3,3,314,37.5Hz11kN/Bearing2_3/314.csv,validation,32768,25600,1.28,1,219
XJTU-SY,2,37.5Hz11kN,2250,11.0,Bearing2_3,3,315,37.5Hz11kN/Bearing2_3/315.csv,validation,32768,25600,1.28,1,218
XJTU-SY,2,37.5Hz11kN,2250,11.0,Bearing2_3,3,316,37.5Hz11kN/Bearing2_3/316.csv,validation,32768,25600,1.28,1,217
XJTU-SY,2,37.5Hz11kN,2250,11.0,Bearing2_3,3,317,37.5Hz11kN/Bearing2_3/317.csv,validation,32768,25600,1.28,1,216
XJTU-SY,2,37.5Hz11kN,2250,11.0,Bearing2_3,3,318,37.5Hz11kN/Bearing2_3/318.csv,validation,32768,25600,1.28,1,215
XJTU-SY,2,37.5Hz11kN,2250,11.0,Bearing2_3,3,319,37.5Hz11kN/Bearing2_3/319.csv,validation,32768,25600,1.28,1,214
XJTU-SY,2,37.5Hz11kN,2250,11.0,Bearing2_3,3,320,37.5Hz11kN/Bearing2_3/320.csv,validation,32768,25600,1.28,1,213
XJTU-SY,2,37.5Hz11kN,2250,11.0,Bearing2_3,3,321,37.5Hz11kN/Bearing2_3/321.csv,validation,32768,25600,1.28,1,212
XJTU-SY,2,37.5Hz11kN,2250,11.0,Bearing2_3,3,322,37.5Hz11kN/Bearing2_3/322.csv,validation,32768,25600,1.28,1,211
XJTU-SY,2,37.5Hz11kN,2250,11.0,Bearing2_3,3,323,37.5Hz11kN/Bearing2_3/323.csv,validation,32768,25600,1.28,1,210
XJTU-SY,2,37.5Hz11kN,2250,11.0,Bearing2_3,3,324,37.5Hz11kN/Bearing2_3/324.csv,validation,32768,25600,1.28,1,209
XJTU-SY,2,37.5Hz11kN,2250,11.0,Bearing2_3,3,325,37.5Hz11kN/Bearing2_3/325.csv,validation,32768,25600,1.28,1,208
XJTU-SY,2,37.5Hz11kN,2250,11.0,Bearing2_3,3,326,37.5Hz11kN/Bearing2_3/326.csv,validation,32768,25600,1.28,1,207
XJTU-SY,2,37.5Hz11kN,2250,11.0,Bearing2_3,3,327,37.5Hz11kN/Bearing2_3/327.csv,validation,32768,25600,1.28,1,206
XJTU-SY,2,37.5Hz11kN,2250,11.0,Bearing2_3,3,328,37.5Hz11kN/Bearing2_3/328.csv,validation,32768,25600,1.28,1,205
XJTU-SY,2,37.5Hz11kN,2250,11.0,Bearing2_3,3,329,37.5Hz11kN/Bearing2_3/329.csv,validation,32768,25600,1.28,1,204
XJTU-SY,2,37.5Hz11kN,2250,11.0,Bearing2_3,3,330,37.5Hz11kN/Bearing2_3/330.csv,validation,32768,25600,1.28,1,203
XJTU-SY,2,37.5Hz11kN,2250,11.0,Bearing2_3,3,331,37.5Hz11kN/Bearing2_3/331.csv,validation,32768,25600,1.28,1,202
XJTU-SY,2,37.5Hz11kN,2250,11.0,Bearing2_3,3,332,37.5Hz11kN/Bearing2_3/332.csv,validation,32768,25600,1.28,1,201
XJTU-SY,2,37.5Hz11kN,2250,11.0,Bearing2_3,3,333,37.5Hz11kN/Bearing2_3/333.csv,validation,32768,25600,1.28,1,200
XJTU-SY,2,37.5Hz11kN,2250,11.0,Bearing2_3,3,334,37.5Hz11kN/Bearing2_3/334.csv,validation,32768,25600,1.28,1,199
XJTU-SY,2,37.5Hz11kN,2250,11.0,Bearing2_3,3,335,37.5Hz11kN/Bearing2_3/335.csv,validation,32768,25600,1.28,1,198
XJTU-SY,2,37.5Hz11kN,2250,11.0,Bearing2_3,3,336,37.5Hz11kN/Bearing2_3/336.csv,validation,32768,25600,1.28,1,197
XJTU-SY,2,37.5Hz11kN,2250,11.0,Bearing2_3,3,337,37.5Hz11kN/Bearing2_3/337.csv,validation,32768,25600,1.28,1,196
XJTU-SY,2,37.5Hz11kN,2250,11.0,Bearing2_3,3,338,37.5Hz11kN/Bearing2_3/338.csv,validation,32768,25600,1.28,1,195
XJTU-SY,2,37.5Hz11kN,2250,11.0,Bearing2_3,3,339,37.5Hz11kN/Bearing2_3/339.csv,validation,32768,25600,1.28,1,194
XJTU-SY,2,37.5Hz11kN,2250,11.0,Bearing2_3,3,340,37.5Hz11kN/Bearing2_3/340.csv,validation,32768,25600,1.28,1,193
XJTU-SY,2,37.5Hz11kN,2250,11.0,Bearing2_3,3,341,37.5Hz11kN/Bearing2_3/341.csv,validation,32768,25600,1.28,1,192
XJTU-SY,2,37.5Hz11kN,2250,11.0,Bearing2_3,3,342,37.5Hz11kN/Bearing2_3/342.csv,validation,32768,25600,1.28,1,191
XJTU-SY,2,37.5Hz11kN,2250,11.0,Bearing2_3,3,343,37.5Hz11kN/Bearing2_3/343.csv,validation,32768,25600,1.28,1,190
XJTU-SY,2,37.5Hz11kN,2250,11.0,Bearing2_3,3,344,37.5Hz11kN/Bearing2_3/344.csv,validation,32768,25600,1.28,1,189
XJTU-SY,2,37.5Hz11kN,2250,11.0,Bearing2_3,3,345,37.5Hz11kN/Bearing2_3/345.csv,validation,32768,25600,1.28,1,188
XJTU-SY,2,37.5Hz11kN,2250,11.0,Bearing2_3,3,346,37.5Hz11kN/Bearing2_3/346.csv,validation,32768,25600,1.28,1,187
XJTU-SY,2,37.5Hz11kN,2250,11.0,Bearing2_3,3,347,37.5Hz11kN/Bearing2_3/347.csv,validation,32768,25600,1.28,1,186
XJTU-SY,2,37.5Hz11kN,2250,11.0,Bearing2_3,3,348,37.5Hz11kN/Bearing2_3/348.csv,validation,32768,25600,1.28,1,185
XJTU-SY,2,37.5Hz11kN,2250,11.0,Bearing2_3,3,349,37.5Hz11kN/Bearing2_3/349.csv,validation,32768,25600,1.28,1,184
XJTU-SY,2,37.5Hz11kN,2250,11.0,Bearing2_3,3,350,37.5Hz11kN/Bearing2_3/350.csv,validation,32768,25600,1.28,1,183
XJTU-SY,2,37.5Hz11kN,2250,11.0,Bearing2_3,3,351,37.5Hz11kN/Bearing2_3/351.csv,validation,32768,25600,1.28,1,182
XJTU-SY,2,37.5Hz11kN,2250,11.0,Bearing2_3,3,352,37.5Hz11kN/Bearing2_3/352.csv,validation,32768,25600,1.28,1,181
XJTU-SY,2,37.5Hz11kN,2250,11.0,Bearing2_3,3,353,37.5Hz11kN/Bearing2_3/353.csv,validation,32768,25600,1.28,1,180
XJTU-SY,2,37.5Hz11kN,2250,11.0,Bearing2_3,3,354,37.5Hz11kN/Bearing2_3/354.csv,validation,32768,25600,1.28,1,179
XJTU-SY,2,37.5Hz11kN,2250,11.0,Bearing2_3,3,355,37.5Hz11kN/Bearing2_3/355.csv,validation,32768,25600,1.28,1,178
XJTU-SY,2,37.5Hz11kN,2250,11.0,Bearing2_3,3,356,37.5Hz11kN/Bearing2_3/356.csv,validation,32768,25600,1.28,1,177
XJTU-SY,2,37.5Hz11kN,2250,11.0,Bearing2_3,3,357,37.5Hz11kN/Bearing2_3/357.csv,validation,32768,25600,1.28,1,176
XJTU-SY,2,37.5Hz11kN,2250,11.0,Bearing2_3,3,358,37.5Hz11kN/Bearing2_3/358.csv,validation,32768,25600,1.28,1,175
XJTU-SY,2,37.5Hz11kN,2250,11.0,Bearing2_3,3,359,37.5Hz11kN/Bearing2_3/359.csv,validation,32768,25600,1.28,1,174
XJTU-SY,2,37.5Hz11kN,2250,11.0,Bearing2_3,3,360,37.5Hz11kN/Bearing2_3/360.csv,validation,32768,25600,1.28,1,173
XJTU-SY,2,37.5Hz11kN,2250,11.0,Bearing2_3,3,361,37.5Hz11kN/Bearing2_3/361.csv,validation,32768,25600,1.28,1,172
XJTU-SY,2,37.5Hz11kN,2250,11.0,Bearing2_3,3,362,37.5Hz11kN/Bearing2_3/362.csv,validation,32768,25600,1.28,1,171
XJTU-SY,2,37.5Hz11kN,2250,11.0,Bearing2_3,3,363,37.5Hz11kN/Bearing2_3/363.csv,validation,32768,25600,1.28,1,170
XJTU-SY,2,37.5Hz11kN,2250,11.0,Bearing2_3,3,364,37.5Hz11kN/Bearing2_3/364.csv,validation,32768,25600,1.28,1,169
XJTU-SY,2,37.5Hz11kN,2250,11.0,Bearing2_3,3,365,37.5Hz11kN/Bearing2_3/365.csv,validation,32768,25600,1.28,1,168
XJTU-SY,2,37.5Hz11kN,2250,11.0,Bearing2_3,3,366,37.5Hz11kN/Bearing2_3/366.csv,validation,32768,25600,1.28,1,167
XJTU-SY,2,37.5Hz11kN,2250,11.0,Bearing2_3,3,367,37.5Hz11kN/Bearing2_3/367.csv,validation,32768,25600,1.28,1,166
XJTU-SY,2,37.5Hz11kN,2250,11.0,Bearing2_3,3,368,37.5Hz11kN/Bearing2_3/368.csv,validation,32768,25600,1.28,1,165
XJTU-SY,2,37.5Hz11kN,2250,11.0,Bearing2_3,3,369,37.5Hz11kN/Bearing2_3/369.csv,validation,32768,25600,1.28,1,164
XJTU-SY,2,37.5Hz11kN,2250,11.0,Bearing2_3,3,370,37.5Hz11kN/Bearing2_3/370.csv,validation,32768,25600,1.28,1,163
XJTU-SY,2,37.5Hz11kN,2250,11.0,Bearing2_3,3,371,37.5Hz11kN/Bearing2_3/371.csv,validation,32768,25600,1.28,1,162
XJTU-SY,2,37.5Hz11kN,2250,11.0,Bearing2_3,3,372,37.5Hz11kN/Bearing2_3/372.csv,validation,32768,25600,1.28,1,161
XJTU-SY,2,37.5Hz11kN,2250,11.0,Bearing2_3,3,373,37.5Hz11kN/Bearing2_3/373.csv,validation,32768,25600,1.28,1,160
XJTU-SY,2,37.5Hz11kN,2250,11.0,Bearing2_3,3,374,37.5Hz11kN/Bearing2_3/374.csv,validation,32768,25600,1.28,1,159
XJTU-SY,2,37.5Hz11kN,2250,11.0,Bearing2_3,3,375,37.5Hz11kN/Bearing2_3/375.csv,validation,32768,25600,1.28,1,158
XJTU-SY,2,37.5Hz11kN,2250,11.0,Bearing2_3,3,376,37.5Hz11kN/Bearing2_3/376.csv,validation,32768,25600,1.28,1,157
XJTU-SY,2,37.5Hz11kN,2250,11.0,Bearing2_3,3,377,37.5Hz11kN/Bearing2_3/377.csv,validation,32768,25600,1.28,1,156
XJTU-SY,2,37.5Hz11kN,2250,11.0,Bearing2_3,3,378,37.5Hz11kN/Bearing2_3/378.csv,validation,32768,25600,1.28,1,155
XJTU-SY,2,37.5Hz11kN,2250,11.0,Bearing2_3,3,379,37.5Hz11kN/Bearing2_3/379.csv,validation,32768,25600,1.28,1,154
XJTU-SY,2,37.5Hz11kN,2250,11.0,Bearing2_3,3,380,37.5Hz11kN/Bearing2_3/380.csv,validation,32768,25600,1.28,1,153
XJTU-SY,2,37.5Hz11kN,2250,11.0,Bearing2_3,3,381,37.5Hz11kN/Bearing2_3/381.csv,validation,32768,25600,1.28,1,152
XJTU-SY,2,37.5Hz11kN,2250,11.0,Bearing2_3,3,382,37.5Hz11kN/Bearing2_3/382.csv,validation,32768,25600,1.28,1,151
XJTU-SY,2,37.5Hz11kN,2250,11.0,Bearing2_3,3,383,37.5Hz11kN/Bearing2_3/383.csv,validation,32768,25600,1.28,1,150
XJTU-SY,2,37.5Hz11kN,2250,11.0,Bearing2_3,3,384,37.5Hz11kN/Bearing2_3/384.csv,validation,32768,25600,1.28,1,149
XJTU-SY,2,37.5Hz11kN,2250,11.0,Bearing2_3,3,385,37.5Hz11kN/Bearing2_3/385.csv,validation,32768,25600,1.28,1,148
XJTU-SY,2,37.5Hz11kN,2250,11.0,Bearing2_3,3,386,37.5Hz11kN/Bearing2_3/386.csv,validation,32768,25600,1.28,1,147
XJTU-SY,2,37.5Hz11kN,2250,11.0,Bearing2_3,3,387,37.5Hz11kN/Bearing2_3/387.csv,validation,32768,25600,1.28,1,146
XJTU-SY,2,37.5Hz11kN,2250,11.0,Bearing2_3,3,388,37.5Hz11kN/Bearing2_3/388.csv,validation,32768,25600,1.28,1,145
XJTU-SY,2,37.5Hz11kN,2250,11.0,Bearing2_3,3,389,37.5Hz11kN/Bearing2_3/389.csv,validation,32768,25600,1.28,1,144
XJTU-SY,2,37.5Hz11kN,2250,11.0,Bearing2_3,3,390,37.5Hz11kN/Bearing2_3/390.csv,validation,32768,25600,1.28,1,143
XJTU-SY,2,37.5Hz11kN,2250,11.0,Bearing2_3,3,391,37.5Hz11kN/Bearing2_3/391.csv,validation,32768,25600,1.28,1,142
XJTU-SY,2,37.5Hz11kN,2250,11.0,Bearing2_3,3,392,37.5Hz11kN/Bearing2_3/392.csv,validation,32768,25600,1.28,1,141
XJTU-SY,2,37.5Hz11kN,2250,11.0,Bearing2_3,3,393,37.5Hz11kN/Bearing2_3/393.csv,validation,32768,25600,1.28,1,140
XJTU-SY,2,37.5Hz11kN,2250,11.0,Bearing2_3,3,394,37.5Hz11kN/Bearing2_3/394.csv,validation,32768,25600,1.28,1,139
XJTU-SY,2,37.5Hz11kN,2250,11.0,Bearing2_3,3,395,37.5Hz11kN/Bearing2_3/395.csv,validation,32768,25600,1.28,1,138
XJTU-SY,2,37.5Hz11kN,2250,11.0,Bearing2_3,3,396,37.5Hz11kN/Bearing2_3/396.csv,validation,32768,25600,1.28,1,137
XJTU-SY,2,37.5Hz11kN,2250,11.0,Bearing2_3,3,397,37.5Hz11kN/Bearing2_3/397.csv,validation,32768,25600,1.28,1,136
XJTU-SY,2,37.5Hz11kN,2250,11.0,Bearing2_3,3,398,37.5Hz11kN/Bearing2_3/398.csv,validation,32768,25600,1.28,1,135
XJTU-SY,2,37.5Hz11kN,2250,11.0,Bearing2_3,3,399,37.5Hz11kN/Bearing2_3/399.csv,validation,32768,25600,1.28,1,134
XJTU-SY,2,37.5Hz11kN,2250,11.0,Bearing2_3,3,400,37.5Hz11kN/Bearing2_3/400.csv,validation,32768,25600,1.28,1,133
XJTU-SY,2,37.5Hz11kN,2250,11.0,Bearing2_3,3,401,37.5Hz11kN/Bearing2_3/401.csv,validation,32768,25600,1.28,1,132
XJTU-SY,2,37.5Hz11kN,2250,11.0,Bearing2_3,3,402,37.5Hz11kN/Bearing2_3/402.csv,validation,32768,25600,1.28,1,131
XJTU-SY,2,37.5Hz11kN,2250,11.0,Bearing2_3,3,403,37.5Hz11kN/Bearing2_3/403.csv,validation,32768,25600,1.28,1,130
XJTU-SY,2,37.5Hz11kN,2250,11.0,Bearing2_3,3,404,37.5Hz11kN/Bearing2_3/404.csv,validation,32768,25600,1.28,1,129
XJTU-SY,2,37.5Hz11kN,2250,11.0,Bearing2_3,3,405,37.5Hz11kN/Bearing2_3/405.csv,validation,32768,25600,1.28,1,128
XJTU-SY,2,37.5Hz11kN,2250,11.0,Bearing2_3,3,406,37.5Hz11kN/Bearing2_3/406.csv,validation,32768,25600,1.28,1,127
XJTU-SY,2,37.5Hz11kN,2250,11.0,Bearing2_3,3,407,37.5Hz11kN/Bearing2_3/407.csv,validation,32768,25600,1.28,1,126
XJTU-SY,2,37.5Hz11kN,2250,11.0,Bearing2_3,3,408,37.5Hz11kN/Bearing2_3/408.csv,validation,32768,25600,1.28,1,125
XJTU-SY,2,37.5Hz11kN,2250,11.0,Bearing2_3,3,409,37.5Hz11kN/Bearing2_3/409.csv,validation,32768,25600,1.28,1,124
XJTU-SY,2,37.5Hz11kN,2250,11.0,Bearing2_3,3,410,37.5Hz11kN/Bearing2_3/410.csv,validation,32768,25600,1.28,1,123
XJTU-SY,2,37.5Hz11kN,2250,11.0,Bearing2_3,3,411,37.5Hz11kN/Bearing2_3/411.csv,validation,32768,25600,1.28,1,122
XJTU-SY,2,37.5Hz11kN,2250,11.0,Bearing2_3,3,412,37.5Hz11kN/Bearing2_3/412.csv,validation,32768,25600,1.28,1,121
XJTU-SY,2,37.5Hz11kN,2250,11.0,Bearing2_3,3,413,37.5Hz11kN/Bearing2_3/413.csv,validation,32768,25600,1.28,1,120
XJTU-SY,2,37.5Hz11kN,2250,11.0,Bearing2_3,3,414,37.5Hz11kN/Bearing2_3/414.csv,validation,32768,25600,1.28,1,119
XJTU-SY,2,37.5Hz11kN,2250,11.0,Bearing2_3,3,415,37.5Hz11kN/Bearing2_3/415.csv,validation,32768,25600,1.28,1,118
XJTU-SY,2,37.5Hz11kN,2250,11.0,Bearing2_3,3,416,37.5Hz11kN/Bearing2_3/416.csv,validation,32768,25600,1.28,1,117
XJTU-SY,2,37.5Hz11kN,2250,11.0,Bearing2_3,3,417,37.5Hz11kN/Bearing2_3/417.csv,validation,32768,25600,1.28,1,116
XJTU-SY,2,37.5Hz11kN,2250,11.0,Bearing2_3,3,418,37.5Hz11kN/Bearing2_3/418.csv,validation,32768,25600,1.28,1,115
XJTU-SY,2,37.5Hz11kN,2250,11.0,Bearing2_3,3,419,37.5Hz11kN/Bearing2_3/419.csv,validation,32768,25600,1.28,1,114
XJTU-SY,2,37.5Hz11kN,2250,11.0,Bearing2_3,3,420,37.5Hz11kN/Bearing2_3/420.csv,validation,32768,25600,1.28,1,113
XJTU-SY,2,37.5Hz11kN,2250,11.0,Bearing2_3,3,421,37.5Hz11kN/Bearing2_3/421.csv,validation,32768,25600,1.28,1,112
XJTU-SY,2,37.5Hz11kN,2250,11.0,Bearing2_3,3,422,37.5Hz11kN/Bearing2_3/422.csv,validation,32768,25600,1.28,1,111
XJTU-SY,2,37.5Hz11kN,2250,11.0,Bearing2_3,3,423,37.5Hz11kN/Bearing2_3/423.csv,validation,32768,25600,1.28,1,110
XJTU-SY,2,37.5Hz11kN,2250,11.0,Bearing2_3,3,424,37.5Hz11kN/Bearing2_3/424.csv,validation,32768,25600,1.28,1,109
XJTU-SY,2,37.5Hz11kN,2250,11.0,Bearing2_3,3,425,37.5Hz11kN/Bearing2_3/425.csv,validation,32768,25600,1.28,1,108
XJTU-SY,2,37.5Hz11kN,2250,11.0,Bearing2_3,3,426,37.5Hz11kN/Bearing2_3/426.csv,validation,32768,25600,1.28,1,107
XJTU-SY,2,37.5Hz11kN,2250,11.0,Bearing2_3,3,427,37.5Hz11kN/Bearing2_3/427.csv,validation,32768,25600,1.28,1,106
XJTU-SY,2,37.5Hz11kN,2250,11.0,Bearing2_3,3,428,37.5Hz11kN/Bearing2_3/428.csv,validation,32768,25600,1.28,1,105
XJTU-SY,2,37.5Hz11kN,2250,11.0,Bearing2_3,3,429,37.5Hz11kN/Bearing2_3/429.csv,validation,32768,25600,1.28,1,104
XJTU-SY,2,37.5Hz11kN,2250,11.0,Bearing2_3,3,430,37.5Hz11kN/Bearing2_3/430.csv,validation,32768,25600,1.28,1,103
XJTU-SY,2,37.5Hz11kN,2250,11.0,Bearing2_3,3,431,37.5Hz11kN/Bearing2_3/431.csv,validation,32768,25600,1.28,1,102
XJTU-SY,2,37.5Hz11kN,2250,11.0,Bearing2_3,3,432,37.5Hz11kN/Bearing2_3/432.csv,validation,32768,25600,1.28,1,101
XJTU-SY,2,37.5Hz11kN,2250,11.0,Bearing2_3,3,433,37.5Hz11kN/Bearing2_3/433.csv,validation,32768,25600,1.28,1,100
XJTU-SY,2,37.5Hz11kN,2250,11.0,Bearing2_3,3,434,37.5Hz11kN/Bearing2_3/434.csv,validation,32768,25600,1.28,1,99
XJTU-SY,2,37.5Hz11kN,2250,11.0,Bearing2_3,3,435,37.5Hz11kN/Bearing2_3/435.csv,validation,32768,25600,1.28,1,98
XJTU-SY,2,37.5Hz11kN,2250,11.0,Bearing2_3,3,436,37.5Hz11kN/Bearing2_3/436.csv,validation,32768,25600,1.28,1,97
XJTU-SY,2,37.5Hz11kN,2250,11.0,Bearing2_3,3,437,37.5Hz11kN/Bearing2_3/437.csv,validation,32768,25600,1.28,1,96
XJTU-SY,2,37.5Hz11kN,2250,11.0,Bearing2_3,3,438,37.5Hz11kN/Bearing2_3/438.csv,validation,32768,25600,1.28,1,95
XJTU-SY,2,37.5Hz11kN,2250,11.0,Bearing2_3,3,439,37.5Hz11kN/Bearing2_3/439.csv,validation,32768,25600,1.28,1,94
XJTU-SY,2,37.5Hz11kN,2250,11.0,Bearing2_3,3,440,37.5Hz11kN/Bearing2_3/440.csv,validation,32768,25600,1.28,1,93
XJTU-SY,2,37.5Hz11kN,2250,11.0,Bearing2_3,3,441,37.5Hz11kN/Bearing2_3/441.csv,validation,32768,25600,1.28,1,92
XJTU-SY,2,37.5Hz11kN,2250,11.0,Bearing2_3,3,442,37.5Hz11kN/Bearing2_3/442.csv,validation,32768,25600,1.28,1,91
XJTU-SY,2,37.5Hz11kN,2250,11.0,Bearing2_3,3,443,37.5Hz11kN/Bearing2_3/443.csv,validation,32768,25600,1.28,1,90
XJTU-SY,2,37.5Hz11kN,2250,11.0,Bearing2_3,3,444,37.5Hz11kN/Bearing2_3/444.csv,validation,32768,25600,1.28,1,89
XJTU-SY,2,37.5Hz11kN,2250,11.0,Bearing2_3,3,445,37.5Hz11kN/Bearing2_3/445.csv,validation,32768,25600,1.28,1,88
XJTU-SY,2,37.5Hz11kN,2250,11.0,Bearing2_3,3,446,37.5Hz11kN/Bearing2_3/446.csv,validation,32768,25600,1.28,1,87
XJTU-SY,2,37.5Hz11kN,2250,11.0,Bearing2_3,3,447,37.5Hz11kN/Bearing2_3/447.csv,validation,32768,25600,1.28,1,86
XJTU-SY,2,37.5Hz11kN,2250,11.0,Bearing2_3,3,448,37.5Hz11kN/Bearing2_3/448.csv,validation,32768,25600,1.28,1,85
XJTU-SY,2,37.5Hz11kN,2250,11.0,Bearing2_3,3,449,37.5Hz11kN/Bearing2_3/449.csv,validation,32768,25600,1.28,1,84
XJTU-SY,2,37.5Hz11kN,2250,11.0,Bearing2_3,3,450,37.5Hz11kN/Bearing2_3/450.csv,validation,32768,25600,1.28,1,83
XJTU-SY,2,37.5Hz11kN,2250,11.0,Bearing2_3,3,451,37.5Hz11kN/Bearing2_3/451.csv,validation,32768,25600,1.28,1,82
XJTU-SY,2,37.5Hz11kN,2250,11.0,Bearing2_3,3,452,37.5Hz11kN/Bearing2_3/452.csv,validation,32768,25600,1.28,1,81
XJTU-SY,2,37.5Hz11kN,2250,11.0,Bearing2_3,3,453,37.5Hz11kN/Bearing2_3/453.csv,validation,32768,25600,1.28,1,80
XJTU-SY,2,37.5Hz11kN,2250,11.0,Bearing2_3,3,454,37.5Hz11kN/Bearing2_3/454.csv,validation,32768,25600,1.28,1,79
XJTU-SY,2,37.5Hz11kN,2250,11.0,Bearing2_3,3,455,37.5Hz11kN/Bearing2_3/455.csv,validation,32768,25600,1.28,1,78
XJTU-SY,2,37.5Hz11kN,2250,11.0,Bearing2_3,3,456,37.5Hz11kN/Bearing2_3/456.csv,validation,32768,25600,1.28,1,77
XJTU-SY,2,37.5Hz11kN,2250,11.0,Bearing2_3,3,457,37.5Hz11kN/Bearing2_3/457.csv,validation,32768,25600,1.28,1,76
XJTU-SY,2,37.5Hz11kN,2250,11.0,Bearing2_3,3,458,37.5Hz11kN/Bearing2_3/458.csv,validation,32768,25600,1.28,1,75
XJTU-SY,2,37.5Hz11kN,2250,11.0,Bearing2_3,3,459,37.5Hz11kN/Bearing2_3/459.csv,validation,32768,25600,1.28,1,74
XJTU-SY,2,37.5Hz11kN,2250,11.0,Bearing2_3,3,460,37.5Hz11kN/Bearing2_3/460.csv,validation,32768,25600,1.28,1,73
XJTU-SY,2,37.5Hz11kN,2250,11.0,Bearing2_3,3,461,37.5Hz11kN/Bearing2_3/461.csv,validation,32768,25600,1.28,1,72
XJTU-SY,2,37.5Hz11kN,2250,11.0,Bearing2_3,3,462,37.5Hz11kN/Bearing2_3/462.csv,validation,32768,25600,1.28,1,71
XJTU-SY,2,37.5Hz11kN,2250,11.0,Bearing2_3,3,463,37.5Hz11kN/Bearing2_3/463.csv,validation,32768,25600,1.28,1,70
XJTU-SY,2,37.5Hz11kN,2250,11.0,Bearing2_3,3,464,37.5Hz11kN/Bearing2_3/464.csv,validation,32768,25600,1.28,1,69
XJTU-SY,2,37.5Hz11kN,2250,11.0,Bearing2_3,3,465,37.5Hz11kN/Bearing2_3/465.csv,validation,32768,25600,1.28,1,68
XJTU-SY,2,37.5Hz11kN,2250,11.0,Bearing2_3,3,466,37.5Hz11kN/Bearing2_3/466.csv,validation,32768,25600,1.28,1,67
XJTU-SY,2,37.5Hz11kN,2250,11.0,Bearing2_3,3,467,37.5Hz11kN/Bearing2_3/467.csv,validation,32768,25600,1.28,1,66
XJTU-SY,2,37.5Hz11kN,2250,11.0,Bearing2_3,3,468,37.5Hz11kN/Bearing2_3/468.csv,validation,32768,25600,1.28,1,65
XJTU-SY,2,37.5Hz11kN,2250,11.0,Bearing2_3,3,469,37.5Hz11kN/Bearing2_3/469.csv,validation,32768,25600,1.28,1,64
XJTU-SY,2,37.5Hz11kN,2250,11.0,Bearing2_3,3,470,37.5Hz11kN/Bearing2_3/470.csv,validation,32768,25600,1.28,1,63
XJTU-SY,2,37.5Hz11kN,2250,11.0,Bearing2_3,3,471,37.5Hz11kN/Bearing2_3/471.csv,validation,32768,25600,1.28,1,62
XJTU-SY,2,37.5Hz11kN,2250,11.0,Bearing2_3,3,472,37.5Hz11kN/Bearing2_3/472.csv,validation,32768,25600,1.28,1,61
XJTU-SY,2,37.5Hz11kN,2250,11.0,Bearing2_3,3,473,37.5Hz11kN/Bearing2_3/473.csv,validation,32768,25600,1.28,1,60
XJTU-SY,2,37.5Hz11kN,2250,11.0,Bearing2_3,3,474,37.5Hz11kN/Bearing2_3/474.csv,validation,32768,25600,1.28,1,59
XJTU-SY,2,37.5Hz11kN,2250,11.0,Bearing2_3,3,475,37.5Hz11kN/Bearing2_3/475.csv,validation,32768,25600,1.28,1,58
XJTU-SY,2,37.5Hz11kN,2250,11.0,Bearing2_3,3,476,37.5Hz11kN/Bearing2_3/476.csv,validation,32768,25600,1.28,1,57
XJTU-SY,2,37.5Hz11kN,2250,11.0,Bearing2_3,3,477,37.5Hz11kN/Bearing2_3/477.csv,validation,32768,25600,1.28,1,56
XJTU-SY,2,37.5Hz11kN,2250,11.0,Bearing2_3,3,478,37.5Hz11kN/Bearing2_3/478.csv,validation,32768,25600,1.28,1,55
XJTU-SY,2,37.5Hz11kN,2250,11.0,Bearing2_3,3,479,37.5Hz11kN/Bearing2_3/479.csv,validation,32768,25600,1.28,1,54
XJTU-SY,2,37.5Hz11kN,2250,11.0,Bearing2_3,3,480,37.5Hz11kN/Bearing2_3/480.csv,validation,32768,25600,1.28,1,53
XJTU-SY,2,37.5Hz11kN,2250,11.0,Bearing2_3,3,481,37.5Hz11kN/Bearing2_3/481.csv,validation,32768,25600,1.28,1,52
XJTU-SY,2,37.5Hz11kN,2250,11.0,Bearing2_3,3,482,37.5Hz11kN/Bearing2_3/482.csv,validation,32768,25600,1.28,1,51
XJTU-SY,2,37.5Hz11kN,2250,11.0,Bearing2_3,3,483,37.5Hz11kN/Bearing2_3/483.csv,validation,32768,25600,1.28,1,50
XJTU-SY,2,37.5Hz11kN,2250,11.0,Bearing2_3,3,484,37.5Hz11kN/Bearing2_3/484.csv,validation,32768,25600,1.28,1,49
XJTU-SY,2,37.5Hz11kN,2250,11.0,Bearing2_3,3,485,37.5Hz11kN/Bearing2_3/485.csv,validation,32768,25600,1.28,1,48
XJTU-SY,2,37.5Hz11kN,2250,11.0,Bearing2_3,3,486,37.5Hz11kN/Bearing2_3/486.csv,validation,32768,25600,1.28,1,47
XJTU-SY,2,37.5Hz11kN,2250,11.0,Bearing2_3,3,487,37.5Hz11kN/Bearing2_3/487.csv,validation,32768,25600,1.28,1,46
XJTU-SY,2,37.5Hz11kN,2250,11.0,Bearing2_3,3,488,37.5Hz11kN/Bearing2_3/488.csv,validation,32768,25600,1.28,1,45
XJTU-SY,2,37.5Hz11kN,2250,11.0,Bearing2_3,3,489,37.5Hz11kN/Bearing2_3/489.csv,validation,32768,25600,1.28,1,44
XJTU-SY,2,37.5Hz11kN,2250,11.0,Bearing2_3,3,490,37.5Hz11kN/Bearing2_3/490.csv,validation,32768,25600,1.28,1,43
XJTU-SY,2,37.5Hz11kN,2250,11.0,Bearing2_3,3,491,37.5Hz11kN/Bearing2_3/491.csv,validation,32768,25600,1.28,1,42
XJTU-SY,2,37.5Hz11kN,2250,11.0,Bearing2_3,3,492,37.5Hz11kN/Bearing2_3/492.csv,validation,32768,25600,1.28,1,41
XJTU-SY,2,37.5Hz11kN,2250,11.0,Bearing2_3,3,493,37.5Hz11kN/Bearing2_3/493.csv,validation,32768,25600,1.28,1,40
XJTU-SY,2,37.5Hz11kN,2250,11.0,Bearing2_3,3,494,37.5Hz11kN/Bearing2_3/494.csv,validation,32768,25600,1.28,1,39
XJTU-SY,2,37.5Hz11kN,2250,11.0,Bearing2_3,3,495,37.5Hz11kN/Bearing2_3/495.csv,validation,32768,25600,1.28,1,38
XJTU-SY,2,37.5Hz11kN,2250,11.0,Bearing2_3,3,496,37.5Hz11kN/Bearing2_3/496.csv,validation,32768,25600,1.28,1,37
XJTU-SY,2,37.5Hz11kN,2250,11.0,Bearing2_3,3,497,37.5Hz11kN/Bearing2_3/497.csv,validation,32768,25600,1.28,1,36
XJTU-SY,2,37.5Hz11kN,2250,11.0,Bearing2_3,3,498,37.5Hz11kN/Bearing2_3/498.csv,validation,32768,25600,1.28,1,35
XJTU-SY,2,37.5Hz11kN,2250,11.0,Bearing2_3,3,499,37.5Hz11kN/Bearing2_3/499.csv,validation,32768,25600,1.28,1,34
XJTU-SY,2,37.5Hz11kN,2250,11.0,Bearing2_3,3,500,37.5Hz11kN/Bearing2_3/500.csv,validation,32768,25600,1.28,1,33
XJTU-SY,2,37.5Hz11kN,2250,11.0,Bearing2_3,3,501,37.5Hz11kN/Bearing2_3/501.csv,validation,32768,25600,1.28,1,32
XJTU-SY,2,37.5Hz11kN,2250,11.0,Bearing2_3,3,502,37.5Hz11kN/Bearing2_3/502.csv,validation,32768,25600,1.28,1,31
XJTU-SY,2,37.5Hz11kN,2250,11.0,Bearing2_3,3,503,37.5Hz11kN/Bearing2_3/503.csv,validation,32768,25600,1.28,1,30
XJTU-SY,2,37.5Hz11kN,2250,11.0,Bearing2_3,3,504,37.5Hz11kN/Bearing2_3/504.csv,validation,32768,25600,1.28,1,29
XJTU-SY,2,37.5Hz11kN,2250,11.0,Bearing2_3,3,505,37.5Hz11kN/Bearing2_3/505.csv,validation,32768,25600,1.28,1,28
XJTU-SY,2,37.5Hz11kN,2250,11.0,Bearing2_3,3,506,37.5Hz11kN/Bearing2_3/506.csv,validation,32768,25600,1.28,1,27
XJTU-SY,2,37.5Hz11kN,2250,11.0,Bearing2_3,3,507,37.5Hz11kN/Bearing2_3/507.csv,validation,32768,25600,1.28,1,26
XJTU-SY,2,37.5Hz11kN,2250,11.0,Bearing2_3,3,508,37.5Hz11kN/Bearing2_3/508.csv,validation,32768,25600,1.28,1,25
XJTU-SY,2,37.5Hz11kN,2250,11.0,Bearing2_3,3,509,37.5Hz11kN/Bearing2_3/509.csv,validation,32768,25600,1.28,1,24
XJTU-SY,2,37.5Hz11kN,2250,11.0,Bearing2_3,3,510,37.5Hz11kN/Bearing2_3/510.csv,validation,32768,25600,1.28,1,23
XJTU-SY,2,37.5Hz11kN,2250,11.0,Bearing2_3,3,511,37.5Hz11kN/Bearing2_3/511.csv,validation,32768,25600,1.28,1,22
XJTU-SY,2,37.5Hz11kN,2250,11.0,Bearing2_3,3,512,37.5Hz11kN/Bearing2_3/512.csv,validation,32768,25600,1.28,1,21
XJTU-SY,2,37.5Hz11kN,2250,11.0,Bearing2_3,3,513,37.5Hz11kN/Bearing2_3/513.csv,validation,32768,25600,1.28,1,20
XJTU-SY,2,37.5Hz11kN,2250,11.0,Bearing2_3,3,514,37.5Hz11kN/Bearing2_3/514.csv,validation,32768,25600,1.28,1,19
XJTU-SY,2,37.5Hz11kN,2250,11.0,Bearing2_3,3,515,37.5Hz11kN/Bearing2_3/515.csv,validation,32768,25600,1.28,1,18
XJTU-SY,2,37.5Hz11kN,2250,11.0,Bearing2_3,3,516,37.5Hz11kN/Bearing2_3/516.csv,validation,32768,25600,1.28,1,17
XJTU-SY,2,37.5Hz11kN,2250,11.0,Bearing2_3,3,517,37.5Hz11kN/Bearing2_3/517.csv,validation,32768,25600,1.28,1,16
XJTU-SY,2,37.5Hz11kN,2250,11.0,Bearing2_3,3,518,37.5Hz11kN/Bearing2_3/518.csv,validation,32768,25600,1.28,1,15
XJTU-SY,2,37.5Hz11kN,2250,11.0,Bearing2_3,3,519,37.5Hz11kN/Bearing2_3/519.csv,validation,32768,25600,1.28,1,14
XJTU-SY,2,37.5Hz11kN,2250,11.0,Bearing2_3,3,520,37.5Hz11kN/Bearing2_3/520.csv,validation,32768,25600,1.28,1,13
XJTU-SY,2,37.5Hz11kN,2250,11.0,Bearing2_3,3,521,37.5Hz11kN/Bearing2_3/521.csv,validation,32768,25600,1.28,1,12
XJTU-SY,2,37.5Hz11kN,2250,11.0,Bearing2_3,3,522,37.5Hz11kN/Bearing2_3/522.csv,validation,32768,25600,1.28,1,11
XJTU-SY,2,37.5Hz11kN,2250,11.0,Bearing2_3,3,523,37.5Hz11kN/Bearing2_3/523.csv,validation,32768,25600,1.28,1,10
XJTU-SY,2,37.5Hz11kN,2250,11.0,Bearing2_3,3,524,37.5Hz11kN/Bearing2_3/524.csv,validation,32768,25600,1.28,1,9
XJTU-SY,2,37.5Hz11kN,2250,11.0,Bearing2_3,3,525,37.5Hz11kN/Bearing2_3/525.csv,validation,32768,25600,1.28,1,8
XJTU-SY,2,37.5Hz11kN,2250,11.0,Bearing2_3,3,526,37.5Hz11kN/Bearing2_3/526.csv,validation,32768,25600,1.28,1,7
XJTU-SY,2,37.5Hz11kN,2250,11.0,Bearing2_3,3,527,37.5Hz11kN/Bearing2_3/527.csv,validation,32768,25600,1.28,1,6
XJTU-SY,2,37.5Hz11kN,2250,11.0,Bearing2_3,3,528,37.5Hz11kN/Bearing2_3/528.csv,validation,32768,25600,1.28,1,5
XJTU-SY,2,37.5Hz11kN,2250,11.0,Bearing2_3,3,529,37.5Hz11kN/Bearing2_3/529.csv,validation,32768,25600,1.28,1,4
XJTU-SY,2,37.5Hz11kN,2250,11.0,Bearing2_3,3,530,37.5Hz11kN/Bearing2_3/530.csv,validation,32768,25600,1.28,1,3
XJTU-SY,2,37.5Hz11kN,2250,11.0,Bearing2_3,3,531,37.5Hz11kN/Bearing2_3/531.csv,validation,32768,25600,1.28,1,2
XJTU-SY,2,37.5Hz11kN,2250,11.0,Bearing2_3,3,532,37.5Hz11kN/Bearing2_3/532.csv,validation,32768,25600,1.28,1,1
XJTU-SY,2,37.5Hz11kN,2250,11.0,Bearing2_3,3,533,37.5Hz11kN/Bearing2_3/533.csv,validation,32768,25600,1.28,1,0
XJTU-SY,2,37.5Hz11kN,2250,11.0,Bearing2_4,4,1,37.5Hz11kN/Bearing2_4/1.csv,test,32768,25600,1.28,1,41
XJTU-SY,2,37.5Hz11kN,2250,11.0,Bearing2_4,4,2,37.5Hz11kN/Bearing2_4/2.csv,test,32768,25600,1.28,1,40
XJTU-SY,2,37.5Hz11kN,2250,11.0,Bearing2_4,4,3,37.5Hz11kN/Bearing2_4/3.csv,test,32768,25600,1.28,1,39
XJTU-SY,2,37.5Hz11kN,2250,11.0,Bearing2_4,4,4,37.5Hz11kN/Bearing2_4/4.csv,test,32768,25600,1.28,1,38
XJTU-SY,2,37.5Hz11kN,2250,11.0,Bearing2_4,4,5,37.5Hz11kN/Bearing2_4/5.csv,test,32768,25600,1.28,1,37
XJTU-SY,2,37.5Hz11kN,2250,11.0,Bearing2_4,4,6,37.5Hz11kN/Bearing2_4/6.csv,test,32768,25600,1.28,1,36
XJTU-SY,2,37.5Hz11kN,2250,11.0,Bearing2_4,4,7,37.5Hz11kN/Bearing2_4/7.csv,test,32768,25600,1.28,1,35
XJTU-SY,2,37.5Hz11kN,2250,11.0,Bearing2_4,4,8,37.5Hz11kN/Bearing2_4/8.csv,test,32768,25600,1.28,1,34
XJTU-SY,2,37.5Hz11kN,2250,11.0,Bearing2_4,4,9,37.5Hz11kN/Bearing2_4/9.csv,test,32768,25600,1.28,1,33
XJTU-SY,2,37.5Hz11kN,2250,11.0,Bearing2_4,4,10,37.5Hz11kN/Bearing2_4/10.csv,test,32768,25600,1.28,1,32
XJTU-SY,2,37.5Hz11kN,2250,11.0,Bearing2_4,4,11,37.5Hz11kN/Bearing2_4/11.csv,test,32768,25600,1.28,1,31
XJTU-SY,2,37.5Hz11kN,2250,11.0,Bearing2_4,4,12,37.5Hz11kN/Bearing2_4/12.csv,test,32768,25600,1.28,1,30
XJTU-SY,2,37.5Hz11kN,2250,11.0,Bearing2_4,4,13,37.5Hz11kN/Bearing2_4/13.csv,test,32768,25600,1.28,1,29
XJTU-SY,2,37.5Hz11kN,2250,11.0,Bearing2_4,4,14,37.5Hz11kN/Bearing2_4/14.csv,test,32768,25600,1.28,1,28
XJTU-SY,2,37.5Hz11kN,2250,11.0,Bearing2_4,4,15,37.5Hz11kN/Bearing2_4/15.csv,test,32768,25600,1.28,1,27
XJTU-SY,2,37.5Hz11kN,2250,11.0,Bearing2_4,4,16,37.5Hz11kN/Bearing2_4/16.csv,test,32768,25600,1.28,1,26
XJTU-SY,2,37.5Hz11kN,2250,11.0,Bearing2_4,4,17,37.5Hz11kN/Bearing2_4/17.csv,test,32768,25600,1.28,1,25
XJTU-SY,2,37.5Hz11kN,2250,11.0,Bearing2_4,4,18,37.5Hz11kN/Bearing2_4/18.csv,test,32768,25600,1.28,1,24
XJTU-SY,2,37.5Hz11kN,2250,11.0,Bearing2_4,4,19,37.5Hz11kN/Bearing2_4/19.csv,test,32768,25600,1.28,1,23
XJTU-SY,2,37.5Hz11kN,2250,11.0,Bearing2_4,4,20,37.5Hz11kN/Bearing2_4/20.csv,test,32768,25600,1.28,1,22
XJTU-SY,2,37.5Hz11kN,2250,11.0,Bearing2_4,4,21,37.5Hz11kN/Bearing2_4/21.csv,test,32768,25600,1.28,1,21
XJTU-SY,2,37.5Hz11kN,2250,11.0,Bearing2_4,4,22,37.5Hz11kN/Bearing2_4/22.csv,test,32768,25600,1.28,1,20
XJTU-SY,2,37.5Hz11kN,2250,11.0,Bearing2_4,4,23,37.5Hz11kN/Bearing2_4/23.csv,test,32768,25600,1.28,1,19
XJTU-SY,2,37.5Hz11kN,2250,11.0,Bearing2_4,4,24,37.5Hz11kN/Bearing2_4/24.csv,test,32768,25600,1.28,1,18
XJTU-SY,2,37.5Hz11kN,2250,11.0,Bearing2_4,4,25,37.5Hz11kN/Bearing2_4/25.csv,test,32768,25600,1.28,1,17
XJTU-SY,2,37.5Hz11kN,2250,11.0,Bearing2_4,4,26,37.5Hz11kN/Bearing2_4/26.csv,test,32768,25600,1.28,1,16
XJTU-SY,2,37.5Hz11kN,2250,11.0,Bearing2_4,4,27,37.5Hz11kN/Bearing2_4/27.csv,test,32768,25600,1.28,1,15
XJTU-SY,2,37.5Hz11kN,2250,11.0,Bearing2_4,4,28,37.5Hz11kN/Bearing2_4/28.csv,test,32768,25600,1.28,1,14
XJTU-SY,2,37.5Hz11kN,2250,11.0,Bearing2_4,4,29,37.5Hz11kN/Bearing2_4/29.csv,test,32768,25600,1.28,1,13
XJTU-SY,2,37.5Hz11kN,2250,11.0,Bearing2_4,4,30,37.5Hz11kN/Bearing2_4/30.csv,test,32768,25600,1.28,1,12
XJTU-SY,2,37.5Hz11kN,2250,11.0,Bearing2_4,4,31,37.5Hz11kN/Bearing2_4/31.csv,test,32768,25600,1.28,1,11
XJTU-SY,2,37.5Hz11kN,2250,11.0,Bearing2_4,4,32,37.5Hz11kN/Bearing2_4/32.csv,test,32768,25600,1.28,1,10
XJTU-SY,2,37.5Hz11kN,2250,11.0,Bearing2_4,4,33,37.5Hz11kN/Bearing2_4/33.csv,test,32768,25600,1.28,1,9
XJTU-SY,2,37.5Hz11kN,2250,11.0,Bearing2_4,4,34,37.5Hz11kN/Bearing2_4/34.csv,test,32768,25600,1.28,1,8
XJTU-SY,2,37.5Hz11kN,2250,11.0,Bearing2_4,4,35,37.5Hz11kN/Bearing2_4/35.csv,test,32768,25600,1.28,1,7
XJTU-SY,2,37.5Hz11kN,2250,11.0,Bearing2_4,4,36,37.5Hz11kN/Bearing2_4/36.csv,test,32768,25600,1.28,1,6
XJTU-SY,2,37.5Hz11kN,2250,11.0,Bearing2_4,4,37,37.5Hz11kN/Bearing2_4/37.csv,test,32768,25600,1.28,1,5
XJTU-SY,2,37.5Hz11kN,2250,11.0,Bearing2_4,4,38,37.5Hz11kN/Bearing2_4/38.csv,test,32768,25600,1.28,1,4
XJTU-SY,2,37.5Hz11kN,2250,11.0,Bearing2_4,4,39,37.5Hz11kN/Bearing2_4/39.csv,test,32768,25600,1.28,1,3
XJTU-SY,2,37.5Hz11kN,2250,11.0,Bearing2_4,4,40,37.5Hz11kN/Bearing2_4/40.csv,test,32768,25600,1.28,1,2
XJTU-SY,2,37.5Hz11kN,2250,11.0,Bearing2_4,4,41,37.5Hz11kN/Bearing2_4/41.csv,test,32768,25600,1.28,1,1
XJTU-SY,2,37.5Hz11kN,2250,11.0,Bearing2_4,4,42,37.5Hz11kN/Bearing2_4/42.csv,test,32768,25600,1.28,1,0
XJTU-SY,2,37.5Hz11kN,2250,11.0,Bearing2_5,5,1,37.5Hz11kN/Bearing2_5/1.csv,test,32768,25600,1.28,1,338
XJTU-SY,2,37.5Hz11kN,2250,11.0,Bearing2_5,5,2,37.5Hz11kN/Bearing2_5/2.csv,test,32768,25600,1.28,1,337
XJTU-SY,2,37.5Hz11kN,2250,11.0,Bearing2_5,5,3,37.5Hz11kN/Bearing2_5/3.csv,test,32768,25600,1.28,1,336
XJTU-SY,2,37.5Hz11kN,2250,11.0,Bearing2_5,5,4,37.5Hz11kN/Bearing2_5/4.csv,test,32768,25600,1.28,1,335
XJTU-SY,2,37.5Hz11kN,2250,11.0,Bearing2_5,5,5,37.5Hz11kN/Bearing2_5/5.csv,test,32768,25600,1.28,1,334
XJTU-SY,2,37.5Hz11kN,2250,11.0,Bearing2_5,5,6,37.5Hz11kN/Bearing2_5/6.csv,test,32768,25600,1.28,1,333
XJTU-SY,2,37.5Hz11kN,2250,11.0,Bearing2_5,5,7,37.5Hz11kN/Bearing2_5/7.csv,test,32768,25600,1.28,1,332
XJTU-SY,2,37.5Hz11kN,2250,11.0,Bearing2_5,5,8,37.5Hz11kN/Bearing2_5/8.csv,test,32768,25600,1.28,1,331
XJTU-SY,2,37.5Hz11kN,2250,11.0,Bearing2_5,5,9,37.5Hz11kN/Bearing2_5/9.csv,test,32768,25600,1.28,1,330
XJTU-SY,2,37.5Hz11kN,2250,11.0,Bearing2_5,5,10,37.5Hz11kN/Bearing2_5/10.csv,test,32768,25600,1.28,1,329
XJTU-SY,2,37.5Hz11kN,2250,11.0,Bearing2_5,5,11,37.5Hz11kN/Bearing2_5/11.csv,test,32768,25600,1.28,1,328
XJTU-SY,2,37.5Hz11kN,2250,11.0,Bearing2_5,5,12,37.5Hz11kN/Bearing2_5/12.csv,test,32768,25600,1.28,1,327
XJTU-SY,2,37.5Hz11kN,2250,11.0,Bearing2_5,5,13,37.5Hz11kN/Bearing2_5/13.csv,test,32768,25600,1.28,1,326
XJTU-SY,2,37.5Hz11kN,2250,11.0,Bearing2_5,5,14,37.5Hz11kN/Bearing2_5/14.csv,test,32768,25600,1.28,1,325
XJTU-SY,2,37.5Hz11kN,2250,11.0,Bearing2_5,5,15,37.5Hz11kN/Bearing2_5/15.csv,test,32768,25600,1.28,1,324
XJTU-SY,2,37.5Hz11kN,2250,11.0,Bearing2_5,5,16,37.5Hz11kN/Bearing2_5/16.csv,test,32768,25600,1.28,1,323
XJTU-SY,2,37.5Hz11kN,2250,11.0,Bearing2_5,5,17,37.5Hz11kN/Bearing2_5/17.csv,test,32768,25600,1.28,1,322
XJTU-SY,2,37.5Hz11kN,2250,11.0,Bearing2_5,5,18,37.5Hz11kN/Bearing2_5/18.csv,test,32768,25600,1.28,1,321
XJTU-SY,2,37.5Hz11kN,2250,11.0,Bearing2_5,5,19,37.5Hz11kN/Bearing2_5/19.csv,test,32768,25600,1.28,1,320
XJTU-SY,2,37.5Hz11kN,2250,11.0,Bearing2_5,5,20,37.5Hz11kN/Bearing2_5/20.csv,test,32768,25600,1.28,1,319
XJTU-SY,2,37.5Hz11kN,2250,11.0,Bearing2_5,5,21,37.5Hz11kN/Bearing2_5/21.csv,test,32768,25600,1.28,1,318
XJTU-SY,2,37.5Hz11kN,2250,11.0,Bearing2_5,5,22,37.5Hz11kN/Bearing2_5/22.csv,test,32768,25600,1.28,1,317
XJTU-SY,2,37.5Hz11kN,2250,11.0,Bearing2_5,5,23,37.5Hz11kN/Bearing2_5/23.csv,test,32768,25600,1.28,1,316
XJTU-SY,2,37.5Hz11kN,2250,11.0,Bearing2_5,5,24,37.5Hz11kN/Bearing2_5/24.csv,test,32768,25600,1.28,1,315
XJTU-SY,2,37.5Hz11kN,2250,11.0,Bearing2_5,5,25,37.5Hz11kN/Bearing2_5/25.csv,test,32768,25600,1.28,1,314
XJTU-SY,2,37.5Hz11kN,2250,11.0,Bearing2_5,5,26,37.5Hz11kN/Bearing2_5/26.csv,test,32768,25600,1.28,1,313
XJTU-SY,2,37.5Hz11kN,2250,11.0,Bearing2_5,5,27,37.5Hz11kN/Bearing2_5/27.csv,test,32768,25600,1.28,1,312
XJTU-SY,2,37.5Hz11kN,2250,11.0,Bearing2_5,5,28,37.5Hz11kN/Bearing2_5/28.csv,test,32768,25600,1.28,1,311
XJTU-SY,2,37.5Hz11kN,2250,11.0,Bearing2_5,5,29,37.5Hz11kN/Bearing2_5/29.csv,test,32768,25600,1.28,1,310
XJTU-SY,2,37.5Hz11kN,2250,11.0,Bearing2_5,5,30,37.5Hz11kN/Bearing2_5/30.csv,test,32768,25600,1.28,1,309
XJTU-SY,2,37.5Hz11kN,2250,11.0,Bearing2_5,5,31,37.5Hz11kN/Bearing2_5/31.csv,test,32768,25600,1.28,1,308
XJTU-SY,2,37.5Hz11kN,2250,11.0,Bearing2_5,5,32,37.5Hz11kN/Bearing2_5/32.csv,test,32768,25600,1.28,1,307
XJTU-SY,2,37.5Hz11kN,2250,11.0,Bearing2_5,5,33,37.5Hz11kN/Bearing2_5/33.csv,test,32768,25600,1.28,1,306
XJTU-SY,2,37.5Hz11kN,2250,11.0,Bearing2_5,5,34,37.5Hz11kN/Bearing2_5/34.csv,test,32768,25600,1.28,1,305
XJTU-SY,2,37.5Hz11kN,2250,11.0,Bearing2_5,5,35,37.5Hz11kN/Bearing2_5/35.csv,test,32768,25600,1.28,1,304
XJTU-SY,2,37.5Hz11kN,2250,11.0,Bearing2_5,5,36,37.5Hz11kN/Bearing2_5/36.csv,test,32768,25600,1.28,1,303
XJTU-SY,2,37.5Hz11kN,2250,11.0,Bearing2_5,5,37,37.5Hz11kN/Bearing2_5/37.csv,test,32768,25600,1.28,1,302
XJTU-SY,2,37.5Hz11kN,2250,11.0,Bearing2_5,5,38,37.5Hz11kN/Bearing2_5/38.csv,test,32768,25600,1.28,1,301
XJTU-SY,2,37.5Hz11kN,2250,11.0,Bearing2_5,5,39,37.5Hz11kN/Bearing2_5/39.csv,test,32768,25600,1.28,1,300
XJTU-SY,2,37.5Hz11kN,2250,11.0,Bearing2_5,5,40,37.5Hz11kN/Bearing2_5/40.csv,test,32768,25600,1.28,1,299
XJTU-SY,2,37.5Hz11kN,2250,11.0,Bearing2_5,5,41,37.5Hz11kN/Bearing2_5/41.csv,test,32768,25600,1.28,1,298
XJTU-SY,2,37.5Hz11kN,2250,11.0,Bearing2_5,5,42,37.5Hz11kN/Bearing2_5/42.csv,test,32768,25600,1.28,1,297
XJTU-SY,2,37.5Hz11kN,2250,11.0,Bearing2_5,5,43,37.5Hz11kN/Bearing2_5/43.csv,test,32768,25600,1.28,1,296
XJTU-SY,2,37.5Hz11kN,2250,11.0,Bearing2_5,5,44,37.5Hz11kN/Bearing2_5/44.csv,test,32768,25600,1.28,1,295
XJTU-SY,2,37.5Hz11kN,2250,11.0,Bearing2_5,5,45,37.5Hz11kN/Bearing2_5/45.csv,test,32768,25600,1.28,1,294
XJTU-SY,2,37.5Hz11kN,2250,11.0,Bearing2_5,5,46,37.5Hz11kN/Bearing2_5/46.csv,test,32768,25600,1.28,1,293
XJTU-SY,2,37.5Hz11kN,2250,11.0,Bearing2_5,5,47,37.5Hz11kN/Bearing2_5/47.csv,test,32768,25600,1.28,1,292
XJTU-SY,2,37.5Hz11kN,2250,11.0,Bearing2_5,5,48,37.5Hz11kN/Bearing2_5/48.csv,test,32768,25600,1.28,1,291
XJTU-SY,2,37.5Hz11kN,2250,11.0,Bearing2_5,5,49,37.5Hz11kN/Bearing2_5/49.csv,test,32768,25600,1.28,1,290
XJTU-SY,2,37.5Hz11kN,2250,11.0,Bearing2_5,5,50,37.5Hz11kN/Bearing2_5/50.csv,test,32768,25600,1.28,1,289
XJTU-SY,2,37.5Hz11kN,2250,11.0,Bearing2_5,5,51,37.5Hz11kN/Bearing2_5/51.csv,test,32768,25600,1.28,1,288
XJTU-SY,2,37.5Hz11kN,2250,11.0,Bearing2_5,5,52,37.5Hz11kN/Bearing2_5/52.csv,test,32768,25600,1.28,1,287
XJTU-SY,2,37.5Hz11kN,2250,11.0,Bearing2_5,5,53,37.5Hz11kN/Bearing2_5/53.csv,test,32768,25600,1.28,1,286
XJTU-SY,2,37.5Hz11kN,2250,11.0,Bearing2_5,5,54,37.5Hz11kN/Bearing2_5/54.csv,test,32768,25600,1.28,1,285
XJTU-SY,2,37.5Hz11kN,2250,11.0,Bearing2_5,5,55,37.5Hz11kN/Bearing2_5/55.csv,test,32768,25600,1.28,1,284
XJTU-SY,2,37.5Hz11kN,2250,11.0,Bearing2_5,5,56,37.5Hz11kN/Bearing2_5/56.csv,test,32768,25600,1.28,1,283
XJTU-SY,2,37.5Hz11kN,2250,11.0,Bearing2_5,5,57,37.5Hz11kN/Bearing2_5/57.csv,test,32768,25600,1.28,1,282
XJTU-SY,2,37.5Hz11kN,2250,11.0,Bearing2_5,5,58,37.5Hz11kN/Bearing2_5/58.csv,test,32768,25600,1.28,1,281
XJTU-SY,2,37.5Hz11kN,2250,11.0,Bearing2_5,5,59,37.5Hz11kN/Bearing2_5/59.csv,test,32768,25600,1.28,1,280
XJTU-SY,2,37.5Hz11kN,2250,11.0,Bearing2_5,5,60,37.5Hz11kN/Bearing2_5/60.csv,test,32768,25600,1.28,1,279
XJTU-SY,2,37.5Hz11kN,2250,11.0,Bearing2_5,5,61,37.5Hz11kN/Bearing2_5/61.csv,test,32768,25600,1.28,1,278
XJTU-SY,2,37.5Hz11kN,2250,11.0,Bearing2_5,5,62,37.5Hz11kN/Bearing2_5/62.csv,test,32768,25600,1.28,1,277
XJTU-SY,2,37.5Hz11kN,2250,11.0,Bearing2_5,5,63,37.5Hz11kN/Bearing2_5/63.csv,test,32768,25600,1.28,1,276
XJTU-SY,2,37.5Hz11kN,2250,11.0,Bearing2_5,5,64,37.5Hz11kN/Bearing2_5/64.csv,test,32768,25600,1.28,1,275
XJTU-SY,2,37.5Hz11kN,2250,11.0,Bearing2_5,5,65,37.5Hz11kN/Bearing2_5/65.csv,test,32768,25600,1.28,1,274
XJTU-SY,2,37.5Hz11kN,2250,11.0,Bearing2_5,5,66,37.5Hz11kN/Bearing2_5/66.csv,test,32768,25600,1.28,1,273
XJTU-SY,2,37.5Hz11kN,2250,11.0,Bearing2_5,5,67,37.5Hz11kN/Bearing2_5/67.csv,test,32768,25600,1.28,1,272
XJTU-SY,2,37.5Hz11kN,2250,11.0,Bearing2_5,5,68,37.5Hz11kN/Bearing2_5/68.csv,test,32768,25600,1.28,1,271
XJTU-SY,2,37.5Hz11kN,2250,11.0,Bearing2_5,5,69,37.5Hz11kN/Bearing2_5/69.csv,test,32768,25600,1.28,1,270
XJTU-SY,2,37.5Hz11kN,2250,11.0,Bearing2_5,5,70,37.5Hz11kN/Bearing2_5/70.csv,test,32768,25600,1.28,1,269
XJTU-SY,2,37.5Hz11kN,2250,11.0,Bearing2_5,5,71,37.5Hz11kN/Bearing2_5/71.csv,test,32768,25600,1.28,1,268
XJTU-SY,2,37.5Hz11kN,2250,11.0,Bearing2_5,5,72,37.5Hz11kN/Bearing2_5/72.csv,test,32768,25600,1.28,1,267
XJTU-SY,2,37.5Hz11kN,2250,11.0,Bearing2_5,5,73,37.5Hz11kN/Bearing2_5/73.csv,test,32768,25600,1.28,1,266
XJTU-SY,2,37.5Hz11kN,2250,11.0,Bearing2_5,5,74,37.5Hz11kN/Bearing2_5/74.csv,test,32768,25600,1.28,1,265
XJTU-SY,2,37.5Hz11kN,2250,11.0,Bearing2_5,5,75,37.5Hz11kN/Bearing2_5/75.csv,test,32768,25600,1.28,1,264
XJTU-SY,2,37.5Hz11kN,2250,11.0,Bearing2_5,5,76,37.5Hz11kN/Bearing2_5/76.csv,test,32768,25600,1.28,1,263
XJTU-SY,2,37.5Hz11kN,2250,11.0,Bearing2_5,5,77,37.5Hz11kN/Bearing2_5/77.csv,test,32768,25600,1.28,1,262
XJTU-SY,2,37.5Hz11kN,2250,11.0,Bearing2_5,5,78,37.5Hz11kN/Bearing2_5/78.csv,test,32768,25600,1.28,1,261
XJTU-SY,2,37.5Hz11kN,2250,11.0,Bearing2_5,5,79,37.5Hz11kN/Bearing2_5/79.csv,test,32768,25600,1.28,1,260
XJTU-SY,2,37.5Hz11kN,2250,11.0,Bearing2_5,5,80,37.5Hz11kN/Bearing2_5/80.csv,test,32768,25600,1.28,1,259
XJTU-SY,2,37.5Hz11kN,2250,11.0,Bearing2_5,5,81,37.5Hz11kN/Bearing2_5/81.csv,test,32768,25600,1.28,1,258
XJTU-SY,2,37.5Hz11kN,2250,11.0,Bearing2_5,5,82,37.5Hz11kN/Bearing2_5/82.csv,test,32768,25600,1.28,1,257
XJTU-SY,2,37.5Hz11kN,2250,11.0,Bearing2_5,5,83,37.5Hz11kN/Bearing2_5/83.csv,test,32768,25600,1.28,1,256
XJTU-SY,2,37.5Hz11kN,2250,11.0,Bearing2_5,5,84,37.5Hz11kN/Bearing2_5/84.csv,test,32768,25600,1.28,1,255
XJTU-SY,2,37.5Hz11kN,2250,11.0,Bearing2_5,5,85,37.5Hz11kN/Bearing2_5/85.csv,test,32768,25600,1.28,1,254
XJTU-SY,2,37.5Hz11kN,2250,11.0,Bearing2_5,5,86,37.5Hz11kN/Bearing2_5/86.csv,test,32768,25600,1.28,1,253
XJTU-SY,2,37.5Hz11kN,2250,11.0,Bearing2_5,5,87,37.5Hz11kN/Bearing2_5/87.csv,test,32768,25600,1.28,1,252
XJTU-SY,2,37.5Hz11kN,2250,11.0,Bearing2_5,5,88,37.5Hz11kN/Bearing2_5/88.csv,test,32768,25600,1.28,1,251
XJTU-SY,2,37.5Hz11kN,2250,11.0,Bearing2_5,5,89,37.5Hz11kN/Bearing2_5/89.csv,test,32768,25600,1.28,1,250
XJTU-SY,2,37.5Hz11kN,2250,11.0,Bearing2_5,5,90,37.5Hz11kN/Bearing2_5/90.csv,test,32768,25600,1.28,1,249
XJTU-SY,2,37.5Hz11kN,2250,11.0,Bearing2_5,5,91,37.5Hz11kN/Bearing2_5/91.csv,test,32768,25600,1.28,1,248
XJTU-SY,2,37.5Hz11kN,2250,11.0,Bearing2_5,5,92,37.5Hz11kN/Bearing2_5/92.csv,test,32768,25600,1.28,1,247
XJTU-SY,2,37.5Hz11kN,2250,11.0,Bearing2_5,5,93,37.5Hz11kN/Bearing2_5/93.csv,test,32768,25600,1.28,1,246
XJTU-SY,2,37.5Hz11kN,2250,11.0,Bearing2_5,5,94,37.5Hz11kN/Bearing2_5/94.csv,test,32768,25600,1.28,1,245
XJTU-SY,2,37.5Hz11kN,2250,11.0,Bearing2_5,5,95,37.5Hz11kN/Bearing2_5/95.csv,test,32768,25600,1.28,1,244
XJTU-SY,2,37.5Hz11kN,2250,11.0,Bearing2_5,5,96,37.5Hz11kN/Bearing2_5/96.csv,test,32768,25600,1.28,1,243
XJTU-SY,2,37.5Hz11kN,2250,11.0,Bearing2_5,5,97,37.5Hz11kN/Bearing2_5/97.csv,test,32768,25600,1.28,1,242
XJTU-SY,2,37.5Hz11kN,2250,11.0,Bearing2_5,5,98,37.5Hz11kN/Bearing2_5/98.csv,test,32768,25600,1.28,1,241
XJTU-SY,2,37.5Hz11kN,2250,11.0,Bearing2_5,5,99,37.5Hz11kN/Bearing2_5/99.csv,test,32768,25600,1.28,1,240
XJTU-SY,2,37.5Hz11kN,2250,11.0,Bearing2_5,5,100,37.5Hz11kN/Bearing2_5/100.csv,test,32768,25600,1.28,1,239
XJTU-SY,2,37.5Hz11kN,2250,11.0,Bearing2_5,5,101,37.5Hz11kN/Bearing2_5/101.csv,test,32768,25600,1.28,1,238
XJTU-SY,2,37.5Hz11kN,2250,11.0,Bearing2_5,5,102,37.5Hz11kN/Bearing2_5/102.csv,test,32768,25600,1.28,1,237
XJTU-SY,2,37.5Hz11kN,2250,11.0,Bearing2_5,5,103,37.5Hz11kN/Bearing2_5/103.csv,test,32768,25600,1.28,1,236
XJTU-SY,2,37.5Hz11kN,2250,11.0,Bearing2_5,5,104,37.5Hz11kN/Bearing2_5/104.csv,test,32768,25600,1.28,1,235
XJTU-SY,2,37.5Hz11kN,2250,11.0,Bearing2_5,5,105,37.5Hz11kN/Bearing2_5/105.csv,test,32768,25600,1.28,1,234
XJTU-SY,2,37.5Hz11kN,2250,11.0,Bearing2_5,5,106,37.5Hz11kN/Bearing2_5/106.csv,test,32768,25600,1.28,1,233
XJTU-SY,2,37.5Hz11kN,2250,11.0,Bearing2_5,5,107,37.5Hz11kN/Bearing2_5/107.csv,test,32768,25600,1.28,1,232
XJTU-SY,2,37.5Hz11kN,2250,11.0,Bearing2_5,5,108,37.5Hz11kN/Bearing2_5/108.csv,test,32768,25600,1.28,1,231
XJTU-SY,2,37.5Hz11kN,2250,11.0,Bearing2_5,5,109,37.5Hz11kN/Bearing2_5/109.csv,test,32768,25600,1.28,1,230
XJTU-SY,2,37.5Hz11kN,2250,11.0,Bearing2_5,5,110,37.5Hz11kN/Bearing2_5/110.csv,test,32768,25600,1.28,1,229
XJTU-SY,2,37.5Hz11kN,2250,11.0,Bearing2_5,5,111,37.5Hz11kN/Bearing2_5/111.csv,test,32768,25600,1.28,1,228
XJTU-SY,2,37.5Hz11kN,2250,11.0,Bearing2_5,5,112,37.5Hz11kN/Bearing2_5/112.csv,test,32768,25600,1.28,1,227
XJTU-SY,2,37.5Hz11kN,2250,11.0,Bearing2_5,5,113,37.5Hz11kN/Bearing2_5/113.csv,test,32768,25600,1.28,1,226
XJTU-SY,2,37.5Hz11kN,2250,11.0,Bearing2_5,5,114,37.5Hz11kN/Bearing2_5/114.csv,test,32768,25600,1.28,1,225
XJTU-SY,2,37.5Hz11kN,2250,11.0,Bearing2_5,5,115,37.5Hz11kN/Bearing2_5/115.csv,test,32768,25600,1.28,1,224
XJTU-SY,2,37.5Hz11kN,2250,11.0,Bearing2_5,5,116,37.5Hz11kN/Bearing2_5/116.csv,test,32768,25600,1.28,1,223
XJTU-SY,2,37.5Hz11kN,2250,11.0,Bearing2_5,5,117,37.5Hz11kN/Bearing2_5/117.csv,test,32768,25600,1.28,1,222
XJTU-SY,2,37.5Hz11kN,2250,11.0,Bearing2_5,5,118,37.5Hz11kN/Bearing2_5/118.csv,test,32768,25600,1.28,1,221
XJTU-SY,2,37.5Hz11kN,2250,11.0,Bearing2_5,5,119,37.5Hz11kN/Bearing2_5/119.csv,test,32768,25600,1.28,1,220
XJTU-SY,2,37.5Hz11kN,2250,11.0,Bearing2_5,5,120,37.5Hz11kN/Bearing2_5/120.csv,test,32768,25600,1.28,1,219
XJTU-SY,2,37.5Hz11kN,2250,11.0,Bearing2_5,5,121,37.5Hz11kN/Bearing2_5/121.csv,test,32768,25600,1.28,1,218
XJTU-SY,2,37.5Hz11kN,2250,11.0,Bearing2_5,5,122,37.5Hz11kN/Bearing2_5/122.csv,test,32768,25600,1.28,1,217
XJTU-SY,2,37.5Hz11kN,2250,11.0,Bearing2_5,5,123,37.5Hz11kN/Bearing2_5/123.csv,test,32768,25600,1.28,1,216
XJTU-SY,2,37.5Hz11kN,2250,11.0,Bearing2_5,5,124,37.5Hz11kN/Bearing2_5/124.csv,test,32768,25600,1.28,1,215
XJTU-SY,2,37.5Hz11kN,2250,11.0,Bearing2_5,5,125,37.5Hz11kN/Bearing2_5/125.csv,test,32768,25600,1.28,1,214
XJTU-SY,2,37.5Hz11kN,2250,11.0,Bearing2_5,5,126,37.5Hz11kN/Bearing2_5/126.csv,test,32768,25600,1.28,1,213
XJTU-SY,2,37.5Hz11kN,2250,11.0,Bearing2_5,5,127,37.5Hz11kN/Bearing2_5/127.csv,test,32768,25600,1.28,1,212
XJTU-SY,2,37.5Hz11kN,2250,11.0,Bearing2_5,5,128,37.5Hz11kN/Bearing2_5/128.csv,test,32768,25600,1.28,1,211
XJTU-SY,2,37.5Hz11kN,2250,11.0,Bearing2_5,5,129,37.5Hz11kN/Bearing2_5/129.csv,test,32768,25600,1.28,1,210
XJTU-SY,2,37.5Hz11kN,2250,11.0,Bearing2_5,5,130,37.5Hz11kN/Bearing2_5/130.csv,test,32768,25600,1.28,1,209
XJTU-SY,2,37.5Hz11kN,2250,11.0,Bearing2_5,5,131,37.5Hz11kN/Bearing2_5/131.csv,test,32768,25600,1.28,1,208
XJTU-SY,2,37.5Hz11kN,2250,11.0,Bearing2_5,5,132,37.5Hz11kN/Bearing2_5/132.csv,test,32768,25600,1.28,1,207
XJTU-SY,2,37.5Hz11kN,2250,11.0,Bearing2_5,5,133,37.5Hz11kN/Bearing2_5/133.csv,test,32768,25600,1.28,1,206
XJTU-SY,2,37.5Hz11kN,2250,11.0,Bearing2_5,5,134,37.5Hz11kN/Bearing2_5/134.csv,test,32768,25600,1.28,1,205
XJTU-SY,2,37.5Hz11kN,2250,11.0,Bearing2_5,5,135,37.5Hz11kN/Bearing2_5/135.csv,test,32768,25600,1.28,1,204
XJTU-SY,2,37.5Hz11kN,2250,11.0,Bearing2_5,5,136,37.5Hz11kN/Bearing2_5/136.csv,test,32768,25600,1.28,1,203
XJTU-SY,2,37.5Hz11kN,2250,11.0,Bearing2_5,5,137,37.5Hz11kN/Bearing2_5/137.csv,test,32768,25600,1.28,1,202
XJTU-SY,2,37.5Hz11kN,2250,11.0,Bearing2_5,5,138,37.5Hz11kN/Bearing2_5/138.csv,test,32768,25600,1.28,1,201
XJTU-SY,2,37.5Hz11kN,2250,11.0,Bearing2_5,5,139,37.5Hz11kN/Bearing2_5/139.csv,test,32768,25600,1.28,1,200
XJTU-SY,2,37.5Hz11kN,2250,11.0,Bearing2_5,5,140,37.5Hz11kN/Bearing2_5/140.csv,test,32768,25600,1.28,1,199
XJTU-SY,2,37.5Hz11kN,2250,11.0,Bearing2_5,5,141,37.5Hz11kN/Bearing2_5/141.csv,test,32768,25600,1.28,1,198
XJTU-SY,2,37.5Hz11kN,2250,11.0,Bearing2_5,5,142,37.5Hz11kN/Bearing2_5/142.csv,test,32768,25600,1.28,1,197
XJTU-SY,2,37.5Hz11kN,2250,11.0,Bearing2_5,5,143,37.5Hz11kN/Bearing2_5/143.csv,test,32768,25600,1.28,1,196
XJTU-SY,2,37.5Hz11kN,2250,11.0,Bearing2_5,5,144,37.5Hz11kN/Bearing2_5/144.csv,test,32768,25600,1.28,1,195
XJTU-SY,2,37.5Hz11kN,2250,11.0,Bearing2_5,5,145,37.5Hz11kN/Bearing2_5/145.csv,test,32768,25600,1.28,1,194
XJTU-SY,2,37.5Hz11kN,2250,11.0,Bearing2_5,5,146,37.5Hz11kN/Bearing2_5/146.csv,test,32768,25600,1.28,1,193
XJTU-SY,2,37.5Hz11kN,2250,11.0,Bearing2_5,5,147,37.5Hz11kN/Bearing2_5/147.csv,test,32768,25600,1.28,1,192
XJTU-SY,2,37.5Hz11kN,2250,11.0,Bearing2_5,5,148,37.5Hz11kN/Bearing2_5/148.csv,test,32768,25600,1.28,1,191
XJTU-SY,2,37.5Hz11kN,2250,11.0,Bearing2_5,5,149,37.5Hz11kN/Bearing2_5/149.csv,test,32768,25600,1.28,1,190
XJTU-SY,2,37.5Hz11kN,2250,11.0,Bearing2_5,5,150,37.5Hz11kN/Bearing2_5/150.csv,test,32768,25600,1.28,1,189
XJTU-SY,2,37.5Hz11kN,2250,11.0,Bearing2_5,5,151,37.5Hz11kN/Bearing2_5/151.csv,test,32768,25600,1.28,1,188
XJTU-SY,2,37.5Hz11kN,2250,11.0,Bearing2_5,5,152,37.5Hz11kN/Bearing2_5/152.csv,test,32768,25600,1.28,1,187
XJTU-SY,2,37.5Hz11kN,2250,11.0,Bearing2_5,5,153,37.5Hz11kN/Bearing2_5/153.csv,test,32768,25600,1.28,1,186
XJTU-SY,2,37.5Hz11kN,2250,11.0,Bearing2_5,5,154,37.5Hz11kN/Bearing2_5/154.csv,test,32768,25600,1.28,1,185
XJTU-SY,2,37.5Hz11kN,2250,11.0,Bearing2_5,5,155,37.5Hz11kN/Bearing2_5/155.csv,test,32768,25600,1.28,1,184
XJTU-SY,2,37.5Hz11kN,2250,11.0,Bearing2_5,5,156,37.5Hz11kN/Bearing2_5/156.csv,test,32768,25600,1.28,1,183
XJTU-SY,2,37.5Hz11kN,2250,11.0,Bearing2_5,5,157,37.5Hz11kN/Bearing2_5/157.csv,test,32768,25600,1.28,1,182
XJTU-SY,2,37.5Hz11kN,2250,11.0,Bearing2_5,5,158,37.5Hz11kN/Bearing2_5/158.csv,test,32768,25600,1.28,1,181
XJTU-SY,2,37.5Hz11kN,2250,11.0,Bearing2_5,5,159,37.5Hz11kN/Bearing2_5/159.csv,test,32768,25600,1.28,1,180
XJTU-SY,2,37.5Hz11kN,2250,11.0,Bearing2_5,5,160,37.5Hz11kN/Bearing2_5/160.csv,test,32768,25600,1.28,1,179
XJTU-SY,2,37.5Hz11kN,2250,11.0,Bearing2_5,5,161,37.5Hz11kN/Bearing2_5/161.csv,test,32768,25600,1.28,1,178
XJTU-SY,2,37.5Hz11kN,2250,11.0,Bearing2_5,5,162,37.5Hz11kN/Bearing2_5/162.csv,test,32768,25600,1.28,1,177
XJTU-SY,2,37.5Hz11kN,2250,11.0,Bearing2_5,5,163,37.5Hz11kN/Bearing2_5/163.csv,test,32768,25600,1.28,1,176
XJTU-SY,2,37.5Hz11kN,2250,11.0,Bearing2_5,5,164,37.5Hz11kN/Bearing2_5/164.csv,test,32768,25600,1.28,1,175
XJTU-SY,2,37.5Hz11kN,2250,11.0,Bearing2_5,5,165,37.5Hz11kN/Bearing2_5/165.csv,test,32768,25600,1.28,1,174
XJTU-SY,2,37.5Hz11kN,2250,11.0,Bearing2_5,5,166,37.5Hz11kN/Bearing2_5/166.csv,test,32768,25600,1.28,1,173
XJTU-SY,2,37.5Hz11kN,2250,11.0,Bearing2_5,5,167,37.5Hz11kN/Bearing2_5/167.csv,test,32768,25600,1.28,1,172
XJTU-SY,2,37.5Hz11kN,2250,11.0,Bearing2_5,5,168,37.5Hz11kN/Bearing2_5/168.csv,test,32768,25600,1.28,1,171
XJTU-SY,2,37.5Hz11kN,2250,11.0,Bearing2_5,5,169,37.5Hz11kN/Bearing2_5/169.csv,test,32768,25600,1.28,1,170
XJTU-SY,2,37.5Hz11kN,2250,11.0,Bearing2_5,5,170,37.5Hz11kN/Bearing2_5/170.csv,test,32768,25600,1.28,1,169
XJTU-SY,2,37.5Hz11kN,2250,11.0,Bearing2_5,5,171,37.5Hz11kN/Bearing2_5/171.csv,test,32768,25600,1.28,1,168
XJTU-SY,2,37.5Hz11kN,2250,11.0,Bearing2_5,5,172,37.5Hz11kN/Bearing2_5/172.csv,test,32768,25600,1.28,1,167
XJTU-SY,2,37.5Hz11kN,2250,11.0,Bearing2_5,5,173,37.5Hz11kN/Bearing2_5/173.csv,test,32768,25600,1.28,1,166
XJTU-SY,2,37.5Hz11kN,2250,11.0,Bearing2_5,5,174,37.5Hz11kN/Bearing2_5/174.csv,test,32768,25600,1.28,1,165
XJTU-SY,2,37.5Hz11kN,2250,11.0,Bearing2_5,5,175,37.5Hz11kN/Bearing2_5/175.csv,test,32768,25600,1.28,1,164
XJTU-SY,2,37.5Hz11kN,2250,11.0,Bearing2_5,5,176,37.5Hz11kN/Bearing2_5/176.csv,test,32768,25600,1.28,1,163
XJTU-SY,2,37.5Hz11kN,2250,11.0,Bearing2_5,5,177,37.5Hz11kN/Bearing2_5/177.csv,test,32768,25600,1.28,1,162
XJTU-SY,2,37.5Hz11kN,2250,11.0,Bearing2_5,5,178,37.5Hz11kN/Bearing2_5/178.csv,test,32768,25600,1.28,1,161
XJTU-SY,2,37.5Hz11kN,2250,11.0,Bearing2_5,5,179,37.5Hz11kN/Bearing2_5/179.csv,test,32768,25600,1.28,1,160
XJTU-SY,2,37.5Hz11kN,2250,11.0,Bearing2_5,5,180,37.5Hz11kN/Bearing2_5/180.csv,test,32768,25600,1.28,1,159
XJTU-SY,2,37.5Hz11kN,2250,11.0,Bearing2_5,5,181,37.5Hz11kN/Bearing2_5/181.csv,test,32768,25600,1.28,1,158
XJTU-SY,2,37.5Hz11kN,2250,11.0,Bearing2_5,5,182,37.5Hz11kN/Bearing2_5/182.csv,test,32768,25600,1.28,1,157
XJTU-SY,2,37.5Hz11kN,2250,11.0,Bearing2_5,5,183,37.5Hz11kN/Bearing2_5/183.csv,test,32768,25600,1.28,1,156
XJTU-SY,2,37.5Hz11kN,2250,11.0,Bearing2_5,5,184,37.5Hz11kN/Bearing2_5/184.csv,test,32768,25600,1.28,1,155
XJTU-SY,2,37.5Hz11kN,2250,11.0,Bearing2_5,5,185,37.5Hz11kN/Bearing2_5/185.csv,test,32768,25600,1.28,1,154
XJTU-SY,2,37.5Hz11kN,2250,11.0,Bearing2_5,5,186,37.5Hz11kN/Bearing2_5/186.csv,test,32768,25600,1.28,1,153
XJTU-SY,2,37.5Hz11kN,2250,11.0,Bearing2_5,5,187,37.5Hz11kN/Bearing2_5/187.csv,test,32768,25600,1.28,1,152
XJTU-SY,2,37.5Hz11kN,2250,11.0,Bearing2_5,5,188,37.5Hz11kN/Bearing2_5/188.csv,test,32768,25600,1.28,1,151
XJTU-SY,2,37.5Hz11kN,2250,11.0,Bearing2_5,5,189,37.5Hz11kN/Bearing2_5/189.csv,test,32768,25600,1.28,1,150
XJTU-SY,2,37.5Hz11kN,2250,11.0,Bearing2_5,5,190,37.5Hz11kN/Bearing2_5/190.csv,test,32768,25600,1.28,1,149
XJTU-SY,2,37.5Hz11kN,2250,11.0,Bearing2_5,5,191,37.5Hz11kN/Bearing2_5/191.csv,test,32768,25600,1.28,1,148
XJTU-SY,2,37.5Hz11kN,2250,11.0,Bearing2_5,5,192,37.5Hz11kN/Bearing2_5/192.csv,test,32768,25600,1.28,1,147
XJTU-SY,2,37.5Hz11kN,2250,11.0,Bearing2_5,5,193,37.5Hz11kN/Bearing2_5/193.csv,test,32768,25600,1.28,1,146
XJTU-SY,2,37.5Hz11kN,2250,11.0,Bearing2_5,5,194,37.5Hz11kN/Bearing2_5/194.csv,test,32768,25600,1.28,1,145
XJTU-SY,2,37.5Hz11kN,2250,11.0,Bearing2_5,5,195,37.5Hz11kN/Bearing2_5/195.csv,test,32768,25600,1.28,1,144
XJTU-SY,2,37.5Hz11kN,2250,11.0,Bearing2_5,5,196,37.5Hz11kN/Bearing2_5/196.csv,test,32768,25600,1.28,1,143
XJTU-SY,2,37.5Hz11kN,2250,11.0,Bearing2_5,5,197,37.5Hz11kN/Bearing2_5/197.csv,test,32768,25600,1.28,1,142
XJTU-SY,2,37.5Hz11kN,2250,11.0,Bearing2_5,5,198,37.5Hz11kN/Bearing2_5/198.csv,test,32768,25600,1.28,1,141
XJTU-SY,2,37.5Hz11kN,2250,11.0,Bearing2_5,5,199,37.5Hz11kN/Bearing2_5/199.csv,test,32768,25600,1.28,1,140
XJTU-SY,2,37.5Hz11kN,2250,11.0,Bearing2_5,5,200,37.5Hz11kN/Bearing2_5/200.csv,test,32768,25600,1.28,1,139
XJTU-SY,2,37.5Hz11kN,2250,11.0,Bearing2_5,5,201,37.5Hz11kN/Bearing2_5/201.csv,test,32768,25600,1.28,1,138
XJTU-SY,2,37.5Hz11kN,2250,11.0,Bearing2_5,5,202,37.5Hz11kN/Bearing2_5/202.csv,test,32768,25600,1.28,1,137
XJTU-SY,2,37.5Hz11kN,2250,11.0,Bearing2_5,5,203,37.5Hz11kN/Bearing2_5/203.csv,test,32768,25600,1.28,1,136
XJTU-SY,2,37.5Hz11kN,2250,11.0,Bearing2_5,5,204,37.5Hz11kN/Bearing2_5/204.csv,test,32768,25600,1.28,1,135
XJTU-SY,2,37.5Hz11kN,2250,11.0,Bearing2_5,5,205,37.5Hz11kN/Bearing2_5/205.csv,test,32768,25600,1.28,1,134
XJTU-SY,2,37.5Hz11kN,2250,11.0,Bearing2_5,5,206,37.5Hz11kN/Bearing2_5/206.csv,test,32768,25600,1.28,1,133
XJTU-SY,2,37.5Hz11kN,2250,11.0,Bearing2_5,5,207,37.5Hz11kN/Bearing2_5/207.csv,test,32768,25600,1.28,1,132
XJTU-SY,2,37.5Hz11kN,2250,11.0,Bearing2_5,5,208,37.5Hz11kN/Bearing2_5/208.csv,test,32768,25600,1.28,1,131
XJTU-SY,2,37.5Hz11kN,2250,11.0,Bearing2_5,5,209,37.5Hz11kN/Bearing2_5/209.csv,test,32768,25600,1.28,1,130
XJTU-SY,2,37.5Hz11kN,2250,11.0,Bearing2_5,5,210,37.5Hz11kN/Bearing2_5/210.csv,test,32768,25600,1.28,1,129
XJTU-SY,2,37.5Hz11kN,2250,11.0,Bearing2_5,5,211,37.5Hz11kN/Bearing2_5/211.csv,test,32768,25600,1.28,1,128
XJTU-SY,2,37.5Hz11kN,2250,11.0,Bearing2_5,5,212,37.5Hz11kN/Bearing2_5/212.csv,test,32768,25600,1.28,1,127
XJTU-SY,2,37.5Hz11kN,2250,11.0,Bearing2_5,5,213,37.5Hz11kN/Bearing2_5/213.csv,test,32768,25600,1.28,1,126
XJTU-SY,2,37.5Hz11kN,2250,11.0,Bearing2_5,5,214,37.5Hz11kN/Bearing2_5/214.csv,test,32768,25600,1.28,1,125
XJTU-SY,2,37.5Hz11kN,2250,11.0,Bearing2_5,5,215,37.5Hz11kN/Bearing2_5/215.csv,test,32768,25600,1.28,1,124
XJTU-SY,2,37.5Hz11kN,2250,11.0,Bearing2_5,5,216,37.5Hz11kN/Bearing2_5/216.csv,test,32768,25600,1.28,1,123
XJTU-SY,2,37.5Hz11kN,2250,11.0,Bearing2_5,5,217,37.5Hz11kN/Bearing2_5/217.csv,test,32768,25600,1.28,1,122
XJTU-SY,2,37.5Hz11kN,2250,11.0,Bearing2_5,5,218,37.5Hz11kN/Bearing2_5/218.csv,test,32768,25600,1.28,1,121
XJTU-SY,2,37.5Hz11kN,2250,11.0,Bearing2_5,5,219,37.5Hz11kN/Bearing2_5/219.csv,test,32768,25600,1.28,1,120
XJTU-SY,2,37.5Hz11kN,2250,11.0,Bearing2_5,5,220,37.5Hz11kN/Bearing2_5/220.csv,test,32768,25600,1.28,1,119
XJTU-SY,2,37.5Hz11kN,2250,11.0,Bearing2_5,5,221,37.5Hz11kN/Bearing2_5/221.csv,test,32768,25600,1.28,1,118
XJTU-SY,2,37.5Hz11kN,2250,11.0,Bearing2_5,5,222,37.5Hz11kN/Bearing2_5/222.csv,test,32768,25600,1.28,1,117
XJTU-SY,2,37.5Hz11kN,2250,11.0,Bearing2_5,5,223,37.5Hz11kN/Bearing2_5/223.csv,test,32768,25600,1.28,1,116
XJTU-SY,2,37.5Hz11kN,2250,11.0,Bearing2_5,5,224,37.5Hz11kN/Bearing2_5/224.csv,test,32768,25600,1.28,1,115
XJTU-SY,2,37.5Hz11kN,2250,11.0,Bearing2_5,5,225,37.5Hz11kN/Bearing2_5/225.csv,test,32768,25600,1.28,1,114
XJTU-SY,2,37.5Hz11kN,2250,11.0,Bearing2_5,5,226,37.5Hz11kN/Bearing2_5/226.csv,test,32768,25600,1.28,1,113
XJTU-SY,2,37.5Hz11kN,2250,11.0,Bearing2_5,5,227,37.5Hz11kN/Bearing2_5/227.csv,test,32768,25600,1.28,1,112
XJTU-SY,2,37.5Hz11kN,2250,11.0,Bearing2_5,5,228,37.5Hz11kN/Bearing2_5/228.csv,test,32768,25600,1.28,1,111
XJTU-SY,2,37.5Hz11kN,2250,11.0,Bearing2_5,5,229,37.5Hz11kN/Bearing2_5/229.csv,test,32768,25600,1.28,1,110
XJTU-SY,2,37.5Hz11kN,2250,11.0,Bearing2_5,5,230,37.5Hz11kN/Bearing2_5/230.csv,test,32768,25600,1.28,1,109
XJTU-SY,2,37.5Hz11kN,2250,11.0,Bearing2_5,5,231,37.5Hz11kN/Bearing2_5/231.csv,test,32768,25600,1.28,1,108
XJTU-SY,2,37.5Hz11kN,2250,11.0,Bearing2_5,5,232,37.5Hz11kN/Bearing2_5/232.csv,test,32768,25600,1.28,1,107
XJTU-SY,2,37.5Hz11kN,2250,11.0,Bearing2_5,5,233,37.5Hz11kN/Bearing2_5/233.csv,test,32768,25600,1.28,1,106
XJTU-SY,2,37.5Hz11kN,2250,11.0,Bearing2_5,5,234,37.5Hz11kN/Bearing2_5/234.csv,test,32768,25600,1.28,1,105
XJTU-SY,2,37.5Hz11kN,2250,11.0,Bearing2_5,5,235,37.5Hz11kN/Bearing2_5/235.csv,test,32768,25600,1.28,1,104
XJTU-SY,2,37.5Hz11kN,2250,11.0,Bearing2_5,5,236,37.5Hz11kN/Bearing2_5/236.csv,test,32768,25600,1.28,1,103
XJTU-SY,2,37.5Hz11kN,2250,11.0,Bearing2_5,5,237,37.5Hz11kN/Bearing2_5/237.csv,test,32768,25600,1.28,1,102
XJTU-SY,2,37.5Hz11kN,2250,11.0,Bearing2_5,5,238,37.5Hz11kN/Bearing2_5/238.csv,test,32768,25600,1.28,1,101
XJTU-SY,2,37.5Hz11kN,2250,11.0,Bearing2_5,5,239,37.5Hz11kN/Bearing2_5/239.csv,test,32768,25600,1.28,1,100
XJTU-SY,2,37.5Hz11kN,2250,11.0,Bearing2_5,5,240,37.5Hz11kN/Bearing2_5/240.csv,test,32768,25600,1.28,1,99
XJTU-SY,2,37.5Hz11kN,2250,11.0,Bearing2_5,5,241,37.5Hz11kN/Bearing2_5/241.csv,test,32768,25600,1.28,1,98
XJTU-SY,2,37.5Hz11kN,2250,11.0,Bearing2_5,5,242,37.5Hz11kN/Bearing2_5/242.csv,test,32768,25600,1.28,1,97
XJTU-SY,2,37.5Hz11kN,2250,11.0,Bearing2_5,5,243,37.5Hz11kN/Bearing2_5/243.csv,test,32768,25600,1.28,1,96
XJTU-SY,2,37.5Hz11kN,2250,11.0,Bearing2_5,5,244,37.5Hz11kN/Bearing2_5/244.csv,test,32768,25600,1.28,1,95
XJTU-SY,2,37.5Hz11kN,2250,11.0,Bearing2_5,5,245,37.5Hz11kN/Bearing2_5/245.csv,test,32768,25600,1.28,1,94
XJTU-SY,2,37.5Hz11kN,2250,11.0,Bearing2_5,5,246,37.5Hz11kN/Bearing2_5/246.csv,test,32768,25600,1.28,1,93
XJTU-SY,2,37.5Hz11kN,2250,11.0,Bearing2_5,5,247,37.5Hz11kN/Bearing2_5/247.csv,test,32768,25600,1.28,1,92
XJTU-SY,2,37.5Hz11kN,2250,11.0,Bearing2_5,5,248,37.5Hz11kN/Bearing2_5/248.csv,test,32768,25600,1.28,1,91
XJTU-SY,2,37.5Hz11kN,2250,11.0,Bearing2_5,5,249,37.5Hz11kN/Bearing2_5/249.csv,test,32768,25600,1.28,1,90
XJTU-SY,2,37.5Hz11kN,2250,11.0,Bearing2_5,5,250,37.5Hz11kN/Bearing2_5/250.csv,test,32768,25600,1.28,1,89
XJTU-SY,2,37.5Hz11kN,2250,11.0,Bearing2_5,5,251,37.5Hz11kN/Bearing2_5/251.csv,test,32768,25600,1.28,1,88
XJTU-SY,2,37.5Hz11kN,2250,11.0,Bearing2_5,5,252,37.5Hz11kN/Bearing2_5/252.csv,test,32768,25600,1.28,1,87
XJTU-SY,2,37.5Hz11kN,2250,11.0,Bearing2_5,5,253,37.5Hz11kN/Bearing2_5/253.csv,test,32768,25600,1.28,1,86
XJTU-SY,2,37.5Hz11kN,2250,11.0,Bearing2_5,5,254,37.5Hz11kN/Bearing2_5/254.csv,test,32768,25600,1.28,1,85
XJTU-SY,2,37.5Hz11kN,2250,11.0,Bearing2_5,5,255,37.5Hz11kN/Bearing2_5/255.csv,test,32768,25600,1.28,1,84
XJTU-SY,2,37.5Hz11kN,2250,11.0,Bearing2_5,5,256,37.5Hz11kN/Bearing2_5/256.csv,test,32768,25600,1.28,1,83
XJTU-SY,2,37.5Hz11kN,2250,11.0,Bearing2_5,5,257,37.5Hz11kN/Bearing2_5/257.csv,test,32768,25600,1.28,1,82
XJTU-SY,2,37.5Hz11kN,2250,11.0,Bearing2_5,5,258,37.5Hz11kN/Bearing2_5/258.csv,test,32768,25600,1.28,1,81
XJTU-SY,2,37.5Hz11kN,2250,11.0,Bearing2_5,5,259,37.5Hz11kN/Bearing2_5/259.csv,test,32768,25600,1.28,1,80
XJTU-SY,2,37.5Hz11kN,2250,11.0,Bearing2_5,5,260,37.5Hz11kN/Bearing2_5/260.csv,test,32768,25600,1.28,1,79
XJTU-SY,2,37.5Hz11kN,2250,11.0,Bearing2_5,5,261,37.5Hz11kN/Bearing2_5/261.csv,test,32768,25600,1.28,1,78
XJTU-SY,2,37.5Hz11kN,2250,11.0,Bearing2_5,5,262,37.5Hz11kN/Bearing2_5/262.csv,test,32768,25600,1.28,1,77
XJTU-SY,2,37.5Hz11kN,2250,11.0,Bearing2_5,5,263,37.5Hz11kN/Bearing2_5/263.csv,test,32768,25600,1.28,1,76
XJTU-SY,2,37.5Hz11kN,2250,11.0,Bearing2_5,5,264,37.5Hz11kN/Bearing2_5/264.csv,test,32768,25600,1.28,1,75
XJTU-SY,2,37.5Hz11kN,2250,11.0,Bearing2_5,5,265,37.5Hz11kN/Bearing2_5/265.csv,test,32768,25600,1.28,1,74
XJTU-SY,2,37.5Hz11kN,2250,11.0,Bearing2_5,5,266,37.5Hz11kN/Bearing2_5/266.csv,test,32768,25600,1.28,1,73
XJTU-SY,2,37.5Hz11kN,2250,11.0,Bearing2_5,5,267,37.5Hz11kN/Bearing2_5/267.csv,test,32768,25600,1.28,1,72
XJTU-SY,2,37.5Hz11kN,2250,11.0,Bearing2_5,5,268,37.5Hz11kN/Bearing2_5/268.csv,test,32768,25600,1.28,1,71
XJTU-SY,2,37.5Hz11kN,2250,11.0,Bearing2_5,5,269,37.5Hz11kN/Bearing2_5/269.csv,test,32768,25600,1.28,1,70
XJTU-SY,2,37.5Hz11kN,2250,11.0,Bearing2_5,5,270,37.5Hz11kN/Bearing2_5/270.csv,test,32768,25600,1.28,1,69
XJTU-SY,2,37.5Hz11kN,2250,11.0,Bearing2_5,5,271,37.5Hz11kN/Bearing2_5/271.csv,test,32768,25600,1.28,1,68
XJTU-SY,2,37.5Hz11kN,2250,11.0,Bearing2_5,5,272,37.5Hz11kN/Bearing2_5/272.csv,test,32768,25600,1.28,1,67
XJTU-SY,2,37.5Hz11kN,2250,11.0,Bearing2_5,5,273,37.5Hz11kN/Bearing2_5/273.csv,test,32768,25600,1.28,1,66
XJTU-SY,2,37.5Hz11kN,2250,11.0,Bearing2_5,5,274,37.5Hz11kN/Bearing2_5/274.csv,test,32768,25600,1.28,1,65
XJTU-SY,2,37.5Hz11kN,2250,11.0,Bearing2_5,5,275,37.5Hz11kN/Bearing2_5/275.csv,test,32768,25600,1.28,1,64
XJTU-SY,2,37.5Hz11kN,2250,11.0,Bearing2_5,5,276,37.5Hz11kN/Bearing2_5/276.csv,test,32768,25600,1.28,1,63
XJTU-SY,2,37.5Hz11kN,2250,11.0,Bearing2_5,5,277,37.5Hz11kN/Bearing2_5/277.csv,test,32768,25600,1.28,1,62
XJTU-SY,2,37.5Hz11kN,2250,11.0,Bearing2_5,5,278,37.5Hz11kN/Bearing2_5/278.csv,test,32768,25600,1.28,1,61
XJTU-SY,2,37.5Hz11kN,2250,11.0,Bearing2_5,5,279,37.5Hz11kN/Bearing2_5/279.csv,test,32768,25600,1.28,1,60
XJTU-SY,2,37.5Hz11kN,2250,11.0,Bearing2_5,5,280,37.5Hz11kN/Bearing2_5/280.csv,test,32768,25600,1.28,1,59
XJTU-SY,2,37.5Hz11kN,2250,11.0,Bearing2_5,5,281,37.5Hz11kN/Bearing2_5/281.csv,test,32768,25600,1.28,1,58
XJTU-SY,2,37.5Hz11kN,2250,11.0,Bearing2_5,5,282,37.5Hz11kN/Bearing2_5/282.csv,test,32768,25600,1.28,1,57
XJTU-SY,2,37.5Hz11kN,2250,11.0,Bearing2_5,5,283,37.5Hz11kN/Bearing2_5/283.csv,test,32768,25600,1.28,1,56
XJTU-SY,2,37.5Hz11kN,2250,11.0,Bearing2_5,5,284,37.5Hz11kN/Bearing2_5/284.csv,test,32768,25600,1.28,1,55
XJTU-SY,2,37.5Hz11kN,2250,11.0,Bearing2_5,5,285,37.5Hz11kN/Bearing2_5/285.csv,test,32768,25600,1.28,1,54
XJTU-SY,2,37.5Hz11kN,2250,11.0,Bearing2_5,5,286,37.5Hz11kN/Bearing2_5/286.csv,test,32768,25600,1.28,1,53
XJTU-SY,2,37.5Hz11kN,2250,11.0,Bearing2_5,5,287,37.5Hz11kN/Bearing2_5/287.csv,test,32768,25600,1.28,1,52
XJTU-SY,2,37.5Hz11kN,2250,11.0,Bearing2_5,5,288,37.5Hz11kN/Bearing2_5/288.csv,test,32768,25600,1.28,1,51
XJTU-SY,2,37.5Hz11kN,2250,11.0,Bearing2_5,5,289,37.5Hz11kN/Bearing2_5/289.csv,test,32768,25600,1.28,1,50
XJTU-SY,2,37.5Hz11kN,2250,11.0,Bearing2_5,5,290,37.5Hz11kN/Bearing2_5/290.csv,test,32768,25600,1.28,1,49
XJTU-SY,2,37.5Hz11kN,2250,11.0,Bearing2_5,5,291,37.5Hz11kN/Bearing2_5/291.csv,test,32768,25600,1.28,1,48
XJTU-SY,2,37.5Hz11kN,2250,11.0,Bearing2_5,5,292,37.5Hz11kN/Bearing2_5/292.csv,test,32768,25600,1.28,1,47
XJTU-SY,2,37.5Hz11kN,2250,11.0,Bearing2_5,5,293,37.5Hz11kN/Bearing2_5/293.csv,test,32768,25600,1.28,1,46
XJTU-SY,2,37.5Hz11kN,2250,11.0,Bearing2_5,5,294,37.5Hz11kN/Bearing2_5/294.csv,test,32768,25600,1.28,1,45
XJTU-SY,2,37.5Hz11kN,2250,11.0,Bearing2_5,5,295,37.5Hz11kN/Bearing2_5/295.csv,test,32768,25600,1.28,1,44
XJTU-SY,2,37.5Hz11kN,2250,11.0,Bearing2_5,5,296,37.5Hz11kN/Bearing2_5/296.csv,test,32768,25600,1.28,1,43
XJTU-SY,2,37.5Hz11kN,2250,11.0,Bearing2_5,5,297,37.5Hz11kN/Bearing2_5/297.csv,test,32768,25600,1.28,1,42
XJTU-SY,2,37.5Hz11kN,2250,11.0,Bearing2_5,5,298,37.5Hz11kN/Bearing2_5/298.csv,test,32768,25600,1.28,1,41
XJTU-SY,2,37.5Hz11kN,2250,11.0,Bearing2_5,5,299,37.5Hz11kN/Bearing2_5/299.csv,test,32768,25600,1.28,1,40
XJTU-SY,2,37.5Hz11kN,2250,11.0,Bearing2_5,5,300,37.5Hz11kN/Bearing2_5/300.csv,test,32768,25600,1.28,1,39
XJTU-SY,2,37.5Hz11kN,2250,11.0,Bearing2_5,5,301,37.5Hz11kN/Bearing2_5/301.csv,test,32768,25600,1.28,1,38
XJTU-SY,2,37.5Hz11kN,2250,11.0,Bearing2_5,5,302,37.5Hz11kN/Bearing2_5/302.csv,test,32768,25600,1.28,1,37
XJTU-SY,2,37.5Hz11kN,2250,11.0,Bearing2_5,5,303,37.5Hz11kN/Bearing2_5/303.csv,test,32768,25600,1.28,1,36
XJTU-SY,2,37.5Hz11kN,2250,11.0,Bearing2_5,5,304,37.5Hz11kN/Bearing2_5/304.csv,test,32768,25600,1.28,1,35
XJTU-SY,2,37.5Hz11kN,2250,11.0,Bearing2_5,5,305,37.5Hz11kN/Bearing2_5/305.csv,test,32768,25600,1.28,1,34
XJTU-SY,2,37.5Hz11kN,2250,11.0,Bearing2_5,5,306,37.5Hz11kN/Bearing2_5/306.csv,test,32768,25600,1.28,1,33
XJTU-SY,2,37.5Hz11kN,2250,11.0,Bearing2_5,5,307,37.5Hz11kN/Bearing2_5/307.csv,test,32768,25600,1.28,1,32
XJTU-SY,2,37.5Hz11kN,2250,11.0,Bearing2_5,5,308,37.5Hz11kN/Bearing2_5/308.csv,test,32768,25600,1.28,1,31
XJTU-SY,2,37.5Hz11kN,2250,11.0,Bearing2_5,5,309,37.5Hz11kN/Bearing2_5/309.csv,test,32768,25600,1.28,1,30
XJTU-SY,2,37.5Hz11kN,2250,11.0,Bearing2_5,5,310,37.5Hz11kN/Bearing2_5/310.csv,test,32768,25600,1.28,1,29
XJTU-SY,2,37.5Hz11kN,2250,11.0,Bearing2_5,5,311,37.5Hz11kN/Bearing2_5/311.csv,test,32768,25600,1.28,1,28
XJTU-SY,2,37.5Hz11kN,2250,11.0,Bearing2_5,5,312,37.5Hz11kN/Bearing2_5/312.csv,test,32768,25600,1.28,1,27
XJTU-SY,2,37.5Hz11kN,2250,11.0,Bearing2_5,5,313,37.5Hz11kN/Bearing2_5/313.csv,test,32768,25600,1.28,1,26
XJTU-SY,2,37.5Hz11kN,2250,11.0,Bearing2_5,5,314,37.5Hz11kN/Bearing2_5/314.csv,test,32768,25600,1.28,1,25
XJTU-SY,2,37.5Hz11kN,2250,11.0,Bearing2_5,5,315,37.5Hz11kN/Bearing2_5/315.csv,test,32768,25600,1.28,1,24
XJTU-SY,2,37.5Hz11kN,2250,11.0,Bearing2_5,5,316,37.5Hz11kN/Bearing2_5/316.csv,test,32768,25600,1.28,1,23
XJTU-SY,2,37.5Hz11kN,2250,11.0,Bearing2_5,5,317,37.5Hz11kN/Bearing2_5/317.csv,test,32768,25600,1.28,1,22
XJTU-SY,2,37.5Hz11kN,2250,11.0,Bearing2_5,5,318,37.5Hz11kN/Bearing2_5/318.csv,test,32768,25600,1.28,1,21
XJTU-SY,2,37.5Hz11kN,2250,11.0,Bearing2_5,5,319,37.5Hz11kN/Bearing2_5/319.csv,test,32768,25600,1.28,1,20
XJTU-SY,2,37.5Hz11kN,2250,11.0,Bearing2_5,5,320,37.5Hz11kN/Bearing2_5/320.csv,test,32768,25600,1.28,1,19
XJTU-SY,2,37.5Hz11kN,2250,11.0,Bearing2_5,5,321,37.5Hz11kN/Bearing2_5/321.csv,test,32768,25600,1.28,1,18
XJTU-SY,2,37.5Hz11kN,2250,11.0,Bearing2_5,5,322,37.5Hz11kN/Bearing2_5/322.csv,test,32768,25600,1.28,1,17
XJTU-SY,2,37.5Hz11kN,2250,11.0,Bearing2_5,5,323,37.5Hz11kN/Bearing2_5/323.csv,test,32768,25600,1.28,1,16
XJTU-SY,2,37.5Hz11kN,2250,11.0,Bearing2_5,5,324,37.5Hz11kN/Bearing2_5/324.csv,test,32768,25600,1.28,1,15
XJTU-SY,2,37.5Hz11kN,2250,11.0,Bearing2_5,5,325,37.5Hz11kN/Bearing2_5/325.csv,test,32768,25600,1.28,1,14
XJTU-SY,2,37.5Hz11kN,2250,11.0,Bearing2_5,5,326,37.5Hz11kN/Bearing2_5/326.csv,test,32768,25600,1.28,1,13
XJTU-SY,2,37.5Hz11kN,2250,11.0,Bearing2_5,5,327,37.5Hz11kN/Bearing2_5/327.csv,test,32768,25600,1.28,1,12
XJTU-SY,2,37.5Hz11kN,2250,11.0,Bearing2_5,5,328,37.5Hz11kN/Bearing2_5/328.csv,test,32768,25600,1.28,1,11
XJTU-SY,2,37.5Hz11kN,2250,11.0,Bearing2_5,5,329,37.5Hz11kN/Bearing2_5/329.csv,test,32768,25600,1.28,1,10
XJTU-SY,2,37.5Hz11kN,2250,11.0,Bearing2_5,5,330,37.5Hz11kN/Bearing2_5/330.csv,test,32768,25600,1.28,1,9
XJTU-SY,2,37.5Hz11kN,2250,11.0,Bearing2_5,5,331,37.5Hz11kN/Bearing2_5/331.csv,test,32768,25600,1.28,1,8
XJTU-SY,2,37.5Hz11kN,2250,11.0,Bearing2_5,5,332,37.5Hz11kN/Bearing2_5/332.csv,test,32768,25600,1.28,1,7
XJTU-SY,2,37.5Hz11kN,2250,11.0,Bearing2_5,5,333,37.5Hz11kN/Bearing2_5/333.csv,test,32768,25600,1.28,1,6
XJTU-SY,2,37.5Hz11kN,2250,11.0,Bearing2_5,5,334,37.5Hz11kN/Bearing2_5/334.csv,test,32768,25600,1.28,1,5
XJTU-SY,2,37.5Hz11kN,2250,11.0,Bearing2_5,5,335,37.5Hz11kN/Bearing2_5/335.csv,test,32768,25600,1.28,1,4
XJTU-SY,2,37.5Hz11kN,2250,11.0,Bearing2_5,5,336,37.5Hz11kN/Bearing2_5/336.csv,test,32768,25600,1.28,1,3
XJTU-SY,2,37.5Hz11kN,2250,11.0,Bearing2_5,5,337,37.5Hz11kN/Bearing2_5/337.csv,test,32768,25600,1.28,1,2
XJTU-SY,2,37.5Hz11kN,2250,11.0,Bearing2_5,5,338,37.5Hz11kN/Bearing2_5/338.csv,test,32768,25600,1.28,1,1
XJTU-SY,2,37.5Hz11kN,2250,11.0,Bearing2_5,5,339,37.5Hz11kN/Bearing2_5/339.csv,test,32768,25600,1.28,1,0
XJTU-SY,3,40Hz10kN,2400,10.0,Bearing3_1,1,1,40Hz10kN/Bearing3_1/1.csv,train,32768,25600,1.28,1,2537
XJTU-SY,3,40Hz10kN,2400,10.0,Bearing3_1,1,2,40Hz10kN/Bearing3_1/2.csv,train,32768,25600,1.28,1,2536
XJTU-SY,3,40Hz10kN,2400,10.0,Bearing3_1,1,3,40Hz10kN/Bearing3_1/3.csv,train,32768,25600,1.28,1,2535
XJTU-SY,3,40Hz10kN,2400,10.0,Bearing3_1,1,4,40Hz10kN/Bearing3_1/4.csv,train,32768,25600,1.28,1,2534
XJTU-SY,3,40Hz10kN,2400,10.0,Bearing3_1,1,5,40Hz10kN/Bearing3_1/5.csv,train,32768,25600,1.28,1,2533
XJTU-SY,3,40Hz10kN,2400,10.0,Bearing3_1,1,6,40Hz10kN/Bearing3_1/6.csv,train,32768,25600,1.28,1,2532
XJTU-SY,3,40Hz10kN,2400,10.0,Bearing3_1,1,7,40Hz10kN/Bearing3_1/7.csv,train,32768,25600,1.28,1,2531
XJTU-SY,3,40Hz10kN,2400,10.0,Bearing3_1,1,8,40Hz10kN/Bearing3_1/8.csv,train,32768,25600,1.28,1,2530
XJTU-SY,3,40Hz10kN,2400,10.0,Bearing3_1,1,9,40Hz10kN/Bearing3_1/9.csv,train,32768,25600,1.28,1,2529
XJTU-SY,3,40Hz10kN,2400,10.0,Bearing3_1,1,10,40Hz10kN/Bearing3_1/10.csv,train,32768,25600,1.28,1,2528
XJTU-SY,3,40Hz10kN,2400,10.0,Bearing3_1,1,11,40Hz10kN/Bearing3_1/11.csv,train,32768,25600,1.28,1,2527
XJTU-SY,3,40Hz10kN,2400,10.0,Bearing3_1,1,12,40Hz10kN/Bearing3_1/12.csv,train,32768,25600,1.28,1,2526
XJTU-SY,3,40Hz10kN,2400,10.0,Bearing3_1,1,13,40Hz10kN/Bearing3_1/13.csv,train,32768,25600,1.28,1,2525
XJTU-SY,3,40Hz10kN,2400,10.0,Bearing3_1,1,14,40Hz10kN/Bearing3_1/14.csv,train,32768,25600,1.28,1,2524
XJTU-SY,3,40Hz10kN,2400,10.0,Bearing3_1,1,15,40Hz10kN/Bearing3_1/15.csv,train,32768,25600,1.28,1,2523
XJTU-SY,3,40Hz10kN,2400,10.0,Bearing3_1,1,16,40Hz10kN/Bearing3_1/16.csv,train,32768,25600,1.28,1,2522
XJTU-SY,3,40Hz10kN,2400,10.0,Bearing3_1,1,17,40Hz10kN/Bearing3_1/17.csv,train,32768,25600,1.28,1,2521
XJTU-SY,3,40Hz10kN,2400,10.0,Bearing3_1,1,18,40Hz10kN/Bearing3_1/18.csv,train,32768,25600,1.28,1,2520
XJTU-SY,3,40Hz10kN,2400,10.0,Bearing3_1,1,19,40Hz10kN/Bearing3_1/19.csv,train,32768,25600,1.28,1,2519
XJTU-SY,3,40Hz10kN,2400,10.0,Bearing3_1,1,20,40Hz10kN/Bearing3_1/20.csv,train,32768,25600,1.28,1,2518
XJTU-SY,3,40Hz10kN,2400,10.0,Bearing3_1,1,21,40Hz10kN/Bearing3_1/21.csv,train,32768,25600,1.28,1,2517
XJTU-SY,3,40Hz10kN,2400,10.0,Bearing3_1,1,22,40Hz10kN/Bearing3_1/22.csv,train,32768,25600,1.28,1,2516
XJTU-SY,3,40Hz10kN,2400,10.0,Bearing3_1,1,23,40Hz10kN/Bearing3_1/23.csv,train,32768,25600,1.28,1,2515
XJTU-SY,3,40Hz10kN,2400,10.0,Bearing3_1,1,24,40Hz10kN/Bearing3_1/24.csv,train,32768,25600,1.28,1,2514
XJTU-SY,3,40Hz10kN,2400,10.0,Bearing3_1,1,25,40Hz10kN/Bearing3_1/25.csv,train,32768,25600,1.28,1,2513
XJTU-SY,3,40Hz10kN,2400,10.0,Bearing3_1,1,26,40Hz10kN/Bearing3_1/26.csv,train,32768,25600,1.28,1,2512
XJTU-SY,3,40Hz10kN,2400,10.0,Bearing3_1,1,27,40Hz10kN/Bearing3_1/27.csv,train,32768,25600,1.28,1,2511
XJTU-SY,3,40Hz10kN,2400,10.0,Bearing3_1,1,28,40Hz10kN/Bearing3_1/28.csv,train,32768,25600,1.28,1,2510
XJTU-SY,3,40Hz10kN,2400,10.0,Bearing3_1,1,29,40Hz10kN/Bearing3_1/29.csv,train,32768,25600,1.28,1,2509
XJTU-SY,3,40Hz10kN,2400,10.0,Bearing3_1,1,30,40Hz10kN/Bearing3_1/30.csv,train,32768,25600,1.28,1,2508
XJTU-SY,3,40Hz10kN,2400,10.0,Bearing3_1,1,31,40Hz10kN/Bearing3_1/31.csv,train,32768,25600,1.28,1,2507
XJTU-SY,3,40Hz10kN,2400,10.0,Bearing3_1,1,32,40Hz10kN/Bearing3_1/32.csv,train,32768,25600,1.28,1,2506
XJTU-SY,3,40Hz10kN,2400,10.0,Bearing3_1,1,33,40Hz10kN/Bearing3_1/33.csv,train,32768,25600,1.28,1,2505
XJTU-SY,3,40Hz10kN,2400,10.0,Bearing3_1,1,34,40Hz10kN/Bearing3_1/34.csv,train,32768,25600,1.28,1,2504
XJTU-SY,3,40Hz10kN,2400,10.0,Bearing3_1,1,35,40Hz10kN/Bearing3_1/35.csv,train,32768,25600,1.28,1,2503
XJTU-SY,3,40Hz10kN,2400,10.0,Bearing3_1,1,36,40Hz10kN/Bearing3_1/36.csv,train,32768,25600,1.28,1,2502
XJTU-SY,3,40Hz10kN,2400,10.0,Bearing3_1,1,37,40Hz10kN/Bearing3_1/37.csv,train,32768,25600,1.28,1,2501
XJTU-SY,3,40Hz10kN,2400,10.0,Bearing3_1,1,38,40Hz10kN/Bearing3_1/38.csv,train,32768,25600,1.28,1,2500
XJTU-SY,3,40Hz10kN,2400,10.0,Bearing3_1,1,39,40Hz10kN/Bearing3_1/39.csv,train,32768,25600,1.28,1,2499
XJTU-SY,3,40Hz10kN,2400,10.0,Bearing3_1,1,40,40Hz10kN/Bearing3_1/40.csv,train,32768,25600,1.28,1,2498
XJTU-SY,3,40Hz10kN,2400,10.0,Bearing3_1,1,41,40Hz10kN/Bearing3_1/41.csv,train,32768,25600,1.28,1,2497
XJTU-SY,3,40Hz10kN,2400,10.0,Bearing3_1,1,42,40Hz10kN/Bearing3_1/42.csv,train,32768,25600,1.28,1,2496
XJTU-SY,3,40Hz10kN,2400,10.0,Bearing3_1,1,43,40Hz10kN/Bearing3_1/43.csv,train,32768,25600,1.28,1,2495
XJTU-SY,3,40Hz10kN,2400,10.0,Bearing3_1,1,44,40Hz10kN/Bearing3_1/44.csv,train,32768,25600,1.28,1,2494
XJTU-SY,3,40Hz10kN,2400,10.0,Bearing3_1,1,45,40Hz10kN/Bearing3_1/45.csv,train,32768,25600,1.28,1,2493
XJTU-SY,3,40Hz10kN,2400,10.0,Bearing3_1,1,46,40Hz10kN/Bearing3_1/46.csv,train,32768,25600,1.28,1,2492
XJTU-SY,3,40Hz10kN,2400,10.0,Bearing3_1,1,47,40Hz10kN/Bearing3_1/47.csv,train,32768,25600,1.28,1,2491
XJTU-SY,3,40Hz10kN,2400,10.0,Bearing3_1,1,48,40Hz10kN/Bearing3_1/48.csv,train,32768,25600,1.28,1,2490
XJTU-SY,3,40Hz10kN,2400,10.0,Bearing3_1,1,49,40Hz10kN/Bearing3_1/49.csv,train,32768,25600,1.28,1,2489
XJTU-SY,3,40Hz10kN,2400,10.0,Bearing3_1,1,50,40Hz10kN/Bearing3_1/50.csv,train,32768,25600,1.28,1,2488
XJTU-SY,3,40Hz10kN,2400,10.0,Bearing3_1,1,51,40Hz10kN/Bearing3_1/51.csv,train,32768,25600,1.28,1,2487
XJTU-SY,3,40Hz10kN,2400,10.0,Bearing3_1,1,52,40Hz10kN/Bearing3_1/52.csv,train,32768,25600,1.28,1,2486
XJTU-SY,3,40Hz10kN,2400,10.0,Bearing3_1,1,53,40Hz10kN/Bearing3_1/53.csv,train,32768,25600,1.28,1,2485
XJTU-SY,3,40Hz10kN,2400,10.0,Bearing3_1,1,54,40Hz10kN/Bearing3_1/54.csv,train,32768,25600,1.28,1,2484
XJTU-SY,3,40Hz10kN,2400,10.0,Bearing3_1,1,55,40Hz10kN/Bearing3_1/55.csv,train,32768,25600,1.28,1,2483
XJTU-SY,3,40Hz10kN,2400,10.0,Bearing3_1,1,56,40Hz10kN/Bearing3_1/56.csv,train,32768,25600,1.28,1,2482
XJTU-SY,3,40Hz10kN,2400,10.0,Bearing3_1,1,57,40Hz10kN/Bearing3_1/57.csv,train,32768,25600,1.28,1,2481
XJTU-SY,3,40Hz10kN,2400,10.0,Bearing3_1,1,58,40Hz10kN/Bearing3_1/58.csv,train,32768,25600,1.28,1,2480
XJTU-SY,3,40Hz10kN,2400,10.0,Bearing3_1,1,59,40Hz10kN/Bearing3_1/59.csv,train,32768,25600,1.28,1,2479
XJTU-SY,3,40Hz10kN,2400,10.0,Bearing3_1,1,60,40Hz10kN/Bearing3_1/60.csv,train,32768,25600,1.28,1,2478
XJTU-SY,3,40Hz10kN,2400,10.0,Bearing3_1,1,61,40Hz10kN/Bearing3_1/61.csv,train,32768,25600,1.28,1,2477
XJTU-SY,3,40Hz10kN,2400,10.0,Bearing3_1,1,62,40Hz10kN/Bearing3_1/62.csv,train,32768,25600,1.28,1,2476
XJTU-SY,3,40Hz10kN,2400,10.0,Bearing3_1,1,63,40Hz10kN/Bearing3_1/63.csv,train,32768,25600,1.28,1,2475
XJTU-SY,3,40Hz10kN,2400,10.0,Bearing3_1,1,64,40Hz10kN/Bearing3_1/64.csv,train,32768,25600,1.28,1,2474
XJTU-SY,3,40Hz10kN,2400,10.0,Bearing3_1,1,65,40Hz10kN/Bearing3_1/65.csv,train,32768,25600,1.28,1,2473
XJTU-SY,3,40Hz10kN,2400,10.0,Bearing3_1,1,66,40Hz10kN/Bearing3_1/66.csv,train,32768,25600,1.28,1,2472
XJTU-SY,3,40Hz10kN,2400,10.0,Bearing3_1,1,67,40Hz10kN/Bearing3_1/67.csv,train,32768,25600,1.28,1,2471
XJTU-SY,3,40Hz10kN,2400,10.0,Bearing3_1,1,68,40Hz10kN/Bearing3_1/68.csv,train,32768,25600,1.28,1,2470
XJTU-SY,3,40Hz10kN,2400,10.0,Bearing3_1,1,69,40Hz10kN/Bearing3_1/69.csv,train,32768,25600,1.28,1,2469
XJTU-SY,3,40Hz10kN,2400,10.0,Bearing3_1,1,70,40Hz10kN/Bearing3_1/70.csv,train,32768,25600,1.28,1,2468
XJTU-SY,3,40Hz10kN,2400,10.0,Bearing3_1,1,71,40Hz10kN/Bearing3_1/71.csv,train,32768,25600,1.28,1,2467
XJTU-SY,3,40Hz10kN,2400,10.0,Bearing3_1,1,72,40Hz10kN/Bearing3_1/72.csv,train,32768,25600,1.28,1,2466
XJTU-SY,3,40Hz10kN,2400,10.0,Bearing3_1,1,73,40Hz10kN/Bearing3_1/73.csv,train,32768,25600,1.28,1,2465
XJTU-SY,3,40Hz10kN,2400,10.0,Bearing3_1,1,74,40Hz10kN/Bearing3_1/74.csv,train,32768,25600,1.28,1,2464
XJTU-SY,3,40Hz10kN,2400,10.0,Bearing3_1,1,75,40Hz10kN/Bearing3_1/75.csv,train,32768,25600,1.28,1,2463
XJTU-SY,3,40Hz10kN,2400,10.0,Bearing3_1,1,76,40Hz10kN/Bearing3_1/76.csv,train,32768,25600,1.28,1,2462
XJTU-SY,3,40Hz10kN,2400,10.0,Bearing3_1,1,77,40Hz10kN/Bearing3_1/77.csv,train,32768,25600,1.28,1,2461
XJTU-SY,3,40Hz10kN,2400,10.0,Bearing3_1,1,78,40Hz10kN/Bearing3_1/78.csv,train,32768,25600,1.28,1,2460
XJTU-SY,3,40Hz10kN,2400,10.0,Bearing3_1,1,79,40Hz10kN/Bearing3_1/79.csv,train,32768,25600,1.28,1,2459
XJTU-SY,3,40Hz10kN,2400,10.0,Bearing3_1,1,80,40Hz10kN/Bearing3_1/80.csv,train,32768,25600,1.28,1,2458
XJTU-SY,3,40Hz10kN,2400,10.0,Bearing3_1,1,81,40Hz10kN/Bearing3_1/81.csv,train,32768,25600,1.28,1,2457
XJTU-SY,3,40Hz10kN,2400,10.0,Bearing3_1,1,82,40Hz10kN/Bearing3_1/82.csv,train,32768,25600,1.28,1,2456
XJTU-SY,3,40Hz10kN,2400,10.0,Bearing3_1,1,83,40Hz10kN/Bearing3_1/83.csv,train,32768,25600,1.28,1,2455
XJTU-SY,3,40Hz10kN,2400,10.0,Bearing3_1,1,84,40Hz10kN/Bearing3_1/84.csv,train,32768,25600,1.28,1,2454
XJTU-SY,3,40Hz10kN,2400,10.0,Bearing3_1,1,85,40Hz10kN/Bearing3_1/85.csv,train,32768,25600,1.28,1,2453
XJTU-SY,3,40Hz10kN,2400,10.0,Bearing3_1,1,86,40Hz10kN/Bearing3_1/86.csv,train,32768,25600,1.28,1,2452
XJTU-SY,3,40Hz10kN,2400,10.0,Bearing3_1,1,87,40Hz10kN/Bearing3_1/87.csv,train,32768,25600,1.28,1,2451
XJTU-SY,3,40Hz10kN,2400,10.0,Bearing3_1,1,88,40Hz10kN/Bearing3_1/88.csv,train,32768,25600,1.28,1,2450
XJTU-SY,3,40Hz10kN,2400,10.0,Bearing3_1,1,89,40Hz10kN/Bearing3_1/89.csv,train,32768,25600,1.28,1,2449
XJTU-SY,3,40Hz10kN,2400,10.0,Bearing3_1,1,90,40Hz10kN/Bearing3_1/90.csv,train,32768,25600,1.28,1,2448
XJTU-SY,3,40Hz10kN,2400,10.0,Bearing3_1,1,91,40Hz10kN/Bearing3_1/91.csv,train,32768,25600,1.28,1,2447
XJTU-SY,3,40Hz10kN,2400,10.0,Bearing3_1,1,92,40Hz10kN/Bearing3_1/92.csv,train,32768,25600,1.28,1,2446
XJTU-SY,3,40Hz10kN,2400,10.0,Bearing3_1,1,93,40Hz10kN/Bearing3_1/93.csv,train,32768,25600,1.28,1,2445
XJTU-SY,3,40Hz10kN,2400,10.0,Bearing3_1,1,94,40Hz10kN/Bearing3_1/94.csv,train,32768,25600,1.28,1,2444
XJTU-SY,3,40Hz10kN,2400,10.0,Bearing3_1,1,95,40Hz10kN/Bearing3_1/95.csv,train,32768,25600,1.28,1,2443
XJTU-SY,3,40Hz10kN,2400,10.0,Bearing3_1,1,96,40Hz10kN/Bearing3_1/96.csv,train,32768,25600,1.28,1,2442
XJTU-SY,3,40Hz10kN,2400,10.0,Bearing3_1,1,97,40Hz10kN/Bearing3_1/97.csv,train,32768,25600,1.28,1,2441
XJTU-SY,3,40Hz10kN,2400,10.0,Bearing3_1,1,98,40Hz10kN/Bearing3_1/98.csv,train,32768,25600,1.28,1,2440
XJTU-SY,3,40Hz10kN,2400,10.0,Bearing3_1,1,99,40Hz10kN/Bearing3_1/99.csv,train,32768,25600,1.28,1,2439
XJTU-SY,3,40Hz10kN,2400,10.0,Bearing3_1,1,100,40Hz10kN/Bearing3_1/100.csv,train,32768,25600,1.28,1,2438
XJTU-SY,3,40Hz10kN,2400,10.0,Bearing3_1,1,101,40Hz10kN/Bearing3_1/101.csv,train,32768,25600,1.28,1,2437
XJTU-SY,3,40Hz10kN,2400,10.0,Bearing3_1,1,102,40Hz10kN/Bearing3_1/102.csv,train,32768,25600,1.28,1,2436
XJTU-SY,3,40Hz10kN,2400,10.0,Bearing3_1,1,103,40Hz10kN/Bearing3_1/103.csv,train,32768,25600,1.28,1,2435
XJTU-SY,3,40Hz10kN,2400,10.0,Bearing3_1,1,104,40Hz10kN/Bearing3_1/104.csv,train,32768,25600,1.28,1,2434
XJTU-SY,3,40Hz10kN,2400,10.0,Bearing3_1,1,105,40Hz10kN/Bearing3_1/105.csv,train,32768,25600,1.28,1,2433
XJTU-SY,3,40Hz10kN,2400,10.0,Bearing3_1,1,106,40Hz10kN/Bearing3_1/106.csv,train,32768,25600,1.28,1,2432
XJTU-SY,3,40Hz10kN,2400,10.0,Bearing3_1,1,107,40Hz10kN/Bearing3_1/107.csv,train,32768,25600,1.28,1,2431
XJTU-SY,3,40Hz10kN,2400,10.0,Bearing3_1,1,108,40Hz10kN/Bearing3_1/108.csv,train,32768,25600,1.28,1,2430
XJTU-SY,3,40Hz10kN,2400,10.0,Bearing3_1,1,109,40Hz10kN/Bearing3_1/109.csv,train,32768,25600,1.28,1,2429
XJTU-SY,3,40Hz10kN,2400,10.0,Bearing3_1,1,110,40Hz10kN/Bearing3_1/110.csv,train,32768,25600,1.28,1,2428
XJTU-SY,3,40Hz10kN,2400,10.0,Bearing3_1,1,111,40Hz10kN/Bearing3_1/111.csv,train,32768,25600,1.28,1,2427
XJTU-SY,3,40Hz10kN,2400,10.0,Bearing3_1,1,112,40Hz10kN/Bearing3_1/112.csv,train,32768,25600,1.28,1,2426
XJTU-SY,3,40Hz10kN,2400,10.0,Bearing3_1,1,113,40Hz10kN/Bearing3_1/113.csv,train,32768,25600,1.28,1,2425
XJTU-SY,3,40Hz10kN,2400,10.0,Bearing3_1,1,114,40Hz10kN/Bearing3_1/114.csv,train,32768,25600,1.28,1,2424
XJTU-SY,3,40Hz10kN,2400,10.0,Bearing3_1,1,115,40Hz10kN/Bearing3_1/115.csv,train,32768,25600,1.28,1,2423
XJTU-SY,3,40Hz10kN,2400,10.0,Bearing3_1,1,116,40Hz10kN/Bearing3_1/116.csv,train,32768,25600,1.28,1,2422
XJTU-SY,3,40Hz10kN,2400,10.0,Bearing3_1,1,117,40Hz10kN/Bearing3_1/117.csv,train,32768,25600,1.28,1,2421
XJTU-SY,3,40Hz10kN,2400,10.0,Bearing3_1,1,118,40Hz10kN/Bearing3_1/118.csv,train,32768,25600,1.28,1,2420
XJTU-SY,3,40Hz10kN,2400,10.0,Bearing3_1,1,119,40Hz10kN/Bearing3_1/119.csv,train,32768,25600,1.28,1,2419
XJTU-SY,3,40Hz10kN,2400,10.0,Bearing3_1,1,120,40Hz10kN/Bearing3_1/120.csv,train,32768,25600,1.28,1,2418
XJTU-SY,3,40Hz10kN,2400,10.0,Bearing3_1,1,121,40Hz10kN/Bearing3_1/121.csv,train,32768,25600,1.28,1,2417
XJTU-SY,3,40Hz10kN,2400,10.0,Bearing3_1,1,122,40Hz10kN/Bearing3_1/122.csv,train,32768,25600,1.28,1,2416
XJTU-SY,3,40Hz10kN,2400,10.0,Bearing3_1,1,123,40Hz10kN/Bearing3_1/123.csv,train,32768,25600,1.28,1,2415
XJTU-SY,3,40Hz10kN,2400,10.0,Bearing3_1,1,124,40Hz10kN/Bearing3_1/124.csv,train,32768,25600,1.28,1,2414
XJTU-SY,3,40Hz10kN,2400,10.0,Bearing3_1,1,125,40Hz10kN/Bearing3_1/125.csv,train,32768,25600,1.28,1,2413
XJTU-SY,3,40Hz10kN,2400,10.0,Bearing3_1,1,126,40Hz10kN/Bearing3_1/126.csv,train,32768,25600,1.28,1,2412
XJTU-SY,3,40Hz10kN,2400,10.0,Bearing3_1,1,127,40Hz10kN/Bearing3_1/127.csv,train,32768,25600,1.28,1,2411
XJTU-SY,3,40Hz10kN,2400,10.0,Bearing3_1,1,128,40Hz10kN/Bearing3_1/128.csv,train,32768,25600,1.28,1,2410
XJTU-SY,3,40Hz10kN,2400,10.0,Bearing3_1,1,129,40Hz10kN/Bearing3_1/129.csv,train,32768,25600,1.28,1,2409
XJTU-SY,3,40Hz10kN,2400,10.0,Bearing3_1,1,130,40Hz10kN/Bearing3_1/130.csv,train,32768,25600,1.28,1,2408
XJTU-SY,3,40Hz10kN,2400,10.0,Bearing3_1,1,131,40Hz10kN/Bearing3_1/131.csv,train,32768,25600,1.28,1,2407
XJTU-SY,3,40Hz10kN,2400,10.0,Bearing3_1,1,132,40Hz10kN/Bearing3_1/132.csv,train,32768,25600,1.28,1,2406
XJTU-SY,3,40Hz10kN,2400,10.0,Bearing3_1,1,133,40Hz10kN/Bearing3_1/133.csv,train,32768,25600,1.28,1,2405
XJTU-SY,3,40Hz10kN,2400,10.0,Bearing3_1,1,134,40Hz10kN/Bearing3_1/134.csv,train,32768,25600,1.28,1,2404
XJTU-SY,3,40Hz10kN,2400,10.0,Bearing3_1,1,135,40Hz10kN/Bearing3_1/135.csv,train,32768,25600,1.28,1,2403
XJTU-SY,3,40Hz10kN,2400,10.0,Bearing3_1,1,136,40Hz10kN/Bearing3_1/136.csv,train,32768,25600,1.28,1,2402
XJTU-SY,3,40Hz10kN,2400,10.0,Bearing3_1,1,137,40Hz10kN/Bearing3_1/137.csv,train,32768,25600,1.28,1,2401
XJTU-SY,3,40Hz10kN,2400,10.0,Bearing3_1,1,138,40Hz10kN/Bearing3_1/138.csv,train,32768,25600,1.28,1,2400
XJTU-SY,3,40Hz10kN,2400,10.0,Bearing3_1,1,139,40Hz10kN/Bearing3_1/139.csv,train,32768,25600,1.28,1,2399
XJTU-SY,3,40Hz10kN,2400,10.0,Bearing3_1,1,140,40Hz10kN/Bearing3_1/140.csv,train,32768,25600,1.28,1,2398
XJTU-SY,3,40Hz10kN,2400,10.0,Bearing3_1,1,141,40Hz10kN/Bearing3_1/141.csv,train,32768,25600,1.28,1,2397
XJTU-SY,3,40Hz10kN,2400,10.0,Bearing3_1,1,142,40Hz10kN/Bearing3_1/142.csv,train,32768,25600,1.28,1,2396
XJTU-SY,3,40Hz10kN,2400,10.0,Bearing3_1,1,143,40Hz10kN/Bearing3_1/143.csv,train,32768,25600,1.28,1,2395
XJTU-SY,3,40Hz10kN,2400,10.0,Bearing3_1,1,144,40Hz10kN/Bearing3_1/144.csv,train,32768,25600,1.28,1,2394
XJTU-SY,3,40Hz10kN,2400,10.0,Bearing3_1,1,145,40Hz10kN/Bearing3_1/145.csv,train,32768,25600,1.28,1,2393
XJTU-SY,3,40Hz10kN,2400,10.0,Bearing3_1,1,146,40Hz10kN/Bearing3_1/146.csv,train,32768,25600,1.28,1,2392
XJTU-SY,3,40Hz10kN,2400,10.0,Bearing3_1,1,147,40Hz10kN/Bearing3_1/147.csv,train,32768,25600,1.28,1,2391
XJTU-SY,3,40Hz10kN,2400,10.0,Bearing3_1,1,148,40Hz10kN/Bearing3_1/148.csv,train,32768,25600,1.28,1,2390
XJTU-SY,3,40Hz10kN,2400,10.0,Bearing3_1,1,149,40Hz10kN/Bearing3_1/149.csv,train,32768,25600,1.28,1,2389
XJTU-SY,3,40Hz10kN,2400,10.0,Bearing3_1,1,150,40Hz10kN/Bearing3_1/150.csv,train,32768,25600,1.28,1,2388
XJTU-SY,3,40Hz10kN,2400,10.0,Bearing3_1,1,151,40Hz10kN/Bearing3_1/151.csv,train,32768,25600,1.28,1,2387
XJTU-SY,3,40Hz10kN,2400,10.0,Bearing3_1,1,152,40Hz10kN/Bearing3_1/152.csv,train,32768,25600,1.28,1,2386
XJTU-SY,3,40Hz10kN,2400,10.0,Bearing3_1,1,153,40Hz10kN/Bearing3_1/153.csv,train,32768,25600,1.28,1,2385
XJTU-SY,3,40Hz10kN,2400,10.0,Bearing3_1,1,154,40Hz10kN/Bearing3_1/154.csv,train,32768,25600,1.28,1,2384
XJTU-SY,3,40Hz10kN,2400,10.0,Bearing3_1,1,155,40Hz10kN/Bearing3_1/155.csv,train,32768,25600,1.28,1,2383
XJTU-SY,3,40Hz10kN,2400,10.0,Bearing3_1,1,156,40Hz10kN/Bearing3_1/156.csv,train,32768,25600,1.28,1,2382
XJTU-SY,3,40Hz10kN,2400,10.0,Bearing3_1,1,157,40Hz10kN/Bearing3_1/157.csv,train,32768,25600,1.28,1,2381
XJTU-SY,3,40Hz10kN,2400,10.0,Bearing3_1,1,158,40Hz10kN/Bearing3_1/158.csv,train,32768,25600,1.28,1,2380
XJTU-SY,3,40Hz10kN,2400,10.0,Bearing3_1,1,159,40Hz10kN/Bearing3_1/159.csv,train,32768,25600,1.28,1,2379
XJTU-SY,3,40Hz10kN,2400,10.0,Bearing3_1,1,160,40Hz10kN/Bearing3_1/160.csv,train,32768,25600,1.28,1,2378
XJTU-SY,3,40Hz10kN,2400,10.0,Bearing3_1,1,161,40Hz10kN/Bearing3_1/161.csv,train,32768,25600,1.28,1,2377
XJTU-SY,3,40Hz10kN,2400,10.0,Bearing3_1,1,162,40Hz10kN/Bearing3_1/162.csv,train,32768,25600,1.28,1,2376
XJTU-SY,3,40Hz10kN,2400,10.0,Bearing3_1,1,163,40Hz10kN/Bearing3_1/163.csv,train,32768,25600,1.28,1,2375
XJTU-SY,3,40Hz10kN,2400,10.0,Bearing3_1,1,164,40Hz10kN/Bearing3_1/164.csv,train,32768,25600,1.28,1,2374
XJTU-SY,3,40Hz10kN,2400,10.0,Bearing3_1,1,165,40Hz10kN/Bearing3_1/165.csv,train,32768,25600,1.28,1,2373
XJTU-SY,3,40Hz10kN,2400,10.0,Bearing3_1,1,166,40Hz10kN/Bearing3_1/166.csv,train,32768,25600,1.28,1,2372
XJTU-SY,3,40Hz10kN,2400,10.0,Bearing3_1,1,167,40Hz10kN/Bearing3_1/167.csv,train,32768,25600,1.28,1,2371
XJTU-SY,3,40Hz10kN,2400,10.0,Bearing3_1,1,168,40Hz10kN/Bearing3_1/168.csv,train,32768,25600,1.28,1,2370
XJTU-SY,3,40Hz10kN,2400,10.0,Bearing3_1,1,169,40Hz10kN/Bearing3_1/169.csv,train,32768,25600,1.28,1,2369
XJTU-SY,3,40Hz10kN,2400,10.0,Bearing3_1,1,170,40Hz10kN/Bearing3_1/170.csv,train,32768,25600,1.28,1,2368
XJTU-SY,3,40Hz10kN,2400,10.0,Bearing3_1,1,171,40Hz10kN/Bearing3_1/171.csv,train,32768,25600,1.28,1,2367
XJTU-SY,3,40Hz10kN,2400,10.0,Bearing3_1,1,172,40Hz10kN/Bearing3_1/172.csv,train,32768,25600,1.28,1,2366
XJTU-SY,3,40Hz10kN,2400,10.0,Bearing3_1,1,173,40Hz10kN/Bearing3_1/173.csv,train,32768,25600,1.28,1,2365
XJTU-SY,3,40Hz10kN,2400,10.0,Bearing3_1,1,174,40Hz10kN/Bearing3_1/174.csv,train,32768,25600,1.28,1,2364
XJTU-SY,3,40Hz10kN,2400,10.0,Bearing3_1,1,175,40Hz10kN/Bearing3_1/175.csv,train,32768,25600,1.28,1,2363
XJTU-SY,3,40Hz10kN,2400,10.0,Bearing3_1,1,176,40Hz10kN/Bearing3_1/176.csv,train,32768,25600,1.28,1,2362
XJTU-SY,3,40Hz10kN,2400,10.0,Bearing3_1,1,177,40Hz10kN/Bearing3_1/177.csv,train,32768,25600,1.28,1,2361
XJTU-SY,3,40Hz10kN,2400,10.0,Bearing3_1,1,178,40Hz10kN/Bearing3_1/178.csv,train,32768,25600,1.28,1,2360
XJTU-SY,3,40Hz10kN,2400,10.0,Bearing3_1,1,179,40Hz10kN/Bearing3_1/179.csv,train,32768,25600,1.28,1,2359
XJTU-SY,3,40Hz10kN,2400,10.0,Bearing3_1,1,180,40Hz10kN/Bearing3_1/180.csv,train,32768,25600,1.28,1,2358
XJTU-SY,3,40Hz10kN,2400,10.0,Bearing3_1,1,181,40Hz10kN/Bearing3_1/181.csv,train,32768,25600,1.28,1,2357
XJTU-SY,3,40Hz10kN,2400,10.0,Bearing3_1,1,182,40Hz10kN/Bearing3_1/182.csv,train,32768,25600,1.28,1,2356
XJTU-SY,3,40Hz10kN,2400,10.0,Bearing3_1,1,183,40Hz10kN/Bearing3_1/183.csv,train,32768,25600,1.28,1,2355
XJTU-SY,3,40Hz10kN,2400,10.0,Bearing3_1,1,184,40Hz10kN/Bearing3_1/184.csv,train,32768,25600,1.28,1,2354
XJTU-SY,3,40Hz10kN,2400,10.0,Bearing3_1,1,185,40Hz10kN/Bearing3_1/185.csv,train,32768,25600,1.28,1,2353
XJTU-SY,3,40Hz10kN,2400,10.0,Bearing3_1,1,186,40Hz10kN/Bearing3_1/186.csv,train,32768,25600,1.28,1,2352
XJTU-SY,3,40Hz10kN,2400,10.0,Bearing3_1,1,187,40Hz10kN/Bearing3_1/187.csv,train,32768,25600,1.28,1,2351
XJTU-SY,3,40Hz10kN,2400,10.0,Bearing3_1,1,188,40Hz10kN/Bearing3_1/188.csv,train,32768,25600,1.28,1,2350
XJTU-SY,3,40Hz10kN,2400,10.0,Bearing3_1,1,189,40Hz10kN/Bearing3_1/189.csv,train,32768,25600,1.28,1,2349
XJTU-SY,3,40Hz10kN,2400,10.0,Bearing3_1,1,190,40Hz10kN/Bearing3_1/190.csv,train,32768,25600,1.28,1,2348
XJTU-SY,3,40Hz10kN,2400,10.0,Bearing3_1,1,191,40Hz10kN/Bearing3_1/191.csv,train,32768,25600,1.28,1,2347
XJTU-SY,3,40Hz10kN,2400,10.0,Bearing3_1,1,192,40Hz10kN/Bearing3_1/192.csv,train,32768,25600,1.28,1,2346
XJTU-SY,3,40Hz10kN,2400,10.0,Bearing3_1,1,193,40Hz10kN/Bearing3_1/193.csv,train,32768,25600,1.28,1,2345
XJTU-SY,3,40Hz10kN,2400,10.0,Bearing3_1,1,194,40Hz10kN/Bearing3_1/194.csv,train,32768,25600,1.28,1,2344
XJTU-SY,3,40Hz10kN,2400,10.0,Bearing3_1,1,195,40Hz10kN/Bearing3_1/195.csv,train,32768,25600,1.28,1,2343
XJTU-SY,3,40Hz10kN,2400,10.0,Bearing3_1,1,196,40Hz10kN/Bearing3_1/196.csv,train,32768,25600,1.28,1,2342
XJTU-SY,3,40Hz10kN,2400,10.0,Bearing3_1,1,197,40Hz10kN/Bearing3_1/197.csv,train,32768,25600,1.28,1,2341
XJTU-SY,3,40Hz10kN,2400,10.0,Bearing3_1,1,198,40Hz10kN/Bearing3_1/198.csv,train,32768,25600,1.28,1,2340
XJTU-SY,3,40Hz10kN,2400,10.0,Bearing3_1,1,199,40Hz10kN/Bearing3_1/199.csv,train,32768,25600,1.28,1,2339
XJTU-SY,3,40Hz10kN,2400,10.0,Bearing3_1,1,200,40Hz10kN/Bearing3_1/200.csv,train,32768,25600,1.28,1,2338
XJTU-SY,3,40Hz10kN,2400,10.0,Bearing3_1,1,201,40Hz10kN/Bearing3_1/201.csv,train,32768,25600,1.28,1,2337
XJTU-SY,3,40Hz10kN,2400,10.0,Bearing3_1,1,202,40Hz10kN/Bearing3_1/202.csv,train,32768,25600,1.28,1,2336
XJTU-SY,3,40Hz10kN,2400,10.0,Bearing3_1,1,203,40Hz10kN/Bearing3_1/203.csv,train,32768,25600,1.28,1,2335
XJTU-SY,3,40Hz10kN,2400,10.0,Bearing3_1,1,204,40Hz10kN/Bearing3_1/204.csv,train,32768,25600,1.28,1,2334
XJTU-SY,3,40Hz10kN,2400,10.0,Bearing3_1,1,205,40Hz10kN/Bearing3_1/205.csv,train,32768,25600,1.28,1,2333
XJTU-SY,3,40Hz10kN,2400,10.0,Bearing3_1,1,206,40Hz10kN/Bearing3_1/206.csv,train,32768,25600,1.28,1,2332
XJTU-SY,3,40Hz10kN,2400,10.0,Bearing3_1,1,207,40Hz10kN/Bearing3_1/207.csv,train,32768,25600,1.28,1,2331
XJTU-SY,3,40Hz10kN,2400,10.0,Bearing3_1,1,208,40Hz10kN/Bearing3_1/208.csv,train,32768,25600,1.28,1,2330
XJTU-SY,3,40Hz10kN,2400,10.0,Bearing3_1,1,209,40Hz10kN/Bearing3_1/209.csv,train,32768,25600,1.28,1,2329
XJTU-SY,3,40Hz10kN,2400,10.0,Bearing3_1,1,210,40Hz10kN/Bearing3_1/210.csv,train,32768,25600,1.28,1,2328
XJTU-SY,3,40Hz10kN,2400,10.0,Bearing3_1,1,211,40Hz10kN/Bearing3_1/211.csv,train,32768,25600,1.28,1,2327
XJTU-SY,3,40Hz10kN,2400,10.0,Bearing3_1,1,212,40Hz10kN/Bearing3_1/212.csv,train,32768,25600,1.28,1,2326
XJTU-SY,3,40Hz10kN,2400,10.0,Bearing3_1,1,213,40Hz10kN/Bearing3_1/213.csv,train,32768,25600,1.28,1,2325
XJTU-SY,3,40Hz10kN,2400,10.0,Bearing3_1,1,214,40Hz10kN/Bearing3_1/214.csv,train,32768,25600,1.28,1,2324
XJTU-SY,3,40Hz10kN,2400,10.0,Bearing3_1,1,215,40Hz10kN/Bearing3_1/215.csv,train,32768,25600,1.28,1,2323
XJTU-SY,3,40Hz10kN,2400,10.0,Bearing3_1,1,216,40Hz10kN/Bearing3_1/216.csv,train,32768,25600,1.28,1,2322
XJTU-SY,3,40Hz10kN,2400,10.0,Bearing3_1,1,217,40Hz10kN/Bearing3_1/217.csv,train,32768,25600,1.28,1,2321
XJTU-SY,3,40Hz10kN,2400,10.0,Bearing3_1,1,218,40Hz10kN/Bearing3_1/218.csv,train,32768,25600,1.28,1,2320
XJTU-SY,3,40Hz10kN,2400,10.0,Bearing3_1,1,219,40Hz10kN/Bearing3_1/219.csv,train,32768,25600,1.28,1,2319
XJTU-SY,3,40Hz10kN,2400,10.0,Bearing3_1,1,220,40Hz10kN/Bearing3_1/220.csv,train,32768,25600,1.28,1,2318
XJTU-SY,3,40Hz10kN,2400,10.0,Bearing3_1,1,221,40Hz10kN/Bearing3_1/221.csv,train,32768,25600,1.28,1,2317
XJTU-SY,3,40Hz10kN,2400,10.0,Bearing3_1,1,222,40Hz10kN/Bearing3_1/222.csv,train,32768,25600,1.28,1,2316
XJTU-SY,3,40Hz10kN,2400,10.0,Bearing3_1,1,223,40Hz10kN/Bearing3_1/223.csv,train,32768,25600,1.28,1,2315
XJTU-SY,3,40Hz10kN,2400,10.0,Bearing3_1,1,224,40Hz10kN/Bearing3_1/224.csv,train,32768,25600,1.28,1,2314
XJTU-SY,3,40Hz10kN,2400,10.0,Bearing3_1,1,225,40Hz10kN/Bearing3_1/225.csv,train,32768,25600,1.28,1,2313
XJTU-SY,3,40Hz10kN,2400,10.0,Bearing3_1,1,226,40Hz10kN/Bearing3_1/226.csv,train,32768,25600,1.28,1,2312
XJTU-SY,3,40Hz10kN,2400,10.0,Bearing3_1,1,227,40Hz10kN/Bearing3_1/227.csv,train,32768,25600,1.28,1,2311
XJTU-SY,3,40Hz10kN,2400,10.0,Bearing3_1,1,228,40Hz10kN/Bearing3_1/228.csv,train,32768,25600,1.28,1,2310
XJTU-SY,3,40Hz10kN,2400,10.0,Bearing3_1,1,229,40Hz10kN/Bearing3_1/229.csv,train,32768,25600,1.28,1,2309
XJTU-SY,3,40Hz10kN,2400,10.0,Bearing3_1,1,230,40Hz10kN/Bearing3_1/230.csv,train,32768,25600,1.28,1,2308
XJTU-SY,3,40Hz10kN,2400,10.0,Bearing3_1,1,231,40Hz10kN/Bearing3_1/231.csv,train,32768,25600,1.28,1,2307
XJTU-SY,3,40Hz10kN,2400,10.0,Bearing3_1,1,232,40Hz10kN/Bearing3_1/232.csv,train,32768,25600,1.28,1,2306
XJTU-SY,3,40Hz10kN,2400,10.0,Bearing3_1,1,233,40Hz10kN/Bearing3_1/233.csv,train,32768,25600,1.28,1,2305
XJTU-SY,3,40Hz10kN,2400,10.0,Bearing3_1,1,234,40Hz10kN/Bearing3_1/234.csv,train,32768,25600,1.28,1,2304
XJTU-SY,3,40Hz10kN,2400,10.0,Bearing3_1,1,235,40Hz10kN/Bearing3_1/235.csv,train,32768,25600,1.28,1,2303
XJTU-SY,3,40Hz10kN,2400,10.0,Bearing3_1,1,236,40Hz10kN/Bearing3_1/236.csv,train,32768,25600,1.28,1,2302
XJTU-SY,3,40Hz10kN,2400,10.0,Bearing3_1,1,237,40Hz10kN/Bearing3_1/237.csv,train,32768,25600,1.28,1,2301
XJTU-SY,3,40Hz10kN,2400,10.0,Bearing3_1,1,238,40Hz10kN/Bearing3_1/238.csv,train,32768,25600,1.28,1,2300
XJTU-SY,3,40Hz10kN,2400,10.0,Bearing3_1,1,239,40Hz10kN/Bearing3_1/239.csv,train,32768,25600,1.28,1,2299
XJTU-SY,3,40Hz10kN,2400,10.0,Bearing3_1,1,240,40Hz10kN/Bearing3_1/240.csv,train,32768,25600,1.28,1,2298
XJTU-SY,3,40Hz10kN,2400,10.0,Bearing3_1,1,241,40Hz10kN/Bearing3_1/241.csv,train,32768,25600,1.28,1,2297
XJTU-SY,3,40Hz10kN,2400,10.0,Bearing3_1,1,242,40Hz10kN/Bearing3_1/242.csv,train,32768,25600,1.28,1,2296
XJTU-SY,3,40Hz10kN,2400,10.0,Bearing3_1,1,243,40Hz10kN/Bearing3_1/243.csv,train,32768,25600,1.28,1,2295
XJTU-SY,3,40Hz10kN,2400,10.0,Bearing3_1,1,244,40Hz10kN/Bearing3_1/244.csv,train,32768,25600,1.28,1,2294
XJTU-SY,3,40Hz10kN,2400,10.0,Bearing3_1,1,245,40Hz10kN/Bearing3_1/245.csv,train,32768,25600,1.28,1,2293
XJTU-SY,3,40Hz10kN,2400,10.0,Bearing3_1,1,246,40Hz10kN/Bearing3_1/246.csv,train,32768,25600,1.28,1,2292
XJTU-SY,3,40Hz10kN,2400,10.0,Bearing3_1,1,247,40Hz10kN/Bearing3_1/247.csv,train,32768,25600,1.28,1,2291
XJTU-SY,3,40Hz10kN,2400,10.0,Bearing3_1,1,248,40Hz10kN/Bearing3_1/248.csv,train,32768,25600,1.28,1,2290
XJTU-SY,3,40Hz10kN,2400,10.0,Bearing3_1,1,249,40Hz10kN/Bearing3_1/249.csv,train,32768,25600,1.28,1,2289
XJTU-SY,3,40Hz10kN,2400,10.0,Bearing3_1,1,250,40Hz10kN/Bearing3_1/250.csv,train,32768,25600,1.28,1,2288
XJTU-SY,3,40Hz10kN,2400,10.0,Bearing3_1,1,251,40Hz10kN/Bearing3_1/251.csv,train,32768,25600,1.28,1,2287
XJTU-SY,3,40Hz10kN,2400,10.0,Bearing3_1,1,252,40Hz10kN/Bearing3_1/252.csv,train,32768,25600,1.28,1,2286
XJTU-SY,3,40Hz10kN,2400,10.0,Bearing3_1,1,253,40Hz10kN/Bearing3_1/253.csv,train,32768,25600,1.28,1,2285
XJTU-SY,3,40Hz10kN,2400,10.0,Bearing3_1,1,254,40Hz10kN/Bearing3_1/254.csv,train,32768,25600,1.28,1,2284
XJTU-SY,3,40Hz10kN,2400,10.0,Bearing3_1,1,255,40Hz10kN/Bearing3_1/255.csv,train,32768,25600,1.28,1,2283
XJTU-SY,3,40Hz10kN,2400,10.0,Bearing3_1,1,256,40Hz10kN/Bearing3_1/256.csv,train,32768,25600,1.28,1,2282
XJTU-SY,3,40Hz10kN,2400,10.0,Bearing3_1,1,257,40Hz10kN/Bearing3_1/257.csv,train,32768,25600,1.28,1,2281
XJTU-SY,3,40Hz10kN,2400,10.0,Bearing3_1,1,258,40Hz10kN/Bearing3_1/258.csv,train,32768,25600,1.28,1,2280
XJTU-SY,3,40Hz10kN,2400,10.0,Bearing3_1,1,259,40Hz10kN/Bearing3_1/259.csv,train,32768,25600,1.28,1,2279
XJTU-SY,3,40Hz10kN,2400,10.0,Bearing3_1,1,260,40Hz10kN/Bearing3_1/260.csv,train,32768,25600,1.28,1,2278
XJTU-SY,3,40Hz10kN,2400,10.0,Bearing3_1,1,261,40Hz10kN/Bearing3_1/261.csv,train,32768,25600,1.28,1,2277
XJTU-SY,3,40Hz10kN,2400,10.0,Bearing3_1,1,262,40Hz10kN/Bearing3_1/262.csv,train,32768,25600,1.28,1,2276
XJTU-SY,3,40Hz10kN,2400,10.0,Bearing3_1,1,263,40Hz10kN/Bearing3_1/263.csv,train,32768,25600,1.28,1,2275
XJTU-SY,3,40Hz10kN,2400,10.0,Bearing3_1,1,264,40Hz10kN/Bearing3_1/264.csv,train,32768,25600,1.28,1,2274
XJTU-SY,3,40Hz10kN,2400,10.0,Bearing3_1,1,265,40Hz10kN/Bearing3_1/265.csv,train,32768,25600,1.28,1,2273
XJTU-SY,3,40Hz10kN,2400,10.0,Bearing3_1,1,266,40Hz10kN/Bearing3_1/266.csv,train,32768,25600,1.28,1,2272
XJTU-SY,3,40Hz10kN,2400,10.0,Bearing3_1,1,267,40Hz10kN/Bearing3_1/267.csv,train,32768,25600,1.28,1,2271
XJTU-SY,3,40Hz10kN,2400,10.0,Bearing3_1,1,268,40Hz10kN/Bearing3_1/268.csv,train,32768,25600,1.28,1,2270
XJTU-SY,3,40Hz10kN,2400,10.0,Bearing3_1,1,269,40Hz10kN/Bearing3_1/269.csv,train,32768,25600,1.28,1,2269
XJTU-SY,3,40Hz10kN,2400,10.0,Bearing3_1,1,270,40Hz10kN/Bearing3_1/270.csv,train,32768,25600,1.28,1,2268
XJTU-SY,3,40Hz10kN,2400,10.0,Bearing3_1,1,271,40Hz10kN/Bearing3_1/271.csv,train,32768,25600,1.28,1,2267
XJTU-SY,3,40Hz10kN,2400,10.0,Bearing3_1,1,272,40Hz10kN/Bearing3_1/272.csv,train,32768,25600,1.28,1,2266
XJTU-SY,3,40Hz10kN,2400,10.0,Bearing3_1,1,273,40Hz10kN/Bearing3_1/273.csv,train,32768,25600,1.28,1,2265
XJTU-SY,3,40Hz10kN,2400,10.0,Bearing3_1,1,274,40Hz10kN/Bearing3_1/274.csv,train,32768,25600,1.28,1,2264
XJTU-SY,3,40Hz10kN,2400,10.0,Bearing3_1,1,275,40Hz10kN/Bearing3_1/275.csv,train,32768,25600,1.28,1,2263
XJTU-SY,3,40Hz10kN,2400,10.0,Bearing3_1,1,276,40Hz10kN/Bearing3_1/276.csv,train,32768,25600,1.28,1,2262
XJTU-SY,3,40Hz10kN,2400,10.0,Bearing3_1,1,277,40Hz10kN/Bearing3_1/277.csv,train,32768,25600,1.28,1,2261
XJTU-SY,3,40Hz10kN,2400,10.0,Bearing3_1,1,278,40Hz10kN/Bearing3_1/278.csv,train,32768,25600,1.28,1,2260
XJTU-SY,3,40Hz10kN,2400,10.0,Bearing3_1,1,279,40Hz10kN/Bearing3_1/279.csv,train,32768,25600,1.28,1,2259
XJTU-SY,3,40Hz10kN,2400,10.0,Bearing3_1,1,280,40Hz10kN/Bearing3_1/280.csv,train,32768,25600,1.28,1,2258
XJTU-SY,3,40Hz10kN,2400,10.0,Bearing3_1,1,281,40Hz10kN/Bearing3_1/281.csv,train,32768,25600,1.28,1,2257
XJTU-SY,3,40Hz10kN,2400,10.0,Bearing3_1,1,282,40Hz10kN/Bearing3_1/282.csv,train,32768,25600,1.28,1,2256
XJTU-SY,3,40Hz10kN,2400,10.0,Bearing3_1,1,283,40Hz10kN/Bearing3_1/283.csv,train,32768,25600,1.28,1,2255
XJTU-SY,3,40Hz10kN,2400,10.0,Bearing3_1,1,284,40Hz10kN/Bearing3_1/284.csv,train,32768,25600,1.28,1,2254
XJTU-SY,3,40Hz10kN,2400,10.0,Bearing3_1,1,285,40Hz10kN/Bearing3_1/285.csv,train,32768,25600,1.28,1,2253
XJTU-SY,3,40Hz10kN,2400,10.0,Bearing3_1,1,286,40Hz10kN/Bearing3_1/286.csv,train,32768,25600,1.28,1,2252
XJTU-SY,3,40Hz10kN,2400,10.0,Bearing3_1,1,287,40Hz10kN/Bearing3_1/287.csv,train,32768,25600,1.28,1,2251
XJTU-SY,3,40Hz10kN,2400,10.0,Bearing3_1,1,288,40Hz10kN/Bearing3_1/288.csv,train,32768,25600,1.28,1,2250
XJTU-SY,3,40Hz10kN,2400,10.0,Bearing3_1,1,289,40Hz10kN/Bearing3_1/289.csv,train,32768,25600,1.28,1,2249
XJTU-SY,3,40Hz10kN,2400,10.0,Bearing3_1,1,290,40Hz10kN/Bearing3_1/290.csv,train,32768,25600,1.28,1,2248
XJTU-SY,3,40Hz10kN,2400,10.0,Bearing3_1,1,291,40Hz10kN/Bearing3_1/291.csv,train,32768,25600,1.28,1,2247
XJTU-SY,3,40Hz10kN,2400,10.0,Bearing3_1,1,292,40Hz10kN/Bearing3_1/292.csv,train,32768,25600,1.28,1,2246
XJTU-SY,3,40Hz10kN,2400,10.0,Bearing3_1,1,293,40Hz10kN/Bearing3_1/293.csv,train,32768,25600,1.28,1,2245
XJTU-SY,3,40Hz10kN,2400,10.0,Bearing3_1,1,294,40Hz10kN/Bearing3_1/294.csv,train,32768,25600,1.28,1,2244
XJTU-SY,3,40Hz10kN,2400,10.0,Bearing3_1,1,295,40Hz10kN/Bearing3_1/295.csv,train,32768,25600,1.28,1,2243
XJTU-SY,3,40Hz10kN,2400,10.0,Bearing3_1,1,296,40Hz10kN/Bearing3_1/296.csv,train,32768,25600,1.28,1,2242
XJTU-SY,3,40Hz10kN,2400,10.0,Bearing3_1,1,297,40Hz10kN/Bearing3_1/297.csv,train,32768,25600,1.28,1,2241
XJTU-SY,3,40Hz10kN,2400,10.0,Bearing3_1,1,298,40Hz10kN/Bearing3_1/298.csv,train,32768,25600,1.28,1,2240
XJTU-SY,3,40Hz10kN,2400,10.0,Bearing3_1,1,299,40Hz10kN/Bearing3_1/299.csv,train,32768,25600,1.28,1,2239
XJTU-SY,3,40Hz10kN,2400,10.0,Bearing3_1,1,300,40Hz10kN/Bearing3_1/300.csv,train,32768,25600,1.28,1,2238
XJTU-SY,3,40Hz10kN,2400,10.0,Bearing3_1,1,301,40Hz10kN/Bearing3_1/301.csv,train,32768,25600,1.28,1,2237
XJTU-SY,3,40Hz10kN,2400,10.0,Bearing3_1,1,302,40Hz10kN/Bearing3_1/302.csv,train,32768,25600,1.28,1,2236
XJTU-SY,3,40Hz10kN,2400,10.0,Bearing3_1,1,303,40Hz10kN/Bearing3_1/303.csv,train,32768,25600,1.28,1,2235
XJTU-SY,3,40Hz10kN,2400,10.0,Bearing3_1,1,304,40Hz10kN/Bearing3_1/304.csv,train,32768,25600,1.28,1,2234
XJTU-SY,3,40Hz10kN,2400,10.0,Bearing3_1,1,305,40Hz10kN/Bearing3_1/305.csv,train,32768,25600,1.28,1,2233
XJTU-SY,3,40Hz10kN,2400,10.0,Bearing3_1,1,306,40Hz10kN/Bearing3_1/306.csv,train,32768,25600,1.28,1,2232
XJTU-SY,3,40Hz10kN,2400,10.0,Bearing3_1,1,307,40Hz10kN/Bearing3_1/307.csv,train,32768,25600,1.28,1,2231
XJTU-SY,3,40Hz10kN,2400,10.0,Bearing3_1,1,308,40Hz10kN/Bearing3_1/308.csv,train,32768,25600,1.28,1,2230
XJTU-SY,3,40Hz10kN,2400,10.0,Bearing3_1,1,309,40Hz10kN/Bearing3_1/309.csv,train,32768,25600,1.28,1,2229
XJTU-SY,3,40Hz10kN,2400,10.0,Bearing3_1,1,310,40Hz10kN/Bearing3_1/310.csv,train,32768,25600,1.28,1,2228
XJTU-SY,3,40Hz10kN,2400,10.0,Bearing3_1,1,311,40Hz10kN/Bearing3_1/311.csv,train,32768,25600,1.28,1,2227
XJTU-SY,3,40Hz10kN,2400,10.0,Bearing3_1,1,312,40Hz10kN/Bearing3_1/312.csv,train,32768,25600,1.28,1,2226
XJTU-SY,3,40Hz10kN,2400,10.0,Bearing3_1,1,313,40Hz10kN/Bearing3_1/313.csv,train,32768,25600,1.28,1,2225
XJTU-SY,3,40Hz10kN,2400,10.0,Bearing3_1,1,314,40Hz10kN/Bearing3_1/314.csv,train,32768,25600,1.28,1,2224
XJTU-SY,3,40Hz10kN,2400,10.0,Bearing3_1,1,315,40Hz10kN/Bearing3_1/315.csv,train,32768,25600,1.28,1,2223
XJTU-SY,3,40Hz10kN,2400,10.0,Bearing3_1,1,316,40Hz10kN/Bearing3_1/316.csv,train,32768,25600,1.28,1,2222
XJTU-SY,3,40Hz10kN,2400,10.0,Bearing3_1,1,317,40Hz10kN/Bearing3_1/317.csv,train,32768,25600,1.28,1,2221
XJTU-SY,3,40Hz10kN,2400,10.0,Bearing3_1,1,318,40Hz10kN/Bearing3_1/318.csv,train,32768,25600,1.28,1,2220
XJTU-SY,3,40Hz10kN,2400,10.0,Bearing3_1,1,319,40Hz10kN/Bearing3_1/319.csv,train,32768,25600,1.28,1,2219
XJTU-SY,3,40Hz10kN,2400,10.0,Bearing3_1,1,320,40Hz10kN/Bearing3_1/320.csv,train,32768,25600,1.28,1,2218
XJTU-SY,3,40Hz10kN,2400,10.0,Bearing3_1,1,321,40Hz10kN/Bearing3_1/321.csv,train,32768,25600,1.28,1,2217
XJTU-SY,3,40Hz10kN,2400,10.0,Bearing3_1,1,322,40Hz10kN/Bearing3_1/322.csv,train,32768,25600,1.28,1,2216
XJTU-SY,3,40Hz10kN,2400,10.0,Bearing3_1,1,323,40Hz10kN/Bearing3_1/323.csv,train,32768,25600,1.28,1,2215
XJTU-SY,3,40Hz10kN,2400,10.0,Bearing3_1,1,324,40Hz10kN/Bearing3_1/324.csv,train,32768,25600,1.28,1,2214
XJTU-SY,3,40Hz10kN,2400,10.0,Bearing3_1,1,325,40Hz10kN/Bearing3_1/325.csv,train,32768,25600,1.28,1,2213
XJTU-SY,3,40Hz10kN,2400,10.0,Bearing3_1,1,326,40Hz10kN/Bearing3_1/326.csv,train,32768,25600,1.28,1,2212
XJTU-SY,3,40Hz10kN,2400,10.0,Bearing3_1,1,327,40Hz10kN/Bearing3_1/327.csv,train,32768,25600,1.28,1,2211
XJTU-SY,3,40Hz10kN,2400,10.0,Bearing3_1,1,328,40Hz10kN/Bearing3_1/328.csv,train,32768,25600,1.28,1,2210
XJTU-SY,3,40Hz10kN,2400,10.0,Bearing3_1,1,329,40Hz10kN/Bearing3_1/329.csv,train,32768,25600,1.28,1,2209
XJTU-SY,3,40Hz10kN,2400,10.0,Bearing3_1,1,330,40Hz10kN/Bearing3_1/330.csv,train,32768,25600,1.28,1,2208
XJTU-SY,3,40Hz10kN,2400,10.0,Bearing3_1,1,331,40Hz10kN/Bearing3_1/331.csv,train,32768,25600,1.28,1,2207
XJTU-SY,3,40Hz10kN,2400,10.0,Bearing3_1,1,332,40Hz10kN/Bearing3_1/332.csv,train,32768,25600,1.28,1,2206
XJTU-SY,3,40Hz10kN,2400,10.0,Bearing3_1,1,333,40Hz10kN/Bearing3_1/333.csv,train,32768,25600,1.28,1,2205
XJTU-SY,3,40Hz10kN,2400,10.0,Bearing3_1,1,334,40Hz10kN/Bearing3_1/334.csv,train,32768,25600,1.28,1,2204
XJTU-SY,3,40Hz10kN,2400,10.0,Bearing3_1,1,335,40Hz10kN/Bearing3_1/335.csv,train,32768,25600,1.28,1,2203
XJTU-SY,3,40Hz10kN,2400,10.0,Bearing3_1,1,336,40Hz10kN/Bearing3_1/336.csv,train,32768,25600,1.28,1,2202
XJTU-SY,3,40Hz10kN,2400,10.0,Bearing3_1,1,337,40Hz10kN/Bearing3_1/337.csv,train,32768,25600,1.28,1,2201
XJTU-SY,3,40Hz10kN,2400,10.0,Bearing3_1,1,338,40Hz10kN/Bearing3_1/338.csv,train,32768,25600,1.28,1,2200
XJTU-SY,3,40Hz10kN,2400,10.0,Bearing3_1,1,339,40Hz10kN/Bearing3_1/339.csv,train,32768,25600,1.28,1,2199
XJTU-SY,3,40Hz10kN,2400,10.0,Bearing3_1,1,340,40Hz10kN/Bearing3_1/340.csv,train,32768,25600,1.28,1,2198
XJTU-SY,3,40Hz10kN,2400,10.0,Bearing3_1,1,341,40Hz10kN/Bearing3_1/341.csv,train,32768,25600,1.28,1,2197
XJTU-SY,3,40Hz10kN,2400,10.0,Bearing3_1,1,342,40Hz10kN/Bearing3_1/342.csv,train,32768,25600,1.28,1,2196
XJTU-SY,3,40Hz10kN,2400,10.0,Bearing3_1,1,343,40Hz10kN/Bearing3_1/343.csv,train,32768,25600,1.28,1,2195
XJTU-SY,3,40Hz10kN,2400,10.0,Bearing3_1,1,344,40Hz10kN/Bearing3_1/344.csv,train,32768,25600,1.28,1,2194
XJTU-SY,3,40Hz10kN,2400,10.0,Bearing3_1,1,345,40Hz10kN/Bearing3_1/345.csv,train,32768,25600,1.28,1,2193
XJTU-SY,3,40Hz10kN,2400,10.0,Bearing3_1,1,346,40Hz10kN/Bearing3_1/346.csv,train,32768,25600,1.28,1,2192
XJTU-SY,3,40Hz10kN,2400,10.0,Bearing3_1,1,347,40Hz10kN/Bearing3_1/347.csv,train,32768,25600,1.28,1,2191
XJTU-SY,3,40Hz10kN,2400,10.0,Bearing3_1,1,348,40Hz10kN/Bearing3_1/348.csv,train,32768,25600,1.28,1,2190
XJTU-SY,3,40Hz10kN,2400,10.0,Bearing3_1,1,349,40Hz10kN/Bearing3_1/349.csv,train,32768,25600,1.28,1,2189
XJTU-SY,3,40Hz10kN,2400,10.0,Bearing3_1,1,350,40Hz10kN/Bearing3_1/350.csv,train,32768,25600,1.28,1,2188
XJTU-SY,3,40Hz10kN,2400,10.0,Bearing3_1,1,351,40Hz10kN/Bearing3_1/351.csv,train,32768,25600,1.28,1,2187
XJTU-SY,3,40Hz10kN,2400,10.0,Bearing3_1,1,352,40Hz10kN/Bearing3_1/352.csv,train,32768,25600,1.28,1,2186
XJTU-SY,3,40Hz10kN,2400,10.0,Bearing3_1,1,353,40Hz10kN/Bearing3_1/353.csv,train,32768,25600,1.28,1,2185
XJTU-SY,3,40Hz10kN,2400,10.0,Bearing3_1,1,354,40Hz10kN/Bearing3_1/354.csv,train,32768,25600,1.28,1,2184
XJTU-SY,3,40Hz10kN,2400,10.0,Bearing3_1,1,355,40Hz10kN/Bearing3_1/355.csv,train,32768,25600,1.28,1,2183
XJTU-SY,3,40Hz10kN,2400,10.0,Bearing3_1,1,356,40Hz10kN/Bearing3_1/356.csv,train,32768,25600,1.28,1,2182
XJTU-SY,3,40Hz10kN,2400,10.0,Bearing3_1,1,357,40Hz10kN/Bearing3_1/357.csv,train,32768,25600,1.28,1,2181
XJTU-SY,3,40Hz10kN,2400,10.0,Bearing3_1,1,358,40Hz10kN/Bearing3_1/358.csv,train,32768,25600,1.28,1,2180
XJTU-SY,3,40Hz10kN,2400,10.0,Bearing3_1,1,359,40Hz10kN/Bearing3_1/359.csv,train,32768,25600,1.28,1,2179
XJTU-SY,3,40Hz10kN,2400,10.0,Bearing3_1,1,360,40Hz10kN/Bearing3_1/360.csv,train,32768,25600,1.28,1,2178
XJTU-SY,3,40Hz10kN,2400,10.0,Bearing3_1,1,361,40Hz10kN/Bearing3_1/361.csv,train,32768,25600,1.28,1,2177
XJTU-SY,3,40Hz10kN,2400,10.0,Bearing3_1,1,362,40Hz10kN/Bearing3_1/362.csv,train,32768,25600,1.28,1,2176
XJTU-SY,3,40Hz10kN,2400,10.0,Bearing3_1,1,363,40Hz10kN/Bearing3_1/363.csv,train,32768,25600,1.28,1,2175
XJTU-SY,3,40Hz10kN,2400,10.0,Bearing3_1,1,364,40Hz10kN/Bearing3_1/364.csv,train,32768,25600,1.28,1,2174
XJTU-SY,3,40Hz10kN,2400,10.0,Bearing3_1,1,365,40Hz10kN/Bearing3_1/365.csv,train,32768,25600,1.28,1,2173
XJTU-SY,3,40Hz10kN,2400,10.0,Bearing3_1,1,366,40Hz10kN/Bearing3_1/366.csv,train,32768,25600,1.28,1,2172
XJTU-SY,3,40Hz10kN,2400,10.0,Bearing3_1,1,367,40Hz10kN/Bearing3_1/367.csv,train,32768,25600,1.28,1,2171
XJTU-SY,3,40Hz10kN,2400,10.0,Bearing3_1,1,368,40Hz10kN/Bearing3_1/368.csv,train,32768,25600,1.28,1,2170
XJTU-SY,3,40Hz10kN,2400,10.0,Bearing3_1,1,369,40Hz10kN/Bearing3_1/369.csv,train,32768,25600,1.28,1,2169
XJTU-SY,3,40Hz10kN,2400,10.0,Bearing3_1,1,370,40Hz10kN/Bearing3_1/370.csv,train,32768,25600,1.28,1,2168
XJTU-SY,3,40Hz10kN,2400,10.0,Bearing3_1,1,371,40Hz10kN/Bearing3_1/371.csv,train,32768,25600,1.28,1,2167
XJTU-SY,3,40Hz10kN,2400,10.0,Bearing3_1,1,372,40Hz10kN/Bearing3_1/372.csv,train,32768,25600,1.28,1,2166
XJTU-SY,3,40Hz10kN,2400,10.0,Bearing3_1,1,373,40Hz10kN/Bearing3_1/373.csv,train,32768,25600,1.28,1,2165
XJTU-SY,3,40Hz10kN,2400,10.0,Bearing3_1,1,374,40Hz10kN/Bearing3_1/374.csv,train,32768,25600,1.28,1,2164
XJTU-SY,3,40Hz10kN,2400,10.0,Bearing3_1,1,375,40Hz10kN/Bearing3_1/375.csv,train,32768,25600,1.28,1,2163
XJTU-SY,3,40Hz10kN,2400,10.0,Bearing3_1,1,376,40Hz10kN/Bearing3_1/376.csv,train,32768,25600,1.28,1,2162
XJTU-SY,3,40Hz10kN,2400,10.0,Bearing3_1,1,377,40Hz10kN/Bearing3_1/377.csv,train,32768,25600,1.28,1,2161
XJTU-SY,3,40Hz10kN,2400,10.0,Bearing3_1,1,378,40Hz10kN/Bearing3_1/378.csv,train,32768,25600,1.28,1,2160
XJTU-SY,3,40Hz10kN,2400,10.0,Bearing3_1,1,379,40Hz10kN/Bearing3_1/379.csv,train,32768,25600,1.28,1,2159
XJTU-SY,3,40Hz10kN,2400,10.0,Bearing3_1,1,380,40Hz10kN/Bearing3_1/380.csv,train,32768,25600,1.28,1,2158
XJTU-SY,3,40Hz10kN,2400,10.0,Bearing3_1,1,381,40Hz10kN/Bearing3_1/381.csv,train,32768,25600,1.28,1,2157
XJTU-SY,3,40Hz10kN,2400,10.0,Bearing3_1,1,382,40Hz10kN/Bearing3_1/382.csv,train,32768,25600,1.28,1,2156
XJTU-SY,3,40Hz10kN,2400,10.0,Bearing3_1,1,383,40Hz10kN/Bearing3_1/383.csv,train,32768,25600,1.28,1,2155
XJTU-SY,3,40Hz10kN,2400,10.0,Bearing3_1,1,384,40Hz10kN/Bearing3_1/384.csv,train,32768,25600,1.28,1,2154
XJTU-SY,3,40Hz10kN,2400,10.0,Bearing3_1,1,385,40Hz10kN/Bearing3_1/385.csv,train,32768,25600,1.28,1,2153
XJTU-SY,3,40Hz10kN,2400,10.0,Bearing3_1,1,386,40Hz10kN/Bearing3_1/386.csv,train,32768,25600,1.28,1,2152
XJTU-SY,3,40Hz10kN,2400,10.0,Bearing3_1,1,387,40Hz10kN/Bearing3_1/387.csv,train,32768,25600,1.28,1,2151
XJTU-SY,3,40Hz10kN,2400,10.0,Bearing3_1,1,388,40Hz10kN/Bearing3_1/388.csv,train,32768,25600,1.28,1,2150
XJTU-SY,3,40Hz10kN,2400,10.0,Bearing3_1,1,389,40Hz10kN/Bearing3_1/389.csv,train,32768,25600,1.28,1,2149
XJTU-SY,3,40Hz10kN,2400,10.0,Bearing3_1,1,390,40Hz10kN/Bearing3_1/390.csv,train,32768,25600,1.28,1,2148
XJTU-SY,3,40Hz10kN,2400,10.0,Bearing3_1,1,391,40Hz10kN/Bearing3_1/391.csv,train,32768,25600,1.28,1,2147
XJTU-SY,3,40Hz10kN,2400,10.0,Bearing3_1,1,392,40Hz10kN/Bearing3_1/392.csv,train,32768,25600,1.28,1,2146
XJTU-SY,3,40Hz10kN,2400,10.0,Bearing3_1,1,393,40Hz10kN/Bearing3_1/393.csv,train,32768,25600,1.28,1,2145
XJTU-SY,3,40Hz10kN,2400,10.0,Bearing3_1,1,394,40Hz10kN/Bearing3_1/394.csv,train,32768,25600,1.28,1,2144
XJTU-SY,3,40Hz10kN,2400,10.0,Bearing3_1,1,395,40Hz10kN/Bearing3_1/395.csv,train,32768,25600,1.28,1,2143
XJTU-SY,3,40Hz10kN,2400,10.0,Bearing3_1,1,396,40Hz10kN/Bearing3_1/396.csv,train,32768,25600,1.28,1,2142
XJTU-SY,3,40Hz10kN,2400,10.0,Bearing3_1,1,397,40Hz10kN/Bearing3_1/397.csv,train,32768,25600,1.28,1,2141
XJTU-SY,3,40Hz10kN,2400,10.0,Bearing3_1,1,398,40Hz10kN/Bearing3_1/398.csv,train,32768,25600,1.28,1,2140
XJTU-SY,3,40Hz10kN,2400,10.0,Bearing3_1,1,399,40Hz10kN/Bearing3_1/399.csv,train,32768,25600,1.28,1,2139
XJTU-SY,3,40Hz10kN,2400,10.0,Bearing3_1,1,400,40Hz10kN/Bearing3_1/400.csv,train,32768,25600,1.28,1,2138
XJTU-SY,3,40Hz10kN,2400,10.0,Bearing3_1,1,401,40Hz10kN/Bearing3_1/401.csv,train,32768,25600,1.28,1,2137
XJTU-SY,3,40Hz10kN,2400,10.0,Bearing3_1,1,402,40Hz10kN/Bearing3_1/402.csv,train,32768,25600,1.28,1,2136
XJTU-SY,3,40Hz10kN,2400,10.0,Bearing3_1,1,403,40Hz10kN/Bearing3_1/403.csv,train,32768,25600,1.28,1,2135
XJTU-SY,3,40Hz10kN,2400,10.0,Bearing3_1,1,404,40Hz10kN/Bearing3_1/404.csv,train,32768,25600,1.28,1,2134
XJTU-SY,3,40Hz10kN,2400,10.0,Bearing3_1,1,405,40Hz10kN/Bearing3_1/405.csv,train,32768,25600,1.28,1,2133
XJTU-SY,3,40Hz10kN,2400,10.0,Bearing3_1,1,406,40Hz10kN/Bearing3_1/406.csv,train,32768,25600,1.28,1,2132
XJTU-SY,3,40Hz10kN,2400,10.0,Bearing3_1,1,407,40Hz10kN/Bearing3_1/407.csv,train,32768,25600,1.28,1,2131
XJTU-SY,3,40Hz10kN,2400,10.0,Bearing3_1,1,408,40Hz10kN/Bearing3_1/408.csv,train,32768,25600,1.28,1,2130
XJTU-SY,3,40Hz10kN,2400,10.0,Bearing3_1,1,409,40Hz10kN/Bearing3_1/409.csv,train,32768,25600,1.28,1,2129
XJTU-SY,3,40Hz10kN,2400,10.0,Bearing3_1,1,410,40Hz10kN/Bearing3_1/410.csv,train,32768,25600,1.28,1,2128
XJTU-SY,3,40Hz10kN,2400,10.0,Bearing3_1,1,411,40Hz10kN/Bearing3_1/411.csv,train,32768,25600,1.28,1,2127
XJTU-SY,3,40Hz10kN,2400,10.0,Bearing3_1,1,412,40Hz10kN/Bearing3_1/412.csv,train,32768,25600,1.28,1,2126
XJTU-SY,3,40Hz10kN,2400,10.0,Bearing3_1,1,413,40Hz10kN/Bearing3_1/413.csv,train,32768,25600,1.28,1,2125
XJTU-SY,3,40Hz10kN,2400,10.0,Bearing3_1,1,414,40Hz10kN/Bearing3_1/414.csv,train,32768,25600,1.28,1,2124
XJTU-SY,3,40Hz10kN,2400,10.0,Bearing3_1,1,415,40Hz10kN/Bearing3_1/415.csv,train,32768,25600,1.28,1,2123
XJTU-SY,3,40Hz10kN,2400,10.0,Bearing3_1,1,416,40Hz10kN/Bearing3_1/416.csv,train,32768,25600,1.28,1,2122
XJTU-SY,3,40Hz10kN,2400,10.0,Bearing3_1,1,417,40Hz10kN/Bearing3_1/417.csv,train,32768,25600,1.28,1,2121
XJTU-SY,3,40Hz10kN,2400,10.0,Bearing3_1,1,418,40Hz10kN/Bearing3_1/418.csv,train,32768,25600,1.28,1,2120
XJTU-SY,3,40Hz10kN,2400,10.0,Bearing3_1,1,419,40Hz10kN/Bearing3_1/419.csv,train,32768,25600,1.28,1,2119
XJTU-SY,3,40Hz10kN,2400,10.0,Bearing3_1,1,420,40Hz10kN/Bearing3_1/420.csv,train,32768,25600,1.28,1,2118
XJTU-SY,3,40Hz10kN,2400,10.0,Bearing3_1,1,421,40Hz10kN/Bearing3_1/421.csv,train,32768,25600,1.28,1,2117
XJTU-SY,3,40Hz10kN,2400,10.0,Bearing3_1,1,422,40Hz10kN/Bearing3_1/422.csv,train,32768,25600,1.28,1,2116
XJTU-SY,3,40Hz10kN,2400,10.0,Bearing3_1,1,423,40Hz10kN/Bearing3_1/423.csv,train,32768,25600,1.28,1,2115
XJTU-SY,3,40Hz10kN,2400,10.0,Bearing3_1,1,424,40Hz10kN/Bearing3_1/424.csv,train,32768,25600,1.28,1,2114
XJTU-SY,3,40Hz10kN,2400,10.0,Bearing3_1,1,425,40Hz10kN/Bearing3_1/425.csv,train,32768,25600,1.28,1,2113
XJTU-SY,3,40Hz10kN,2400,10.0,Bearing3_1,1,426,40Hz10kN/Bearing3_1/426.csv,train,32768,25600,1.28,1,2112
XJTU-SY,3,40Hz10kN,2400,10.0,Bearing3_1,1,427,40Hz10kN/Bearing3_1/427.csv,train,32768,25600,1.28,1,2111
XJTU-SY,3,40Hz10kN,2400,10.0,Bearing3_1,1,428,40Hz10kN/Bearing3_1/428.csv,train,32768,25600,1.28,1,2110
XJTU-SY,3,40Hz10kN,2400,10.0,Bearing3_1,1,429,40Hz10kN/Bearing3_1/429.csv,train,32768,25600,1.28,1,2109
XJTU-SY,3,40Hz10kN,2400,10.0,Bearing3_1,1,430,40Hz10kN/Bearing3_1/430.csv,train,32768,25600,1.28,1,2108
XJTU-SY,3,40Hz10kN,2400,10.0,Bearing3_1,1,431,40Hz10kN/Bearing3_1/431.csv,train,32768,25600,1.28,1,2107
XJTU-SY,3,40Hz10kN,2400,10.0,Bearing3_1,1,432,40Hz10kN/Bearing3_1/432.csv,train,32768,25600,1.28,1,2106
XJTU-SY,3,40Hz10kN,2400,10.0,Bearing3_1,1,433,40Hz10kN/Bearing3_1/433.csv,train,32768,25600,1.28,1,2105
XJTU-SY,3,40Hz10kN,2400,10.0,Bearing3_1,1,434,40Hz10kN/Bearing3_1/434.csv,train,32768,25600,1.28,1,2104
XJTU-SY,3,40Hz10kN,2400,10.0,Bearing3_1,1,435,40Hz10kN/Bearing3_1/435.csv,train,32768,25600,1.28,1,2103
XJTU-SY,3,40Hz10kN,2400,10.0,Bearing3_1,1,436,40Hz10kN/Bearing3_1/436.csv,train,32768,25600,1.28,1,2102
XJTU-SY,3,40Hz10kN,2400,10.0,Bearing3_1,1,437,40Hz10kN/Bearing3_1/437.csv,train,32768,25600,1.28,1,2101
XJTU-SY,3,40Hz10kN,2400,10.0,Bearing3_1,1,438,40Hz10kN/Bearing3_1/438.csv,train,32768,25600,1.28,1,2100
XJTU-SY,3,40Hz10kN,2400,10.0,Bearing3_1,1,439,40Hz10kN/Bearing3_1/439.csv,train,32768,25600,1.28,1,2099
XJTU-SY,3,40Hz10kN,2400,10.0,Bearing3_1,1,440,40Hz10kN/Bearing3_1/440.csv,train,32768,25600,1.28,1,2098
XJTU-SY,3,40Hz10kN,2400,10.0,Bearing3_1,1,441,40Hz10kN/Bearing3_1/441.csv,train,32768,25600,1.28,1,2097
XJTU-SY,3,40Hz10kN,2400,10.0,Bearing3_1,1,442,40Hz10kN/Bearing3_1/442.csv,train,32768,25600,1.28,1,2096
XJTU-SY,3,40Hz10kN,2400,10.0,Bearing3_1,1,443,40Hz10kN/Bearing3_1/443.csv,train,32768,25600,1.28,1,2095
XJTU-SY,3,40Hz10kN,2400,10.0,Bearing3_1,1,444,40Hz10kN/Bearing3_1/444.csv,train,32768,25600,1.28,1,2094
XJTU-SY,3,40Hz10kN,2400,10.0,Bearing3_1,1,445,40Hz10kN/Bearing3_1/445.csv,train,32768,25600,1.28,1,2093
XJTU-SY,3,40Hz10kN,2400,10.0,Bearing3_1,1,446,40Hz10kN/Bearing3_1/446.csv,train,32768,25600,1.28,1,2092
XJTU-SY,3,40Hz10kN,2400,10.0,Bearing3_1,1,447,40Hz10kN/Bearing3_1/447.csv,train,32768,25600,1.28,1,2091
XJTU-SY,3,40Hz10kN,2400,10.0,Bearing3_1,1,448,40Hz10kN/Bearing3_1/448.csv,train,32768,25600,1.28,1,2090
XJTU-SY,3,40Hz10kN,2400,10.0,Bearing3_1,1,449,40Hz10kN/Bearing3_1/449.csv,train,32768,25600,1.28,1,2089
XJTU-SY,3,40Hz10kN,2400,10.0,Bearing3_1,1,450,40Hz10kN/Bearing3_1/450.csv,train,32768,25600,1.28,1,2088
XJTU-SY,3,40Hz10kN,2400,10.0,Bearing3_1,1,451,40Hz10kN/Bearing3_1/451.csv,train,32768,25600,1.28,1,2087
XJTU-SY,3,40Hz10kN,2400,10.0,Bearing3_1,1,452,40Hz10kN/Bearing3_1/452.csv,train,32768,25600,1.28,1,2086
XJTU-SY,3,40Hz10kN,2400,10.0,Bearing3_1,1,453,40Hz10kN/Bearing3_1/453.csv,train,32768,25600,1.28,1,2085
XJTU-SY,3,40Hz10kN,2400,10.0,Bearing3_1,1,454,40Hz10kN/Bearing3_1/454.csv,train,32768,25600,1.28,1,2084
XJTU-SY,3,40Hz10kN,2400,10.0,Bearing3_1,1,455,40Hz10kN/Bearing3_1/455.csv,train,32768,25600,1.28,1,2083
XJTU-SY,3,40Hz10kN,2400,10.0,Bearing3_1,1,456,40Hz10kN/Bearing3_1/456.csv,train,32768,25600,1.28,1,2082
XJTU-SY,3,40Hz10kN,2400,10.0,Bearing3_1,1,457,40Hz10kN/Bearing3_1/457.csv,train,32768,25600,1.28,1,2081
XJTU-SY,3,40Hz10kN,2400,10.0,Bearing3_1,1,458,40Hz10kN/Bearing3_1/458.csv,train,32768,25600,1.28,1,2080
XJTU-SY,3,40Hz10kN,2400,10.0,Bearing3_1,1,459,40Hz10kN/Bearing3_1/459.csv,train,32768,25600,1.28,1,2079
XJTU-SY,3,40Hz10kN,2400,10.0,Bearing3_1,1,460,40Hz10kN/Bearing3_1/460.csv,train,32768,25600,1.28,1,2078
XJTU-SY,3,40Hz10kN,2400,10.0,Bearing3_1,1,461,40Hz10kN/Bearing3_1/461.csv,train,32768,25600,1.28,1,2077
XJTU-SY,3,40Hz10kN,2400,10.0,Bearing3_1,1,462,40Hz10kN/Bearing3_1/462.csv,train,32768,25600,1.28,1,2076
XJTU-SY,3,40Hz10kN,2400,10.0,Bearing3_1,1,463,40Hz10kN/Bearing3_1/463.csv,train,32768,25600,1.28,1,2075
XJTU-SY,3,40Hz10kN,2400,10.0,Bearing3_1,1,464,40Hz10kN/Bearing3_1/464.csv,train,32768,25600,1.28,1,2074
XJTU-SY,3,40Hz10kN,2400,10.0,Bearing3_1,1,465,40Hz10kN/Bearing3_1/465.csv,train,32768,25600,1.28,1,2073
XJTU-SY,3,40Hz10kN,2400,10.0,Bearing3_1,1,466,40Hz10kN/Bearing3_1/466.csv,train,32768,25600,1.28,1,2072
XJTU-SY,3,40Hz10kN,2400,10.0,Bearing3_1,1,467,40Hz10kN/Bearing3_1/467.csv,train,32768,25600,1.28,1,2071
XJTU-SY,3,40Hz10kN,2400,10.0,Bearing3_1,1,468,40Hz10kN/Bearing3_1/468.csv,train,32768,25600,1.28,1,2070
XJTU-SY,3,40Hz10kN,2400,10.0,Bearing3_1,1,469,40Hz10kN/Bearing3_1/469.csv,train,32768,25600,1.28,1,2069
XJTU-SY,3,40Hz10kN,2400,10.0,Bearing3_1,1,470,40Hz10kN/Bearing3_1/470.csv,train,32768,25600,1.28,1,2068
XJTU-SY,3,40Hz10kN,2400,10.0,Bearing3_1,1,471,40Hz10kN/Bearing3_1/471.csv,train,32768,25600,1.28,1,2067
XJTU-SY,3,40Hz10kN,2400,10.0,Bearing3_1,1,472,40Hz10kN/Bearing3_1/472.csv,train,32768,25600,1.28,1,2066
XJTU-SY,3,40Hz10kN,2400,10.0,Bearing3_1,1,473,40Hz10kN/Bearing3_1/473.csv,train,32768,25600,1.28,1,2065
XJTU-SY,3,40Hz10kN,2400,10.0,Bearing3_1,1,474,40Hz10kN/Bearing3_1/474.csv,train,32768,25600,1.28,1,2064
XJTU-SY,3,40Hz10kN,2400,10.0,Bearing3_1,1,475,40Hz10kN/Bearing3_1/475.csv,train,32768,25600,1.28,1,2063
XJTU-SY,3,40Hz10kN,2400,10.0,Bearing3_1,1,476,40Hz10kN/Bearing3_1/476.csv,train,32768,25600,1.28,1,2062
XJTU-SY,3,40Hz10kN,2400,10.0,Bearing3_1,1,477,40Hz10kN/Bearing3_1/477.csv,train,32768,25600,1.28,1,2061
XJTU-SY,3,40Hz10kN,2400,10.0,Bearing3_1,1,478,40Hz10kN/Bearing3_1/478.csv,train,32768,25600,1.28,1,2060
XJTU-SY,3,40Hz10kN,2400,10.0,Bearing3_1,1,479,40Hz10kN/Bearing3_1/479.csv,train,32768,25600,1.28,1,2059
XJTU-SY,3,40Hz10kN,2400,10.0,Bearing3_1,1,480,40Hz10kN/Bearing3_1/480.csv,train,32768,25600,1.28,1,2058
XJTU-SY,3,40Hz10kN,2400,10.0,Bearing3_1,1,481,40Hz10kN/Bearing3_1/481.csv,train,32768,25600,1.28,1,2057
XJTU-SY,3,40Hz10kN,2400,10.0,Bearing3_1,1,482,40Hz10kN/Bearing3_1/482.csv,train,32768,25600,1.28,1,2056
XJTU-SY,3,40Hz10kN,2400,10.0,Bearing3_1,1,483,40Hz10kN/Bearing3_1/483.csv,train,32768,25600,1.28,1,2055
XJTU-SY,3,40Hz10kN,2400,10.0,Bearing3_1,1,484,40Hz10kN/Bearing3_1/484.csv,train,32768,25600,1.28,1,2054
XJTU-SY,3,40Hz10kN,2400,10.0,Bearing3_1,1,485,40Hz10kN/Bearing3_1/485.csv,train,32768,25600,1.28,1,2053
XJTU-SY,3,40Hz10kN,2400,10.0,Bearing3_1,1,486,40Hz10kN/Bearing3_1/486.csv,train,32768,25600,1.28,1,2052
XJTU-SY,3,40Hz10kN,2400,10.0,Bearing3_1,1,487,40Hz10kN/Bearing3_1/487.csv,train,32768,25600,1.28,1,2051
XJTU-SY,3,40Hz10kN,2400,10.0,Bearing3_1,1,488,40Hz10kN/Bearing3_1/488.csv,train,32768,25600,1.28,1,2050
XJTU-SY,3,40Hz10kN,2400,10.0,Bearing3_1,1,489,40Hz10kN/Bearing3_1/489.csv,train,32768,25600,1.28,1,2049
XJTU-SY,3,40Hz10kN,2400,10.0,Bearing3_1,1,490,40Hz10kN/Bearing3_1/490.csv,train,32768,25600,1.28,1,2048
XJTU-SY,3,40Hz10kN,2400,10.0,Bearing3_1,1,491,40Hz10kN/Bearing3_1/491.csv,train,32768,25600,1.28,1,2047
XJTU-SY,3,40Hz10kN,2400,10.0,Bearing3_1,1,492,40Hz10kN/Bearing3_1/492.csv,train,32768,25600,1.28,1,2046
XJTU-SY,3,40Hz10kN,2400,10.0,Bearing3_1,1,493,40Hz10kN/Bearing3_1/493.csv,train,32768,25600,1.28,1,2045
XJTU-SY,3,40Hz10kN,2400,10.0,Bearing3_1,1,494,40Hz10kN/Bearing3_1/494.csv,train,32768,25600,1.28,1,2044
XJTU-SY,3,40Hz10kN,2400,10.0,Bearing3_1,1,495,40Hz10kN/Bearing3_1/495.csv,train,32768,25600,1.28,1,2043
XJTU-SY,3,40Hz10kN,2400,10.0,Bearing3_1,1,496,40Hz10kN/Bearing3_1/496.csv,train,32768,25600,1.28,1,2042
XJTU-SY,3,40Hz10kN,2400,10.0,Bearing3_1,1,497,40Hz10kN/Bearing3_1/497.csv,train,32768,25600,1.28,1,2041
XJTU-SY,3,40Hz10kN,2400,10.0,Bearing3_1,1,498,40Hz10kN/Bearing3_1/498.csv,train,32768,25600,1.28,1,2040
XJTU-SY,3,40Hz10kN,2400,10.0,Bearing3_1,1,499,40Hz10kN/Bearing3_1/499.csv,train,32768,25600,1.28,1,2039
XJTU-SY,3,40Hz10kN,2400,10.0,Bearing3_1,1,500,40Hz10kN/Bearing3_1/500.csv,train,32768,25600,1.28,1,2038
XJTU-SY,3,40Hz10kN,2400,10.0,Bearing3_1,1,501,40Hz10kN/Bearing3_1/501.csv,train,32768,25600,1.28,1,2037
XJTU-SY,3,40Hz10kN,2400,10.0,Bearing3_1,1,502,40Hz10kN/Bearing3_1/502.csv,train,32768,25600,1.28,1,2036
XJTU-SY,3,40Hz10kN,2400,10.0,Bearing3_1,1,503,40Hz10kN/Bearing3_1/503.csv,train,32768,25600,1.28,1,2035
XJTU-SY,3,40Hz10kN,2400,10.0,Bearing3_1,1,504,40Hz10kN/Bearing3_1/504.csv,train,32768,25600,1.28,1,2034
XJTU-SY,3,40Hz10kN,2400,10.0,Bearing3_1,1,505,40Hz10kN/Bearing3_1/505.csv,train,32768,25600,1.28,1,2033
XJTU-SY,3,40Hz10kN,2400,10.0,Bearing3_1,1,506,40Hz10kN/Bearing3_1/506.csv,train,32768,25600,1.28,1,2032
XJTU-SY,3,40Hz10kN,2400,10.0,Bearing3_1,1,507,40Hz10kN/Bearing3_1/507.csv,train,32768,25600,1.28,1,2031
XJTU-SY,3,40Hz10kN,2400,10.0,Bearing3_1,1,508,40Hz10kN/Bearing3_1/508.csv,train,32768,25600,1.28,1,2030
XJTU-SY,3,40Hz10kN,2400,10.0,Bearing3_1,1,509,40Hz10kN/Bearing3_1/509.csv,train,32768,25600,1.28,1,2029
XJTU-SY,3,40Hz10kN,2400,10.0,Bearing3_1,1,510,40Hz10kN/Bearing3_1/510.csv,train,32768,25600,1.28,1,2028
XJTU-SY,3,40Hz10kN,2400,10.0,Bearing3_1,1,511,40Hz10kN/Bearing3_1/511.csv,train,32768,25600,1.28,1,2027
XJTU-SY,3,40Hz10kN,2400,10.0,Bearing3_1,1,512,40Hz10kN/Bearing3_1/512.csv,train,32768,25600,1.28,1,2026
XJTU-SY,3,40Hz10kN,2400,10.0,Bearing3_1,1,513,40Hz10kN/Bearing3_1/513.csv,train,32768,25600,1.28,1,2025
XJTU-SY,3,40Hz10kN,2400,10.0,Bearing3_1,1,514,40Hz10kN/Bearing3_1/514.csv,train,32768,25600,1.28,1,2024
XJTU-SY,3,40Hz10kN,2400,10.0,Bearing3_1,1,515,40Hz10kN/Bearing3_1/515.csv,train,32768,25600,1.28,1,2023
XJTU-SY,3,40Hz10kN,2400,10.0,Bearing3_1,1,516,40Hz10kN/Bearing3_1/516.csv,train,32768,25600,1.28,1,2022
XJTU-SY,3,40Hz10kN,2400,10.0,Bearing3_1,1,517,40Hz10kN/Bearing3_1/517.csv,train,32768,25600,1.28,1,2021
XJTU-SY,3,40Hz10kN,2400,10.0,Bearing3_1,1,518,40Hz10kN/Bearing3_1/518.csv,train,32768,25600,1.28,1,2020
XJTU-SY,3,40Hz10kN,2400,10.0,Bearing3_1,1,519,40Hz10kN/Bearing3_1/519.csv,train,32768,25600,1.28,1,2019
XJTU-SY,3,40Hz10kN,2400,10.0,Bearing3_1,1,520,40Hz10kN/Bearing3_1/520.csv,train,32768,25600,1.28,1,2018
XJTU-SY,3,40Hz10kN,2400,10.0,Bearing3_1,1,521,40Hz10kN/Bearing3_1/521.csv,train,32768,25600,1.28,1,2017
XJTU-SY,3,40Hz10kN,2400,10.0,Bearing3_1,1,522,40Hz10kN/Bearing3_1/522.csv,train,32768,25600,1.28,1,2016
XJTU-SY,3,40Hz10kN,2400,10.0,Bearing3_1,1,523,40Hz10kN/Bearing3_1/523.csv,train,32768,25600,1.28,1,2015
XJTU-SY,3,40Hz10kN,2400,10.0,Bearing3_1,1,524,40Hz10kN/Bearing3_1/524.csv,train,32768,25600,1.28,1,2014
XJTU-SY,3,40Hz10kN,2400,10.0,Bearing3_1,1,525,40Hz10kN/Bearing3_1/525.csv,train,32768,25600,1.28,1,2013
XJTU-SY,3,40Hz10kN,2400,10.0,Bearing3_1,1,526,40Hz10kN/Bearing3_1/526.csv,train,32768,25600,1.28,1,2012
XJTU-SY,3,40Hz10kN,2400,10.0,Bearing3_1,1,527,40Hz10kN/Bearing3_1/527.csv,train,32768,25600,1.28,1,2011
XJTU-SY,3,40Hz10kN,2400,10.0,Bearing3_1,1,528,40Hz10kN/Bearing3_1/528.csv,train,32768,25600,1.28,1,2010
XJTU-SY,3,40Hz10kN,2400,10.0,Bearing3_1,1,529,40Hz10kN/Bearing3_1/529.csv,train,32768,25600,1.28,1,2009
XJTU-SY,3,40Hz10kN,2400,10.0,Bearing3_1,1,530,40Hz10kN/Bearing3_1/530.csv,train,32768,25600,1.28,1,2008
XJTU-SY,3,40Hz10kN,2400,10.0,Bearing3_1,1,531,40Hz10kN/Bearing3_1/531.csv,train,32768,25600,1.28,1,2007
XJTU-SY,3,40Hz10kN,2400,10.0,Bearing3_1,1,532,40Hz10kN/Bearing3_1/532.csv,train,32768,25600,1.28,1,2006
XJTU-SY,3,40Hz10kN,2400,10.0,Bearing3_1,1,533,40Hz10kN/Bearing3_1/533.csv,train,32768,25600,1.28,1,2005
XJTU-SY,3,40Hz10kN,2400,10.0,Bearing3_1,1,534,40Hz10kN/Bearing3_1/534.csv,train,32768,25600,1.28,1,2004
XJTU-SY,3,40Hz10kN,2400,10.0,Bearing3_1,1,535,40Hz10kN/Bearing3_1/535.csv,train,32768,25600,1.28,1,2003
XJTU-SY,3,40Hz10kN,2400,10.0,Bearing3_1,1,536,40Hz10kN/Bearing3_1/536.csv,train,32768,25600,1.28,1,2002
XJTU-SY,3,40Hz10kN,2400,10.0,Bearing3_1,1,537,40Hz10kN/Bearing3_1/537.csv,train,32768,25600,1.28,1,2001
XJTU-SY,3,40Hz10kN,2400,10.0,Bearing3_1,1,538,40Hz10kN/Bearing3_1/538.csv,train,32768,25600,1.28,1,2000
XJTU-SY,3,40Hz10kN,2400,10.0,Bearing3_1,1,539,40Hz10kN/Bearing3_1/539.csv,train,32768,25600,1.28,1,1999
XJTU-SY,3,40Hz10kN,2400,10.0,Bearing3_1,1,540,40Hz10kN/Bearing3_1/540.csv,train,32768,25600,1.28,1,1998
XJTU-SY,3,40Hz10kN,2400,10.0,Bearing3_1,1,541,40Hz10kN/Bearing3_1/541.csv,train,32768,25600,1.28,1,1997
XJTU-SY,3,40Hz10kN,2400,10.0,Bearing3_1,1,542,40Hz10kN/Bearing3_1/542.csv,train,32768,25600,1.28,1,1996
XJTU-SY,3,40Hz10kN,2400,10.0,Bearing3_1,1,543,40Hz10kN/Bearing3_1/543.csv,train,32768,25600,1.28,1,1995
XJTU-SY,3,40Hz10kN,2400,10.0,Bearing3_1,1,544,40Hz10kN/Bearing3_1/544.csv,train,32768,25600,1.28,1,1994
XJTU-SY,3,40Hz10kN,2400,10.0,Bearing3_1,1,545,40Hz10kN/Bearing3_1/545.csv,train,32768,25600,1.28,1,1993
XJTU-SY,3,40Hz10kN,2400,10.0,Bearing3_1,1,546,40Hz10kN/Bearing3_1/546.csv,train,32768,25600,1.28,1,1992
XJTU-SY,3,40Hz10kN,2400,10.0,Bearing3_1,1,547,40Hz10kN/Bearing3_1/547.csv,train,32768,25600,1.28,1,1991
XJTU-SY,3,40Hz10kN,2400,10.0,Bearing3_1,1,548,40Hz10kN/Bearing3_1/548.csv,train,32768,25600,1.28,1,1990
XJTU-SY,3,40Hz10kN,2400,10.0,Bearing3_1,1,549,40Hz10kN/Bearing3_1/549.csv,train,32768,25600,1.28,1,1989
XJTU-SY,3,40Hz10kN,2400,10.0,Bearing3_1,1,550,40Hz10kN/Bearing3_1/550.csv,train,32768,25600,1.28,1,1988
XJTU-SY,3,40Hz10kN,2400,10.0,Bearing3_1,1,551,40Hz10kN/Bearing3_1/551.csv,train,32768,25600,1.28,1,1987
XJTU-SY,3,40Hz10kN,2400,10.0,Bearing3_1,1,552,40Hz10kN/Bearing3_1/552.csv,train,32768,25600,1.28,1,1986
XJTU-SY,3,40Hz10kN,2400,10.0,Bearing3_1,1,553,40Hz10kN/Bearing3_1/553.csv,train,32768,25600,1.28,1,1985
XJTU-SY,3,40Hz10kN,2400,10.0,Bearing3_1,1,554,40Hz10kN/Bearing3_1/554.csv,train,32768,25600,1.28,1,1984
XJTU-SY,3,40Hz10kN,2400,10.0,Bearing3_1,1,555,40Hz10kN/Bearing3_1/555.csv,train,32768,25600,1.28,1,1983
XJTU-SY,3,40Hz10kN,2400,10.0,Bearing3_1,1,556,40Hz10kN/Bearing3_1/556.csv,train,32768,25600,1.28,1,1982
XJTU-SY,3,40Hz10kN,2400,10.0,Bearing3_1,1,557,40Hz10kN/Bearing3_1/557.csv,train,32768,25600,1.28,1,1981
XJTU-SY,3,40Hz10kN,2400,10.0,Bearing3_1,1,558,40Hz10kN/Bearing3_1/558.csv,train,32768,25600,1.28,1,1980
XJTU-SY,3,40Hz10kN,2400,10.0,Bearing3_1,1,559,40Hz10kN/Bearing3_1/559.csv,train,32768,25600,1.28,1,1979
XJTU-SY,3,40Hz10kN,2400,10.0,Bearing3_1,1,560,40Hz10kN/Bearing3_1/560.csv,train,32768,25600,1.28,1,1978
XJTU-SY,3,40Hz10kN,2400,10.0,Bearing3_1,1,561,40Hz10kN/Bearing3_1/561.csv,train,32768,25600,1.28,1,1977
XJTU-SY,3,40Hz10kN,2400,10.0,Bearing3_1,1,562,40Hz10kN/Bearing3_1/562.csv,train,32768,25600,1.28,1,1976
XJTU-SY,3,40Hz10kN,2400,10.0,Bearing3_1,1,563,40Hz10kN/Bearing3_1/563.csv,train,32768,25600,1.28,1,1975
XJTU-SY,3,40Hz10kN,2400,10.0,Bearing3_1,1,564,40Hz10kN/Bearing3_1/564.csv,train,32768,25600,1.28,1,1974
XJTU-SY,3,40Hz10kN,2400,10.0,Bearing3_1,1,565,40Hz10kN/Bearing3_1/565.csv,train,32768,25600,1.28,1,1973
XJTU-SY,3,40Hz10kN,2400,10.0,Bearing3_1,1,566,40Hz10kN/Bearing3_1/566.csv,train,32768,25600,1.28,1,1972
XJTU-SY,3,40Hz10kN,2400,10.0,Bearing3_1,1,567,40Hz10kN/Bearing3_1/567.csv,train,32768,25600,1.28,1,1971
XJTU-SY,3,40Hz10kN,2400,10.0,Bearing3_1,1,568,40Hz10kN/Bearing3_1/568.csv,train,32768,25600,1.28,1,1970
XJTU-SY,3,40Hz10kN,2400,10.0,Bearing3_1,1,569,40Hz10kN/Bearing3_1/569.csv,train,32768,25600,1.28,1,1969
XJTU-SY,3,40Hz10kN,2400,10.0,Bearing3_1,1,570,40Hz10kN/Bearing3_1/570.csv,train,32768,25600,1.28,1,1968
XJTU-SY,3,40Hz10kN,2400,10.0,Bearing3_1,1,571,40Hz10kN/Bearing3_1/571.csv,train,32768,25600,1.28,1,1967
XJTU-SY,3,40Hz10kN,2400,10.0,Bearing3_1,1,572,40Hz10kN/Bearing3_1/572.csv,train,32768,25600,1.28,1,1966
XJTU-SY,3,40Hz10kN,2400,10.0,Bearing3_1,1,573,40Hz10kN/Bearing3_1/573.csv,train,32768,25600,1.28,1,1965
XJTU-SY,3,40Hz10kN,2400,10.0,Bearing3_1,1,574,40Hz10kN/Bearing3_1/574.csv,train,32768,25600,1.28,1,1964
XJTU-SY,3,40Hz10kN,2400,10.0,Bearing3_1,1,575,40Hz10kN/Bearing3_1/575.csv,train,32768,25600,1.28,1,1963
XJTU-SY,3,40Hz10kN,2400,10.0,Bearing3_1,1,576,40Hz10kN/Bearing3_1/576.csv,train,32768,25600,1.28,1,1962
XJTU-SY,3,40Hz10kN,2400,10.0,Bearing3_1,1,577,40Hz10kN/Bearing3_1/577.csv,train,32768,25600,1.28,1,1961
XJTU-SY,3,40Hz10kN,2400,10.0,Bearing3_1,1,578,40Hz10kN/Bearing3_1/578.csv,train,32768,25600,1.28,1,1960
XJTU-SY,3,40Hz10kN,2400,10.0,Bearing3_1,1,579,40Hz10kN/Bearing3_1/579.csv,train,32768,25600,1.28,1,1959
XJTU-SY,3,40Hz10kN,2400,10.0,Bearing3_1,1,580,40Hz10kN/Bearing3_1/580.csv,train,32768,25600,1.28,1,1958
XJTU-SY,3,40Hz10kN,2400,10.0,Bearing3_1,1,581,40Hz10kN/Bearing3_1/581.csv,train,32768,25600,1.28,1,1957
XJTU-SY,3,40Hz10kN,2400,10.0,Bearing3_1,1,582,40Hz10kN/Bearing3_1/582.csv,train,32768,25600,1.28,1,1956
XJTU-SY,3,40Hz10kN,2400,10.0,Bearing3_1,1,583,40Hz10kN/Bearing3_1/583.csv,train,32768,25600,1.28,1,1955
XJTU-SY,3,40Hz10kN,2400,10.0,Bearing3_1,1,584,40Hz10kN/Bearing3_1/584.csv,train,32768,25600,1.28,1,1954
XJTU-SY,3,40Hz10kN,2400,10.0,Bearing3_1,1,585,40Hz10kN/Bearing3_1/585.csv,train,32768,25600,1.28,1,1953
XJTU-SY,3,40Hz10kN,2400,10.0,Bearing3_1,1,586,40Hz10kN/Bearing3_1/586.csv,train,32768,25600,1.28,1,1952
XJTU-SY,3,40Hz10kN,2400,10.0,Bearing3_1,1,587,40Hz10kN/Bearing3_1/587.csv,train,32768,25600,1.28,1,1951
XJTU-SY,3,40Hz10kN,2400,10.0,Bearing3_1,1,588,40Hz10kN/Bearing3_1/588.csv,train,32768,25600,1.28,1,1950
XJTU-SY,3,40Hz10kN,2400,10.0,Bearing3_1,1,589,40Hz10kN/Bearing3_1/589.csv,train,32768,25600,1.28,1,1949
XJTU-SY,3,40Hz10kN,2400,10.0,Bearing3_1,1,590,40Hz10kN/Bearing3_1/590.csv,train,32768,25600,1.28,1,1948
XJTU-SY,3,40Hz10kN,2400,10.0,Bearing3_1,1,591,40Hz10kN/Bearing3_1/591.csv,train,32768,25600,1.28,1,1947
XJTU-SY,3,40Hz10kN,2400,10.0,Bearing3_1,1,592,40Hz10kN/Bearing3_1/592.csv,train,32768,25600,1.28,1,1946
XJTU-SY,3,40Hz10kN,2400,10.0,Bearing3_1,1,593,40Hz10kN/Bearing3_1/593.csv,train,32768,25600,1.28,1,1945
XJTU-SY,3,40Hz10kN,2400,10.0,Bearing3_1,1,594,40Hz10kN/Bearing3_1/594.csv,train,32768,25600,1.28,1,1944
XJTU-SY,3,40Hz10kN,2400,10.0,Bearing3_1,1,595,40Hz10kN/Bearing3_1/595.csv,train,32768,25600,1.28,1,1943
XJTU-SY,3,40Hz10kN,2400,10.0,Bearing3_1,1,596,40Hz10kN/Bearing3_1/596.csv,train,32768,25600,1.28,1,1942
XJTU-SY,3,40Hz10kN,2400,10.0,Bearing3_1,1,597,40Hz10kN/Bearing3_1/597.csv,train,32768,25600,1.28,1,1941
XJTU-SY,3,40Hz10kN,2400,10.0,Bearing3_1,1,598,40Hz10kN/Bearing3_1/598.csv,train,32768,25600,1.28,1,1940
XJTU-SY,3,40Hz10kN,2400,10.0,Bearing3_1,1,599,40Hz10kN/Bearing3_1/599.csv,train,32768,25600,1.28,1,1939
XJTU-SY,3,40Hz10kN,2400,10.0,Bearing3_1,1,600,40Hz10kN/Bearing3_1/600.csv,train,32768,25600,1.28,1,1938
XJTU-SY,3,40Hz10kN,2400,10.0,Bearing3_1,1,601,40Hz10kN/Bearing3_1/601.csv,train,32768,25600,1.28,1,1937
XJTU-SY,3,40Hz10kN,2400,10.0,Bearing3_1,1,602,40Hz10kN/Bearing3_1/602.csv,train,32768,25600,1.28,1,1936
XJTU-SY,3,40Hz10kN,2400,10.0,Bearing3_1,1,603,40Hz10kN/Bearing3_1/603.csv,train,32768,25600,1.28,1,1935
XJTU-SY,3,40Hz10kN,2400,10.0,Bearing3_1,1,604,40Hz10kN/Bearing3_1/604.csv,train,32768,25600,1.28,1,1934
XJTU-SY,3,40Hz10kN,2400,10.0,Bearing3_1,1,605,40Hz10kN/Bearing3_1/605.csv,train,32768,25600,1.28,1,1933
XJTU-SY,3,40Hz10kN,2400,10.0,Bearing3_1,1,606,40Hz10kN/Bearing3_1/606.csv,train,32768,25600,1.28,1,1932
XJTU-SY,3,40Hz10kN,2400,10.0,Bearing3_1,1,607,40Hz10kN/Bearing3_1/607.csv,train,32768,25600,1.28,1,1931
XJTU-SY,3,40Hz10kN,2400,10.0,Bearing3_1,1,608,40Hz10kN/Bearing3_1/608.csv,train,32768,25600,1.28,1,1930
XJTU-SY,3,40Hz10kN,2400,10.0,Bearing3_1,1,609,40Hz10kN/Bearing3_1/609.csv,train,32768,25600,1.28,1,1929
XJTU-SY,3,40Hz10kN,2400,10.0,Bearing3_1,1,610,40Hz10kN/Bearing3_1/610.csv,train,32768,25600,1.28,1,1928
XJTU-SY,3,40Hz10kN,2400,10.0,Bearing3_1,1,611,40Hz10kN/Bearing3_1/611.csv,train,32768,25600,1.28,1,1927
XJTU-SY,3,40Hz10kN,2400,10.0,Bearing3_1,1,612,40Hz10kN/Bearing3_1/612.csv,train,32768,25600,1.28,1,1926
XJTU-SY,3,40Hz10kN,2400,10.0,Bearing3_1,1,613,40Hz10kN/Bearing3_1/613.csv,train,32768,25600,1.28,1,1925
XJTU-SY,3,40Hz10kN,2400,10.0,Bearing3_1,1,614,40Hz10kN/Bearing3_1/614.csv,train,32768,25600,1.28,1,1924
XJTU-SY,3,40Hz10kN,2400,10.0,Bearing3_1,1,615,40Hz10kN/Bearing3_1/615.csv,train,32768,25600,1.28,1,1923
XJTU-SY,3,40Hz10kN,2400,10.0,Bearing3_1,1,616,40Hz10kN/Bearing3_1/616.csv,train,32768,25600,1.28,1,1922
XJTU-SY,3,40Hz10kN,2400,10.0,Bearing3_1,1,617,40Hz10kN/Bearing3_1/617.csv,train,32768,25600,1.28,1,1921
XJTU-SY,3,40Hz10kN,2400,10.0,Bearing3_1,1,618,40Hz10kN/Bearing3_1/618.csv,train,32768,25600,1.28,1,1920
XJTU-SY,3,40Hz10kN,2400,10.0,Bearing3_1,1,619,40Hz10kN/Bearing3_1/619.csv,train,32768,25600,1.28,1,1919
XJTU-SY,3,40Hz10kN,2400,10.0,Bearing3_1,1,620,40Hz10kN/Bearing3_1/620.csv,train,32768,25600,1.28,1,1918
XJTU-SY,3,40Hz10kN,2400,10.0,Bearing3_1,1,621,40Hz10kN/Bearing3_1/621.csv,train,32768,25600,1.28,1,1917
XJTU-SY,3,40Hz10kN,2400,10.0,Bearing3_1,1,622,40Hz10kN/Bearing3_1/622.csv,train,32768,25600,1.28,1,1916
XJTU-SY,3,40Hz10kN,2400,10.0,Bearing3_1,1,623,40Hz10kN/Bearing3_1/623.csv,train,32768,25600,1.28,1,1915
XJTU-SY,3,40Hz10kN,2400,10.0,Bearing3_1,1,624,40Hz10kN/Bearing3_1/624.csv,train,32768,25600,1.28,1,1914
XJTU-SY,3,40Hz10kN,2400,10.0,Bearing3_1,1,625,40Hz10kN/Bearing3_1/625.csv,train,32768,25600,1.28,1,1913
XJTU-SY,3,40Hz10kN,2400,10.0,Bearing3_1,1,626,40Hz10kN/Bearing3_1/626.csv,train,32768,25600,1.28,1,1912
XJTU-SY,3,40Hz10kN,2400,10.0,Bearing3_1,1,627,40Hz10kN/Bearing3_1/627.csv,train,32768,25600,1.28,1,1911
XJTU-SY,3,40Hz10kN,2400,10.0,Bearing3_1,1,628,40Hz10kN/Bearing3_1/628.csv,train,32768,25600,1.28,1,1910
XJTU-SY,3,40Hz10kN,2400,10.0,Bearing3_1,1,629,40Hz10kN/Bearing3_1/629.csv,train,32768,25600,1.28,1,1909
XJTU-SY,3,40Hz10kN,2400,10.0,Bearing3_1,1,630,40Hz10kN/Bearing3_1/630.csv,train,32768,25600,1.28,1,1908
XJTU-SY,3,40Hz10kN,2400,10.0,Bearing3_1,1,631,40Hz10kN/Bearing3_1/631.csv,train,32768,25600,1.28,1,1907
XJTU-SY,3,40Hz10kN,2400,10.0,Bearing3_1,1,632,40Hz10kN/Bearing3_1/632.csv,train,32768,25600,1.28,1,1906
XJTU-SY,3,40Hz10kN,2400,10.0,Bearing3_1,1,633,40Hz10kN/Bearing3_1/633.csv,train,32768,25600,1.28,1,1905
XJTU-SY,3,40Hz10kN,2400,10.0,Bearing3_1,1,634,40Hz10kN/Bearing3_1/634.csv,train,32768,25600,1.28,1,1904
XJTU-SY,3,40Hz10kN,2400,10.0,Bearing3_1,1,635,40Hz10kN/Bearing3_1/635.csv,train,32768,25600,1.28,1,1903
XJTU-SY,3,40Hz10kN,2400,10.0,Bearing3_1,1,636,40Hz10kN/Bearing3_1/636.csv,train,32768,25600,1.28,1,1902
XJTU-SY,3,40Hz10kN,2400,10.0,Bearing3_1,1,637,40Hz10kN/Bearing3_1/637.csv,train,32768,25600,1.28,1,1901
XJTU-SY,3,40Hz10kN,2400,10.0,Bearing3_1,1,638,40Hz10kN/Bearing3_1/638.csv,train,32768,25600,1.28,1,1900
XJTU-SY,3,40Hz10kN,2400,10.0,Bearing3_1,1,639,40Hz10kN/Bearing3_1/639.csv,train,32768,25600,1.28,1,1899
XJTU-SY,3,40Hz10kN,2400,10.0,Bearing3_1,1,640,40Hz10kN/Bearing3_1/640.csv,train,32768,25600,1.28,1,1898
XJTU-SY,3,40Hz10kN,2400,10.0,Bearing3_1,1,641,40Hz10kN/Bearing3_1/641.csv,train,32768,25600,1.28,1,1897
XJTU-SY,3,40Hz10kN,2400,10.0,Bearing3_1,1,642,40Hz10kN/Bearing3_1/642.csv,train,32768,25600,1.28,1,1896
XJTU-SY,3,40Hz10kN,2400,10.0,Bearing3_1,1,643,40Hz10kN/Bearing3_1/643.csv,train,32768,25600,1.28,1,1895
XJTU-SY,3,40Hz10kN,2400,10.0,Bearing3_1,1,644,40Hz10kN/Bearing3_1/644.csv,train,32768,25600,1.28,1,1894
XJTU-SY,3,40Hz10kN,2400,10.0,Bearing3_1,1,645,40Hz10kN/Bearing3_1/645.csv,train,32768,25600,1.28,1,1893
XJTU-SY,3,40Hz10kN,2400,10.0,Bearing3_1,1,646,40Hz10kN/Bearing3_1/646.csv,train,32768,25600,1.28,1,1892
XJTU-SY,3,40Hz10kN,2400,10.0,Bearing3_1,1,647,40Hz10kN/Bearing3_1/647.csv,train,32768,25600,1.28,1,1891
XJTU-SY,3,40Hz10kN,2400,10.0,Bearing3_1,1,648,40Hz10kN/Bearing3_1/648.csv,train,32768,25600,1.28,1,1890
XJTU-SY,3,40Hz10kN,2400,10.0,Bearing3_1,1,649,40Hz10kN/Bearing3_1/649.csv,train,32768,25600,1.28,1,1889
XJTU-SY,3,40Hz10kN,2400,10.0,Bearing3_1,1,650,40Hz10kN/Bearing3_1/650.csv,train,32768,25600,1.28,1,1888
XJTU-SY,3,40Hz10kN,2400,10.0,Bearing3_1,1,651,40Hz10kN/Bearing3_1/651.csv,train,32768,25600,1.28,1,1887
XJTU-SY,3,40Hz10kN,2400,10.0,Bearing3_1,1,652,40Hz10kN/Bearing3_1/652.csv,train,32768,25600,1.28,1,1886
XJTU-SY,3,40Hz10kN,2400,10.0,Bearing3_1,1,653,40Hz10kN/Bearing3_1/653.csv,train,32768,25600,1.28,1,1885
XJTU-SY,3,40Hz10kN,2400,10.0,Bearing3_1,1,654,40Hz10kN/Bearing3_1/654.csv,train,32768,25600,1.28,1,1884
XJTU-SY,3,40Hz10kN,2400,10.0,Bearing3_1,1,655,40Hz10kN/Bearing3_1/655.csv,train,32768,25600,1.28,1,1883
XJTU-SY,3,40Hz10kN,2400,10.0,Bearing3_1,1,656,40Hz10kN/Bearing3_1/656.csv,train,32768,25600,1.28,1,1882
XJTU-SY,3,40Hz10kN,2400,10.0,Bearing3_1,1,657,40Hz10kN/Bearing3_1/657.csv,train,32768,25600,1.28,1,1881
XJTU-SY,3,40Hz10kN,2400,10.0,Bearing3_1,1,658,40Hz10kN/Bearing3_1/658.csv,train,32768,25600,1.28,1,1880
XJTU-SY,3,40Hz10kN,2400,10.0,Bearing3_1,1,659,40Hz10kN/Bearing3_1/659.csv,train,32768,25600,1.28,1,1879
XJTU-SY,3,40Hz10kN,2400,10.0,Bearing3_1,1,660,40Hz10kN/Bearing3_1/660.csv,train,32768,25600,1.28,1,1878
XJTU-SY,3,40Hz10kN,2400,10.0,Bearing3_1,1,661,40Hz10kN/Bearing3_1/661.csv,train,32768,25600,1.28,1,1877
XJTU-SY,3,40Hz10kN,2400,10.0,Bearing3_1,1,662,40Hz10kN/Bearing3_1/662.csv,train,32768,25600,1.28,1,1876
XJTU-SY,3,40Hz10kN,2400,10.0,Bearing3_1,1,663,40Hz10kN/Bearing3_1/663.csv,train,32768,25600,1.28,1,1875
XJTU-SY,3,40Hz10kN,2400,10.0,Bearing3_1,1,664,40Hz10kN/Bearing3_1/664.csv,train,32768,25600,1.28,1,1874
XJTU-SY,3,40Hz10kN,2400,10.0,Bearing3_1,1,665,40Hz10kN/Bearing3_1/665.csv,train,32768,25600,1.28,1,1873
XJTU-SY,3,40Hz10kN,2400,10.0,Bearing3_1,1,666,40Hz10kN/Bearing3_1/666.csv,train,32768,25600,1.28,1,1872
XJTU-SY,3,40Hz10kN,2400,10.0,Bearing3_1,1,667,40Hz10kN/Bearing3_1/667.csv,train,32768,25600,1.28,1,1871
XJTU-SY,3,40Hz10kN,2400,10.0,Bearing3_1,1,668,40Hz10kN/Bearing3_1/668.csv,train,32768,25600,1.28,1,1870
XJTU-SY,3,40Hz10kN,2400,10.0,Bearing3_1,1,669,40Hz10kN/Bearing3_1/669.csv,train,32768,25600,1.28,1,1869
XJTU-SY,3,40Hz10kN,2400,10.0,Bearing3_1,1,670,40Hz10kN/Bearing3_1/670.csv,train,32768,25600,1.28,1,1868
XJTU-SY,3,40Hz10kN,2400,10.0,Bearing3_1,1,671,40Hz10kN/Bearing3_1/671.csv,train,32768,25600,1.28,1,1867
XJTU-SY,3,40Hz10kN,2400,10.0,Bearing3_1,1,672,40Hz10kN/Bearing3_1/672.csv,train,32768,25600,1.28,1,1866
XJTU-SY,3,40Hz10kN,2400,10.0,Bearing3_1,1,673,40Hz10kN/Bearing3_1/673.csv,train,32768,25600,1.28,1,1865
XJTU-SY,3,40Hz10kN,2400,10.0,Bearing3_1,1,674,40Hz10kN/Bearing3_1/674.csv,train,32768,25600,1.28,1,1864
XJTU-SY,3,40Hz10kN,2400,10.0,Bearing3_1,1,675,40Hz10kN/Bearing3_1/675.csv,train,32768,25600,1.28,1,1863
XJTU-SY,3,40Hz10kN,2400,10.0,Bearing3_1,1,676,40Hz10kN/Bearing3_1/676.csv,train,32768,25600,1.28,1,1862
XJTU-SY,3,40Hz10kN,2400,10.0,Bearing3_1,1,677,40Hz10kN/Bearing3_1/677.csv,train,32768,25600,1.28,1,1861
XJTU-SY,3,40Hz10kN,2400,10.0,Bearing3_1,1,678,40Hz10kN/Bearing3_1/678.csv,train,32768,25600,1.28,1,1860
XJTU-SY,3,40Hz10kN,2400,10.0,Bearing3_1,1,679,40Hz10kN/Bearing3_1/679.csv,train,32768,25600,1.28,1,1859
XJTU-SY,3,40Hz10kN,2400,10.0,Bearing3_1,1,680,40Hz10kN/Bearing3_1/680.csv,train,32768,25600,1.28,1,1858
XJTU-SY,3,40Hz10kN,2400,10.0,Bearing3_1,1,681,40Hz10kN/Bearing3_1/681.csv,train,32768,25600,1.28,1,1857
XJTU-SY,3,40Hz10kN,2400,10.0,Bearing3_1,1,682,40Hz10kN/Bearing3_1/682.csv,train,32768,25600,1.28,1,1856
XJTU-SY,3,40Hz10kN,2400,10.0,Bearing3_1,1,683,40Hz10kN/Bearing3_1/683.csv,train,32768,25600,1.28,1,1855
XJTU-SY,3,40Hz10kN,2400,10.0,Bearing3_1,1,684,40Hz10kN/Bearing3_1/684.csv,train,32768,25600,1.28,1,1854
XJTU-SY,3,40Hz10kN,2400,10.0,Bearing3_1,1,685,40Hz10kN/Bearing3_1/685.csv,train,32768,25600,1.28,1,1853
XJTU-SY,3,40Hz10kN,2400,10.0,Bearing3_1,1,686,40Hz10kN/Bearing3_1/686.csv,train,32768,25600,1.28,1,1852
XJTU-SY,3,40Hz10kN,2400,10.0,Bearing3_1,1,687,40Hz10kN/Bearing3_1/687.csv,train,32768,25600,1.28,1,1851
XJTU-SY,3,40Hz10kN,2400,10.0,Bearing3_1,1,688,40Hz10kN/Bearing3_1/688.csv,train,32768,25600,1.28,1,1850
XJTU-SY,3,40Hz10kN,2400,10.0,Bearing3_1,1,689,40Hz10kN/Bearing3_1/689.csv,train,32768,25600,1.28,1,1849
XJTU-SY,3,40Hz10kN,2400,10.0,Bearing3_1,1,690,40Hz10kN/Bearing3_1/690.csv,train,32768,25600,1.28,1,1848
XJTU-SY,3,40Hz10kN,2400,10.0,Bearing3_1,1,691,40Hz10kN/Bearing3_1/691.csv,train,32768,25600,1.28,1,1847
XJTU-SY,3,40Hz10kN,2400,10.0,Bearing3_1,1,692,40Hz10kN/Bearing3_1/692.csv,train,32768,25600,1.28,1,1846
XJTU-SY,3,40Hz10kN,2400,10.0,Bearing3_1,1,693,40Hz10kN/Bearing3_1/693.csv,train,32768,25600,1.28,1,1845
XJTU-SY,3,40Hz10kN,2400,10.0,Bearing3_1,1,694,40Hz10kN/Bearing3_1/694.csv,train,32768,25600,1.28,1,1844
XJTU-SY,3,40Hz10kN,2400,10.0,Bearing3_1,1,695,40Hz10kN/Bearing3_1/695.csv,train,32768,25600,1.28,1,1843
XJTU-SY,3,40Hz10kN,2400,10.0,Bearing3_1,1,696,40Hz10kN/Bearing3_1/696.csv,train,32768,25600,1.28,1,1842
XJTU-SY,3,40Hz10kN,2400,10.0,Bearing3_1,1,697,40Hz10kN/Bearing3_1/697.csv,train,32768,25600,1.28,1,1841
XJTU-SY,3,40Hz10kN,2400,10.0,Bearing3_1,1,698,40Hz10kN/Bearing3_1/698.csv,train,32768,25600,1.28,1,1840
XJTU-SY,3,40Hz10kN,2400,10.0,Bearing3_1,1,699,40Hz10kN/Bearing3_1/699.csv,train,32768,25600,1.28,1,1839
XJTU-SY,3,40Hz10kN,2400,10.0,Bearing3_1,1,700,40Hz10kN/Bearing3_1/700.csv,train,32768,25600,1.28,1,1838
XJTU-SY,3,40Hz10kN,2400,10.0,Bearing3_1,1,701,40Hz10kN/Bearing3_1/701.csv,train,32768,25600,1.28,1,1837
XJTU-SY,3,40Hz10kN,2400,10.0,Bearing3_1,1,702,40Hz10kN/Bearing3_1/702.csv,train,32768,25600,1.28,1,1836
XJTU-SY,3,40Hz10kN,2400,10.0,Bearing3_1,1,703,40Hz10kN/Bearing3_1/703.csv,train,32768,25600,1.28,1,1835
XJTU-SY,3,40Hz10kN,2400,10.0,Bearing3_1,1,704,40Hz10kN/Bearing3_1/704.csv,train,32768,25600,1.28,1,1834
XJTU-SY,3,40Hz10kN,2400,10.0,Bearing3_1,1,705,40Hz10kN/Bearing3_1/705.csv,train,32768,25600,1.28,1,1833
XJTU-SY,3,40Hz10kN,2400,10.0,Bearing3_1,1,706,40Hz10kN/Bearing3_1/706.csv,train,32768,25600,1.28,1,1832
XJTU-SY,3,40Hz10kN,2400,10.0,Bearing3_1,1,707,40Hz10kN/Bearing3_1/707.csv,train,32768,25600,1.28,1,1831
XJTU-SY,3,40Hz10kN,2400,10.0,Bearing3_1,1,708,40Hz10kN/Bearing3_1/708.csv,train,32768,25600,1.28,1,1830
XJTU-SY,3,40Hz10kN,2400,10.0,Bearing3_1,1,709,40Hz10kN/Bearing3_1/709.csv,train,32768,25600,1.28,1,1829
XJTU-SY,3,40Hz10kN,2400,10.0,Bearing3_1,1,710,40Hz10kN/Bearing3_1/710.csv,train,32768,25600,1.28,1,1828
XJTU-SY,3,40Hz10kN,2400,10.0,Bearing3_1,1,711,40Hz10kN/Bearing3_1/711.csv,train,32768,25600,1.28,1,1827
XJTU-SY,3,40Hz10kN,2400,10.0,Bearing3_1,1,712,40Hz10kN/Bearing3_1/712.csv,train,32768,25600,1.28,1,1826
XJTU-SY,3,40Hz10kN,2400,10.0,Bearing3_1,1,713,40Hz10kN/Bearing3_1/713.csv,train,32768,25600,1.28,1,1825
XJTU-SY,3,40Hz10kN,2400,10.0,Bearing3_1,1,714,40Hz10kN/Bearing3_1/714.csv,train,32768,25600,1.28,1,1824
XJTU-SY,3,40Hz10kN,2400,10.0,Bearing3_1,1,715,40Hz10kN/Bearing3_1/715.csv,train,32768,25600,1.28,1,1823
XJTU-SY,3,40Hz10kN,2400,10.0,Bearing3_1,1,716,40Hz10kN/Bearing3_1/716.csv,train,32768,25600,1.28,1,1822
XJTU-SY,3,40Hz10kN,2400,10.0,Bearing3_1,1,717,40Hz10kN/Bearing3_1/717.csv,train,32768,25600,1.28,1,1821
XJTU-SY,3,40Hz10kN,2400,10.0,Bearing3_1,1,718,40Hz10kN/Bearing3_1/718.csv,train,32768,25600,1.28,1,1820
XJTU-SY,3,40Hz10kN,2400,10.0,Bearing3_1,1,719,40Hz10kN/Bearing3_1/719.csv,train,32768,25600,1.28,1,1819
XJTU-SY,3,40Hz10kN,2400,10.0,Bearing3_1,1,720,40Hz10kN/Bearing3_1/720.csv,train,32768,25600,1.28,1,1818
XJTU-SY,3,40Hz10kN,2400,10.0,Bearing3_1,1,721,40Hz10kN/Bearing3_1/721.csv,train,32768,25600,1.28,1,1817
XJTU-SY,3,40Hz10kN,2400,10.0,Bearing3_1,1,722,40Hz10kN/Bearing3_1/722.csv,train,32768,25600,1.28,1,1816
XJTU-SY,3,40Hz10kN,2400,10.0,Bearing3_1,1,723,40Hz10kN/Bearing3_1/723.csv,train,32768,25600,1.28,1,1815
XJTU-SY,3,40Hz10kN,2400,10.0,Bearing3_1,1,724,40Hz10kN/Bearing3_1/724.csv,train,32768,25600,1.28,1,1814
XJTU-SY,3,40Hz10kN,2400,10.0,Bearing3_1,1,725,40Hz10kN/Bearing3_1/725.csv,train,32768,25600,1.28,1,1813
XJTU-SY,3,40Hz10kN,2400,10.0,Bearing3_1,1,726,40Hz10kN/Bearing3_1/726.csv,train,32768,25600,1.28,1,1812
XJTU-SY,3,40Hz10kN,2400,10.0,Bearing3_1,1,727,40Hz10kN/Bearing3_1/727.csv,train,32768,25600,1.28,1,1811
XJTU-SY,3,40Hz10kN,2400,10.0,Bearing3_1,1,728,40Hz10kN/Bearing3_1/728.csv,train,32768,25600,1.28,1,1810
XJTU-SY,3,40Hz10kN,2400,10.0,Bearing3_1,1,729,40Hz10kN/Bearing3_1/729.csv,train,32768,25600,1.28,1,1809
XJTU-SY,3,40Hz10kN,2400,10.0,Bearing3_1,1,730,40Hz10kN/Bearing3_1/730.csv,train,32768,25600,1.28,1,1808
XJTU-SY,3,40Hz10kN,2400,10.0,Bearing3_1,1,731,40Hz10kN/Bearing3_1/731.csv,train,32768,25600,1.28,1,1807
XJTU-SY,3,40Hz10kN,2400,10.0,Bearing3_1,1,732,40Hz10kN/Bearing3_1/732.csv,train,32768,25600,1.28,1,1806
XJTU-SY,3,40Hz10kN,2400,10.0,Bearing3_1,1,733,40Hz10kN/Bearing3_1/733.csv,train,32768,25600,1.28,1,1805
XJTU-SY,3,40Hz10kN,2400,10.0,Bearing3_1,1,734,40Hz10kN/Bearing3_1/734.csv,train,32768,25600,1.28,1,1804
XJTU-SY,3,40Hz10kN,2400,10.0,Bearing3_1,1,735,40Hz10kN/Bearing3_1/735.csv,train,32768,25600,1.28,1,1803
XJTU-SY,3,40Hz10kN,2400,10.0,Bearing3_1,1,736,40Hz10kN/Bearing3_1/736.csv,train,32768,25600,1.28,1,1802
XJTU-SY,3,40Hz10kN,2400,10.0,Bearing3_1,1,737,40Hz10kN/Bearing3_1/737.csv,train,32768,25600,1.28,1,1801
XJTU-SY,3,40Hz10kN,2400,10.0,Bearing3_1,1,738,40Hz10kN/Bearing3_1/738.csv,train,32768,25600,1.28,1,1800
XJTU-SY,3,40Hz10kN,2400,10.0,Bearing3_1,1,739,40Hz10kN/Bearing3_1/739.csv,train,32768,25600,1.28,1,1799
XJTU-SY,3,40Hz10kN,2400,10.0,Bearing3_1,1,740,40Hz10kN/Bearing3_1/740.csv,train,32768,25600,1.28,1,1798
XJTU-SY,3,40Hz10kN,2400,10.0,Bearing3_1,1,741,40Hz10kN/Bearing3_1/741.csv,train,32768,25600,1.28,1,1797
XJTU-SY,3,40Hz10kN,2400,10.0,Bearing3_1,1,742,40Hz10kN/Bearing3_1/742.csv,train,32768,25600,1.28,1,1796
XJTU-SY,3,40Hz10kN,2400,10.0,Bearing3_1,1,743,40Hz10kN/Bearing3_1/743.csv,train,32768,25600,1.28,1,1795
XJTU-SY,3,40Hz10kN,2400,10.0,Bearing3_1,1,744,40Hz10kN/Bearing3_1/744.csv,train,32768,25600,1.28,1,1794
XJTU-SY,3,40Hz10kN,2400,10.0,Bearing3_1,1,745,40Hz10kN/Bearing3_1/745.csv,train,32768,25600,1.28,1,1793
XJTU-SY,3,40Hz10kN,2400,10.0,Bearing3_1,1,746,40Hz10kN/Bearing3_1/746.csv,train,32768,25600,1.28,1,1792
XJTU-SY,3,40Hz10kN,2400,10.0,Bearing3_1,1,747,40Hz10kN/Bearing3_1/747.csv,train,32768,25600,1.28,1,1791
XJTU-SY,3,40Hz10kN,2400,10.0,Bearing3_1,1,748,40Hz10kN/Bearing3_1/748.csv,train,32768,25600,1.28,1,1790
XJTU-SY,3,40Hz10kN,2400,10.0,Bearing3_1,1,749,40Hz10kN/Bearing3_1/749.csv,train,32768,25600,1.28,1,1789
XJTU-SY,3,40Hz10kN,2400,10.0,Bearing3_1,1,750,40Hz10kN/Bearing3_1/750.csv,train,32768,25600,1.28,1,1788
XJTU-SY,3,40Hz10kN,2400,10.0,Bearing3_1,1,751,40Hz10kN/Bearing3_1/751.csv,train,32768,25600,1.28,1,1787
XJTU-SY,3,40Hz10kN,2400,10.0,Bearing3_1,1,752,40Hz10kN/Bearing3_1/752.csv,train,32768,25600,1.28,1,1786
XJTU-SY,3,40Hz10kN,2400,10.0,Bearing3_1,1,753,40Hz10kN/Bearing3_1/753.csv,train,32768,25600,1.28,1,1785
XJTU-SY,3,40Hz10kN,2400,10.0,Bearing3_1,1,754,40Hz10kN/Bearing3_1/754.csv,train,32768,25600,1.28,1,1784
XJTU-SY,3,40Hz10kN,2400,10.0,Bearing3_1,1,755,40Hz10kN/Bearing3_1/755.csv,train,32768,25600,1.28,1,1783
XJTU-SY,3,40Hz10kN,2400,10.0,Bearing3_1,1,756,40Hz10kN/Bearing3_1/756.csv,train,32768,25600,1.28,1,1782
XJTU-SY,3,40Hz10kN,2400,10.0,Bearing3_1,1,757,40Hz10kN/Bearing3_1/757.csv,train,32768,25600,1.28,1,1781
XJTU-SY,3,40Hz10kN,2400,10.0,Bearing3_1,1,758,40Hz10kN/Bearing3_1/758.csv,train,32768,25600,1.28,1,1780
XJTU-SY,3,40Hz10kN,2400,10.0,Bearing3_1,1,759,40Hz10kN/Bearing3_1/759.csv,train,32768,25600,1.28,1,1779
XJTU-SY,3,40Hz10kN,2400,10.0,Bearing3_1,1,760,40Hz10kN/Bearing3_1/760.csv,train,32768,25600,1.28,1,1778
XJTU-SY,3,40Hz10kN,2400,10.0,Bearing3_1,1,761,40Hz10kN/Bearing3_1/761.csv,train,32768,25600,1.28,1,1777
XJTU-SY,3,40Hz10kN,2400,10.0,Bearing3_1,1,762,40Hz10kN/Bearing3_1/762.csv,train,32768,25600,1.28,1,1776
XJTU-SY,3,40Hz10kN,2400,10.0,Bearing3_1,1,763,40Hz10kN/Bearing3_1/763.csv,train,32768,25600,1.28,1,1775
XJTU-SY,3,40Hz10kN,2400,10.0,Bearing3_1,1,764,40Hz10kN/Bearing3_1/764.csv,train,32768,25600,1.28,1,1774
XJTU-SY,3,40Hz10kN,2400,10.0,Bearing3_1,1,765,40Hz10kN/Bearing3_1/765.csv,train,32768,25600,1.28,1,1773
XJTU-SY,3,40Hz10kN,2400,10.0,Bearing3_1,1,766,40Hz10kN/Bearing3_1/766.csv,train,32768,25600,1.28,1,1772
XJTU-SY,3,40Hz10kN,2400,10.0,Bearing3_1,1,767,40Hz10kN/Bearing3_1/767.csv,train,32768,25600,1.28,1,1771
XJTU-SY,3,40Hz10kN,2400,10.0,Bearing3_1,1,768,40Hz10kN/Bearing3_1/768.csv,train,32768,25600,1.28,1,1770
XJTU-SY,3,40Hz10kN,2400,10.0,Bearing3_1,1,769,40Hz10kN/Bearing3_1/769.csv,train,32768,25600,1.28,1,1769
XJTU-SY,3,40Hz10kN,2400,10.0,Bearing3_1,1,770,40Hz10kN/Bearing3_1/770.csv,train,32768,25600,1.28,1,1768
XJTU-SY,3,40Hz10kN,2400,10.0,Bearing3_1,1,771,40Hz10kN/Bearing3_1/771.csv,train,32768,25600,1.28,1,1767
XJTU-SY,3,40Hz10kN,2400,10.0,Bearing3_1,1,772,40Hz10kN/Bearing3_1/772.csv,train,32768,25600,1.28,1,1766
XJTU-SY,3,40Hz10kN,2400,10.0,Bearing3_1,1,773,40Hz10kN/Bearing3_1/773.csv,train,32768,25600,1.28,1,1765
XJTU-SY,3,40Hz10kN,2400,10.0,Bearing3_1,1,774,40Hz10kN/Bearing3_1/774.csv,train,32768,25600,1.28,1,1764
XJTU-SY,3,40Hz10kN,2400,10.0,Bearing3_1,1,775,40Hz10kN/Bearing3_1/775.csv,train,32768,25600,1.28,1,1763
XJTU-SY,3,40Hz10kN,2400,10.0,Bearing3_1,1,776,40Hz10kN/Bearing3_1/776.csv,train,32768,25600,1.28,1,1762
XJTU-SY,3,40Hz10kN,2400,10.0,Bearing3_1,1,777,40Hz10kN/Bearing3_1/777.csv,train,32768,25600,1.28,1,1761
XJTU-SY,3,40Hz10kN,2400,10.0,Bearing3_1,1,778,40Hz10kN/Bearing3_1/778.csv,train,32768,25600,1.28,1,1760
XJTU-SY,3,40Hz10kN,2400,10.0,Bearing3_1,1,779,40Hz10kN/Bearing3_1/779.csv,train,32768,25600,1.28,1,1759
XJTU-SY,3,40Hz10kN,2400,10.0,Bearing3_1,1,780,40Hz10kN/Bearing3_1/780.csv,train,32768,25600,1.28,1,1758
XJTU-SY,3,40Hz10kN,2400,10.0,Bearing3_1,1,781,40Hz10kN/Bearing3_1/781.csv,train,32768,25600,1.28,1,1757
XJTU-SY,3,40Hz10kN,2400,10.0,Bearing3_1,1,782,40Hz10kN/Bearing3_1/782.csv,train,32768,25600,1.28,1,1756
XJTU-SY,3,40Hz10kN,2400,10.0,Bearing3_1,1,783,40Hz10kN/Bearing3_1/783.csv,train,32768,25600,1.28,1,1755
XJTU-SY,3,40Hz10kN,2400,10.0,Bearing3_1,1,784,40Hz10kN/Bearing3_1/784.csv,train,32768,25600,1.28,1,1754
XJTU-SY,3,40Hz10kN,2400,10.0,Bearing3_1,1,785,40Hz10kN/Bearing3_1/785.csv,train,32768,25600,1.28,1,1753
XJTU-SY,3,40Hz10kN,2400,10.0,Bearing3_1,1,786,40Hz10kN/Bearing3_1/786.csv,train,32768,25600,1.28,1,1752
XJTU-SY,3,40Hz10kN,2400,10.0,Bearing3_1,1,787,40Hz10kN/Bearing3_1/787.csv,train,32768,25600,1.28,1,1751
XJTU-SY,3,40Hz10kN,2400,10.0,Bearing3_1,1,788,40Hz10kN/Bearing3_1/788.csv,train,32768,25600,1.28,1,1750
XJTU-SY,3,40Hz10kN,2400,10.0,Bearing3_1,1,789,40Hz10kN/Bearing3_1/789.csv,train,32768,25600,1.28,1,1749
XJTU-SY,3,40Hz10kN,2400,10.0,Bearing3_1,1,790,40Hz10kN/Bearing3_1/790.csv,train,32768,25600,1.28,1,1748
XJTU-SY,3,40Hz10kN,2400,10.0,Bearing3_1,1,791,40Hz10kN/Bearing3_1/791.csv,train,32768,25600,1.28,1,1747
XJTU-SY,3,40Hz10kN,2400,10.0,Bearing3_1,1,792,40Hz10kN/Bearing3_1/792.csv,train,32768,25600,1.28,1,1746
XJTU-SY,3,40Hz10kN,2400,10.0,Bearing3_1,1,793,40Hz10kN/Bearing3_1/793.csv,train,32768,25600,1.28,1,1745
XJTU-SY,3,40Hz10kN,2400,10.0,Bearing3_1,1,794,40Hz10kN/Bearing3_1/794.csv,train,32768,25600,1.28,1,1744
XJTU-SY,3,40Hz10kN,2400,10.0,Bearing3_1,1,795,40Hz10kN/Bearing3_1/795.csv,train,32768,25600,1.28,1,1743
XJTU-SY,3,40Hz10kN,2400,10.0,Bearing3_1,1,796,40Hz10kN/Bearing3_1/796.csv,train,32768,25600,1.28,1,1742
XJTU-SY,3,40Hz10kN,2400,10.0,Bearing3_1,1,797,40Hz10kN/Bearing3_1/797.csv,train,32768,25600,1.28,1,1741
XJTU-SY,3,40Hz10kN,2400,10.0,Bearing3_1,1,798,40Hz10kN/Bearing3_1/798.csv,train,32768,25600,1.28,1,1740
XJTU-SY,3,40Hz10kN,2400,10.0,Bearing3_1,1,799,40Hz10kN/Bearing3_1/799.csv,train,32768,25600,1.28,1,1739
XJTU-SY,3,40Hz10kN,2400,10.0,Bearing3_1,1,800,40Hz10kN/Bearing3_1/800.csv,train,32768,25600,1.28,1,1738
XJTU-SY,3,40Hz10kN,2400,10.0,Bearing3_1,1,801,40Hz10kN/Bearing3_1/801.csv,train,32768,25600,1.28,1,1737
XJTU-SY,3,40Hz10kN,2400,10.0,Bearing3_1,1,802,40Hz10kN/Bearing3_1/802.csv,train,32768,25600,1.28,1,1736
XJTU-SY,3,40Hz10kN,2400,10.0,Bearing3_1,1,803,40Hz10kN/Bearing3_1/803.csv,train,32768,25600,1.28,1,1735
XJTU-SY,3,40Hz10kN,2400,10.0,Bearing3_1,1,804,40Hz10kN/Bearing3_1/804.csv,train,32768,25600,1.28,1,1734
XJTU-SY,3,40Hz10kN,2400,10.0,Bearing3_1,1,805,40Hz10kN/Bearing3_1/805.csv,train,32768,25600,1.28,1,1733
XJTU-SY,3,40Hz10kN,2400,10.0,Bearing3_1,1,806,40Hz10kN/Bearing3_1/806.csv,train,32768,25600,1.28,1,1732
XJTU-SY,3,40Hz10kN,2400,10.0,Bearing3_1,1,807,40Hz10kN/Bearing3_1/807.csv,train,32768,25600,1.28,1,1731
XJTU-SY,3,40Hz10kN,2400,10.0,Bearing3_1,1,808,40Hz10kN/Bearing3_1/808.csv,train,32768,25600,1.28,1,1730
XJTU-SY,3,40Hz10kN,2400,10.0,Bearing3_1,1,809,40Hz10kN/Bearing3_1/809.csv,train,32768,25600,1.28,1,1729
XJTU-SY,3,40Hz10kN,2400,10.0,Bearing3_1,1,810,40Hz10kN/Bearing3_1/810.csv,train,32768,25600,1.28,1,1728
XJTU-SY,3,40Hz10kN,2400,10.0,Bearing3_1,1,811,40Hz10kN/Bearing3_1/811.csv,train,32768,25600,1.28,1,1727
XJTU-SY,3,40Hz10kN,2400,10.0,Bearing3_1,1,812,40Hz10kN/Bearing3_1/812.csv,train,32768,25600,1.28,1,1726
XJTU-SY,3,40Hz10kN,2400,10.0,Bearing3_1,1,813,40Hz10kN/Bearing3_1/813.csv,train,32768,25600,1.28,1,1725
XJTU-SY,3,40Hz10kN,2400,10.0,Bearing3_1,1,814,40Hz10kN/Bearing3_1/814.csv,train,32768,25600,1.28,1,1724
XJTU-SY,3,40Hz10kN,2400,10.0,Bearing3_1,1,815,40Hz10kN/Bearing3_1/815.csv,train,32768,25600,1.28,1,1723
XJTU-SY,3,40Hz10kN,2400,10.0,Bearing3_1,1,816,40Hz10kN/Bearing3_1/816.csv,train,32768,25600,1.28,1,1722
XJTU-SY,3,40Hz10kN,2400,10.0,Bearing3_1,1,817,40Hz10kN/Bearing3_1/817.csv,train,32768,25600,1.28,1,1721
XJTU-SY,3,40Hz10kN,2400,10.0,Bearing3_1,1,818,40Hz10kN/Bearing3_1/818.csv,train,32768,25600,1.28,1,1720
XJTU-SY,3,40Hz10kN,2400,10.0,Bearing3_1,1,819,40Hz10kN/Bearing3_1/819.csv,train,32768,25600,1.28,1,1719
XJTU-SY,3,40Hz10kN,2400,10.0,Bearing3_1,1,820,40Hz10kN/Bearing3_1/820.csv,train,32768,25600,1.28,1,1718
XJTU-SY,3,40Hz10kN,2400,10.0,Bearing3_1,1,821,40Hz10kN/Bearing3_1/821.csv,train,32768,25600,1.28,1,1717
XJTU-SY,3,40Hz10kN,2400,10.0,Bearing3_1,1,822,40Hz10kN/Bearing3_1/822.csv,train,32768,25600,1.28,1,1716
XJTU-SY,3,40Hz10kN,2400,10.0,Bearing3_1,1,823,40Hz10kN/Bearing3_1/823.csv,train,32768,25600,1.28,1,1715
XJTU-SY,3,40Hz10kN,2400,10.0,Bearing3_1,1,824,40Hz10kN/Bearing3_1/824.csv,train,32768,25600,1.28,1,1714
XJTU-SY,3,40Hz10kN,2400,10.0,Bearing3_1,1,825,40Hz10kN/Bearing3_1/825.csv,train,32768,25600,1.28,1,1713
XJTU-SY,3,40Hz10kN,2400,10.0,Bearing3_1,1,826,40Hz10kN/Bearing3_1/826.csv,train,32768,25600,1.28,1,1712
XJTU-SY,3,40Hz10kN,2400,10.0,Bearing3_1,1,827,40Hz10kN/Bearing3_1/827.csv,train,32768,25600,1.28,1,1711
XJTU-SY,3,40Hz10kN,2400,10.0,Bearing3_1,1,828,40Hz10kN/Bearing3_1/828.csv,train,32768,25600,1.28,1,1710
XJTU-SY,3,40Hz10kN,2400,10.0,Bearing3_1,1,829,40Hz10kN/Bearing3_1/829.csv,train,32768,25600,1.28,1,1709
XJTU-SY,3,40Hz10kN,2400,10.0,Bearing3_1,1,830,40Hz10kN/Bearing3_1/830.csv,train,32768,25600,1.28,1,1708
XJTU-SY,3,40Hz10kN,2400,10.0,Bearing3_1,1,831,40Hz10kN/Bearing3_1/831.csv,train,32768,25600,1.28,1,1707
XJTU-SY,3,40Hz10kN,2400,10.0,Bearing3_1,1,832,40Hz10kN/Bearing3_1/832.csv,train,32768,25600,1.28,1,1706
XJTU-SY,3,40Hz10kN,2400,10.0,Bearing3_1,1,833,40Hz10kN/Bearing3_1/833.csv,train,32768,25600,1.28,1,1705
XJTU-SY,3,40Hz10kN,2400,10.0,Bearing3_1,1,834,40Hz10kN/Bearing3_1/834.csv,train,32768,25600,1.28,1,1704
XJTU-SY,3,40Hz10kN,2400,10.0,Bearing3_1,1,835,40Hz10kN/Bearing3_1/835.csv,train,32768,25600,1.28,1,1703
XJTU-SY,3,40Hz10kN,2400,10.0,Bearing3_1,1,836,40Hz10kN/Bearing3_1/836.csv,train,32768,25600,1.28,1,1702
XJTU-SY,3,40Hz10kN,2400,10.0,Bearing3_1,1,837,40Hz10kN/Bearing3_1/837.csv,train,32768,25600,1.28,1,1701
XJTU-SY,3,40Hz10kN,2400,10.0,Bearing3_1,1,838,40Hz10kN/Bearing3_1/838.csv,train,32768,25600,1.28,1,1700
XJTU-SY,3,40Hz10kN,2400,10.0,Bearing3_1,1,839,40Hz10kN/Bearing3_1/839.csv,train,32768,25600,1.28,1,1699
XJTU-SY,3,40Hz10kN,2400,10.0,Bearing3_1,1,840,40Hz10kN/Bearing3_1/840.csv,train,32768,25600,1.28,1,1698
XJTU-SY,3,40Hz10kN,2400,10.0,Bearing3_1,1,841,40Hz10kN/Bearing3_1/841.csv,train,32768,25600,1.28,1,1697
XJTU-SY,3,40Hz10kN,2400,10.0,Bearing3_1,1,842,40Hz10kN/Bearing3_1/842.csv,train,32768,25600,1.28,1,1696
XJTU-SY,3,40Hz10kN,2400,10.0,Bearing3_1,1,843,40Hz10kN/Bearing3_1/843.csv,train,32768,25600,1.28,1,1695
XJTU-SY,3,40Hz10kN,2400,10.0,Bearing3_1,1,844,40Hz10kN/Bearing3_1/844.csv,train,32768,25600,1.28,1,1694
XJTU-SY,3,40Hz10kN,2400,10.0,Bearing3_1,1,845,40Hz10kN/Bearing3_1/845.csv,train,32768,25600,1.28,1,1693
XJTU-SY,3,40Hz10kN,2400,10.0,Bearing3_1,1,846,40Hz10kN/Bearing3_1/846.csv,train,32768,25600,1.28,1,1692
XJTU-SY,3,40Hz10kN,2400,10.0,Bearing3_1,1,847,40Hz10kN/Bearing3_1/847.csv,train,32768,25600,1.28,1,1691
XJTU-SY,3,40Hz10kN,2400,10.0,Bearing3_1,1,848,40Hz10kN/Bearing3_1/848.csv,train,32768,25600,1.28,1,1690
XJTU-SY,3,40Hz10kN,2400,10.0,Bearing3_1,1,849,40Hz10kN/Bearing3_1/849.csv,train,32768,25600,1.28,1,1689
XJTU-SY,3,40Hz10kN,2400,10.0,Bearing3_1,1,850,40Hz10kN/Bearing3_1/850.csv,train,32768,25600,1.28,1,1688
XJTU-SY,3,40Hz10kN,2400,10.0,Bearing3_1,1,851,40Hz10kN/Bearing3_1/851.csv,train,32768,25600,1.28,1,1687
XJTU-SY,3,40Hz10kN,2400,10.0,Bearing3_1,1,852,40Hz10kN/Bearing3_1/852.csv,train,32768,25600,1.28,1,1686
XJTU-SY,3,40Hz10kN,2400,10.0,Bearing3_1,1,853,40Hz10kN/Bearing3_1/853.csv,train,32768,25600,1.28,1,1685
XJTU-SY,3,40Hz10kN,2400,10.0,Bearing3_1,1,854,40Hz10kN/Bearing3_1/854.csv,train,32768,25600,1.28,1,1684
XJTU-SY,3,40Hz10kN,2400,10.0,Bearing3_1,1,855,40Hz10kN/Bearing3_1/855.csv,train,32768,25600,1.28,1,1683
XJTU-SY,3,40Hz10kN,2400,10.0,Bearing3_1,1,856,40Hz10kN/Bearing3_1/856.csv,train,32768,25600,1.28,1,1682
XJTU-SY,3,40Hz10kN,2400,10.0,Bearing3_1,1,857,40Hz10kN/Bearing3_1/857.csv,train,32768,25600,1.28,1,1681
XJTU-SY,3,40Hz10kN,2400,10.0,Bearing3_1,1,858,40Hz10kN/Bearing3_1/858.csv,train,32768,25600,1.28,1,1680
XJTU-SY,3,40Hz10kN,2400,10.0,Bearing3_1,1,859,40Hz10kN/Bearing3_1/859.csv,train,32768,25600,1.28,1,1679
XJTU-SY,3,40Hz10kN,2400,10.0,Bearing3_1,1,860,40Hz10kN/Bearing3_1/860.csv,train,32768,25600,1.28,1,1678
XJTU-SY,3,40Hz10kN,2400,10.0,Bearing3_1,1,861,40Hz10kN/Bearing3_1/861.csv,train,32768,25600,1.28,1,1677
XJTU-SY,3,40Hz10kN,2400,10.0,Bearing3_1,1,862,40Hz10kN/Bearing3_1/862.csv,train,32768,25600,1.28,1,1676
XJTU-SY,3,40Hz10kN,2400,10.0,Bearing3_1,1,863,40Hz10kN/Bearing3_1/863.csv,train,32768,25600,1.28,1,1675
XJTU-SY,3,40Hz10kN,2400,10.0,Bearing3_1,1,864,40Hz10kN/Bearing3_1/864.csv,train,32768,25600,1.28,1,1674
XJTU-SY,3,40Hz10kN,2400,10.0,Bearing3_1,1,865,40Hz10kN/Bearing3_1/865.csv,train,32768,25600,1.28,1,1673
XJTU-SY,3,40Hz10kN,2400,10.0,Bearing3_1,1,866,40Hz10kN/Bearing3_1/866.csv,train,32768,25600,1.28,1,1672
XJTU-SY,3,40Hz10kN,2400,10.0,Bearing3_1,1,867,40Hz10kN/Bearing3_1/867.csv,train,32768,25600,1.28,1,1671
XJTU-SY,3,40Hz10kN,2400,10.0,Bearing3_1,1,868,40Hz10kN/Bearing3_1/868.csv,train,32768,25600,1.28,1,1670
XJTU-SY,3,40Hz10kN,2400,10.0,Bearing3_1,1,869,40Hz10kN/Bearing3_1/869.csv,train,32768,25600,1.28,1,1669
XJTU-SY,3,40Hz10kN,2400,10.0,Bearing3_1,1,870,40Hz10kN/Bearing3_1/870.csv,train,32768,25600,1.28,1,1668
XJTU-SY,3,40Hz10kN,2400,10.0,Bearing3_1,1,871,40Hz10kN/Bearing3_1/871.csv,train,32768,25600,1.28,1,1667
XJTU-SY,3,40Hz10kN,2400,10.0,Bearing3_1,1,872,40Hz10kN/Bearing3_1/872.csv,train,32768,25600,1.28,1,1666
XJTU-SY,3,40Hz10kN,2400,10.0,Bearing3_1,1,873,40Hz10kN/Bearing3_1/873.csv,train,32768,25600,1.28,1,1665
XJTU-SY,3,40Hz10kN,2400,10.0,Bearing3_1,1,874,40Hz10kN/Bearing3_1/874.csv,train,32768,25600,1.28,1,1664
XJTU-SY,3,40Hz10kN,2400,10.0,Bearing3_1,1,875,40Hz10kN/Bearing3_1/875.csv,train,32768,25600,1.28,1,1663
XJTU-SY,3,40Hz10kN,2400,10.0,Bearing3_1,1,876,40Hz10kN/Bearing3_1/876.csv,train,32768,25600,1.28,1,1662
XJTU-SY,3,40Hz10kN,2400,10.0,Bearing3_1,1,877,40Hz10kN/Bearing3_1/877.csv,train,32768,25600,1.28,1,1661
XJTU-SY,3,40Hz10kN,2400,10.0,Bearing3_1,1,878,40Hz10kN/Bearing3_1/878.csv,train,32768,25600,1.28,1,1660
XJTU-SY,3,40Hz10kN,2400,10.0,Bearing3_1,1,879,40Hz10kN/Bearing3_1/879.csv,train,32768,25600,1.28,1,1659
XJTU-SY,3,40Hz10kN,2400,10.0,Bearing3_1,1,880,40Hz10kN/Bearing3_1/880.csv,train,32768,25600,1.28,1,1658
XJTU-SY,3,40Hz10kN,2400,10.0,Bearing3_1,1,881,40Hz10kN/Bearing3_1/881.csv,train,32768,25600,1.28,1,1657
XJTU-SY,3,40Hz10kN,2400,10.0,Bearing3_1,1,882,40Hz10kN/Bearing3_1/882.csv,train,32768,25600,1.28,1,1656
XJTU-SY,3,40Hz10kN,2400,10.0,Bearing3_1,1,883,40Hz10kN/Bearing3_1/883.csv,train,32768,25600,1.28,1,1655
XJTU-SY,3,40Hz10kN,2400,10.0,Bearing3_1,1,884,40Hz10kN/Bearing3_1/884.csv,train,32768,25600,1.28,1,1654
XJTU-SY,3,40Hz10kN,2400,10.0,Bearing3_1,1,885,40Hz10kN/Bearing3_1/885.csv,train,32768,25600,1.28,1,1653
XJTU-SY,3,40Hz10kN,2400,10.0,Bearing3_1,1,886,40Hz10kN/Bearing3_1/886.csv,train,32768,25600,1.28,1,1652
XJTU-SY,3,40Hz10kN,2400,10.0,Bearing3_1,1,887,40Hz10kN/Bearing3_1/887.csv,train,32768,25600,1.28,1,1651
XJTU-SY,3,40Hz10kN,2400,10.0,Bearing3_1,1,888,40Hz10kN/Bearing3_1/888.csv,train,32768,25600,1.28,1,1650
XJTU-SY,3,40Hz10kN,2400,10.0,Bearing3_1,1,889,40Hz10kN/Bearing3_1/889.csv,train,32768,25600,1.28,1,1649
XJTU-SY,3,40Hz10kN,2400,10.0,Bearing3_1,1,890,40Hz10kN/Bearing3_1/890.csv,train,32768,25600,1.28,1,1648
XJTU-SY,3,40Hz10kN,2400,10.0,Bearing3_1,1,891,40Hz10kN/Bearing3_1/891.csv,train,32768,25600,1.28,1,1647
XJTU-SY,3,40Hz10kN,2400,10.0,Bearing3_1,1,892,40Hz10kN/Bearing3_1/892.csv,train,32768,25600,1.28,1,1646
XJTU-SY,3,40Hz10kN,2400,10.0,Bearing3_1,1,893,40Hz10kN/Bearing3_1/893.csv,train,32768,25600,1.28,1,1645
XJTU-SY,3,40Hz10kN,2400,10.0,Bearing3_1,1,894,40Hz10kN/Bearing3_1/894.csv,train,32768,25600,1.28,1,1644
XJTU-SY,3,40Hz10kN,2400,10.0,Bearing3_1,1,895,40Hz10kN/Bearing3_1/895.csv,train,32768,25600,1.28,1,1643
XJTU-SY,3,40Hz10kN,2400,10.0,Bearing3_1,1,896,40Hz10kN/Bearing3_1/896.csv,train,32768,25600,1.28,1,1642
XJTU-SY,3,40Hz10kN,2400,10.0,Bearing3_1,1,897,40Hz10kN/Bearing3_1/897.csv,train,32768,25600,1.28,1,1641
XJTU-SY,3,40Hz10kN,2400,10.0,Bearing3_1,1,898,40Hz10kN/Bearing3_1/898.csv,train,32768,25600,1.28,1,1640
XJTU-SY,3,40Hz10kN,2400,10.0,Bearing3_1,1,899,40Hz10kN/Bearing3_1/899.csv,train,32768,25600,1.28,1,1639
XJTU-SY,3,40Hz10kN,2400,10.0,Bearing3_1,1,900,40Hz10kN/Bearing3_1/900.csv,train,32768,25600,1.28,1,1638
XJTU-SY,3,40Hz10kN,2400,10.0,Bearing3_1,1,901,40Hz10kN/Bearing3_1/901.csv,train,32768,25600,1.28,1,1637
XJTU-SY,3,40Hz10kN,2400,10.0,Bearing3_1,1,902,40Hz10kN/Bearing3_1/902.csv,train,32768,25600,1.28,1,1636
XJTU-SY,3,40Hz10kN,2400,10.0,Bearing3_1,1,903,40Hz10kN/Bearing3_1/903.csv,train,32768,25600,1.28,1,1635
XJTU-SY,3,40Hz10kN,2400,10.0,Bearing3_1,1,904,40Hz10kN/Bearing3_1/904.csv,train,32768,25600,1.28,1,1634
XJTU-SY,3,40Hz10kN,2400,10.0,Bearing3_1,1,905,40Hz10kN/Bearing3_1/905.csv,train,32768,25600,1.28,1,1633
XJTU-SY,3,40Hz10kN,2400,10.0,Bearing3_1,1,906,40Hz10kN/Bearing3_1/906.csv,train,32768,25600,1.28,1,1632
XJTU-SY,3,40Hz10kN,2400,10.0,Bearing3_1,1,907,40Hz10kN/Bearing3_1/907.csv,train,32768,25600,1.28,1,1631
XJTU-SY,3,40Hz10kN,2400,10.0,Bearing3_1,1,908,40Hz10kN/Bearing3_1/908.csv,train,32768,25600,1.28,1,1630
XJTU-SY,3,40Hz10kN,2400,10.0,Bearing3_1,1,909,40Hz10kN/Bearing3_1/909.csv,train,32768,25600,1.28,1,1629
XJTU-SY,3,40Hz10kN,2400,10.0,Bearing3_1,1,910,40Hz10kN/Bearing3_1/910.csv,train,32768,25600,1.28,1,1628
XJTU-SY,3,40Hz10kN,2400,10.0,Bearing3_1,1,911,40Hz10kN/Bearing3_1/911.csv,train,32768,25600,1.28,1,1627
XJTU-SY,3,40Hz10kN,2400,10.0,Bearing3_1,1,912,40Hz10kN/Bearing3_1/912.csv,train,32768,25600,1.28,1,1626
XJTU-SY,3,40Hz10kN,2400,10.0,Bearing3_1,1,913,40Hz10kN/Bearing3_1/913.csv,train,32768,25600,1.28,1,1625
XJTU-SY,3,40Hz10kN,2400,10.0,Bearing3_1,1,914,40Hz10kN/Bearing3_1/914.csv,train,32768,25600,1.28,1,1624
XJTU-SY,3,40Hz10kN,2400,10.0,Bearing3_1,1,915,40Hz10kN/Bearing3_1/915.csv,train,32768,25600,1.28,1,1623
XJTU-SY,3,40Hz10kN,2400,10.0,Bearing3_1,1,916,40Hz10kN/Bearing3_1/916.csv,train,32768,25600,1.28,1,1622
XJTU-SY,3,40Hz10kN,2400,10.0,Bearing3_1,1,917,40Hz10kN/Bearing3_1/917.csv,train,32768,25600,1.28,1,1621
XJTU-SY,3,40Hz10kN,2400,10.0,Bearing3_1,1,918,40Hz10kN/Bearing3_1/918.csv,train,32768,25600,1.28,1,1620
XJTU-SY,3,40Hz10kN,2400,10.0,Bearing3_1,1,919,40Hz10kN/Bearing3_1/919.csv,train,32768,25600,1.28,1,1619
XJTU-SY,3,40Hz10kN,2400,10.0,Bearing3_1,1,920,40Hz10kN/Bearing3_1/920.csv,train,32768,25600,1.28,1,1618
XJTU-SY,3,40Hz10kN,2400,10.0,Bearing3_1,1,921,40Hz10kN/Bearing3_1/921.csv,train,32768,25600,1.28,1,1617
XJTU-SY,3,40Hz10kN,2400,10.0,Bearing3_1,1,922,40Hz10kN/Bearing3_1/922.csv,train,32768,25600,1.28,1,1616
XJTU-SY,3,40Hz10kN,2400,10.0,Bearing3_1,1,923,40Hz10kN/Bearing3_1/923.csv,train,32768,25600,1.28,1,1615
XJTU-SY,3,40Hz10kN,2400,10.0,Bearing3_1,1,924,40Hz10kN/Bearing3_1/924.csv,train,32768,25600,1.28,1,1614
XJTU-SY,3,40Hz10kN,2400,10.0,Bearing3_1,1,925,40Hz10kN/Bearing3_1/925.csv,train,32768,25600,1.28,1,1613
XJTU-SY,3,40Hz10kN,2400,10.0,Bearing3_1,1,926,40Hz10kN/Bearing3_1/926.csv,train,32768,25600,1.28,1,1612
XJTU-SY,3,40Hz10kN,2400,10.0,Bearing3_1,1,927,40Hz10kN/Bearing3_1/927.csv,train,32768,25600,1.28,1,1611
XJTU-SY,3,40Hz10kN,2400,10.0,Bearing3_1,1,928,40Hz10kN/Bearing3_1/928.csv,train,32768,25600,1.28,1,1610
XJTU-SY,3,40Hz10kN,2400,10.0,Bearing3_1,1,929,40Hz10kN/Bearing3_1/929.csv,train,32768,25600,1.28,1,1609
XJTU-SY,3,40Hz10kN,2400,10.0,Bearing3_1,1,930,40Hz10kN/Bearing3_1/930.csv,train,32768,25600,1.28,1,1608
XJTU-SY,3,40Hz10kN,2400,10.0,Bearing3_1,1,931,40Hz10kN/Bearing3_1/931.csv,train,32768,25600,1.28,1,1607
XJTU-SY,3,40Hz10kN,2400,10.0,Bearing3_1,1,932,40Hz10kN/Bearing3_1/932.csv,train,32768,25600,1.28,1,1606
XJTU-SY,3,40Hz10kN,2400,10.0,Bearing3_1,1,933,40Hz10kN/Bearing3_1/933.csv,train,32768,25600,1.28,1,1605
XJTU-SY,3,40Hz10kN,2400,10.0,Bearing3_1,1,934,40Hz10kN/Bearing3_1/934.csv,train,32768,25600,1.28,1,1604
XJTU-SY,3,40Hz10kN,2400,10.0,Bearing3_1,1,935,40Hz10kN/Bearing3_1/935.csv,train,32768,25600,1.28,1,1603
XJTU-SY,3,40Hz10kN,2400,10.0,Bearing3_1,1,936,40Hz10kN/Bearing3_1/936.csv,train,32768,25600,1.28,1,1602
XJTU-SY,3,40Hz10kN,2400,10.0,Bearing3_1,1,937,40Hz10kN/Bearing3_1/937.csv,train,32768,25600,1.28,1,1601
XJTU-SY,3,40Hz10kN,2400,10.0,Bearing3_1,1,938,40Hz10kN/Bearing3_1/938.csv,train,32768,25600,1.28,1,1600
XJTU-SY,3,40Hz10kN,2400,10.0,Bearing3_1,1,939,40Hz10kN/Bearing3_1/939.csv,train,32768,25600,1.28,1,1599
XJTU-SY,3,40Hz10kN,2400,10.0,Bearing3_1,1,940,40Hz10kN/Bearing3_1/940.csv,train,32768,25600,1.28,1,1598
XJTU-SY,3,40Hz10kN,2400,10.0,Bearing3_1,1,941,40Hz10kN/Bearing3_1/941.csv,train,32768,25600,1.28,1,1597
XJTU-SY,3,40Hz10kN,2400,10.0,Bearing3_1,1,942,40Hz10kN/Bearing3_1/942.csv,train,32768,25600,1.28,1,1596
XJTU-SY,3,40Hz10kN,2400,10.0,Bearing3_1,1,943,40Hz10kN/Bearing3_1/943.csv,train,32768,25600,1.28,1,1595
XJTU-SY,3,40Hz10kN,2400,10.0,Bearing3_1,1,944,40Hz10kN/Bearing3_1/944.csv,train,32768,25600,1.28,1,1594
XJTU-SY,3,40Hz10kN,2400,10.0,Bearing3_1,1,945,40Hz10kN/Bearing3_1/945.csv,train,32768,25600,1.28,1,1593
XJTU-SY,3,40Hz10kN,2400,10.0,Bearing3_1,1,946,40Hz10kN/Bearing3_1/946.csv,train,32768,25600,1.28,1,1592
XJTU-SY,3,40Hz10kN,2400,10.0,Bearing3_1,1,947,40Hz10kN/Bearing3_1/947.csv,train,32768,25600,1.28,1,1591
XJTU-SY,3,40Hz10kN,2400,10.0,Bearing3_1,1,948,40Hz10kN/Bearing3_1/948.csv,train,32768,25600,1.28,1,1590
XJTU-SY,3,40Hz10kN,2400,10.0,Bearing3_1,1,949,40Hz10kN/Bearing3_1/949.csv,train,32768,25600,1.28,1,1589
XJTU-SY,3,40Hz10kN,2400,10.0,Bearing3_1,1,950,40Hz10kN/Bearing3_1/950.csv,train,32768,25600,1.28,1,1588
XJTU-SY,3,40Hz10kN,2400,10.0,Bearing3_1,1,951,40Hz10kN/Bearing3_1/951.csv,train,32768,25600,1.28,1,1587
XJTU-SY,3,40Hz10kN,2400,10.0,Bearing3_1,1,952,40Hz10kN/Bearing3_1/952.csv,train,32768,25600,1.28,1,1586
XJTU-SY,3,40Hz10kN,2400,10.0,Bearing3_1,1,953,40Hz10kN/Bearing3_1/953.csv,train,32768,25600,1.28,1,1585
XJTU-SY,3,40Hz10kN,2400,10.0,Bearing3_1,1,954,40Hz10kN/Bearing3_1/954.csv,train,32768,25600,1.28,1,1584
XJTU-SY,3,40Hz10kN,2400,10.0,Bearing3_1,1,955,40Hz10kN/Bearing3_1/955.csv,train,32768,25600,1.28,1,1583
XJTU-SY,3,40Hz10kN,2400,10.0,Bearing3_1,1,956,40Hz10kN/Bearing3_1/956.csv,train,32768,25600,1.28,1,1582
XJTU-SY,3,40Hz10kN,2400,10.0,Bearing3_1,1,957,40Hz10kN/Bearing3_1/957.csv,train,32768,25600,1.28,1,1581
XJTU-SY,3,40Hz10kN,2400,10.0,Bearing3_1,1,958,40Hz10kN/Bearing3_1/958.csv,train,32768,25600,1.28,1,1580
XJTU-SY,3,40Hz10kN,2400,10.0,Bearing3_1,1,959,40Hz10kN/Bearing3_1/959.csv,train,32768,25600,1.28,1,1579
XJTU-SY,3,40Hz10kN,2400,10.0,Bearing3_1,1,960,40Hz10kN/Bearing3_1/960.csv,train,32768,25600,1.28,1,1578
XJTU-SY,3,40Hz10kN,2400,10.0,Bearing3_1,1,961,40Hz10kN/Bearing3_1/961.csv,train,32768,25600,1.28,1,1577
XJTU-SY,3,40Hz10kN,2400,10.0,Bearing3_1,1,962,40Hz10kN/Bearing3_1/962.csv,train,32768,25600,1.28,1,1576
XJTU-SY,3,40Hz10kN,2400,10.0,Bearing3_1,1,963,40Hz10kN/Bearing3_1/963.csv,train,32768,25600,1.28,1,1575
XJTU-SY,3,40Hz10kN,2400,10.0,Bearing3_1,1,964,40Hz10kN/Bearing3_1/964.csv,train,32768,25600,1.28,1,1574
XJTU-SY,3,40Hz10kN,2400,10.0,Bearing3_1,1,965,40Hz10kN/Bearing3_1/965.csv,train,32768,25600,1.28,1,1573
XJTU-SY,3,40Hz10kN,2400,10.0,Bearing3_1,1,966,40Hz10kN/Bearing3_1/966.csv,train,32768,25600,1.28,1,1572
XJTU-SY,3,40Hz10kN,2400,10.0,Bearing3_1,1,967,40Hz10kN/Bearing3_1/967.csv,train,32768,25600,1.28,1,1571
XJTU-SY,3,40Hz10kN,2400,10.0,Bearing3_1,1,968,40Hz10kN/Bearing3_1/968.csv,train,32768,25600,1.28,1,1570
XJTU-SY,3,40Hz10kN,2400,10.0,Bearing3_1,1,969,40Hz10kN/Bearing3_1/969.csv,train,32768,25600,1.28,1,1569
XJTU-SY,3,40Hz10kN,2400,10.0,Bearing3_1,1,970,40Hz10kN/Bearing3_1/970.csv,train,32768,25600,1.28,1,1568
XJTU-SY,3,40Hz10kN,2400,10.0,Bearing3_1,1,971,40Hz10kN/Bearing3_1/971.csv,train,32768,25600,1.28,1,1567
XJTU-SY,3,40Hz10kN,2400,10.0,Bearing3_1,1,972,40Hz10kN/Bearing3_1/972.csv,train,32768,25600,1.28,1,1566
XJTU-SY,3,40Hz10kN,2400,10.0,Bearing3_1,1,973,40Hz10kN/Bearing3_1/973.csv,train,32768,25600,1.28,1,1565
XJTU-SY,3,40Hz10kN,2400,10.0,Bearing3_1,1,974,40Hz10kN/Bearing3_1/974.csv,train,32768,25600,1.28,1,1564
XJTU-SY,3,40Hz10kN,2400,10.0,Bearing3_1,1,975,40Hz10kN/Bearing3_1/975.csv,train,32768,25600,1.28,1,1563
XJTU-SY,3,40Hz10kN,2400,10.0,Bearing3_1,1,976,40Hz10kN/Bearing3_1/976.csv,train,32768,25600,1.28,1,1562
XJTU-SY,3,40Hz10kN,2400,10.0,Bearing3_1,1,977,40Hz10kN/Bearing3_1/977.csv,train,32768,25600,1.28,1,1561
XJTU-SY,3,40Hz10kN,2400,10.0,Bearing3_1,1,978,40Hz10kN/Bearing3_1/978.csv,train,32768,25600,1.28,1,1560
XJTU-SY,3,40Hz10kN,2400,10.0,Bearing3_1,1,979,40Hz10kN/Bearing3_1/979.csv,train,32768,25600,1.28,1,1559
XJTU-SY,3,40Hz10kN,2400,10.0,Bearing3_1,1,980,40Hz10kN/Bearing3_1/980.csv,train,32768,25600,1.28,1,1558
XJTU-SY,3,40Hz10kN,2400,10.0,Bearing3_1,1,981,40Hz10kN/Bearing3_1/981.csv,train,32768,25600,1.28,1,1557
XJTU-SY,3,40Hz10kN,2400,10.0,Bearing3_1,1,982,40Hz10kN/Bearing3_1/982.csv,train,32768,25600,1.28,1,1556
XJTU-SY,3,40Hz10kN,2400,10.0,Bearing3_1,1,983,40Hz10kN/Bearing3_1/983.csv,train,32768,25600,1.28,1,1555
XJTU-SY,3,40Hz10kN,2400,10.0,Bearing3_1,1,984,40Hz10kN/Bearing3_1/984.csv,train,32768,25600,1.28,1,1554
XJTU-SY,3,40Hz10kN,2400,10.0,Bearing3_1,1,985,40Hz10kN/Bearing3_1/985.csv,train,32768,25600,1.28,1,1553
XJTU-SY,3,40Hz10kN,2400,10.0,Bearing3_1,1,986,40Hz10kN/Bearing3_1/986.csv,train,32768,25600,1.28,1,1552
XJTU-SY,3,40Hz10kN,2400,10.0,Bearing3_1,1,987,40Hz10kN/Bearing3_1/987.csv,train,32768,25600,1.28,1,1551
XJTU-SY,3,40Hz10kN,2400,10.0,Bearing3_1,1,988,40Hz10kN/Bearing3_1/988.csv,train,32768,25600,1.28,1,1550
XJTU-SY,3,40Hz10kN,2400,10.0,Bearing3_1,1,989,40Hz10kN/Bearing3_1/989.csv,train,32768,25600,1.28,1,1549
XJTU-SY,3,40Hz10kN,2400,10.0,Bearing3_1,1,990,40Hz10kN/Bearing3_1/990.csv,train,32768,25600,1.28,1,1548
XJTU-SY,3,40Hz10kN,2400,10.0,Bearing3_1,1,991,40Hz10kN/Bearing3_1/991.csv,train,32768,25600,1.28,1,1547
XJTU-SY,3,40Hz10kN,2400,10.0,Bearing3_1,1,992,40Hz10kN/Bearing3_1/992.csv,train,32768,25600,1.28,1,1546
XJTU-SY,3,40Hz10kN,2400,10.0,Bearing3_1,1,993,40Hz10kN/Bearing3_1/993.csv,train,32768,25600,1.28,1,1545
XJTU-SY,3,40Hz10kN,2400,10.0,Bearing3_1,1,994,40Hz10kN/Bearing3_1/994.csv,train,32768,25600,1.28,1,1544
XJTU-SY,3,40Hz10kN,2400,10.0,Bearing3_1,1,995,40Hz10kN/Bearing3_1/995.csv,train,32768,25600,1.28,1,1543
XJTU-SY,3,40Hz10kN,2400,10.0,Bearing3_1,1,996,40Hz10kN/Bearing3_1/996.csv,train,32768,25600,1.28,1,1542
XJTU-SY,3,40Hz10kN,2400,10.0,Bearing3_1,1,997,40Hz10kN/Bearing3_1/997.csv,train,32768,25600,1.28,1,1541
XJTU-SY,3,40Hz10kN,2400,10.0,Bearing3_1,1,998,40Hz10kN/Bearing3_1/998.csv,train,32768,25600,1.28,1,1540
XJTU-SY,3,40Hz10kN,2400,10.0,Bearing3_1,1,999,40Hz10kN/Bearing3_1/999.csv,train,32768,25600,1.28,1,1539
XJTU-SY,3,40Hz10kN,2400,10.0,Bearing3_1,1,1000,40Hz10kN/Bearing3_1/1000.csv,train,32768,25600,1.28,1,1538
XJTU-SY,3,40Hz10kN,2400,10.0,Bearing3_1,1,1001,40Hz10kN/Bearing3_1/1001.csv,train,32768,25600,1.28,1,1537
XJTU-SY,3,40Hz10kN,2400,10.0,Bearing3_1,1,1002,40Hz10kN/Bearing3_1/1002.csv,train,32768,25600,1.28,1,1536
XJTU-SY,3,40Hz10kN,2400,10.0,Bearing3_1,1,1003,40Hz10kN/Bearing3_1/1003.csv,train,32768,25600,1.28,1,1535
XJTU-SY,3,40Hz10kN,2400,10.0,Bearing3_1,1,1004,40Hz10kN/Bearing3_1/1004.csv,train,32768,25600,1.28,1,1534
XJTU-SY,3,40Hz10kN,2400,10.0,Bearing3_1,1,1005,40Hz10kN/Bearing3_1/1005.csv,train,32768,25600,1.28,1,1533
XJTU-SY,3,40Hz10kN,2400,10.0,Bearing3_1,1,1006,40Hz10kN/Bearing3_1/1006.csv,train,32768,25600,1.28,1,1532
XJTU-SY,3,40Hz10kN,2400,10.0,Bearing3_1,1,1007,40Hz10kN/Bearing3_1/1007.csv,train,32768,25600,1.28,1,1531
XJTU-SY,3,40Hz10kN,2400,10.0,Bearing3_1,1,1008,40Hz10kN/Bearing3_1/1008.csv,train,32768,25600,1.28,1,1530
XJTU-SY,3,40Hz10kN,2400,10.0,Bearing3_1,1,1009,40Hz10kN/Bearing3_1/1009.csv,train,32768,25600,1.28,1,1529
XJTU-SY,3,40Hz10kN,2400,10.0,Bearing3_1,1,1010,40Hz10kN/Bearing3_1/1010.csv,train,32768,25600,1.28,1,1528
XJTU-SY,3,40Hz10kN,2400,10.0,Bearing3_1,1,1011,40Hz10kN/Bearing3_1/1011.csv,train,32768,25600,1.28,1,1527
XJTU-SY,3,40Hz10kN,2400,10.0,Bearing3_1,1,1012,40Hz10kN/Bearing3_1/1012.csv,train,32768,25600,1.28,1,1526
XJTU-SY,3,40Hz10kN,2400,10.0,Bearing3_1,1,1013,40Hz10kN/Bearing3_1/1013.csv,train,32768,25600,1.28,1,1525
XJTU-SY,3,40Hz10kN,2400,10.0,Bearing3_1,1,1014,40Hz10kN/Bearing3_1/1014.csv,train,32768,25600,1.28,1,1524
XJTU-SY,3,40Hz10kN,2400,10.0,Bearing3_1,1,1015,40Hz10kN/Bearing3_1/1015.csv,train,32768,25600,1.28,1,1523
XJTU-SY,3,40Hz10kN,2400,10.0,Bearing3_1,1,1016,40Hz10kN/Bearing3_1/1016.csv,train,32768,25600,1.28,1,1522
XJTU-SY,3,40Hz10kN,2400,10.0,Bearing3_1,1,1017,40Hz10kN/Bearing3_1/1017.csv,train,32768,25600,1.28,1,1521
XJTU-SY,3,40Hz10kN,2400,10.0,Bearing3_1,1,1018,40Hz10kN/Bearing3_1/1018.csv,train,32768,25600,1.28,1,1520
XJTU-SY,3,40Hz10kN,2400,10.0,Bearing3_1,1,1019,40Hz10kN/Bearing3_1/1019.csv,train,32768,25600,1.28,1,1519
XJTU-SY,3,40Hz10kN,2400,10.0,Bearing3_1,1,1020,40Hz10kN/Bearing3_1/1020.csv,train,32768,25600,1.28,1,1518
XJTU-SY,3,40Hz10kN,2400,10.0,Bearing3_1,1,1021,40Hz10kN/Bearing3_1/1021.csv,train,32768,25600,1.28,1,1517
XJTU-SY,3,40Hz10kN,2400,10.0,Bearing3_1,1,1022,40Hz10kN/Bearing3_1/1022.csv,train,32768,25600,1.28,1,1516
XJTU-SY,3,40Hz10kN,2400,10.0,Bearing3_1,1,1023,40Hz10kN/Bearing3_1/1023.csv,train,32768,25600,1.28,1,1515
XJTU-SY,3,40Hz10kN,2400,10.0,Bearing3_1,1,1024,40Hz10kN/Bearing3_1/1024.csv,train,32768,25600,1.28,1,1514
XJTU-SY,3,40Hz10kN,2400,10.0,Bearing3_1,1,1025,40Hz10kN/Bearing3_1/1025.csv,train,32768,25600,1.28,1,1513
XJTU-SY,3,40Hz10kN,2400,10.0,Bearing3_1,1,1026,40Hz10kN/Bearing3_1/1026.csv,train,32768,25600,1.28,1,1512
XJTU-SY,3,40Hz10kN,2400,10.0,Bearing3_1,1,1027,40Hz10kN/Bearing3_1/1027.csv,train,32768,25600,1.28,1,1511
XJTU-SY,3,40Hz10kN,2400,10.0,Bearing3_1,1,1028,40Hz10kN/Bearing3_1/1028.csv,train,32768,25600,1.28,1,1510
XJTU-SY,3,40Hz10kN,2400,10.0,Bearing3_1,1,1029,40Hz10kN/Bearing3_1/1029.csv,train,32768,25600,1.28,1,1509
XJTU-SY,3,40Hz10kN,2400,10.0,Bearing3_1,1,1030,40Hz10kN/Bearing3_1/1030.csv,train,32768,25600,1.28,1,1508
XJTU-SY,3,40Hz10kN,2400,10.0,Bearing3_1,1,1031,40Hz10kN/Bearing3_1/1031.csv,train,32768,25600,1.28,1,1507
XJTU-SY,3,40Hz10kN,2400,10.0,Bearing3_1,1,1032,40Hz10kN/Bearing3_1/1032.csv,train,32768,25600,1.28,1,1506
XJTU-SY,3,40Hz10kN,2400,10.0,Bearing3_1,1,1033,40Hz10kN/Bearing3_1/1033.csv,train,32768,25600,1.28,1,1505
XJTU-SY,3,40Hz10kN,2400,10.0,Bearing3_1,1,1034,40Hz10kN/Bearing3_1/1034.csv,train,32768,25600,1.28,1,1504
XJTU-SY,3,40Hz10kN,2400,10.0,Bearing3_1,1,1035,40Hz10kN/Bearing3_1/1035.csv,train,32768,25600,1.28,1,1503
XJTU-SY,3,40Hz10kN,2400,10.0,Bearing3_1,1,1036,40Hz10kN/Bearing3_1/1036.csv,train,32768,25600,1.28,1,1502
XJTU-SY,3,40Hz10kN,2400,10.0,Bearing3_1,1,1037,40Hz10kN/Bearing3_1/1037.csv,train,32768,25600,1.28,1,1501
XJTU-SY,3,40Hz10kN,2400,10.0,Bearing3_1,1,1038,40Hz10kN/Bearing3_1/1038.csv,train,32768,25600,1.28,1,1500
XJTU-SY,3,40Hz10kN,2400,10.0,Bearing3_1,1,1039,40Hz10kN/Bearing3_1/1039.csv,train,32768,25600,1.28,1,1499
XJTU-SY,3,40Hz10kN,2400,10.0,Bearing3_1,1,1040,40Hz10kN/Bearing3_1/1040.csv,train,32768,25600,1.28,1,1498
XJTU-SY,3,40Hz10kN,2400,10.0,Bearing3_1,1,1041,40Hz10kN/Bearing3_1/1041.csv,train,32768,25600,1.28,1,1497
XJTU-SY,3,40Hz10kN,2400,10.0,Bearing3_1,1,1042,40Hz10kN/Bearing3_1/1042.csv,train,32768,25600,1.28,1,1496
XJTU-SY,3,40Hz10kN,2400,10.0,Bearing3_1,1,1043,40Hz10kN/Bearing3_1/1043.csv,train,32768,25600,1.28,1,1495
XJTU-SY,3,40Hz10kN,2400,10.0,Bearing3_1,1,1044,40Hz10kN/Bearing3_1/1044.csv,train,32768,25600,1.28,1,1494
XJTU-SY,3,40Hz10kN,2400,10.0,Bearing3_1,1,1045,40Hz10kN/Bearing3_1/1045.csv,train,32768,25600,1.28,1,1493
XJTU-SY,3,40Hz10kN,2400,10.0,Bearing3_1,1,1046,40Hz10kN/Bearing3_1/1046.csv,train,32768,25600,1.28,1,1492
XJTU-SY,3,40Hz10kN,2400,10.0,Bearing3_1,1,1047,40Hz10kN/Bearing3_1/1047.csv,train,32768,25600,1.28,1,1491
XJTU-SY,3,40Hz10kN,2400,10.0,Bearing3_1,1,1048,40Hz10kN/Bearing3_1/1048.csv,train,32768,25600,1.28,1,1490
XJTU-SY,3,40Hz10kN,2400,10.0,Bearing3_1,1,1049,40Hz10kN/Bearing3_1/1049.csv,train,32768,25600,1.28,1,1489
XJTU-SY,3,40Hz10kN,2400,10.0,Bearing3_1,1,1050,40Hz10kN/Bearing3_1/1050.csv,train,32768,25600,1.28,1,1488
XJTU-SY,3,40Hz10kN,2400,10.0,Bearing3_1,1,1051,40Hz10kN/Bearing3_1/1051.csv,train,32768,25600,1.28,1,1487
XJTU-SY,3,40Hz10kN,2400,10.0,Bearing3_1,1,1052,40Hz10kN/Bearing3_1/1052.csv,train,32768,25600,1.28,1,1486
XJTU-SY,3,40Hz10kN,2400,10.0,Bearing3_1,1,1053,40Hz10kN/Bearing3_1/1053.csv,train,32768,25600,1.28,1,1485
XJTU-SY,3,40Hz10kN,2400,10.0,Bearing3_1,1,1054,40Hz10kN/Bearing3_1/1054.csv,train,32768,25600,1.28,1,1484
XJTU-SY,3,40Hz10kN,2400,10.0,Bearing3_1,1,1055,40Hz10kN/Bearing3_1/1055.csv,train,32768,25600,1.28,1,1483
XJTU-SY,3,40Hz10kN,2400,10.0,Bearing3_1,1,1056,40Hz10kN/Bearing3_1/1056.csv,train,32768,25600,1.28,1,1482
XJTU-SY,3,40Hz10kN,2400,10.0,Bearing3_1,1,1057,40Hz10kN/Bearing3_1/1057.csv,train,32768,25600,1.28,1,1481
XJTU-SY,3,40Hz10kN,2400,10.0,Bearing3_1,1,1058,40Hz10kN/Bearing3_1/1058.csv,train,32768,25600,1.28,1,1480
XJTU-SY,3,40Hz10kN,2400,10.0,Bearing3_1,1,1059,40Hz10kN/Bearing3_1/1059.csv,train,32768,25600,1.28,1,1479
XJTU-SY,3,40Hz10kN,2400,10.0,Bearing3_1,1,1060,40Hz10kN/Bearing3_1/1060.csv,train,32768,25600,1.28,1,1478
XJTU-SY,3,40Hz10kN,2400,10.0,Bearing3_1,1,1061,40Hz10kN/Bearing3_1/1061.csv,train,32768,25600,1.28,1,1477
XJTU-SY,3,40Hz10kN,2400,10.0,Bearing3_1,1,1062,40Hz10kN/Bearing3_1/1062.csv,train,32768,25600,1.28,1,1476
XJTU-SY,3,40Hz10kN,2400,10.0,Bearing3_1,1,1063,40Hz10kN/Bearing3_1/1063.csv,train,32768,25600,1.28,1,1475
XJTU-SY,3,40Hz10kN,2400,10.0,Bearing3_1,1,1064,40Hz10kN/Bearing3_1/1064.csv,train,32768,25600,1.28,1,1474
XJTU-SY,3,40Hz10kN,2400,10.0,Bearing3_1,1,1065,40Hz10kN/Bearing3_1/1065.csv,train,32768,25600,1.28,1,1473
XJTU-SY,3,40Hz10kN,2400,10.0,Bearing3_1,1,1066,40Hz10kN/Bearing3_1/1066.csv,train,32768,25600,1.28,1,1472
XJTU-SY,3,40Hz10kN,2400,10.0,Bearing3_1,1,1067,40Hz10kN/Bearing3_1/1067.csv,train,32768,25600,1.28,1,1471
XJTU-SY,3,40Hz10kN,2400,10.0,Bearing3_1,1,1068,40Hz10kN/Bearing3_1/1068.csv,train,32768,25600,1.28,1,1470
XJTU-SY,3,40Hz10kN,2400,10.0,Bearing3_1,1,1069,40Hz10kN/Bearing3_1/1069.csv,train,32768,25600,1.28,1,1469
XJTU-SY,3,40Hz10kN,2400,10.0,Bearing3_1,1,1070,40Hz10kN/Bearing3_1/1070.csv,train,32768,25600,1.28,1,1468
XJTU-SY,3,40Hz10kN,2400,10.0,Bearing3_1,1,1071,40Hz10kN/Bearing3_1/1071.csv,train,32768,25600,1.28,1,1467
XJTU-SY,3,40Hz10kN,2400,10.0,Bearing3_1,1,1072,40Hz10kN/Bearing3_1/1072.csv,train,32768,25600,1.28,1,1466
XJTU-SY,3,40Hz10kN,2400,10.0,Bearing3_1,1,1073,40Hz10kN/Bearing3_1/1073.csv,train,32768,25600,1.28,1,1465
XJTU-SY,3,40Hz10kN,2400,10.0,Bearing3_1,1,1074,40Hz10kN/Bearing3_1/1074.csv,train,32768,25600,1.28,1,1464
XJTU-SY,3,40Hz10kN,2400,10.0,Bearing3_1,1,1075,40Hz10kN/Bearing3_1/1075.csv,train,32768,25600,1.28,1,1463
XJTU-SY,3,40Hz10kN,2400,10.0,Bearing3_1,1,1076,40Hz10kN/Bearing3_1/1076.csv,train,32768,25600,1.28,1,1462
XJTU-SY,3,40Hz10kN,2400,10.0,Bearing3_1,1,1077,40Hz10kN/Bearing3_1/1077.csv,train,32768,25600,1.28,1,1461
XJTU-SY,3,40Hz10kN,2400,10.0,Bearing3_1,1,1078,40Hz10kN/Bearing3_1/1078.csv,train,32768,25600,1.28,1,1460
XJTU-SY,3,40Hz10kN,2400,10.0,Bearing3_1,1,1079,40Hz10kN/Bearing3_1/1079.csv,train,32768,25600,1.28,1,1459
XJTU-SY,3,40Hz10kN,2400,10.0,Bearing3_1,1,1080,40Hz10kN/Bearing3_1/1080.csv,train,32768,25600,1.28,1,1458
XJTU-SY,3,40Hz10kN,2400,10.0,Bearing3_1,1,1081,40Hz10kN/Bearing3_1/1081.csv,train,32768,25600,1.28,1,1457
XJTU-SY,3,40Hz10kN,2400,10.0,Bearing3_1,1,1082,40Hz10kN/Bearing3_1/1082.csv,train,32768,25600,1.28,1,1456
XJTU-SY,3,40Hz10kN,2400,10.0,Bearing3_1,1,1083,40Hz10kN/Bearing3_1/1083.csv,train,32768,25600,1.28,1,1455
XJTU-SY,3,40Hz10kN,2400,10.0,Bearing3_1,1,1084,40Hz10kN/Bearing3_1/1084.csv,train,32768,25600,1.28,1,1454
XJTU-SY,3,40Hz10kN,2400,10.0,Bearing3_1,1,1085,40Hz10kN/Bearing3_1/1085.csv,train,32768,25600,1.28,1,1453
XJTU-SY,3,40Hz10kN,2400,10.0,Bearing3_1,1,1086,40Hz10kN/Bearing3_1/1086.csv,train,32768,25600,1.28,1,1452
XJTU-SY,3,40Hz10kN,2400,10.0,Bearing3_1,1,1087,40Hz10kN/Bearing3_1/1087.csv,train,32768,25600,1.28,1,1451
XJTU-SY,3,40Hz10kN,2400,10.0,Bearing3_1,1,1088,40Hz10kN/Bearing3_1/1088.csv,train,32768,25600,1.28,1,1450
XJTU-SY,3,40Hz10kN,2400,10.0,Bearing3_1,1,1089,40Hz10kN/Bearing3_1/1089.csv,train,32768,25600,1.28,1,1449
XJTU-SY,3,40Hz10kN,2400,10.0,Bearing3_1,1,1090,40Hz10kN/Bearing3_1/1090.csv,train,32768,25600,1.28,1,1448
XJTU-SY,3,40Hz10kN,2400,10.0,Bearing3_1,1,1091,40Hz10kN/Bearing3_1/1091.csv,train,32768,25600,1.28,1,1447
XJTU-SY,3,40Hz10kN,2400,10.0,Bearing3_1,1,1092,40Hz10kN/Bearing3_1/1092.csv,train,32768,25600,1.28,1,1446
XJTU-SY,3,40Hz10kN,2400,10.0,Bearing3_1,1,1093,40Hz10kN/Bearing3_1/1093.csv,train,32768,25600,1.28,1,1445
XJTU-SY,3,40Hz10kN,2400,10.0,Bearing3_1,1,1094,40Hz10kN/Bearing3_1/1094.csv,train,32768,25600,1.28,1,1444
XJTU-SY,3,40Hz10kN,2400,10.0,Bearing3_1,1,1095,40Hz10kN/Bearing3_1/1095.csv,train,32768,25600,1.28,1,1443
XJTU-SY,3,40Hz10kN,2400,10.0,Bearing3_1,1,1096,40Hz10kN/Bearing3_1/1096.csv,train,32768,25600,1.28,1,1442
XJTU-SY,3,40Hz10kN,2400,10.0,Bearing3_1,1,1097,40Hz10kN/Bearing3_1/1097.csv,train,32768,25600,1.28,1,1441
XJTU-SY,3,40Hz10kN,2400,10.0,Bearing3_1,1,1098,40Hz10kN/Bearing3_1/1098.csv,train,32768,25600,1.28,1,1440
XJTU-SY,3,40Hz10kN,2400,10.0,Bearing3_1,1,1099,40Hz10kN/Bearing3_1/1099.csv,train,32768,25600,1.28,1,1439
XJTU-SY,3,40Hz10kN,2400,10.0,Bearing3_1,1,1100,40Hz10kN/Bearing3_1/1100.csv,train,32768,25600,1.28,1,1438
XJTU-SY,3,40Hz10kN,2400,10.0,Bearing3_1,1,1101,40Hz10kN/Bearing3_1/1101.csv,train,32768,25600,1.28,1,1437
XJTU-SY,3,40Hz10kN,2400,10.0,Bearing3_1,1,1102,40Hz10kN/Bearing3_1/1102.csv,train,32768,25600,1.28,1,1436
XJTU-SY,3,40Hz10kN,2400,10.0,Bearing3_1,1,1103,40Hz10kN/Bearing3_1/1103.csv,train,32768,25600,1.28,1,1435
XJTU-SY,3,40Hz10kN,2400,10.0,Bearing3_1,1,1104,40Hz10kN/Bearing3_1/1104.csv,train,32768,25600,1.28,1,1434
XJTU-SY,3,40Hz10kN,2400,10.0,Bearing3_1,1,1105,40Hz10kN/Bearing3_1/1105.csv,train,32768,25600,1.28,1,1433
XJTU-SY,3,40Hz10kN,2400,10.0,Bearing3_1,1,1106,40Hz10kN/Bearing3_1/1106.csv,train,32768,25600,1.28,1,1432
XJTU-SY,3,40Hz10kN,2400,10.0,Bearing3_1,1,1107,40Hz10kN/Bearing3_1/1107.csv,train,32768,25600,1.28,1,1431
XJTU-SY,3,40Hz10kN,2400,10.0,Bearing3_1,1,1108,40Hz10kN/Bearing3_1/1108.csv,train,32768,25600,1.28,1,1430
XJTU-SY,3,40Hz10kN,2400,10.0,Bearing3_1,1,1109,40Hz10kN/Bearing3_1/1109.csv,train,32768,25600,1.28,1,1429
XJTU-SY,3,40Hz10kN,2400,10.0,Bearing3_1,1,1110,40Hz10kN/Bearing3_1/1110.csv,train,32768,25600,1.28,1,1428
XJTU-SY,3,40Hz10kN,2400,10.0,Bearing3_1,1,1111,40Hz10kN/Bearing3_1/1111.csv,train,32768,25600,1.28,1,1427
XJTU-SY,3,40Hz10kN,2400,10.0,Bearing3_1,1,1112,40Hz10kN/Bearing3_1/1112.csv,train,32768,25600,1.28,1,1426
XJTU-SY,3,40Hz10kN,2400,10.0,Bearing3_1,1,1113,40Hz10kN/Bearing3_1/1113.csv,train,32768,25600,1.28,1,1425
XJTU-SY,3,40Hz10kN,2400,10.0,Bearing3_1,1,1114,40Hz10kN/Bearing3_1/1114.csv,train,32768,25600,1.28,1,1424
XJTU-SY,3,40Hz10kN,2400,10.0,Bearing3_1,1,1115,40Hz10kN/Bearing3_1/1115.csv,train,32768,25600,1.28,1,1423
XJTU-SY,3,40Hz10kN,2400,10.0,Bearing3_1,1,1116,40Hz10kN/Bearing3_1/1116.csv,train,32768,25600,1.28,1,1422
XJTU-SY,3,40Hz10kN,2400,10.0,Bearing3_1,1,1117,40Hz10kN/Bearing3_1/1117.csv,train,32768,25600,1.28,1,1421
XJTU-SY,3,40Hz10kN,2400,10.0,Bearing3_1,1,1118,40Hz10kN/Bearing3_1/1118.csv,train,32768,25600,1.28,1,1420
XJTU-SY,3,40Hz10kN,2400,10.0,Bearing3_1,1,1119,40Hz10kN/Bearing3_1/1119.csv,train,32768,25600,1.28,1,1419
XJTU-SY,3,40Hz10kN,2400,10.0,Bearing3_1,1,1120,40Hz10kN/Bearing3_1/1120.csv,train,32768,25600,1.28,1,1418
XJTU-SY,3,40Hz10kN,2400,10.0,Bearing3_1,1,1121,40Hz10kN/Bearing3_1/1121.csv,train,32768,25600,1.28,1,1417
XJTU-SY,3,40Hz10kN,2400,10.0,Bearing3_1,1,1122,40Hz10kN/Bearing3_1/1122.csv,train,32768,25600,1.28,1,1416
XJTU-SY,3,40Hz10kN,2400,10.0,Bearing3_1,1,1123,40Hz10kN/Bearing3_1/1123.csv,train,32768,25600,1.28,1,1415
XJTU-SY,3,40Hz10kN,2400,10.0,Bearing3_1,1,1124,40Hz10kN/Bearing3_1/1124.csv,train,32768,25600,1.28,1,1414
XJTU-SY,3,40Hz10kN,2400,10.0,Bearing3_1,1,1125,40Hz10kN/Bearing3_1/1125.csv,train,32768,25600,1.28,1,1413
XJTU-SY,3,40Hz10kN,2400,10.0,Bearing3_1,1,1126,40Hz10kN/Bearing3_1/1126.csv,train,32768,25600,1.28,1,1412
XJTU-SY,3,40Hz10kN,2400,10.0,Bearing3_1,1,1127,40Hz10kN/Bearing3_1/1127.csv,train,32768,25600,1.28,1,1411
XJTU-SY,3,40Hz10kN,2400,10.0,Bearing3_1,1,1128,40Hz10kN/Bearing3_1/1128.csv,train,32768,25600,1.28,1,1410
XJTU-SY,3,40Hz10kN,2400,10.0,Bearing3_1,1,1129,40Hz10kN/Bearing3_1/1129.csv,train,32768,25600,1.28,1,1409
XJTU-SY,3,40Hz10kN,2400,10.0,Bearing3_1,1,1130,40Hz10kN/Bearing3_1/1130.csv,train,32768,25600,1.28,1,1408
XJTU-SY,3,40Hz10kN,2400,10.0,Bearing3_1,1,1131,40Hz10kN/Bearing3_1/1131.csv,train,32768,25600,1.28,1,1407
XJTU-SY,3,40Hz10kN,2400,10.0,Bearing3_1,1,1132,40Hz10kN/Bearing3_1/1132.csv,train,32768,25600,1.28,1,1406
XJTU-SY,3,40Hz10kN,2400,10.0,Bearing3_1,1,1133,40Hz10kN/Bearing3_1/1133.csv,train,32768,25600,1.28,1,1405
XJTU-SY,3,40Hz10kN,2400,10.0,Bearing3_1,1,1134,40Hz10kN/Bearing3_1/1134.csv,train,32768,25600,1.28,1,1404
XJTU-SY,3,40Hz10kN,2400,10.0,Bearing3_1,1,1135,40Hz10kN/Bearing3_1/1135.csv,train,32768,25600,1.28,1,1403
XJTU-SY,3,40Hz10kN,2400,10.0,Bearing3_1,1,1136,40Hz10kN/Bearing3_1/1136.csv,train,32768,25600,1.28,1,1402
XJTU-SY,3,40Hz10kN,2400,10.0,Bearing3_1,1,1137,40Hz10kN/Bearing3_1/1137.csv,train,32768,25600,1.28,1,1401
XJTU-SY,3,40Hz10kN,2400,10.0,Bearing3_1,1,1138,40Hz10kN/Bearing3_1/1138.csv,train,32768,25600,1.28,1,1400
XJTU-SY,3,40Hz10kN,2400,10.0,Bearing3_1,1,1139,40Hz10kN/Bearing3_1/1139.csv,train,32768,25600,1.28,1,1399
XJTU-SY,3,40Hz10kN,2400,10.0,Bearing3_1,1,1140,40Hz10kN/Bearing3_1/1140.csv,train,32768,25600,1.28,1,1398
XJTU-SY,3,40Hz10kN,2400,10.0,Bearing3_1,1,1141,40Hz10kN/Bearing3_1/1141.csv,train,32768,25600,1.28,1,1397
XJTU-SY,3,40Hz10kN,2400,10.0,Bearing3_1,1,1142,40Hz10kN/Bearing3_1/1142.csv,train,32768,25600,1.28,1,1396
XJTU-SY,3,40Hz10kN,2400,10.0,Bearing3_1,1,1143,40Hz10kN/Bearing3_1/1143.csv,train,32768,25600,1.28,1,1395
XJTU-SY,3,40Hz10kN,2400,10.0,Bearing3_1,1,1144,40Hz10kN/Bearing3_1/1144.csv,train,32768,25600,1.28,1,1394
XJTU-SY,3,40Hz10kN,2400,10.0,Bearing3_1,1,1145,40Hz10kN/Bearing3_1/1145.csv,train,32768,25600,1.28,1,1393
XJTU-SY,3,40Hz10kN,2400,10.0,Bearing3_1,1,1146,40Hz10kN/Bearing3_1/1146.csv,train,32768,25600,1.28,1,1392
XJTU-SY,3,40Hz10kN,2400,10.0,Bearing3_1,1,1147,40Hz10kN/Bearing3_1/1147.csv,train,32768,25600,1.28,1,1391
XJTU-SY,3,40Hz10kN,2400,10.0,Bearing3_1,1,1148,40Hz10kN/Bearing3_1/1148.csv,train,32768,25600,1.28,1,1390
XJTU-SY,3,40Hz10kN,2400,10.0,Bearing3_1,1,1149,40Hz10kN/Bearing3_1/1149.csv,train,32768,25600,1.28,1,1389
XJTU-SY,3,40Hz10kN,2400,10.0,Bearing3_1,1,1150,40Hz10kN/Bearing3_1/1150.csv,train,32768,25600,1.28,1,1388
XJTU-SY,3,40Hz10kN,2400,10.0,Bearing3_1,1,1151,40Hz10kN/Bearing3_1/1151.csv,train,32768,25600,1.28,1,1387
XJTU-SY,3,40Hz10kN,2400,10.0,Bearing3_1,1,1152,40Hz10kN/Bearing3_1/1152.csv,train,32768,25600,1.28,1,1386
XJTU-SY,3,40Hz10kN,2400,10.0,Bearing3_1,1,1153,40Hz10kN/Bearing3_1/1153.csv,train,32768,25600,1.28,1,1385
XJTU-SY,3,40Hz10kN,2400,10.0,Bearing3_1,1,1154,40Hz10kN/Bearing3_1/1154.csv,train,32768,25600,1.28,1,1384
XJTU-SY,3,40Hz10kN,2400,10.0,Bearing3_1,1,1155,40Hz10kN/Bearing3_1/1155.csv,train,32768,25600,1.28,1,1383
XJTU-SY,3,40Hz10kN,2400,10.0,Bearing3_1,1,1156,40Hz10kN/Bearing3_1/1156.csv,train,32768,25600,1.28,1,1382
XJTU-SY,3,40Hz10kN,2400,10.0,Bearing3_1,1,1157,40Hz10kN/Bearing3_1/1157.csv,train,32768,25600,1.28,1,1381
XJTU-SY,3,40Hz10kN,2400,10.0,Bearing3_1,1,1158,40Hz10kN/Bearing3_1/1158.csv,train,32768,25600,1.28,1,1380
XJTU-SY,3,40Hz10kN,2400,10.0,Bearing3_1,1,1159,40Hz10kN/Bearing3_1/1159.csv,train,32768,25600,1.28,1,1379
XJTU-SY,3,40Hz10kN,2400,10.0,Bearing3_1,1,1160,40Hz10kN/Bearing3_1/1160.csv,train,32768,25600,1.28,1,1378
XJTU-SY,3,40Hz10kN,2400,10.0,Bearing3_1,1,1161,40Hz10kN/Bearing3_1/1161.csv,train,32768,25600,1.28,1,1377
XJTU-SY,3,40Hz10kN,2400,10.0,Bearing3_1,1,1162,40Hz10kN/Bearing3_1/1162.csv,train,32768,25600,1.28,1,1376
XJTU-SY,3,40Hz10kN,2400,10.0,Bearing3_1,1,1163,40Hz10kN/Bearing3_1/1163.csv,train,32768,25600,1.28,1,1375
XJTU-SY,3,40Hz10kN,2400,10.0,Bearing3_1,1,1164,40Hz10kN/Bearing3_1/1164.csv,train,32768,25600,1.28,1,1374
XJTU-SY,3,40Hz10kN,2400,10.0,Bearing3_1,1,1165,40Hz10kN/Bearing3_1/1165.csv,train,32768,25600,1.28,1,1373
XJTU-SY,3,40Hz10kN,2400,10.0,Bearing3_1,1,1166,40Hz10kN/Bearing3_1/1166.csv,train,32768,25600,1.28,1,1372
XJTU-SY,3,40Hz10kN,2400,10.0,Bearing3_1,1,1167,40Hz10kN/Bearing3_1/1167.csv,train,32768,25600,1.28,1,1371
XJTU-SY,3,40Hz10kN,2400,10.0,Bearing3_1,1,1168,40Hz10kN/Bearing3_1/1168.csv,train,32768,25600,1.28,1,1370
XJTU-SY,3,40Hz10kN,2400,10.0,Bearing3_1,1,1169,40Hz10kN/Bearing3_1/1169.csv,train,32768,25600,1.28,1,1369
XJTU-SY,3,40Hz10kN,2400,10.0,Bearing3_1,1,1170,40Hz10kN/Bearing3_1/1170.csv,train,32768,25600,1.28,1,1368
XJTU-SY,3,40Hz10kN,2400,10.0,Bearing3_1,1,1171,40Hz10kN/Bearing3_1/1171.csv,train,32768,25600,1.28,1,1367
XJTU-SY,3,40Hz10kN,2400,10.0,Bearing3_1,1,1172,40Hz10kN/Bearing3_1/1172.csv,train,32768,25600,1.28,1,1366
XJTU-SY,3,40Hz10kN,2400,10.0,Bearing3_1,1,1173,40Hz10kN/Bearing3_1/1173.csv,train,32768,25600,1.28,1,1365
XJTU-SY,3,40Hz10kN,2400,10.0,Bearing3_1,1,1174,40Hz10kN/Bearing3_1/1174.csv,train,32768,25600,1.28,1,1364
XJTU-SY,3,40Hz10kN,2400,10.0,Bearing3_1,1,1175,40Hz10kN/Bearing3_1/1175.csv,train,32768,25600,1.28,1,1363
XJTU-SY,3,40Hz10kN,2400,10.0,Bearing3_1,1,1176,40Hz10kN/Bearing3_1/1176.csv,train,32768,25600,1.28,1,1362
XJTU-SY,3,40Hz10kN,2400,10.0,Bearing3_1,1,1177,40Hz10kN/Bearing3_1/1177.csv,train,32768,25600,1.28,1,1361
XJTU-SY,3,40Hz10kN,2400,10.0,Bearing3_1,1,1178,40Hz10kN/Bearing3_1/1178.csv,train,32768,25600,1.28,1,1360
XJTU-SY,3,40Hz10kN,2400,10.0,Bearing3_1,1,1179,40Hz10kN/Bearing3_1/1179.csv,train,32768,25600,1.28,1,1359
XJTU-SY,3,40Hz10kN,2400,10.0,Bearing3_1,1,1180,40Hz10kN/Bearing3_1/1180.csv,train,32768,25600,1.28,1,1358
XJTU-SY,3,40Hz10kN,2400,10.0,Bearing3_1,1,1181,40Hz10kN/Bearing3_1/1181.csv,train,32768,25600,1.28,1,1357
XJTU-SY,3,40Hz10kN,2400,10.0,Bearing3_1,1,1182,40Hz10kN/Bearing3_1/1182.csv,train,32768,25600,1.28,1,1356
XJTU-SY,3,40Hz10kN,2400,10.0,Bearing3_1,1,1183,40Hz10kN/Bearing3_1/1183.csv,train,32768,25600,1.28,1,1355
XJTU-SY,3,40Hz10kN,2400,10.0,Bearing3_1,1,1184,40Hz10kN/Bearing3_1/1184.csv,train,32768,25600,1.28,1,1354
XJTU-SY,3,40Hz10kN,2400,10.0,Bearing3_1,1,1185,40Hz10kN/Bearing3_1/1185.csv,train,32768,25600,1.28,1,1353
XJTU-SY,3,40Hz10kN,2400,10.0,Bearing3_1,1,1186,40Hz10kN/Bearing3_1/1186.csv,train,32768,25600,1.28,1,1352
XJTU-SY,3,40Hz10kN,2400,10.0,Bearing3_1,1,1187,40Hz10kN/Bearing3_1/1187.csv,train,32768,25600,1.28,1,1351
XJTU-SY,3,40Hz10kN,2400,10.0,Bearing3_1,1,1188,40Hz10kN/Bearing3_1/1188.csv,train,32768,25600,1.28,1,1350
XJTU-SY,3,40Hz10kN,2400,10.0,Bearing3_1,1,1189,40Hz10kN/Bearing3_1/1189.csv,train,32768,25600,1.28,1,1349
XJTU-SY,3,40Hz10kN,2400,10.0,Bearing3_1,1,1190,40Hz10kN/Bearing3_1/1190.csv,train,32768,25600,1.28,1,1348
XJTU-SY,3,40Hz10kN,2400,10.0,Bearing3_1,1,1191,40Hz10kN/Bearing3_1/1191.csv,train,32768,25600,1.28,1,1347
XJTU-SY,3,40Hz10kN,2400,10.0,Bearing3_1,1,1192,40Hz10kN/Bearing3_1/1192.csv,train,32768,25600,1.28,1,1346
XJTU-SY,3,40Hz10kN,2400,10.0,Bearing3_1,1,1193,40Hz10kN/Bearing3_1/1193.csv,train,32768,25600,1.28,1,1345
XJTU-SY,3,40Hz10kN,2400,10.0,Bearing3_1,1,1194,40Hz10kN/Bearing3_1/1194.csv,train,32768,25600,1.28,1,1344
XJTU-SY,3,40Hz10kN,2400,10.0,Bearing3_1,1,1195,40Hz10kN/Bearing3_1/1195.csv,train,32768,25600,1.28,1,1343
XJTU-SY,3,40Hz10kN,2400,10.0,Bearing3_1,1,1196,40Hz10kN/Bearing3_1/1196.csv,train,32768,25600,1.28,1,1342
XJTU-SY,3,40Hz10kN,2400,10.0,Bearing3_1,1,1197,40Hz10kN/Bearing3_1/1197.csv,train,32768,25600,1.28,1,1341
XJTU-SY,3,40Hz10kN,2400,10.0,Bearing3_1,1,1198,40Hz10kN/Bearing3_1/1198.csv,train,32768,25600,1.28,1,1340
XJTU-SY,3,40Hz10kN,2400,10.0,Bearing3_1,1,1199,40Hz10kN/Bearing3_1/1199.csv,train,32768,25600,1.28,1,1339
XJTU-SY,3,40Hz10kN,2400,10.0,Bearing3_1,1,1200,40Hz10kN/Bearing3_1/1200.csv,train,32768,25600,1.28,1,1338
XJTU-SY,3,40Hz10kN,2400,10.0,Bearing3_1,1,1201,40Hz10kN/Bearing3_1/1201.csv,train,32768,25600,1.28,1,1337
XJTU-SY,3,40Hz10kN,2400,10.0,Bearing3_1,1,1202,40Hz10kN/Bearing3_1/1202.csv,train,32768,25600,1.28,1,1336
XJTU-SY,3,40Hz10kN,2400,10.0,Bearing3_1,1,1203,40Hz10kN/Bearing3_1/1203.csv,train,32768,25600,1.28,1,1335
XJTU-SY,3,40Hz10kN,2400,10.0,Bearing3_1,1,1204,40Hz10kN/Bearing3_1/1204.csv,train,32768,25600,1.28,1,1334
XJTU-SY,3,40Hz10kN,2400,10.0,Bearing3_1,1,1205,40Hz10kN/Bearing3_1/1205.csv,train,32768,25600,1.28,1,1333
XJTU-SY,3,40Hz10kN,2400,10.0,Bearing3_1,1,1206,40Hz10kN/Bearing3_1/1206.csv,train,32768,25600,1.28,1,1332
XJTU-SY,3,40Hz10kN,2400,10.0,Bearing3_1,1,1207,40Hz10kN/Bearing3_1/1207.csv,train,32768,25600,1.28,1,1331
XJTU-SY,3,40Hz10kN,2400,10.0,Bearing3_1,1,1208,40Hz10kN/Bearing3_1/1208.csv,train,32768,25600,1.28,1,1330
XJTU-SY,3,40Hz10kN,2400,10.0,Bearing3_1,1,1209,40Hz10kN/Bearing3_1/1209.csv,train,32768,25600,1.28,1,1329
XJTU-SY,3,40Hz10kN,2400,10.0,Bearing3_1,1,1210,40Hz10kN/Bearing3_1/1210.csv,train,32768,25600,1.28,1,1328
XJTU-SY,3,40Hz10kN,2400,10.0,Bearing3_1,1,1211,40Hz10kN/Bearing3_1/1211.csv,train,32768,25600,1.28,1,1327
XJTU-SY,3,40Hz10kN,2400,10.0,Bearing3_1,1,1212,40Hz10kN/Bearing3_1/1212.csv,train,32768,25600,1.28,1,1326
XJTU-SY,3,40Hz10kN,2400,10.0,Bearing3_1,1,1213,40Hz10kN/Bearing3_1/1213.csv,train,32768,25600,1.28,1,1325
XJTU-SY,3,40Hz10kN,2400,10.0,Bearing3_1,1,1214,40Hz10kN/Bearing3_1/1214.csv,train,32768,25600,1.28,1,1324
XJTU-SY,3,40Hz10kN,2400,10.0,Bearing3_1,1,1215,40Hz10kN/Bearing3_1/1215.csv,train,32768,25600,1.28,1,1323
XJTU-SY,3,40Hz10kN,2400,10.0,Bearing3_1,1,1216,40Hz10kN/Bearing3_1/1216.csv,train,32768,25600,1.28,1,1322
XJTU-SY,3,40Hz10kN,2400,10.0,Bearing3_1,1,1217,40Hz10kN/Bearing3_1/1217.csv,train,32768,25600,1.28,1,1321
XJTU-SY,3,40Hz10kN,2400,10.0,Bearing3_1,1,1218,40Hz10kN/Bearing3_1/1218.csv,train,32768,25600,1.28,1,1320
XJTU-SY,3,40Hz10kN,2400,10.0,Bearing3_1,1,1219,40Hz10kN/Bearing3_1/1219.csv,train,32768,25600,1.28,1,1319
XJTU-SY,3,40Hz10kN,2400,10.0,Bearing3_1,1,1220,40Hz10kN/Bearing3_1/1220.csv,train,32768,25600,1.28,1,1318
XJTU-SY,3,40Hz10kN,2400,10.0,Bearing3_1,1,1221,40Hz10kN/Bearing3_1/1221.csv,train,32768,25600,1.28,1,1317
XJTU-SY,3,40Hz10kN,2400,10.0,Bearing3_1,1,1222,40Hz10kN/Bearing3_1/1222.csv,train,32768,25600,1.28,1,1316
XJTU-SY,3,40Hz10kN,2400,10.0,Bearing3_1,1,1223,40Hz10kN/Bearing3_1/1223.csv,train,32768,25600,1.28,1,1315
XJTU-SY,3,40Hz10kN,2400,10.0,Bearing3_1,1,1224,40Hz10kN/Bearing3_1/1224.csv,train,32768,25600,1.28,1,1314
XJTU-SY,3,40Hz10kN,2400,10.0,Bearing3_1,1,1225,40Hz10kN/Bearing3_1/1225.csv,train,32768,25600,1.28,1,1313
XJTU-SY,3,40Hz10kN,2400,10.0,Bearing3_1,1,1226,40Hz10kN/Bearing3_1/1226.csv,train,32768,25600,1.28,1,1312
XJTU-SY,3,40Hz10kN,2400,10.0,Bearing3_1,1,1227,40Hz10kN/Bearing3_1/1227.csv,train,32768,25600,1.28,1,1311
XJTU-SY,3,40Hz10kN,2400,10.0,Bearing3_1,1,1228,40Hz10kN/Bearing3_1/1228.csv,train,32768,25600,1.28,1,1310
XJTU-SY,3,40Hz10kN,2400,10.0,Bearing3_1,1,1229,40Hz10kN/Bearing3_1/1229.csv,train,32768,25600,1.28,1,1309
XJTU-SY,3,40Hz10kN,2400,10.0,Bearing3_1,1,1230,40Hz10kN/Bearing3_1/1230.csv,train,32768,25600,1.28,1,1308
XJTU-SY,3,40Hz10kN,2400,10.0,Bearing3_1,1,1231,40Hz10kN/Bearing3_1/1231.csv,train,32768,25600,1.28,1,1307
XJTU-SY,3,40Hz10kN,2400,10.0,Bearing3_1,1,1232,40Hz10kN/Bearing3_1/1232.csv,train,32768,25600,1.28,1,1306
XJTU-SY,3,40Hz10kN,2400,10.0,Bearing3_1,1,1233,40Hz10kN/Bearing3_1/1233.csv,train,32768,25600,1.28,1,1305
XJTU-SY,3,40Hz10kN,2400,10.0,Bearing3_1,1,1234,40Hz10kN/Bearing3_1/1234.csv,train,32768,25600,1.28,1,1304
XJTU-SY,3,40Hz10kN,2400,10.0,Bearing3_1,1,1235,40Hz10kN/Bearing3_1/1235.csv,train,32768,25600,1.28,1,1303
XJTU-SY,3,40Hz10kN,2400,10.0,Bearing3_1,1,1236,40Hz10kN/Bearing3_1/1236.csv,train,32768,25600,1.28,1,1302
XJTU-SY,3,40Hz10kN,2400,10.0,Bearing3_1,1,1237,40Hz10kN/Bearing3_1/1237.csv,train,32768,25600,1.28,1,1301
XJTU-SY,3,40Hz10kN,2400,10.0,Bearing3_1,1,1238,40Hz10kN/Bearing3_1/1238.csv,train,32768,25600,1.28,1,1300
XJTU-SY,3,40Hz10kN,2400,10.0,Bearing3_1,1,1239,40Hz10kN/Bearing3_1/1239.csv,train,32768,25600,1.28,1,1299
XJTU-SY,3,40Hz10kN,2400,10.0,Bearing3_1,1,1240,40Hz10kN/Bearing3_1/1240.csv,train,32768,25600,1.28,1,1298
XJTU-SY,3,40Hz10kN,2400,10.0,Bearing3_1,1,1241,40Hz10kN/Bearing3_1/1241.csv,train,32768,25600,1.28,1,1297
XJTU-SY,3,40Hz10kN,2400,10.0,Bearing3_1,1,1242,40Hz10kN/Bearing3_1/1242.csv,train,32768,25600,1.28,1,1296
XJTU-SY,3,40Hz10kN,2400,10.0,Bearing3_1,1,1243,40Hz10kN/Bearing3_1/1243.csv,train,32768,25600,1.28,1,1295
XJTU-SY,3,40Hz10kN,2400,10.0,Bearing3_1,1,1244,40Hz10kN/Bearing3_1/1244.csv,train,32768,25600,1.28,1,1294
XJTU-SY,3,40Hz10kN,2400,10.0,Bearing3_1,1,1245,40Hz10kN/Bearing3_1/1245.csv,train,32768,25600,1.28,1,1293
XJTU-SY,3,40Hz10kN,2400,10.0,Bearing3_1,1,1246,40Hz10kN/Bearing3_1/1246.csv,train,32768,25600,1.28,1,1292
XJTU-SY,3,40Hz10kN,2400,10.0,Bearing3_1,1,1247,40Hz10kN/Bearing3_1/1247.csv,train,32768,25600,1.28,1,1291
XJTU-SY,3,40Hz10kN,2400,10.0,Bearing3_1,1,1248,40Hz10kN/Bearing3_1/1248.csv,train,32768,25600,1.28,1,1290
XJTU-SY,3,40Hz10kN,2400,10.0,Bearing3_1,1,1249,40Hz10kN/Bearing3_1/1249.csv,train,32768,25600,1.28,1,1289
XJTU-SY,3,40Hz10kN,2400,10.0,Bearing3_1,1,1250,40Hz10kN/Bearing3_1/1250.csv,train,32768,25600,1.28,1,1288
XJTU-SY,3,40Hz10kN,2400,10.0,Bearing3_1,1,1251,40Hz10kN/Bearing3_1/1251.csv,train,32768,25600,1.28,1,1287
XJTU-SY,3,40Hz10kN,2400,10.0,Bearing3_1,1,1252,40Hz10kN/Bearing3_1/1252.csv,train,32768,25600,1.28,1,1286
XJTU-SY,3,40Hz10kN,2400,10.0,Bearing3_1,1,1253,40Hz10kN/Bearing3_1/1253.csv,train,32768,25600,1.28,1,1285
XJTU-SY,3,40Hz10kN,2400,10.0,Bearing3_1,1,1254,40Hz10kN/Bearing3_1/1254.csv,train,32768,25600,1.28,1,1284
XJTU-SY,3,40Hz10kN,2400,10.0,Bearing3_1,1,1255,40Hz10kN/Bearing3_1/1255.csv,train,32768,25600,1.28,1,1283
XJTU-SY,3,40Hz10kN,2400,10.0,Bearing3_1,1,1256,40Hz10kN/Bearing3_1/1256.csv,train,32768,25600,1.28,1,1282
XJTU-SY,3,40Hz10kN,2400,10.0,Bearing3_1,1,1257,40Hz10kN/Bearing3_1/1257.csv,train,32768,25600,1.28,1,1281
XJTU-SY,3,40Hz10kN,2400,10.0,Bearing3_1,1,1258,40Hz10kN/Bearing3_1/1258.csv,train,32768,25600,1.28,1,1280
XJTU-SY,3,40Hz10kN,2400,10.0,Bearing3_1,1,1259,40Hz10kN/Bearing3_1/1259.csv,train,32768,25600,1.28,1,1279
XJTU-SY,3,40Hz10kN,2400,10.0,Bearing3_1,1,1260,40Hz10kN/Bearing3_1/1260.csv,train,32768,25600,1.28,1,1278
XJTU-SY,3,40Hz10kN,2400,10.0,Bearing3_1,1,1261,40Hz10kN/Bearing3_1/1261.csv,train,32768,25600,1.28,1,1277
XJTU-SY,3,40Hz10kN,2400,10.0,Bearing3_1,1,1262,40Hz10kN/Bearing3_1/1262.csv,train,32768,25600,1.28,1,1276
XJTU-SY,3,40Hz10kN,2400,10.0,Bearing3_1,1,1263,40Hz10kN/Bearing3_1/1263.csv,train,32768,25600,1.28,1,1275
XJTU-SY,3,40Hz10kN,2400,10.0,Bearing3_1,1,1264,40Hz10kN/Bearing3_1/1264.csv,train,32768,25600,1.28,1,1274
XJTU-SY,3,40Hz10kN,2400,10.0,Bearing3_1,1,1265,40Hz10kN/Bearing3_1/1265.csv,train,32768,25600,1.28,1,1273
XJTU-SY,3,40Hz10kN,2400,10.0,Bearing3_1,1,1266,40Hz10kN/Bearing3_1/1266.csv,train,32768,25600,1.28,1,1272
XJTU-SY,3,40Hz10kN,2400,10.0,Bearing3_1,1,1267,40Hz10kN/Bearing3_1/1267.csv,train,32768,25600,1.28,1,1271
XJTU-SY,3,40Hz10kN,2400,10.0,Bearing3_1,1,1268,40Hz10kN/Bearing3_1/1268.csv,train,32768,25600,1.28,1,1270
XJTU-SY,3,40Hz10kN,2400,10.0,Bearing3_1,1,1269,40Hz10kN/Bearing3_1/1269.csv,train,32768,25600,1.28,1,1269
XJTU-SY,3,40Hz10kN,2400,10.0,Bearing3_1,1,1270,40Hz10kN/Bearing3_1/1270.csv,train,32768,25600,1.28,1,1268
XJTU-SY,3,40Hz10kN,2400,10.0,Bearing3_1,1,1271,40Hz10kN/Bearing3_1/1271.csv,train,32768,25600,1.28,1,1267
XJTU-SY,3,40Hz10kN,2400,10.0,Bearing3_1,1,1272,40Hz10kN/Bearing3_1/1272.csv,train,32768,25600,1.28,1,1266
XJTU-SY,3,40Hz10kN,2400,10.0,Bearing3_1,1,1273,40Hz10kN/Bearing3_1/1273.csv,train,32768,25600,1.28,1,1265
XJTU-SY,3,40Hz10kN,2400,10.0,Bearing3_1,1,1274,40Hz10kN/Bearing3_1/1274.csv,train,32768,25600,1.28,1,1264
XJTU-SY,3,40Hz10kN,2400,10.0,Bearing3_1,1,1275,40Hz10kN/Bearing3_1/1275.csv,train,32768,25600,1.28,1,1263
XJTU-SY,3,40Hz10kN,2400,10.0,Bearing3_1,1,1276,40Hz10kN/Bearing3_1/1276.csv,train,32768,25600,1.28,1,1262
XJTU-SY,3,40Hz10kN,2400,10.0,Bearing3_1,1,1277,40Hz10kN/Bearing3_1/1277.csv,train,32768,25600,1.28,1,1261
XJTU-SY,3,40Hz10kN,2400,10.0,Bearing3_1,1,1278,40Hz10kN/Bearing3_1/1278.csv,train,32768,25600,1.28,1,1260
XJTU-SY,3,40Hz10kN,2400,10.0,Bearing3_1,1,1279,40Hz10kN/Bearing3_1/1279.csv,train,32768,25600,1.28,1,1259
XJTU-SY,3,40Hz10kN,2400,10.0,Bearing3_1,1,1280,40Hz10kN/Bearing3_1/1280.csv,train,32768,25600,1.28,1,1258
XJTU-SY,3,40Hz10kN,2400,10.0,Bearing3_1,1,1281,40Hz10kN/Bearing3_1/1281.csv,train,32768,25600,1.28,1,1257
XJTU-SY,3,40Hz10kN,2400,10.0,Bearing3_1,1,1282,40Hz10kN/Bearing3_1/1282.csv,train,32768,25600,1.28,1,1256
XJTU-SY,3,40Hz10kN,2400,10.0,Bearing3_1,1,1283,40Hz10kN/Bearing3_1/1283.csv,train,32768,25600,1.28,1,1255
XJTU-SY,3,40Hz10kN,2400,10.0,Bearing3_1,1,1284,40Hz10kN/Bearing3_1/1284.csv,train,32768,25600,1.28,1,1254
XJTU-SY,3,40Hz10kN,2400,10.0,Bearing3_1,1,1285,40Hz10kN/Bearing3_1/1285.csv,train,32768,25600,1.28,1,1253
XJTU-SY,3,40Hz10kN,2400,10.0,Bearing3_1,1,1286,40Hz10kN/Bearing3_1/1286.csv,train,32768,25600,1.28,1,1252
XJTU-SY,3,40Hz10kN,2400,10.0,Bearing3_1,1,1287,40Hz10kN/Bearing3_1/1287.csv,train,32768,25600,1.28,1,1251
XJTU-SY,3,40Hz10kN,2400,10.0,Bearing3_1,1,1288,40Hz10kN/Bearing3_1/1288.csv,train,32768,25600,1.28,1,1250
XJTU-SY,3,40Hz10kN,2400,10.0,Bearing3_1,1,1289,40Hz10kN/Bearing3_1/1289.csv,train,32768,25600,1.28,1,1249
XJTU-SY,3,40Hz10kN,2400,10.0,Bearing3_1,1,1290,40Hz10kN/Bearing3_1/1290.csv,train,32768,25600,1.28,1,1248
XJTU-SY,3,40Hz10kN,2400,10.0,Bearing3_1,1,1291,40Hz10kN/Bearing3_1/1291.csv,train,32768,25600,1.28,1,1247
XJTU-SY,3,40Hz10kN,2400,10.0,Bearing3_1,1,1292,40Hz10kN/Bearing3_1/1292.csv,train,32768,25600,1.28,1,1246
XJTU-SY,3,40Hz10kN,2400,10.0,Bearing3_1,1,1293,40Hz10kN/Bearing3_1/1293.csv,train,32768,25600,1.28,1,1245
XJTU-SY,3,40Hz10kN,2400,10.0,Bearing3_1,1,1294,40Hz10kN/Bearing3_1/1294.csv,train,32768,25600,1.28,1,1244
XJTU-SY,3,40Hz10kN,2400,10.0,Bearing3_1,1,1295,40Hz10kN/Bearing3_1/1295.csv,train,32768,25600,1.28,1,1243
XJTU-SY,3,40Hz10kN,2400,10.0,Bearing3_1,1,1296,40Hz10kN/Bearing3_1/1296.csv,train,32768,25600,1.28,1,1242
XJTU-SY,3,40Hz10kN,2400,10.0,Bearing3_1,1,1297,40Hz10kN/Bearing3_1/1297.csv,train,32768,25600,1.28,1,1241
XJTU-SY,3,40Hz10kN,2400,10.0,Bearing3_1,1,1298,40Hz10kN/Bearing3_1/1298.csv,train,32768,25600,1.28,1,1240
XJTU-SY,3,40Hz10kN,2400,10.0,Bearing3_1,1,1299,40Hz10kN/Bearing3_1/1299.csv,train,32768,25600,1.28,1,1239
XJTU-SY,3,40Hz10kN,2400,10.0,Bearing3_1,1,1300,40Hz10kN/Bearing3_1/1300.csv,train,32768,25600,1.28,1,1238
XJTU-SY,3,40Hz10kN,2400,10.0,Bearing3_1,1,1301,40Hz10kN/Bearing3_1/1301.csv,train,32768,25600,1.28,1,1237
XJTU-SY,3,40Hz10kN,2400,10.0,Bearing3_1,1,1302,40Hz10kN/Bearing3_1/1302.csv,train,32768,25600,1.28,1,1236
XJTU-SY,3,40Hz10kN,2400,10.0,Bearing3_1,1,1303,40Hz10kN/Bearing3_1/1303.csv,train,32768,25600,1.28,1,1235
XJTU-SY,3,40Hz10kN,2400,10.0,Bearing3_1,1,1304,40Hz10kN/Bearing3_1/1304.csv,train,32768,25600,1.28,1,1234
XJTU-SY,3,40Hz10kN,2400,10.0,Bearing3_1,1,1305,40Hz10kN/Bearing3_1/1305.csv,train,32768,25600,1.28,1,1233
XJTU-SY,3,40Hz10kN,2400,10.0,Bearing3_1,1,1306,40Hz10kN/Bearing3_1/1306.csv,train,32768,25600,1.28,1,1232
XJTU-SY,3,40Hz10kN,2400,10.0,Bearing3_1,1,1307,40Hz10kN/Bearing3_1/1307.csv,train,32768,25600,1.28,1,1231
XJTU-SY,3,40Hz10kN,2400,10.0,Bearing3_1,1,1308,40Hz10kN/Bearing3_1/1308.csv,train,32768,25600,1.28,1,1230
XJTU-SY,3,40Hz10kN,2400,10.0,Bearing3_1,1,1309,40Hz10kN/Bearing3_1/1309.csv,train,32768,25600,1.28,1,1229
XJTU-SY,3,40Hz10kN,2400,10.0,Bearing3_1,1,1310,40Hz10kN/Bearing3_1/1310.csv,train,32768,25600,1.28,1,1228
XJTU-SY,3,40Hz10kN,2400,10.0,Bearing3_1,1,1311,40Hz10kN/Bearing3_1/1311.csv,train,32768,25600,1.28,1,1227
XJTU-SY,3,40Hz10kN,2400,10.0,Bearing3_1,1,1312,40Hz10kN/Bearing3_1/1312.csv,train,32768,25600,1.28,1,1226
XJTU-SY,3,40Hz10kN,2400,10.0,Bearing3_1,1,1313,40Hz10kN/Bearing3_1/1313.csv,train,32768,25600,1.28,1,1225
XJTU-SY,3,40Hz10kN,2400,10.0,Bearing3_1,1,1314,40Hz10kN/Bearing3_1/1314.csv,train,32768,25600,1.28,1,1224
XJTU-SY,3,40Hz10kN,2400,10.0,Bearing3_1,1,1315,40Hz10kN/Bearing3_1/1315.csv,train,32768,25600,1.28,1,1223
XJTU-SY,3,40Hz10kN,2400,10.0,Bearing3_1,1,1316,40Hz10kN/Bearing3_1/1316.csv,train,32768,25600,1.28,1,1222
XJTU-SY,3,40Hz10kN,2400,10.0,Bearing3_1,1,1317,40Hz10kN/Bearing3_1/1317.csv,train,32768,25600,1.28,1,1221
XJTU-SY,3,40Hz10kN,2400,10.0,Bearing3_1,1,1318,40Hz10kN/Bearing3_1/1318.csv,train,32768,25600,1.28,1,1220
XJTU-SY,3,40Hz10kN,2400,10.0,Bearing3_1,1,1319,40Hz10kN/Bearing3_1/1319.csv,train,32768,25600,1.28,1,1219
XJTU-SY,3,40Hz10kN,2400,10.0,Bearing3_1,1,1320,40Hz10kN/Bearing3_1/1320.csv,train,32768,25600,1.28,1,1218
XJTU-SY,3,40Hz10kN,2400,10.0,Bearing3_1,1,1321,40Hz10kN/Bearing3_1/1321.csv,train,32768,25600,1.28,1,1217
XJTU-SY,3,40Hz10kN,2400,10.0,Bearing3_1,1,1322,40Hz10kN/Bearing3_1/1322.csv,train,32768,25600,1.28,1,1216
XJTU-SY,3,40Hz10kN,2400,10.0,Bearing3_1,1,1323,40Hz10kN/Bearing3_1/1323.csv,train,32768,25600,1.28,1,1215
XJTU-SY,3,40Hz10kN,2400,10.0,Bearing3_1,1,1324,40Hz10kN/Bearing3_1/1324.csv,train,32768,25600,1.28,1,1214
XJTU-SY,3,40Hz10kN,2400,10.0,Bearing3_1,1,1325,40Hz10kN/Bearing3_1/1325.csv,train,32768,25600,1.28,1,1213
XJTU-SY,3,40Hz10kN,2400,10.0,Bearing3_1,1,1326,40Hz10kN/Bearing3_1/1326.csv,train,32768,25600,1.28,1,1212
XJTU-SY,3,40Hz10kN,2400,10.0,Bearing3_1,1,1327,40Hz10kN/Bearing3_1/1327.csv,train,32768,25600,1.28,1,1211
XJTU-SY,3,40Hz10kN,2400,10.0,Bearing3_1,1,1328,40Hz10kN/Bearing3_1/1328.csv,train,32768,25600,1.28,1,1210
XJTU-SY,3,40Hz10kN,2400,10.0,Bearing3_1,1,1329,40Hz10kN/Bearing3_1/1329.csv,train,32768,25600,1.28,1,1209
XJTU-SY,3,40Hz10kN,2400,10.0,Bearing3_1,1,1330,40Hz10kN/Bearing3_1/1330.csv,train,32768,25600,1.28,1,1208
XJTU-SY,3,40Hz10kN,2400,10.0,Bearing3_1,1,1331,40Hz10kN/Bearing3_1/1331.csv,train,32768,25600,1.28,1,1207
XJTU-SY,3,40Hz10kN,2400,10.0,Bearing3_1,1,1332,40Hz10kN/Bearing3_1/1332.csv,train,32768,25600,1.28,1,1206
XJTU-SY,3,40Hz10kN,2400,10.0,Bearing3_1,1,1333,40Hz10kN/Bearing3_1/1333.csv,train,32768,25600,1.28,1,1205
XJTU-SY,3,40Hz10kN,2400,10.0,Bearing3_1,1,1334,40Hz10kN/Bearing3_1/1334.csv,train,32768,25600,1.28,1,1204
XJTU-SY,3,40Hz10kN,2400,10.0,Bearing3_1,1,1335,40Hz10kN/Bearing3_1/1335.csv,train,32768,25600,1.28,1,1203
XJTU-SY,3,40Hz10kN,2400,10.0,Bearing3_1,1,1336,40Hz10kN/Bearing3_1/1336.csv,train,32768,25600,1.28,1,1202
XJTU-SY,3,40Hz10kN,2400,10.0,Bearing3_1,1,1337,40Hz10kN/Bearing3_1/1337.csv,train,32768,25600,1.28,1,1201
XJTU-SY,3,40Hz10kN,2400,10.0,Bearing3_1,1,1338,40Hz10kN/Bearing3_1/1338.csv,train,32768,25600,1.28,1,1200
XJTU-SY,3,40Hz10kN,2400,10.0,Bearing3_1,1,1339,40Hz10kN/Bearing3_1/1339.csv,train,32768,25600,1.28,1,1199
XJTU-SY,3,40Hz10kN,2400,10.0,Bearing3_1,1,1340,40Hz10kN/Bearing3_1/1340.csv,train,32768,25600,1.28,1,1198
XJTU-SY,3,40Hz10kN,2400,10.0,Bearing3_1,1,1341,40Hz10kN/Bearing3_1/1341.csv,train,32768,25600,1.28,1,1197
XJTU-SY,3,40Hz10kN,2400,10.0,Bearing3_1,1,1342,40Hz10kN/Bearing3_1/1342.csv,train,32768,25600,1.28,1,1196
XJTU-SY,3,40Hz10kN,2400,10.0,Bearing3_1,1,1343,40Hz10kN/Bearing3_1/1343.csv,train,32768,25600,1.28,1,1195
XJTU-SY,3,40Hz10kN,2400,10.0,Bearing3_1,1,1344,40Hz10kN/Bearing3_1/1344.csv,train,32768,25600,1.28,1,1194
XJTU-SY,3,40Hz10kN,2400,10.0,Bearing3_1,1,1345,40Hz10kN/Bearing3_1/1345.csv,train,32768,25600,1.28,1,1193
XJTU-SY,3,40Hz10kN,2400,10.0,Bearing3_1,1,1346,40Hz10kN/Bearing3_1/1346.csv,train,32768,25600,1.28,1,1192
XJTU-SY,3,40Hz10kN,2400,10.0,Bearing3_1,1,1347,40Hz10kN/Bearing3_1/1347.csv,train,32768,25600,1.28,1,1191
XJTU-SY,3,40Hz10kN,2400,10.0,Bearing3_1,1,1348,40Hz10kN/Bearing3_1/1348.csv,train,32768,25600,1.28,1,1190
XJTU-SY,3,40Hz10kN,2400,10.0,Bearing3_1,1,1349,40Hz10kN/Bearing3_1/1349.csv,train,32768,25600,1.28,1,1189
XJTU-SY,3,40Hz10kN,2400,10.0,Bearing3_1,1,1350,40Hz10kN/Bearing3_1/1350.csv,train,32768,25600,1.28,1,1188
XJTU-SY,3,40Hz10kN,2400,10.0,Bearing3_1,1,1351,40Hz10kN/Bearing3_1/1351.csv,train,32768,25600,1.28,1,1187
XJTU-SY,3,40Hz10kN,2400,10.0,Bearing3_1,1,1352,40Hz10kN/Bearing3_1/1352.csv,train,32768,25600,1.28,1,1186
XJTU-SY,3,40Hz10kN,2400,10.0,Bearing3_1,1,1353,40Hz10kN/Bearing3_1/1353.csv,train,32768,25600,1.28,1,1185
XJTU-SY,3,40Hz10kN,2400,10.0,Bearing3_1,1,1354,40Hz10kN/Bearing3_1/1354.csv,train,32768,25600,1.28,1,1184
XJTU-SY,3,40Hz10kN,2400,10.0,Bearing3_1,1,1355,40Hz10kN/Bearing3_1/1355.csv,train,32768,25600,1.28,1,1183
XJTU-SY,3,40Hz10kN,2400,10.0,Bearing3_1,1,1356,40Hz10kN/Bearing3_1/1356.csv,train,32768,25600,1.28,1,1182
XJTU-SY,3,40Hz10kN,2400,10.0,Bearing3_1,1,1357,40Hz10kN/Bearing3_1/1357.csv,train,32768,25600,1.28,1,1181
XJTU-SY,3,40Hz10kN,2400,10.0,Bearing3_1,1,1358,40Hz10kN/Bearing3_1/1358.csv,train,32768,25600,1.28,1,1180
XJTU-SY,3,40Hz10kN,2400,10.0,Bearing3_1,1,1359,40Hz10kN/Bearing3_1/1359.csv,train,32768,25600,1.28,1,1179
XJTU-SY,3,40Hz10kN,2400,10.0,Bearing3_1,1,1360,40Hz10kN/Bearing3_1/1360.csv,train,32768,25600,1.28,1,1178
XJTU-SY,3,40Hz10kN,2400,10.0,Bearing3_1,1,1361,40Hz10kN/Bearing3_1/1361.csv,train,32768,25600,1.28,1,1177
XJTU-SY,3,40Hz10kN,2400,10.0,Bearing3_1,1,1362,40Hz10kN/Bearing3_1/1362.csv,train,32768,25600,1.28,1,1176
XJTU-SY,3,40Hz10kN,2400,10.0,Bearing3_1,1,1363,40Hz10kN/Bearing3_1/1363.csv,train,32768,25600,1.28,1,1175
XJTU-SY,3,40Hz10kN,2400,10.0,Bearing3_1,1,1364,40Hz10kN/Bearing3_1/1364.csv,train,32768,25600,1.28,1,1174
XJTU-SY,3,40Hz10kN,2400,10.0,Bearing3_1,1,1365,40Hz10kN/Bearing3_1/1365.csv,train,32768,25600,1.28,1,1173
XJTU-SY,3,40Hz10kN,2400,10.0,Bearing3_1,1,1366,40Hz10kN/Bearing3_1/1366.csv,train,32768,25600,1.28,1,1172
XJTU-SY,3,40Hz10kN,2400,10.0,Bearing3_1,1,1367,40Hz10kN/Bearing3_1/1367.csv,train,32768,25600,1.28,1,1171
XJTU-SY,3,40Hz10kN,2400,10.0,Bearing3_1,1,1368,40Hz10kN/Bearing3_1/1368.csv,train,32768,25600,1.28,1,1170
XJTU-SY,3,40Hz10kN,2400,10.0,Bearing3_1,1,1369,40Hz10kN/Bearing3_1/1369.csv,train,32768,25600,1.28,1,1169
XJTU-SY,3,40Hz10kN,2400,10.0,Bearing3_1,1,1370,40Hz10kN/Bearing3_1/1370.csv,train,32768,25600,1.28,1,1168
XJTU-SY,3,40Hz10kN,2400,10.0,Bearing3_1,1,1371,40Hz10kN/Bearing3_1/1371.csv,train,32768,25600,1.28,1,1167
XJTU-SY,3,40Hz10kN,2400,10.0,Bearing3_1,1,1372,40Hz10kN/Bearing3_1/1372.csv,train,32768,25600,1.28,1,1166
XJTU-SY,3,40Hz10kN,2400,10.0,Bearing3_1,1,1373,40Hz10kN/Bearing3_1/1373.csv,train,32768,25600,1.28,1,1165
XJTU-SY,3,40Hz10kN,2400,10.0,Bearing3_1,1,1374,40Hz10kN/Bearing3_1/1374.csv,train,32768,25600,1.28,1,1164
XJTU-SY,3,40Hz10kN,2400,10.0,Bearing3_1,1,1375,40Hz10kN/Bearing3_1/1375.csv,train,32768,25600,1.28,1,1163
XJTU-SY,3,40Hz10kN,2400,10.0,Bearing3_1,1,1376,40Hz10kN/Bearing3_1/1376.csv,train,32768,25600,1.28,1,1162
XJTU-SY,3,40Hz10kN,2400,10.0,Bearing3_1,1,1377,40Hz10kN/Bearing3_1/1377.csv,train,32768,25600,1.28,1,1161
XJTU-SY,3,40Hz10kN,2400,10.0,Bearing3_1,1,1378,40Hz10kN/Bearing3_1/1378.csv,train,32768,25600,1.28,1,1160
XJTU-SY,3,40Hz10kN,2400,10.0,Bearing3_1,1,1379,40Hz10kN/Bearing3_1/1379.csv,train,32768,25600,1.28,1,1159
XJTU-SY,3,40Hz10kN,2400,10.0,Bearing3_1,1,1380,40Hz10kN/Bearing3_1/1380.csv,train,32768,25600,1.28,1,1158
XJTU-SY,3,40Hz10kN,2400,10.0,Bearing3_1,1,1381,40Hz10kN/Bearing3_1/1381.csv,train,32768,25600,1.28,1,1157
XJTU-SY,3,40Hz10kN,2400,10.0,Bearing3_1,1,1382,40Hz10kN/Bearing3_1/1382.csv,train,32768,25600,1.28,1,1156
XJTU-SY,3,40Hz10kN,2400,10.0,Bearing3_1,1,1383,40Hz10kN/Bearing3_1/1383.csv,train,32768,25600,1.28,1,1155
XJTU-SY,3,40Hz10kN,2400,10.0,Bearing3_1,1,1384,40Hz10kN/Bearing3_1/1384.csv,train,32768,25600,1.28,1,1154
XJTU-SY,3,40Hz10kN,2400,10.0,Bearing3_1,1,1385,40Hz10kN/Bearing3_1/1385.csv,train,32768,25600,1.28,1,1153
XJTU-SY,3,40Hz10kN,2400,10.0,Bearing3_1,1,1386,40Hz10kN/Bearing3_1/1386.csv,train,32768,25600,1.28,1,1152
XJTU-SY,3,40Hz10kN,2400,10.0,Bearing3_1,1,1387,40Hz10kN/Bearing3_1/1387.csv,train,32768,25600,1.28,1,1151
XJTU-SY,3,40Hz10kN,2400,10.0,Bearing3_1,1,1388,40Hz10kN/Bearing3_1/1388.csv,train,32768,25600,1.28,1,1150
XJTU-SY,3,40Hz10kN,2400,10.0,Bearing3_1,1,1389,40Hz10kN/Bearing3_1/1389.csv,train,32768,25600,1.28,1,1149
XJTU-SY,3,40Hz10kN,2400,10.0,Bearing3_1,1,1390,40Hz10kN/Bearing3_1/1390.csv,train,32768,25600,1.28,1,1148
XJTU-SY,3,40Hz10kN,2400,10.0,Bearing3_1,1,1391,40Hz10kN/Bearing3_1/1391.csv,train,32768,25600,1.28,1,1147
XJTU-SY,3,40Hz10kN,2400,10.0,Bearing3_1,1,1392,40Hz10kN/Bearing3_1/1392.csv,train,32768,25600,1.28,1,1146
XJTU-SY,3,40Hz10kN,2400,10.0,Bearing3_1,1,1393,40Hz10kN/Bearing3_1/1393.csv,train,32768,25600,1.28,1,1145
XJTU-SY,3,40Hz10kN,2400,10.0,Bearing3_1,1,1394,40Hz10kN/Bearing3_1/1394.csv,train,32768,25600,1.28,1,1144
XJTU-SY,3,40Hz10kN,2400,10.0,Bearing3_1,1,1395,40Hz10kN/Bearing3_1/1395.csv,train,32768,25600,1.28,1,1143
XJTU-SY,3,40Hz10kN,2400,10.0,Bearing3_1,1,1396,40Hz10kN/Bearing3_1/1396.csv,train,32768,25600,1.28,1,1142
XJTU-SY,3,40Hz10kN,2400,10.0,Bearing3_1,1,1397,40Hz10kN/Bearing3_1/1397.csv,train,32768,25600,1.28,1,1141
XJTU-SY,3,40Hz10kN,2400,10.0,Bearing3_1,1,1398,40Hz10kN/Bearing3_1/1398.csv,train,32768,25600,1.28,1,1140
XJTU-SY,3,40Hz10kN,2400,10.0,Bearing3_1,1,1399,40Hz10kN/Bearing3_1/1399.csv,train,32768,25600,1.28,1,1139
XJTU-SY,3,40Hz10kN,2400,10.0,Bearing3_1,1,1400,40Hz10kN/Bearing3_1/1400.csv,train,32768,25600,1.28,1,1138
XJTU-SY,3,40Hz10kN,2400,10.0,Bearing3_1,1,1401,40Hz10kN/Bearing3_1/1401.csv,train,32768,25600,1.28,1,1137
XJTU-SY,3,40Hz10kN,2400,10.0,Bearing3_1,1,1402,40Hz10kN/Bearing3_1/1402.csv,train,32768,25600,1.28,1,1136
XJTU-SY,3,40Hz10kN,2400,10.0,Bearing3_1,1,1403,40Hz10kN/Bearing3_1/1403.csv,train,32768,25600,1.28,1,1135
XJTU-SY,3,40Hz10kN,2400,10.0,Bearing3_1,1,1404,40Hz10kN/Bearing3_1/1404.csv,train,32768,25600,1.28,1,1134
XJTU-SY,3,40Hz10kN,2400,10.0,Bearing3_1,1,1405,40Hz10kN/Bearing3_1/1405.csv,train,32768,25600,1.28,1,1133
XJTU-SY,3,40Hz10kN,2400,10.0,Bearing3_1,1,1406,40Hz10kN/Bearing3_1/1406.csv,train,32768,25600,1.28,1,1132
XJTU-SY,3,40Hz10kN,2400,10.0,Bearing3_1,1,1407,40Hz10kN/Bearing3_1/1407.csv,train,32768,25600,1.28,1,1131
XJTU-SY,3,40Hz10kN,2400,10.0,Bearing3_1,1,1408,40Hz10kN/Bearing3_1/1408.csv,train,32768,25600,1.28,1,1130
XJTU-SY,3,40Hz10kN,2400,10.0,Bearing3_1,1,1409,40Hz10kN/Bearing3_1/1409.csv,train,32768,25600,1.28,1,1129
XJTU-SY,3,40Hz10kN,2400,10.0,Bearing3_1,1,1410,40Hz10kN/Bearing3_1/1410.csv,train,32768,25600,1.28,1,1128
XJTU-SY,3,40Hz10kN,2400,10.0,Bearing3_1,1,1411,40Hz10kN/Bearing3_1/1411.csv,train,32768,25600,1.28,1,1127
XJTU-SY,3,40Hz10kN,2400,10.0,Bearing3_1,1,1412,40Hz10kN/Bearing3_1/1412.csv,train,32768,25600,1.28,1,1126
XJTU-SY,3,40Hz10kN,2400,10.0,Bearing3_1,1,1413,40Hz10kN/Bearing3_1/1413.csv,train,32768,25600,1.28,1,1125
XJTU-SY,3,40Hz10kN,2400,10.0,Bearing3_1,1,1414,40Hz10kN/Bearing3_1/1414.csv,train,32768,25600,1.28,1,1124
XJTU-SY,3,40Hz10kN,2400,10.0,Bearing3_1,1,1415,40Hz10kN/Bearing3_1/1415.csv,train,32768,25600,1.28,1,1123
XJTU-SY,3,40Hz10kN,2400,10.0,Bearing3_1,1,1416,40Hz10kN/Bearing3_1/1416.csv,train,32768,25600,1.28,1,1122
XJTU-SY,3,40Hz10kN,2400,10.0,Bearing3_1,1,1417,40Hz10kN/Bearing3_1/1417.csv,train,32768,25600,1.28,1,1121
XJTU-SY,3,40Hz10kN,2400,10.0,Bearing3_1,1,1418,40Hz10kN/Bearing3_1/1418.csv,train,32768,25600,1.28,1,1120
XJTU-SY,3,40Hz10kN,2400,10.0,Bearing3_1,1,1419,40Hz10kN/Bearing3_1/1419.csv,train,32768,25600,1.28,1,1119
XJTU-SY,3,40Hz10kN,2400,10.0,Bearing3_1,1,1420,40Hz10kN/Bearing3_1/1420.csv,train,32768,25600,1.28,1,1118
XJTU-SY,3,40Hz10kN,2400,10.0,Bearing3_1,1,1421,40Hz10kN/Bearing3_1/1421.csv,train,32768,25600,1.28,1,1117
XJTU-SY,3,40Hz10kN,2400,10.0,Bearing3_1,1,1422,40Hz10kN/Bearing3_1/1422.csv,train,32768,25600,1.28,1,1116
XJTU-SY,3,40Hz10kN,2400,10.0,Bearing3_1,1,1423,40Hz10kN/Bearing3_1/1423.csv,train,32768,25600,1.28,1,1115
XJTU-SY,3,40Hz10kN,2400,10.0,Bearing3_1,1,1424,40Hz10kN/Bearing3_1/1424.csv,train,32768,25600,1.28,1,1114
XJTU-SY,3,40Hz10kN,2400,10.0,Bearing3_1,1,1425,40Hz10kN/Bearing3_1/1425.csv,train,32768,25600,1.28,1,1113
XJTU-SY,3,40Hz10kN,2400,10.0,Bearing3_1,1,1426,40Hz10kN/Bearing3_1/1426.csv,train,32768,25600,1.28,1,1112
XJTU-SY,3,40Hz10kN,2400,10.0,Bearing3_1,1,1427,40Hz10kN/Bearing3_1/1427.csv,train,32768,25600,1.28,1,1111
XJTU-SY,3,40Hz10kN,2400,10.0,Bearing3_1,1,1428,40Hz10kN/Bearing3_1/1428.csv,train,32768,25600,1.28,1,1110
XJTU-SY,3,40Hz10kN,2400,10.0,Bearing3_1,1,1429,40Hz10kN/Bearing3_1/1429.csv,train,32768,25600,1.28,1,1109
XJTU-SY,3,40Hz10kN,2400,10.0,Bearing3_1,1,1430,40Hz10kN/Bearing3_1/1430.csv,train,32768,25600,1.28,1,1108
XJTU-SY,3,40Hz10kN,2400,10.0,Bearing3_1,1,1431,40Hz10kN/Bearing3_1/1431.csv,train,32768,25600,1.28,1,1107
XJTU-SY,3,40Hz10kN,2400,10.0,Bearing3_1,1,1432,40Hz10kN/Bearing3_1/1432.csv,train,32768,25600,1.28,1,1106
XJTU-SY,3,40Hz10kN,2400,10.0,Bearing3_1,1,1433,40Hz10kN/Bearing3_1/1433.csv,train,32768,25600,1.28,1,1105
XJTU-SY,3,40Hz10kN,2400,10.0,Bearing3_1,1,1434,40Hz10kN/Bearing3_1/1434.csv,train,32768,25600,1.28,1,1104
XJTU-SY,3,40Hz10kN,2400,10.0,Bearing3_1,1,1435,40Hz10kN/Bearing3_1/1435.csv,train,32768,25600,1.28,1,1103
XJTU-SY,3,40Hz10kN,2400,10.0,Bearing3_1,1,1436,40Hz10kN/Bearing3_1/1436.csv,train,32768,25600,1.28,1,1102
XJTU-SY,3,40Hz10kN,2400,10.0,Bearing3_1,1,1437,40Hz10kN/Bearing3_1/1437.csv,train,32768,25600,1.28,1,1101
XJTU-SY,3,40Hz10kN,2400,10.0,Bearing3_1,1,1438,40Hz10kN/Bearing3_1/1438.csv,train,32768,25600,1.28,1,1100
XJTU-SY,3,40Hz10kN,2400,10.0,Bearing3_1,1,1439,40Hz10kN/Bearing3_1/1439.csv,train,32768,25600,1.28,1,1099
XJTU-SY,3,40Hz10kN,2400,10.0,Bearing3_1,1,1440,40Hz10kN/Bearing3_1/1440.csv,train,32768,25600,1.28,1,1098
XJTU-SY,3,40Hz10kN,2400,10.0,Bearing3_1,1,1441,40Hz10kN/Bearing3_1/1441.csv,train,32768,25600,1.28,1,1097
XJTU-SY,3,40Hz10kN,2400,10.0,Bearing3_1,1,1442,40Hz10kN/Bearing3_1/1442.csv,train,32768,25600,1.28,1,1096
XJTU-SY,3,40Hz10kN,2400,10.0,Bearing3_1,1,1443,40Hz10kN/Bearing3_1/1443.csv,train,32768,25600,1.28,1,1095
XJTU-SY,3,40Hz10kN,2400,10.0,Bearing3_1,1,1444,40Hz10kN/Bearing3_1/1444.csv,train,32768,25600,1.28,1,1094
XJTU-SY,3,40Hz10kN,2400,10.0,Bearing3_1,1,1445,40Hz10kN/Bearing3_1/1445.csv,train,32768,25600,1.28,1,1093
XJTU-SY,3,40Hz10kN,2400,10.0,Bearing3_1,1,1446,40Hz10kN/Bearing3_1/1446.csv,train,32768,25600,1.28,1,1092
XJTU-SY,3,40Hz10kN,2400,10.0,Bearing3_1,1,1447,40Hz10kN/Bearing3_1/1447.csv,train,32768,25600,1.28,1,1091
XJTU-SY,3,40Hz10kN,2400,10.0,Bearing3_1,1,1448,40Hz10kN/Bearing3_1/1448.csv,train,32768,25600,1.28,1,1090
XJTU-SY,3,40Hz10kN,2400,10.0,Bearing3_1,1,1449,40Hz10kN/Bearing3_1/1449.csv,train,32768,25600,1.28,1,1089
XJTU-SY,3,40Hz10kN,2400,10.0,Bearing3_1,1,1450,40Hz10kN/Bearing3_1/1450.csv,train,32768,25600,1.28,1,1088
XJTU-SY,3,40Hz10kN,2400,10.0,Bearing3_1,1,1451,40Hz10kN/Bearing3_1/1451.csv,train,32768,25600,1.28,1,1087
XJTU-SY,3,40Hz10kN,2400,10.0,Bearing3_1,1,1452,40Hz10kN/Bearing3_1/1452.csv,train,32768,25600,1.28,1,1086
XJTU-SY,3,40Hz10kN,2400,10.0,Bearing3_1,1,1453,40Hz10kN/Bearing3_1/1453.csv,train,32768,25600,1.28,1,1085
XJTU-SY,3,40Hz10kN,2400,10.0,Bearing3_1,1,1454,40Hz10kN/Bearing3_1/1454.csv,train,32768,25600,1.28,1,1084
XJTU-SY,3,40Hz10kN,2400,10.0,Bearing3_1,1,1455,40Hz10kN/Bearing3_1/1455.csv,train,32768,25600,1.28,1,1083
XJTU-SY,3,40Hz10kN,2400,10.0,Bearing3_1,1,1456,40Hz10kN/Bearing3_1/1456.csv,train,32768,25600,1.28,1,1082
XJTU-SY,3,40Hz10kN,2400,10.0,Bearing3_1,1,1457,40Hz10kN/Bearing3_1/1457.csv,train,32768,25600,1.28,1,1081
XJTU-SY,3,40Hz10kN,2400,10.0,Bearing3_1,1,1458,40Hz10kN/Bearing3_1/1458.csv,train,32768,25600,1.28,1,1080
XJTU-SY,3,40Hz10kN,2400,10.0,Bearing3_1,1,1459,40Hz10kN/Bearing3_1/1459.csv,train,32768,25600,1.28,1,1079
XJTU-SY,3,40Hz10kN,2400,10.0,Bearing3_1,1,1460,40Hz10kN/Bearing3_1/1460.csv,train,32768,25600,1.28,1,1078
XJTU-SY,3,40Hz10kN,2400,10.0,Bearing3_1,1,1461,40Hz10kN/Bearing3_1/1461.csv,train,32768,25600,1.28,1,1077
XJTU-SY,3,40Hz10kN,2400,10.0,Bearing3_1,1,1462,40Hz10kN/Bearing3_1/1462.csv,train,32768,25600,1.28,1,1076
XJTU-SY,3,40Hz10kN,2400,10.0,Bearing3_1,1,1463,40Hz10kN/Bearing3_1/1463.csv,train,32768,25600,1.28,1,1075
XJTU-SY,3,40Hz10kN,2400,10.0,Bearing3_1,1,1464,40Hz10kN/Bearing3_1/1464.csv,train,32768,25600,1.28,1,1074
XJTU-SY,3,40Hz10kN,2400,10.0,Bearing3_1,1,1465,40Hz10kN/Bearing3_1/1465.csv,train,32768,25600,1.28,1,1073
XJTU-SY,3,40Hz10kN,2400,10.0,Bearing3_1,1,1466,40Hz10kN/Bearing3_1/1466.csv,train,32768,25600,1.28,1,1072
XJTU-SY,3,40Hz10kN,2400,10.0,Bearing3_1,1,1467,40Hz10kN/Bearing3_1/1467.csv,train,32768,25600,1.28,1,1071
XJTU-SY,3,40Hz10kN,2400,10.0,Bearing3_1,1,1468,40Hz10kN/Bearing3_1/1468.csv,train,32768,25600,1.28,1,1070
XJTU-SY,3,40Hz10kN,2400,10.0,Bearing3_1,1,1469,40Hz10kN/Bearing3_1/1469.csv,train,32768,25600,1.28,1,1069
XJTU-SY,3,40Hz10kN,2400,10.0,Bearing3_1,1,1470,40Hz10kN/Bearing3_1/1470.csv,train,32768,25600,1.28,1,1068
XJTU-SY,3,40Hz10kN,2400,10.0,Bearing3_1,1,1471,40Hz10kN/Bearing3_1/1471.csv,train,32768,25600,1.28,1,1067
XJTU-SY,3,40Hz10kN,2400,10.0,Bearing3_1,1,1472,40Hz10kN/Bearing3_1/1472.csv,train,32768,25600,1.28,1,1066
XJTU-SY,3,40Hz10kN,2400,10.0,Bearing3_1,1,1473,40Hz10kN/Bearing3_1/1473.csv,train,32768,25600,1.28,1,1065
XJTU-SY,3,40Hz10kN,2400,10.0,Bearing3_1,1,1474,40Hz10kN/Bearing3_1/1474.csv,train,32768,25600,1.28,1,1064
XJTU-SY,3,40Hz10kN,2400,10.0,Bearing3_1,1,1475,40Hz10kN/Bearing3_1/1475.csv,train,32768,25600,1.28,1,1063
XJTU-SY,3,40Hz10kN,2400,10.0,Bearing3_1,1,1476,40Hz10kN/Bearing3_1/1476.csv,train,32768,25600,1.28,1,1062
XJTU-SY,3,40Hz10kN,2400,10.0,Bearing3_1,1,1477,40Hz10kN/Bearing3_1/1477.csv,train,32768,25600,1.28,1,1061
XJTU-SY,3,40Hz10kN,2400,10.0,Bearing3_1,1,1478,40Hz10kN/Bearing3_1/1478.csv,train,32768,25600,1.28,1,1060
XJTU-SY,3,40Hz10kN,2400,10.0,Bearing3_1,1,1479,40Hz10kN/Bearing3_1/1479.csv,train,32768,25600,1.28,1,1059
XJTU-SY,3,40Hz10kN,2400,10.0,Bearing3_1,1,1480,40Hz10kN/Bearing3_1/1480.csv,train,32768,25600,1.28,1,1058
XJTU-SY,3,40Hz10kN,2400,10.0,Bearing3_1,1,1481,40Hz10kN/Bearing3_1/1481.csv,train,32768,25600,1.28,1,1057
XJTU-SY,3,40Hz10kN,2400,10.0,Bearing3_1,1,1482,40Hz10kN/Bearing3_1/1482.csv,train,32768,25600,1.28,1,1056
XJTU-SY,3,40Hz10kN,2400,10.0,Bearing3_1,1,1483,40Hz10kN/Bearing3_1/1483.csv,train,32768,25600,1.28,1,1055
XJTU-SY,3,40Hz10kN,2400,10.0,Bearing3_1,1,1484,40Hz10kN/Bearing3_1/1484.csv,train,32768,25600,1.28,1,1054
XJTU-SY,3,40Hz10kN,2400,10.0,Bearing3_1,1,1485,40Hz10kN/Bearing3_1/1485.csv,train,32768,25600,1.28,1,1053
XJTU-SY,3,40Hz10kN,2400,10.0,Bearing3_1,1,1486,40Hz10kN/Bearing3_1/1486.csv,train,32768,25600,1.28,1,1052
XJTU-SY,3,40Hz10kN,2400,10.0,Bearing3_1,1,1487,40Hz10kN/Bearing3_1/1487.csv,train,32768,25600,1.28,1,1051
XJTU-SY,3,40Hz10kN,2400,10.0,Bearing3_1,1,1488,40Hz10kN/Bearing3_1/1488.csv,train,32768,25600,1.28,1,1050
XJTU-SY,3,40Hz10kN,2400,10.0,Bearing3_1,1,1489,40Hz10kN/Bearing3_1/1489.csv,train,32768,25600,1.28,1,1049
XJTU-SY,3,40Hz10kN,2400,10.0,Bearing3_1,1,1490,40Hz10kN/Bearing3_1/1490.csv,train,32768,25600,1.28,1,1048
XJTU-SY,3,40Hz10kN,2400,10.0,Bearing3_1,1,1491,40Hz10kN/Bearing3_1/1491.csv,train,32768,25600,1.28,1,1047
XJTU-SY,3,40Hz10kN,2400,10.0,Bearing3_1,1,1492,40Hz10kN/Bearing3_1/1492.csv,train,32768,25600,1.28,1,1046
XJTU-SY,3,40Hz10kN,2400,10.0,Bearing3_1,1,1493,40Hz10kN/Bearing3_1/1493.csv,train,32768,25600,1.28,1,1045
XJTU-SY,3,40Hz10kN,2400,10.0,Bearing3_1,1,1494,40Hz10kN/Bearing3_1/1494.csv,train,32768,25600,1.28,1,1044
XJTU-SY,3,40Hz10kN,2400,10.0,Bearing3_1,1,1495,40Hz10kN/Bearing3_1/1495.csv,train,32768,25600,1.28,1,1043
XJTU-SY,3,40Hz10kN,2400,10.0,Bearing3_1,1,1496,40Hz10kN/Bearing3_1/1496.csv,train,32768,25600,1.28,1,1042
XJTU-SY,3,40Hz10kN,2400,10.0,Bearing3_1,1,1497,40Hz10kN/Bearing3_1/1497.csv,train,32768,25600,1.28,1,1041
XJTU-SY,3,40Hz10kN,2400,10.0,Bearing3_1,1,1498,40Hz10kN/Bearing3_1/1498.csv,train,32768,25600,1.28,1,1040
XJTU-SY,3,40Hz10kN,2400,10.0,Bearing3_1,1,1499,40Hz10kN/Bearing3_1/1499.csv,train,32768,25600,1.28,1,1039
XJTU-SY,3,40Hz10kN,2400,10.0,Bearing3_1,1,1500,40Hz10kN/Bearing3_1/1500.csv,train,32768,25600,1.28,1,1038
XJTU-SY,3,40Hz10kN,2400,10.0,Bearing3_1,1,1501,40Hz10kN/Bearing3_1/1501.csv,train,32768,25600,1.28,1,1037
XJTU-SY,3,40Hz10kN,2400,10.0,Bearing3_1,1,1502,40Hz10kN/Bearing3_1/1502.csv,train,32768,25600,1.28,1,1036
XJTU-SY,3,40Hz10kN,2400,10.0,Bearing3_1,1,1503,40Hz10kN/Bearing3_1/1503.csv,train,32768,25600,1.28,1,1035
XJTU-SY,3,40Hz10kN,2400,10.0,Bearing3_1,1,1504,40Hz10kN/Bearing3_1/1504.csv,train,32768,25600,1.28,1,1034
XJTU-SY,3,40Hz10kN,2400,10.0,Bearing3_1,1,1505,40Hz10kN/Bearing3_1/1505.csv,train,32768,25600,1.28,1,1033
XJTU-SY,3,40Hz10kN,2400,10.0,Bearing3_1,1,1506,40Hz10kN/Bearing3_1/1506.csv,train,32768,25600,1.28,1,1032
XJTU-SY,3,40Hz10kN,2400,10.0,Bearing3_1,1,1507,40Hz10kN/Bearing3_1/1507.csv,train,32768,25600,1.28,1,1031
XJTU-SY,3,40Hz10kN,2400,10.0,Bearing3_1,1,1508,40Hz10kN/Bearing3_1/1508.csv,train,32768,25600,1.28,1,1030
XJTU-SY,3,40Hz10kN,2400,10.0,Bearing3_1,1,1509,40Hz10kN/Bearing3_1/1509.csv,train,32768,25600,1.28,1,1029
XJTU-SY,3,40Hz10kN,2400,10.0,Bearing3_1,1,1510,40Hz10kN/Bearing3_1/1510.csv,train,32768,25600,1.28,1,1028
XJTU-SY,3,40Hz10kN,2400,10.0,Bearing3_1,1,1511,40Hz10kN/Bearing3_1/1511.csv,train,32768,25600,1.28,1,1027
XJTU-SY,3,40Hz10kN,2400,10.0,Bearing3_1,1,1512,40Hz10kN/Bearing3_1/1512.csv,train,32768,25600,1.28,1,1026
XJTU-SY,3,40Hz10kN,2400,10.0,Bearing3_1,1,1513,40Hz10kN/Bearing3_1/1513.csv,train,32768,25600,1.28,1,1025
XJTU-SY,3,40Hz10kN,2400,10.0,Bearing3_1,1,1514,40Hz10kN/Bearing3_1/1514.csv,train,32768,25600,1.28,1,1024
XJTU-SY,3,40Hz10kN,2400,10.0,Bearing3_1,1,1515,40Hz10kN/Bearing3_1/1515.csv,train,32768,25600,1.28,1,1023
XJTU-SY,3,40Hz10kN,2400,10.0,Bearing3_1,1,1516,40Hz10kN/Bearing3_1/1516.csv,train,32768,25600,1.28,1,1022
XJTU-SY,3,40Hz10kN,2400,10.0,Bearing3_1,1,1517,40Hz10kN/Bearing3_1/1517.csv,train,32768,25600,1.28,1,1021
XJTU-SY,3,40Hz10kN,2400,10.0,Bearing3_1,1,1518,40Hz10kN/Bearing3_1/1518.csv,train,32768,25600,1.28,1,1020
XJTU-SY,3,40Hz10kN,2400,10.0,Bearing3_1,1,1519,40Hz10kN/Bearing3_1/1519.csv,train,32768,25600,1.28,1,1019
XJTU-SY,3,40Hz10kN,2400,10.0,Bearing3_1,1,1520,40Hz10kN/Bearing3_1/1520.csv,train,32768,25600,1.28,1,1018
XJTU-SY,3,40Hz10kN,2400,10.0,Bearing3_1,1,1521,40Hz10kN/Bearing3_1/1521.csv,train,32768,25600,1.28,1,1017
XJTU-SY,3,40Hz10kN,2400,10.0,Bearing3_1,1,1522,40Hz10kN/Bearing3_1/1522.csv,train,32768,25600,1.28,1,1016
XJTU-SY,3,40Hz10kN,2400,10.0,Bearing3_1,1,1523,40Hz10kN/Bearing3_1/1523.csv,train,32768,25600,1.28,1,1015
XJTU-SY,3,40Hz10kN,2400,10.0,Bearing3_1,1,1524,40Hz10kN/Bearing3_1/1524.csv,train,32768,25600,1.28,1,1014
XJTU-SY,3,40Hz10kN,2400,10.0,Bearing3_1,1,1525,40Hz10kN/Bearing3_1/1525.csv,train,32768,25600,1.28,1,1013
XJTU-SY,3,40Hz10kN,2400,10.0,Bearing3_1,1,1526,40Hz10kN/Bearing3_1/1526.csv,train,32768,25600,1.28,1,1012
XJTU-SY,3,40Hz10kN,2400,10.0,Bearing3_1,1,1527,40Hz10kN/Bearing3_1/1527.csv,train,32768,25600,1.28,1,1011
XJTU-SY,3,40Hz10kN,2400,10.0,Bearing3_1,1,1528,40Hz10kN/Bearing3_1/1528.csv,train,32768,25600,1.28,1,1010
XJTU-SY,3,40Hz10kN,2400,10.0,Bearing3_1,1,1529,40Hz10kN/Bearing3_1/1529.csv,train,32768,25600,1.28,1,1009
XJTU-SY,3,40Hz10kN,2400,10.0,Bearing3_1,1,1530,40Hz10kN/Bearing3_1/1530.csv,train,32768,25600,1.28,1,1008
XJTU-SY,3,40Hz10kN,2400,10.0,Bearing3_1,1,1531,40Hz10kN/Bearing3_1/1531.csv,train,32768,25600,1.28,1,1007
XJTU-SY,3,40Hz10kN,2400,10.0,Bearing3_1,1,1532,40Hz10kN/Bearing3_1/1532.csv,train,32768,25600,1.28,1,1006
XJTU-SY,3,40Hz10kN,2400,10.0,Bearing3_1,1,1533,40Hz10kN/Bearing3_1/1533.csv,train,32768,25600,1.28,1,1005
XJTU-SY,3,40Hz10kN,2400,10.0,Bearing3_1,1,1534,40Hz10kN/Bearing3_1/1534.csv,train,32768,25600,1.28,1,1004
XJTU-SY,3,40Hz10kN,2400,10.0,Bearing3_1,1,1535,40Hz10kN/Bearing3_1/1535.csv,train,32768,25600,1.28,1,1003
XJTU-SY,3,40Hz10kN,2400,10.0,Bearing3_1,1,1536,40Hz10kN/Bearing3_1/1536.csv,train,32768,25600,1.28,1,1002
XJTU-SY,3,40Hz10kN,2400,10.0,Bearing3_1,1,1537,40Hz10kN/Bearing3_1/1537.csv,train,32768,25600,1.28,1,1001
XJTU-SY,3,40Hz10kN,2400,10.0,Bearing3_1,1,1538,40Hz10kN/Bearing3_1/1538.csv,train,32768,25600,1.28,1,1000
XJTU-SY,3,40Hz10kN,2400,10.0,Bearing3_1,1,1539,40Hz10kN/Bearing3_1/1539.csv,train,32768,25600,1.28,1,999
XJTU-SY,3,40Hz10kN,2400,10.0,Bearing3_1,1,1540,40Hz10kN/Bearing3_1/1540.csv,train,32768,25600,1.28,1,998
XJTU-SY,3,40Hz10kN,2400,10.0,Bearing3_1,1,1541,40Hz10kN/Bearing3_1/1541.csv,train,32768,25600,1.28,1,997
XJTU-SY,3,40Hz10kN,2400,10.0,Bearing3_1,1,1542,40Hz10kN/Bearing3_1/1542.csv,train,32768,25600,1.28,1,996
XJTU-SY,3,40Hz10kN,2400,10.0,Bearing3_1,1,1543,40Hz10kN/Bearing3_1/1543.csv,train,32768,25600,1.28,1,995
XJTU-SY,3,40Hz10kN,2400,10.0,Bearing3_1,1,1544,40Hz10kN/Bearing3_1/1544.csv,train,32768,25600,1.28,1,994
XJTU-SY,3,40Hz10kN,2400,10.0,Bearing3_1,1,1545,40Hz10kN/Bearing3_1/1545.csv,train,32768,25600,1.28,1,993
XJTU-SY,3,40Hz10kN,2400,10.0,Bearing3_1,1,1546,40Hz10kN/Bearing3_1/1546.csv,train,32768,25600,1.28,1,992
XJTU-SY,3,40Hz10kN,2400,10.0,Bearing3_1,1,1547,40Hz10kN/Bearing3_1/1547.csv,train,32768,25600,1.28,1,991
XJTU-SY,3,40Hz10kN,2400,10.0,Bearing3_1,1,1548,40Hz10kN/Bearing3_1/1548.csv,train,32768,25600,1.28,1,990
XJTU-SY,3,40Hz10kN,2400,10.0,Bearing3_1,1,1549,40Hz10kN/Bearing3_1/1549.csv,train,32768,25600,1.28,1,989
XJTU-SY,3,40Hz10kN,2400,10.0,Bearing3_1,1,1550,40Hz10kN/Bearing3_1/1550.csv,train,32768,25600,1.28,1,988
XJTU-SY,3,40Hz10kN,2400,10.0,Bearing3_1,1,1551,40Hz10kN/Bearing3_1/1551.csv,train,32768,25600,1.28,1,987
XJTU-SY,3,40Hz10kN,2400,10.0,Bearing3_1,1,1552,40Hz10kN/Bearing3_1/1552.csv,train,32768,25600,1.28,1,986
XJTU-SY,3,40Hz10kN,2400,10.0,Bearing3_1,1,1553,40Hz10kN/Bearing3_1/1553.csv,train,32768,25600,1.28,1,985
XJTU-SY,3,40Hz10kN,2400,10.0,Bearing3_1,1,1554,40Hz10kN/Bearing3_1/1554.csv,train,32768,25600,1.28,1,984
XJTU-SY,3,40Hz10kN,2400,10.0,Bearing3_1,1,1555,40Hz10kN/Bearing3_1/1555.csv,train,32768,25600,1.28,1,983
XJTU-SY,3,40Hz10kN,2400,10.0,Bearing3_1,1,1556,40Hz10kN/Bearing3_1/1556.csv,train,32768,25600,1.28,1,982
XJTU-SY,3,40Hz10kN,2400,10.0,Bearing3_1,1,1557,40Hz10kN/Bearing3_1/1557.csv,train,32768,25600,1.28,1,981
XJTU-SY,3,40Hz10kN,2400,10.0,Bearing3_1,1,1558,40Hz10kN/Bearing3_1/1558.csv,train,32768,25600,1.28,1,980
XJTU-SY,3,40Hz10kN,2400,10.0,Bearing3_1,1,1559,40Hz10kN/Bearing3_1/1559.csv,train,32768,25600,1.28,1,979
XJTU-SY,3,40Hz10kN,2400,10.0,Bearing3_1,1,1560,40Hz10kN/Bearing3_1/1560.csv,train,32768,25600,1.28,1,978
XJTU-SY,3,40Hz10kN,2400,10.0,Bearing3_1,1,1561,40Hz10kN/Bearing3_1/1561.csv,train,32768,25600,1.28,1,977
XJTU-SY,3,40Hz10kN,2400,10.0,Bearing3_1,1,1562,40Hz10kN/Bearing3_1/1562.csv,train,32768,25600,1.28,1,976
XJTU-SY,3,40Hz10kN,2400,10.0,Bearing3_1,1,1563,40Hz10kN/Bearing3_1/1563.csv,train,32768,25600,1.28,1,975
XJTU-SY,3,40Hz10kN,2400,10.0,Bearing3_1,1,1564,40Hz10kN/Bearing3_1/1564.csv,train,32768,25600,1.28,1,974
XJTU-SY,3,40Hz10kN,2400,10.0,Bearing3_1,1,1565,40Hz10kN/Bearing3_1/1565.csv,train,32768,25600,1.28,1,973
XJTU-SY,3,40Hz10kN,2400,10.0,Bearing3_1,1,1566,40Hz10kN/Bearing3_1/1566.csv,train,32768,25600,1.28,1,972
XJTU-SY,3,40Hz10kN,2400,10.0,Bearing3_1,1,1567,40Hz10kN/Bearing3_1/1567.csv,train,32768,25600,1.28,1,971
XJTU-SY,3,40Hz10kN,2400,10.0,Bearing3_1,1,1568,40Hz10kN/Bearing3_1/1568.csv,train,32768,25600,1.28,1,970
XJTU-SY,3,40Hz10kN,2400,10.0,Bearing3_1,1,1569,40Hz10kN/Bearing3_1/1569.csv,train,32768,25600,1.28,1,969
XJTU-SY,3,40Hz10kN,2400,10.0,Bearing3_1,1,1570,40Hz10kN/Bearing3_1/1570.csv,train,32768,25600,1.28,1,968
XJTU-SY,3,40Hz10kN,2400,10.0,Bearing3_1,1,1571,40Hz10kN/Bearing3_1/1571.csv,train,32768,25600,1.28,1,967
XJTU-SY,3,40Hz10kN,2400,10.0,Bearing3_1,1,1572,40Hz10kN/Bearing3_1/1572.csv,train,32768,25600,1.28,1,966
XJTU-SY,3,40Hz10kN,2400,10.0,Bearing3_1,1,1573,40Hz10kN/Bearing3_1/1573.csv,train,32768,25600,1.28,1,965
XJTU-SY,3,40Hz10kN,2400,10.0,Bearing3_1,1,1574,40Hz10kN/Bearing3_1/1574.csv,train,32768,25600,1.28,1,964
XJTU-SY,3,40Hz10kN,2400,10.0,Bearing3_1,1,1575,40Hz10kN/Bearing3_1/1575.csv,train,32768,25600,1.28,1,963
XJTU-SY,3,40Hz10kN,2400,10.0,Bearing3_1,1,1576,40Hz10kN/Bearing3_1/1576.csv,train,32768,25600,1.28,1,962
XJTU-SY,3,40Hz10kN,2400,10.0,Bearing3_1,1,1577,40Hz10kN/Bearing3_1/1577.csv,train,32768,25600,1.28,1,961
XJTU-SY,3,40Hz10kN,2400,10.0,Bearing3_1,1,1578,40Hz10kN/Bearing3_1/1578.csv,train,32768,25600,1.28,1,960
XJTU-SY,3,40Hz10kN,2400,10.0,Bearing3_1,1,1579,40Hz10kN/Bearing3_1/1579.csv,train,32768,25600,1.28,1,959
XJTU-SY,3,40Hz10kN,2400,10.0,Bearing3_1,1,1580,40Hz10kN/Bearing3_1/1580.csv,train,32768,25600,1.28,1,958
XJTU-SY,3,40Hz10kN,2400,10.0,Bearing3_1,1,1581,40Hz10kN/Bearing3_1/1581.csv,train,32768,25600,1.28,1,957
XJTU-SY,3,40Hz10kN,2400,10.0,Bearing3_1,1,1582,40Hz10kN/Bearing3_1/1582.csv,train,32768,25600,1.28,1,956
XJTU-SY,3,40Hz10kN,2400,10.0,Bearing3_1,1,1583,40Hz10kN/Bearing3_1/1583.csv,train,32768,25600,1.28,1,955
XJTU-SY,3,40Hz10kN,2400,10.0,Bearing3_1,1,1584,40Hz10kN/Bearing3_1/1584.csv,train,32768,25600,1.28,1,954
XJTU-SY,3,40Hz10kN,2400,10.0,Bearing3_1,1,1585,40Hz10kN/Bearing3_1/1585.csv,train,32768,25600,1.28,1,953
XJTU-SY,3,40Hz10kN,2400,10.0,Bearing3_1,1,1586,40Hz10kN/Bearing3_1/1586.csv,train,32768,25600,1.28,1,952
XJTU-SY,3,40Hz10kN,2400,10.0,Bearing3_1,1,1587,40Hz10kN/Bearing3_1/1587.csv,train,32768,25600,1.28,1,951
XJTU-SY,3,40Hz10kN,2400,10.0,Bearing3_1,1,1588,40Hz10kN/Bearing3_1/1588.csv,train,32768,25600,1.28,1,950
XJTU-SY,3,40Hz10kN,2400,10.0,Bearing3_1,1,1589,40Hz10kN/Bearing3_1/1589.csv,train,32768,25600,1.28,1,949
XJTU-SY,3,40Hz10kN,2400,10.0,Bearing3_1,1,1590,40Hz10kN/Bearing3_1/1590.csv,train,32768,25600,1.28,1,948
XJTU-SY,3,40Hz10kN,2400,10.0,Bearing3_1,1,1591,40Hz10kN/Bearing3_1/1591.csv,train,32768,25600,1.28,1,947
XJTU-SY,3,40Hz10kN,2400,10.0,Bearing3_1,1,1592,40Hz10kN/Bearing3_1/1592.csv,train,32768,25600,1.28,1,946
XJTU-SY,3,40Hz10kN,2400,10.0,Bearing3_1,1,1593,40Hz10kN/Bearing3_1/1593.csv,train,32768,25600,1.28,1,945
XJTU-SY,3,40Hz10kN,2400,10.0,Bearing3_1,1,1594,40Hz10kN/Bearing3_1/1594.csv,train,32768,25600,1.28,1,944
XJTU-SY,3,40Hz10kN,2400,10.0,Bearing3_1,1,1595,40Hz10kN/Bearing3_1/1595.csv,train,32768,25600,1.28,1,943
XJTU-SY,3,40Hz10kN,2400,10.0,Bearing3_1,1,1596,40Hz10kN/Bearing3_1/1596.csv,train,32768,25600,1.28,1,942
XJTU-SY,3,40Hz10kN,2400,10.0,Bearing3_1,1,1597,40Hz10kN/Bearing3_1/1597.csv,train,32768,25600,1.28,1,941
XJTU-SY,3,40Hz10kN,2400,10.0,Bearing3_1,1,1598,40Hz10kN/Bearing3_1/1598.csv,train,32768,25600,1.28,1,940
XJTU-SY,3,40Hz10kN,2400,10.0,Bearing3_1,1,1599,40Hz10kN/Bearing3_1/1599.csv,train,32768,25600,1.28,1,939
XJTU-SY,3,40Hz10kN,2400,10.0,Bearing3_1,1,1600,40Hz10kN/Bearing3_1/1600.csv,train,32768,25600,1.28,1,938
XJTU-SY,3,40Hz10kN,2400,10.0,Bearing3_1,1,1601,40Hz10kN/Bearing3_1/1601.csv,train,32768,25600,1.28,1,937
XJTU-SY,3,40Hz10kN,2400,10.0,Bearing3_1,1,1602,40Hz10kN/Bearing3_1/1602.csv,train,32768,25600,1.28,1,936
XJTU-SY,3,40Hz10kN,2400,10.0,Bearing3_1,1,1603,40Hz10kN/Bearing3_1/1603.csv,train,32768,25600,1.28,1,935
XJTU-SY,3,40Hz10kN,2400,10.0,Bearing3_1,1,1604,40Hz10kN/Bearing3_1/1604.csv,train,32768,25600,1.28,1,934
XJTU-SY,3,40Hz10kN,2400,10.0,Bearing3_1,1,1605,40Hz10kN/Bearing3_1/1605.csv,train,32768,25600,1.28,1,933
XJTU-SY,3,40Hz10kN,2400,10.0,Bearing3_1,1,1606,40Hz10kN/Bearing3_1/1606.csv,train,32768,25600,1.28,1,932
XJTU-SY,3,40Hz10kN,2400,10.0,Bearing3_1,1,1607,40Hz10kN/Bearing3_1/1607.csv,train,32768,25600,1.28,1,931
XJTU-SY,3,40Hz10kN,2400,10.0,Bearing3_1,1,1608,40Hz10kN/Bearing3_1/1608.csv,train,32768,25600,1.28,1,930
XJTU-SY,3,40Hz10kN,2400,10.0,Bearing3_1,1,1609,40Hz10kN/Bearing3_1/1609.csv,train,32768,25600,1.28,1,929
XJTU-SY,3,40Hz10kN,2400,10.0,Bearing3_1,1,1610,40Hz10kN/Bearing3_1/1610.csv,train,32768,25600,1.28,1,928
XJTU-SY,3,40Hz10kN,2400,10.0,Bearing3_1,1,1611,40Hz10kN/Bearing3_1/1611.csv,train,32768,25600,1.28,1,927
XJTU-SY,3,40Hz10kN,2400,10.0,Bearing3_1,1,1612,40Hz10kN/Bearing3_1/1612.csv,train,32768,25600,1.28,1,926
XJTU-SY,3,40Hz10kN,2400,10.0,Bearing3_1,1,1613,40Hz10kN/Bearing3_1/1613.csv,train,32768,25600,1.28,1,925
XJTU-SY,3,40Hz10kN,2400,10.0,Bearing3_1,1,1614,40Hz10kN/Bearing3_1/1614.csv,train,32768,25600,1.28,1,924
XJTU-SY,3,40Hz10kN,2400,10.0,Bearing3_1,1,1615,40Hz10kN/Bearing3_1/1615.csv,train,32768,25600,1.28,1,923
XJTU-SY,3,40Hz10kN,2400,10.0,Bearing3_1,1,1616,40Hz10kN/Bearing3_1/1616.csv,train,32768,25600,1.28,1,922
XJTU-SY,3,40Hz10kN,2400,10.0,Bearing3_1,1,1617,40Hz10kN/Bearing3_1/1617.csv,train,32768,25600,1.28,1,921
XJTU-SY,3,40Hz10kN,2400,10.0,Bearing3_1,1,1618,40Hz10kN/Bearing3_1/1618.csv,train,32768,25600,1.28,1,920
XJTU-SY,3,40Hz10kN,2400,10.0,Bearing3_1,1,1619,40Hz10kN/Bearing3_1/1619.csv,train,32768,25600,1.28,1,919
XJTU-SY,3,40Hz10kN,2400,10.0,Bearing3_1,1,1620,40Hz10kN/Bearing3_1/1620.csv,train,32768,25600,1.28,1,918
XJTU-SY,3,40Hz10kN,2400,10.0,Bearing3_1,1,1621,40Hz10kN/Bearing3_1/1621.csv,train,32768,25600,1.28,1,917
XJTU-SY,3,40Hz10kN,2400,10.0,Bearing3_1,1,1622,40Hz10kN/Bearing3_1/1622.csv,train,32768,25600,1.28,1,916
XJTU-SY,3,40Hz10kN,2400,10.0,Bearing3_1,1,1623,40Hz10kN/Bearing3_1/1623.csv,train,32768,25600,1.28,1,915
XJTU-SY,3,40Hz10kN,2400,10.0,Bearing3_1,1,1624,40Hz10kN/Bearing3_1/1624.csv,train,32768,25600,1.28,1,914
XJTU-SY,3,40Hz10kN,2400,10.0,Bearing3_1,1,1625,40Hz10kN/Bearing3_1/1625.csv,train,32768,25600,1.28,1,913
XJTU-SY,3,40Hz10kN,2400,10.0,Bearing3_1,1,1626,40Hz10kN/Bearing3_1/1626.csv,train,32768,25600,1.28,1,912
XJTU-SY,3,40Hz10kN,2400,10.0,Bearing3_1,1,1627,40Hz10kN/Bearing3_1/1627.csv,train,32768,25600,1.28,1,911
XJTU-SY,3,40Hz10kN,2400,10.0,Bearing3_1,1,1628,40Hz10kN/Bearing3_1/1628.csv,train,32768,25600,1.28,1,910
XJTU-SY,3,40Hz10kN,2400,10.0,Bearing3_1,1,1629,40Hz10kN/Bearing3_1/1629.csv,train,32768,25600,1.28,1,909
XJTU-SY,3,40Hz10kN,2400,10.0,Bearing3_1,1,1630,40Hz10kN/Bearing3_1/1630.csv,train,32768,25600,1.28,1,908
XJTU-SY,3,40Hz10kN,2400,10.0,Bearing3_1,1,1631,40Hz10kN/Bearing3_1/1631.csv,train,32768,25600,1.28,1,907
XJTU-SY,3,40Hz10kN,2400,10.0,Bearing3_1,1,1632,40Hz10kN/Bearing3_1/1632.csv,train,32768,25600,1.28,1,906
XJTU-SY,3,40Hz10kN,2400,10.0,Bearing3_1,1,1633,40Hz10kN/Bearing3_1/1633.csv,train,32768,25600,1.28,1,905
XJTU-SY,3,40Hz10kN,2400,10.0,Bearing3_1,1,1634,40Hz10kN/Bearing3_1/1634.csv,train,32768,25600,1.28,1,904
XJTU-SY,3,40Hz10kN,2400,10.0,Bearing3_1,1,1635,40Hz10kN/Bearing3_1/1635.csv,train,32768,25600,1.28,1,903
XJTU-SY,3,40Hz10kN,2400,10.0,Bearing3_1,1,1636,40Hz10kN/Bearing3_1/1636.csv,train,32768,25600,1.28,1,902
XJTU-SY,3,40Hz10kN,2400,10.0,Bearing3_1,1,1637,40Hz10kN/Bearing3_1/1637.csv,train,32768,25600,1.28,1,901
XJTU-SY,3,40Hz10kN,2400,10.0,Bearing3_1,1,1638,40Hz10kN/Bearing3_1/1638.csv,train,32768,25600,1.28,1,900
XJTU-SY,3,40Hz10kN,2400,10.0,Bearing3_1,1,1639,40Hz10kN/Bearing3_1/1639.csv,train,32768,25600,1.28,1,899
XJTU-SY,3,40Hz10kN,2400,10.0,Bearing3_1,1,1640,40Hz10kN/Bearing3_1/1640.csv,train,32768,25600,1.28,1,898
XJTU-SY,3,40Hz10kN,2400,10.0,Bearing3_1,1,1641,40Hz10kN/Bearing3_1/1641.csv,train,32768,25600,1.28,1,897
XJTU-SY,3,40Hz10kN,2400,10.0,Bearing3_1,1,1642,40Hz10kN/Bearing3_1/1642.csv,train,32768,25600,1.28,1,896
XJTU-SY,3,40Hz10kN,2400,10.0,Bearing3_1,1,1643,40Hz10kN/Bearing3_1/1643.csv,train,32768,25600,1.28,1,895
XJTU-SY,3,40Hz10kN,2400,10.0,Bearing3_1,1,1644,40Hz10kN/Bearing3_1/1644.csv,train,32768,25600,1.28,1,894
XJTU-SY,3,40Hz10kN,2400,10.0,Bearing3_1,1,1645,40Hz10kN/Bearing3_1/1645.csv,train,32768,25600,1.28,1,893
XJTU-SY,3,40Hz10kN,2400,10.0,Bearing3_1,1,1646,40Hz10kN/Bearing3_1/1646.csv,train,32768,25600,1.28,1,892
XJTU-SY,3,40Hz10kN,2400,10.0,Bearing3_1,1,1647,40Hz10kN/Bearing3_1/1647.csv,train,32768,25600,1.28,1,891
XJTU-SY,3,40Hz10kN,2400,10.0,Bearing3_1,1,1648,40Hz10kN/Bearing3_1/1648.csv,train,32768,25600,1.28,1,890
XJTU-SY,3,40Hz10kN,2400,10.0,Bearing3_1,1,1649,40Hz10kN/Bearing3_1/1649.csv,train,32768,25600,1.28,1,889
XJTU-SY,3,40Hz10kN,2400,10.0,Bearing3_1,1,1650,40Hz10kN/Bearing3_1/1650.csv,train,32768,25600,1.28,1,888
XJTU-SY,3,40Hz10kN,2400,10.0,Bearing3_1,1,1651,40Hz10kN/Bearing3_1/1651.csv,train,32768,25600,1.28,1,887
XJTU-SY,3,40Hz10kN,2400,10.0,Bearing3_1,1,1652,40Hz10kN/Bearing3_1/1652.csv,train,32768,25600,1.28,1,886
XJTU-SY,3,40Hz10kN,2400,10.0,Bearing3_1,1,1653,40Hz10kN/Bearing3_1/1653.csv,train,32768,25600,1.28,1,885
XJTU-SY,3,40Hz10kN,2400,10.0,Bearing3_1,1,1654,40Hz10kN/Bearing3_1/1654.csv,train,32768,25600,1.28,1,884
XJTU-SY,3,40Hz10kN,2400,10.0,Bearing3_1,1,1655,40Hz10kN/Bearing3_1/1655.csv,train,32768,25600,1.28,1,883
XJTU-SY,3,40Hz10kN,2400,10.0,Bearing3_1,1,1656,40Hz10kN/Bearing3_1/1656.csv,train,32768,25600,1.28,1,882
XJTU-SY,3,40Hz10kN,2400,10.0,Bearing3_1,1,1657,40Hz10kN/Bearing3_1/1657.csv,train,32768,25600,1.28,1,881
XJTU-SY,3,40Hz10kN,2400,10.0,Bearing3_1,1,1658,40Hz10kN/Bearing3_1/1658.csv,train,32768,25600,1.28,1,880
XJTU-SY,3,40Hz10kN,2400,10.0,Bearing3_1,1,1659,40Hz10kN/Bearing3_1/1659.csv,train,32768,25600,1.28,1,879
XJTU-SY,3,40Hz10kN,2400,10.0,Bearing3_1,1,1660,40Hz10kN/Bearing3_1/1660.csv,train,32768,25600,1.28,1,878
XJTU-SY,3,40Hz10kN,2400,10.0,Bearing3_1,1,1661,40Hz10kN/Bearing3_1/1661.csv,train,32768,25600,1.28,1,877
XJTU-SY,3,40Hz10kN,2400,10.0,Bearing3_1,1,1662,40Hz10kN/Bearing3_1/1662.csv,train,32768,25600,1.28,1,876
XJTU-SY,3,40Hz10kN,2400,10.0,Bearing3_1,1,1663,40Hz10kN/Bearing3_1/1663.csv,train,32768,25600,1.28,1,875
XJTU-SY,3,40Hz10kN,2400,10.0,Bearing3_1,1,1664,40Hz10kN/Bearing3_1/1664.csv,train,32768,25600,1.28,1,874
XJTU-SY,3,40Hz10kN,2400,10.0,Bearing3_1,1,1665,40Hz10kN/Bearing3_1/1665.csv,train,32768,25600,1.28,1,873
XJTU-SY,3,40Hz10kN,2400,10.0,Bearing3_1,1,1666,40Hz10kN/Bearing3_1/1666.csv,train,32768,25600,1.28,1,872
XJTU-SY,3,40Hz10kN,2400,10.0,Bearing3_1,1,1667,40Hz10kN/Bearing3_1/1667.csv,train,32768,25600,1.28,1,871
XJTU-SY,3,40Hz10kN,2400,10.0,Bearing3_1,1,1668,40Hz10kN/Bearing3_1/1668.csv,train,32768,25600,1.28,1,870
XJTU-SY,3,40Hz10kN,2400,10.0,Bearing3_1,1,1669,40Hz10kN/Bearing3_1/1669.csv,train,32768,25600,1.28,1,869
XJTU-SY,3,40Hz10kN,2400,10.0,Bearing3_1,1,1670,40Hz10kN/Bearing3_1/1670.csv,train,32768,25600,1.28,1,868
XJTU-SY,3,40Hz10kN,2400,10.0,Bearing3_1,1,1671,40Hz10kN/Bearing3_1/1671.csv,train,32768,25600,1.28,1,867
XJTU-SY,3,40Hz10kN,2400,10.0,Bearing3_1,1,1672,40Hz10kN/Bearing3_1/1672.csv,train,32768,25600,1.28,1,866
XJTU-SY,3,40Hz10kN,2400,10.0,Bearing3_1,1,1673,40Hz10kN/Bearing3_1/1673.csv,train,32768,25600,1.28,1,865
XJTU-SY,3,40Hz10kN,2400,10.0,Bearing3_1,1,1674,40Hz10kN/Bearing3_1/1674.csv,train,32768,25600,1.28,1,864
XJTU-SY,3,40Hz10kN,2400,10.0,Bearing3_1,1,1675,40Hz10kN/Bearing3_1/1675.csv,train,32768,25600,1.28,1,863
XJTU-SY,3,40Hz10kN,2400,10.0,Bearing3_1,1,1676,40Hz10kN/Bearing3_1/1676.csv,train,32768,25600,1.28,1,862
XJTU-SY,3,40Hz10kN,2400,10.0,Bearing3_1,1,1677,40Hz10kN/Bearing3_1/1677.csv,train,32768,25600,1.28,1,861
XJTU-SY,3,40Hz10kN,2400,10.0,Bearing3_1,1,1678,40Hz10kN/Bearing3_1/1678.csv,train,32768,25600,1.28,1,860
XJTU-SY,3,40Hz10kN,2400,10.0,Bearing3_1,1,1679,40Hz10kN/Bearing3_1/1679.csv,train,32768,25600,1.28,1,859
XJTU-SY,3,40Hz10kN,2400,10.0,Bearing3_1,1,1680,40Hz10kN/Bearing3_1/1680.csv,train,32768,25600,1.28,1,858
XJTU-SY,3,40Hz10kN,2400,10.0,Bearing3_1,1,1681,40Hz10kN/Bearing3_1/1681.csv,train,32768,25600,1.28,1,857
XJTU-SY,3,40Hz10kN,2400,10.0,Bearing3_1,1,1682,40Hz10kN/Bearing3_1/1682.csv,train,32768,25600,1.28,1,856
XJTU-SY,3,40Hz10kN,2400,10.0,Bearing3_1,1,1683,40Hz10kN/Bearing3_1/1683.csv,train,32768,25600,1.28,1,855
XJTU-SY,3,40Hz10kN,2400,10.0,Bearing3_1,1,1684,40Hz10kN/Bearing3_1/1684.csv,train,32768,25600,1.28,1,854
XJTU-SY,3,40Hz10kN,2400,10.0,Bearing3_1,1,1685,40Hz10kN/Bearing3_1/1685.csv,train,32768,25600,1.28,1,853
XJTU-SY,3,40Hz10kN,2400,10.0,Bearing3_1,1,1686,40Hz10kN/Bearing3_1/1686.csv,train,32768,25600,1.28,1,852
XJTU-SY,3,40Hz10kN,2400,10.0,Bearing3_1,1,1687,40Hz10kN/Bearing3_1/1687.csv,train,32768,25600,1.28,1,851
XJTU-SY,3,40Hz10kN,2400,10.0,Bearing3_1,1,1688,40Hz10kN/Bearing3_1/1688.csv,train,32768,25600,1.28,1,850
XJTU-SY,3,40Hz10kN,2400,10.0,Bearing3_1,1,1689,40Hz10kN/Bearing3_1/1689.csv,train,32768,25600,1.28,1,849
XJTU-SY,3,40Hz10kN,2400,10.0,Bearing3_1,1,1690,40Hz10kN/Bearing3_1/1690.csv,train,32768,25600,1.28,1,848
XJTU-SY,3,40Hz10kN,2400,10.0,Bearing3_1,1,1691,40Hz10kN/Bearing3_1/1691.csv,train,32768,25600,1.28,1,847
XJTU-SY,3,40Hz10kN,2400,10.0,Bearing3_1,1,1692,40Hz10kN/Bearing3_1/1692.csv,train,32768,25600,1.28,1,846
XJTU-SY,3,40Hz10kN,2400,10.0,Bearing3_1,1,1693,40Hz10kN/Bearing3_1/1693.csv,train,32768,25600,1.28,1,845
XJTU-SY,3,40Hz10kN,2400,10.0,Bearing3_1,1,1694,40Hz10kN/Bearing3_1/1694.csv,train,32768,25600,1.28,1,844
XJTU-SY,3,40Hz10kN,2400,10.0,Bearing3_1,1,1695,40Hz10kN/Bearing3_1/1695.csv,train,32768,25600,1.28,1,843
XJTU-SY,3,40Hz10kN,2400,10.0,Bearing3_1,1,1696,40Hz10kN/Bearing3_1/1696.csv,train,32768,25600,1.28,1,842
XJTU-SY,3,40Hz10kN,2400,10.0,Bearing3_1,1,1697,40Hz10kN/Bearing3_1/1697.csv,train,32768,25600,1.28,1,841
XJTU-SY,3,40Hz10kN,2400,10.0,Bearing3_1,1,1698,40Hz10kN/Bearing3_1/1698.csv,train,32768,25600,1.28,1,840
XJTU-SY,3,40Hz10kN,2400,10.0,Bearing3_1,1,1699,40Hz10kN/Bearing3_1/1699.csv,train,32768,25600,1.28,1,839
XJTU-SY,3,40Hz10kN,2400,10.0,Bearing3_1,1,1700,40Hz10kN/Bearing3_1/1700.csv,train,32768,25600,1.28,1,838
XJTU-SY,3,40Hz10kN,2400,10.0,Bearing3_1,1,1701,40Hz10kN/Bearing3_1/1701.csv,train,32768,25600,1.28,1,837
XJTU-SY,3,40Hz10kN,2400,10.0,Bearing3_1,1,1702,40Hz10kN/Bearing3_1/1702.csv,train,32768,25600,1.28,1,836
XJTU-SY,3,40Hz10kN,2400,10.0,Bearing3_1,1,1703,40Hz10kN/Bearing3_1/1703.csv,train,32768,25600,1.28,1,835
XJTU-SY,3,40Hz10kN,2400,10.0,Bearing3_1,1,1704,40Hz10kN/Bearing3_1/1704.csv,train,32768,25600,1.28,1,834
XJTU-SY,3,40Hz10kN,2400,10.0,Bearing3_1,1,1705,40Hz10kN/Bearing3_1/1705.csv,train,32768,25600,1.28,1,833
XJTU-SY,3,40Hz10kN,2400,10.0,Bearing3_1,1,1706,40Hz10kN/Bearing3_1/1706.csv,train,32768,25600,1.28,1,832
XJTU-SY,3,40Hz10kN,2400,10.0,Bearing3_1,1,1707,40Hz10kN/Bearing3_1/1707.csv,train,32768,25600,1.28,1,831
XJTU-SY,3,40Hz10kN,2400,10.0,Bearing3_1,1,1708,40Hz10kN/Bearing3_1/1708.csv,train,32768,25600,1.28,1,830
XJTU-SY,3,40Hz10kN,2400,10.0,Bearing3_1,1,1709,40Hz10kN/Bearing3_1/1709.csv,train,32768,25600,1.28,1,829
XJTU-SY,3,40Hz10kN,2400,10.0,Bearing3_1,1,1710,40Hz10kN/Bearing3_1/1710.csv,train,32768,25600,1.28,1,828
XJTU-SY,3,40Hz10kN,2400,10.0,Bearing3_1,1,1711,40Hz10kN/Bearing3_1/1711.csv,train,32768,25600,1.28,1,827
XJTU-SY,3,40Hz10kN,2400,10.0,Bearing3_1,1,1712,40Hz10kN/Bearing3_1/1712.csv,train,32768,25600,1.28,1,826
XJTU-SY,3,40Hz10kN,2400,10.0,Bearing3_1,1,1713,40Hz10kN/Bearing3_1/1713.csv,train,32768,25600,1.28,1,825
XJTU-SY,3,40Hz10kN,2400,10.0,Bearing3_1,1,1714,40Hz10kN/Bearing3_1/1714.csv,train,32768,25600,1.28,1,824
XJTU-SY,3,40Hz10kN,2400,10.0,Bearing3_1,1,1715,40Hz10kN/Bearing3_1/1715.csv,train,32768,25600,1.28,1,823
XJTU-SY,3,40Hz10kN,2400,10.0,Bearing3_1,1,1716,40Hz10kN/Bearing3_1/1716.csv,train,32768,25600,1.28,1,822
XJTU-SY,3,40Hz10kN,2400,10.0,Bearing3_1,1,1717,40Hz10kN/Bearing3_1/1717.csv,train,32768,25600,1.28,1,821
XJTU-SY,3,40Hz10kN,2400,10.0,Bearing3_1,1,1718,40Hz10kN/Bearing3_1/1718.csv,train,32768,25600,1.28,1,820
XJTU-SY,3,40Hz10kN,2400,10.0,Bearing3_1,1,1719,40Hz10kN/Bearing3_1/1719.csv,train,32768,25600,1.28,1,819
XJTU-SY,3,40Hz10kN,2400,10.0,Bearing3_1,1,1720,40Hz10kN/Bearing3_1/1720.csv,train,32768,25600,1.28,1,818
XJTU-SY,3,40Hz10kN,2400,10.0,Bearing3_1,1,1721,40Hz10kN/Bearing3_1/1721.csv,train,32768,25600,1.28,1,817
XJTU-SY,3,40Hz10kN,2400,10.0,Bearing3_1,1,1722,40Hz10kN/Bearing3_1/1722.csv,train,32768,25600,1.28,1,816
XJTU-SY,3,40Hz10kN,2400,10.0,Bearing3_1,1,1723,40Hz10kN/Bearing3_1/1723.csv,train,32768,25600,1.28,1,815
XJTU-SY,3,40Hz10kN,2400,10.0,Bearing3_1,1,1724,40Hz10kN/Bearing3_1/1724.csv,train,32768,25600,1.28,1,814
XJTU-SY,3,40Hz10kN,2400,10.0,Bearing3_1,1,1725,40Hz10kN/Bearing3_1/1725.csv,train,32768,25600,1.28,1,813
XJTU-SY,3,40Hz10kN,2400,10.0,Bearing3_1,1,1726,40Hz10kN/Bearing3_1/1726.csv,train,32768,25600,1.28,1,812
XJTU-SY,3,40Hz10kN,2400,10.0,Bearing3_1,1,1727,40Hz10kN/Bearing3_1/1727.csv,train,32768,25600,1.28,1,811
XJTU-SY,3,40Hz10kN,2400,10.0,Bearing3_1,1,1728,40Hz10kN/Bearing3_1/1728.csv,train,32768,25600,1.28,1,810
XJTU-SY,3,40Hz10kN,2400,10.0,Bearing3_1,1,1729,40Hz10kN/Bearing3_1/1729.csv,train,32768,25600,1.28,1,809
XJTU-SY,3,40Hz10kN,2400,10.0,Bearing3_1,1,1730,40Hz10kN/Bearing3_1/1730.csv,train,32768,25600,1.28,1,808
XJTU-SY,3,40Hz10kN,2400,10.0,Bearing3_1,1,1731,40Hz10kN/Bearing3_1/1731.csv,train,32768,25600,1.28,1,807
XJTU-SY,3,40Hz10kN,2400,10.0,Bearing3_1,1,1732,40Hz10kN/Bearing3_1/1732.csv,train,32768,25600,1.28,1,806
XJTU-SY,3,40Hz10kN,2400,10.0,Bearing3_1,1,1733,40Hz10kN/Bearing3_1/1733.csv,train,32768,25600,1.28,1,805
XJTU-SY,3,40Hz10kN,2400,10.0,Bearing3_1,1,1734,40Hz10kN/Bearing3_1/1734.csv,train,32768,25600,1.28,1,804
XJTU-SY,3,40Hz10kN,2400,10.0,Bearing3_1,1,1735,40Hz10kN/Bearing3_1/1735.csv,train,32768,25600,1.28,1,803
XJTU-SY,3,40Hz10kN,2400,10.0,Bearing3_1,1,1736,40Hz10kN/Bearing3_1/1736.csv,train,32768,25600,1.28,1,802
XJTU-SY,3,40Hz10kN,2400,10.0,Bearing3_1,1,1737,40Hz10kN/Bearing3_1/1737.csv,train,32768,25600,1.28,1,801
XJTU-SY,3,40Hz10kN,2400,10.0,Bearing3_1,1,1738,40Hz10kN/Bearing3_1/1738.csv,train,32768,25600,1.28,1,800
XJTU-SY,3,40Hz10kN,2400,10.0,Bearing3_1,1,1739,40Hz10kN/Bearing3_1/1739.csv,train,32768,25600,1.28,1,799
XJTU-SY,3,40Hz10kN,2400,10.0,Bearing3_1,1,1740,40Hz10kN/Bearing3_1/1740.csv,train,32768,25600,1.28,1,798
XJTU-SY,3,40Hz10kN,2400,10.0,Bearing3_1,1,1741,40Hz10kN/Bearing3_1/1741.csv,train,32768,25600,1.28,1,797
XJTU-SY,3,40Hz10kN,2400,10.0,Bearing3_1,1,1742,40Hz10kN/Bearing3_1/1742.csv,train,32768,25600,1.28,1,796
XJTU-SY,3,40Hz10kN,2400,10.0,Bearing3_1,1,1743,40Hz10kN/Bearing3_1/1743.csv,train,32768,25600,1.28,1,795
XJTU-SY,3,40Hz10kN,2400,10.0,Bearing3_1,1,1744,40Hz10kN/Bearing3_1/1744.csv,train,32768,25600,1.28,1,794
XJTU-SY,3,40Hz10kN,2400,10.0,Bearing3_1,1,1745,40Hz10kN/Bearing3_1/1745.csv,train,32768,25600,1.28,1,793
XJTU-SY,3,40Hz10kN,2400,10.0,Bearing3_1,1,1746,40Hz10kN/Bearing3_1/1746.csv,train,32768,25600,1.28,1,792
XJTU-SY,3,40Hz10kN,2400,10.0,Bearing3_1,1,1747,40Hz10kN/Bearing3_1/1747.csv,train,32768,25600,1.28,1,791
XJTU-SY,3,40Hz10kN,2400,10.0,Bearing3_1,1,1748,40Hz10kN/Bearing3_1/1748.csv,train,32768,25600,1.28,1,790
XJTU-SY,3,40Hz10kN,2400,10.0,Bearing3_1,1,1749,40Hz10kN/Bearing3_1/1749.csv,train,32768,25600,1.28,1,789
XJTU-SY,3,40Hz10kN,2400,10.0,Bearing3_1,1,1750,40Hz10kN/Bearing3_1/1750.csv,train,32768,25600,1.28,1,788
XJTU-SY,3,40Hz10kN,2400,10.0,Bearing3_1,1,1751,40Hz10kN/Bearing3_1/1751.csv,train,32768,25600,1.28,1,787
XJTU-SY,3,40Hz10kN,2400,10.0,Bearing3_1,1,1752,40Hz10kN/Bearing3_1/1752.csv,train,32768,25600,1.28,1,786
XJTU-SY,3,40Hz10kN,2400,10.0,Bearing3_1,1,1753,40Hz10kN/Bearing3_1/1753.csv,train,32768,25600,1.28,1,785
XJTU-SY,3,40Hz10kN,2400,10.0,Bearing3_1,1,1754,40Hz10kN/Bearing3_1/1754.csv,train,32768,25600,1.28,1,784
XJTU-SY,3,40Hz10kN,2400,10.0,Bearing3_1,1,1755,40Hz10kN/Bearing3_1/1755.csv,train,32768,25600,1.28,1,783
XJTU-SY,3,40Hz10kN,2400,10.0,Bearing3_1,1,1756,40Hz10kN/Bearing3_1/1756.csv,train,32768,25600,1.28,1,782
XJTU-SY,3,40Hz10kN,2400,10.0,Bearing3_1,1,1757,40Hz10kN/Bearing3_1/1757.csv,train,32768,25600,1.28,1,781
XJTU-SY,3,40Hz10kN,2400,10.0,Bearing3_1,1,1758,40Hz10kN/Bearing3_1/1758.csv,train,32768,25600,1.28,1,780
XJTU-SY,3,40Hz10kN,2400,10.0,Bearing3_1,1,1759,40Hz10kN/Bearing3_1/1759.csv,train,32768,25600,1.28,1,779
XJTU-SY,3,40Hz10kN,2400,10.0,Bearing3_1,1,1760,40Hz10kN/Bearing3_1/1760.csv,train,32768,25600,1.28,1,778
XJTU-SY,3,40Hz10kN,2400,10.0,Bearing3_1,1,1761,40Hz10kN/Bearing3_1/1761.csv,train,32768,25600,1.28,1,777
XJTU-SY,3,40Hz10kN,2400,10.0,Bearing3_1,1,1762,40Hz10kN/Bearing3_1/1762.csv,train,32768,25600,1.28,1,776
XJTU-SY,3,40Hz10kN,2400,10.0,Bearing3_1,1,1763,40Hz10kN/Bearing3_1/1763.csv,train,32768,25600,1.28,1,775
XJTU-SY,3,40Hz10kN,2400,10.0,Bearing3_1,1,1764,40Hz10kN/Bearing3_1/1764.csv,train,32768,25600,1.28,1,774
XJTU-SY,3,40Hz10kN,2400,10.0,Bearing3_1,1,1765,40Hz10kN/Bearing3_1/1765.csv,train,32768,25600,1.28,1,773
XJTU-SY,3,40Hz10kN,2400,10.0,Bearing3_1,1,1766,40Hz10kN/Bearing3_1/1766.csv,train,32768,25600,1.28,1,772
XJTU-SY,3,40Hz10kN,2400,10.0,Bearing3_1,1,1767,40Hz10kN/Bearing3_1/1767.csv,train,32768,25600,1.28,1,771
XJTU-SY,3,40Hz10kN,2400,10.0,Bearing3_1,1,1768,40Hz10kN/Bearing3_1/1768.csv,train,32768,25600,1.28,1,770
XJTU-SY,3,40Hz10kN,2400,10.0,Bearing3_1,1,1769,40Hz10kN/Bearing3_1/1769.csv,train,32768,25600,1.28,1,769
XJTU-SY,3,40Hz10kN,2400,10.0,Bearing3_1,1,1770,40Hz10kN/Bearing3_1/1770.csv,train,32768,25600,1.28,1,768
XJTU-SY,3,40Hz10kN,2400,10.0,Bearing3_1,1,1771,40Hz10kN/Bearing3_1/1771.csv,train,32768,25600,1.28,1,767
XJTU-SY,3,40Hz10kN,2400,10.0,Bearing3_1,1,1772,40Hz10kN/Bearing3_1/1772.csv,train,32768,25600,1.28,1,766
XJTU-SY,3,40Hz10kN,2400,10.0,Bearing3_1,1,1773,40Hz10kN/Bearing3_1/1773.csv,train,32768,25600,1.28,1,765
XJTU-SY,3,40Hz10kN,2400,10.0,Bearing3_1,1,1774,40Hz10kN/Bearing3_1/1774.csv,train,32768,25600,1.28,1,764
XJTU-SY,3,40Hz10kN,2400,10.0,Bearing3_1,1,1775,40Hz10kN/Bearing3_1/1775.csv,train,32768,25600,1.28,1,763
XJTU-SY,3,40Hz10kN,2400,10.0,Bearing3_1,1,1776,40Hz10kN/Bearing3_1/1776.csv,train,32768,25600,1.28,1,762
XJTU-SY,3,40Hz10kN,2400,10.0,Bearing3_1,1,1777,40Hz10kN/Bearing3_1/1777.csv,train,32768,25600,1.28,1,761
XJTU-SY,3,40Hz10kN,2400,10.0,Bearing3_1,1,1778,40Hz10kN/Bearing3_1/1778.csv,train,32768,25600,1.28,1,760
XJTU-SY,3,40Hz10kN,2400,10.0,Bearing3_1,1,1779,40Hz10kN/Bearing3_1/1779.csv,train,32768,25600,1.28,1,759
XJTU-SY,3,40Hz10kN,2400,10.0,Bearing3_1,1,1780,40Hz10kN/Bearing3_1/1780.csv,train,32768,25600,1.28,1,758
XJTU-SY,3,40Hz10kN,2400,10.0,Bearing3_1,1,1781,40Hz10kN/Bearing3_1/1781.csv,train,32768,25600,1.28,1,757
XJTU-SY,3,40Hz10kN,2400,10.0,Bearing3_1,1,1782,40Hz10kN/Bearing3_1/1782.csv,train,32768,25600,1.28,1,756
XJTU-SY,3,40Hz10kN,2400,10.0,Bearing3_1,1,1783,40Hz10kN/Bearing3_1/1783.csv,train,32768,25600,1.28,1,755
XJTU-SY,3,40Hz10kN,2400,10.0,Bearing3_1,1,1784,40Hz10kN/Bearing3_1/1784.csv,train,32768,25600,1.28,1,754
XJTU-SY,3,40Hz10kN,2400,10.0,Bearing3_1,1,1785,40Hz10kN/Bearing3_1/1785.csv,train,32768,25600,1.28,1,753
XJTU-SY,3,40Hz10kN,2400,10.0,Bearing3_1,1,1786,40Hz10kN/Bearing3_1/1786.csv,train,32768,25600,1.28,1,752
XJTU-SY,3,40Hz10kN,2400,10.0,Bearing3_1,1,1787,40Hz10kN/Bearing3_1/1787.csv,train,32768,25600,1.28,1,751
XJTU-SY,3,40Hz10kN,2400,10.0,Bearing3_1,1,1788,40Hz10kN/Bearing3_1/1788.csv,train,32768,25600,1.28,1,750
XJTU-SY,3,40Hz10kN,2400,10.0,Bearing3_1,1,1789,40Hz10kN/Bearing3_1/1789.csv,train,32768,25600,1.28,1,749
XJTU-SY,3,40Hz10kN,2400,10.0,Bearing3_1,1,1790,40Hz10kN/Bearing3_1/1790.csv,train,32768,25600,1.28,1,748
XJTU-SY,3,40Hz10kN,2400,10.0,Bearing3_1,1,1791,40Hz10kN/Bearing3_1/1791.csv,train,32768,25600,1.28,1,747
XJTU-SY,3,40Hz10kN,2400,10.0,Bearing3_1,1,1792,40Hz10kN/Bearing3_1/1792.csv,train,32768,25600,1.28,1,746
XJTU-SY,3,40Hz10kN,2400,10.0,Bearing3_1,1,1793,40Hz10kN/Bearing3_1/1793.csv,train,32768,25600,1.28,1,745
XJTU-SY,3,40Hz10kN,2400,10.0,Bearing3_1,1,1794,40Hz10kN/Bearing3_1/1794.csv,train,32768,25600,1.28,1,744
XJTU-SY,3,40Hz10kN,2400,10.0,Bearing3_1,1,1795,40Hz10kN/Bearing3_1/1795.csv,train,32768,25600,1.28,1,743
XJTU-SY,3,40Hz10kN,2400,10.0,Bearing3_1,1,1796,40Hz10kN/Bearing3_1/1796.csv,train,32768,25600,1.28,1,742
XJTU-SY,3,40Hz10kN,2400,10.0,Bearing3_1,1,1797,40Hz10kN/Bearing3_1/1797.csv,train,32768,25600,1.28,1,741
XJTU-SY,3,40Hz10kN,2400,10.0,Bearing3_1,1,1798,40Hz10kN/Bearing3_1/1798.csv,train,32768,25600,1.28,1,740
XJTU-SY,3,40Hz10kN,2400,10.0,Bearing3_1,1,1799,40Hz10kN/Bearing3_1/1799.csv,train,32768,25600,1.28,1,739
XJTU-SY,3,40Hz10kN,2400,10.0,Bearing3_1,1,1800,40Hz10kN/Bearing3_1/1800.csv,train,32768,25600,1.28,1,738
XJTU-SY,3,40Hz10kN,2400,10.0,Bearing3_1,1,1801,40Hz10kN/Bearing3_1/1801.csv,train,32768,25600,1.28,1,737
XJTU-SY,3,40Hz10kN,2400,10.0,Bearing3_1,1,1802,40Hz10kN/Bearing3_1/1802.csv,train,32768,25600,1.28,1,736
XJTU-SY,3,40Hz10kN,2400,10.0,Bearing3_1,1,1803,40Hz10kN/Bearing3_1/1803.csv,train,32768,25600,1.28,1,735
XJTU-SY,3,40Hz10kN,2400,10.0,Bearing3_1,1,1804,40Hz10kN/Bearing3_1/1804.csv,train,32768,25600,1.28,1,734
XJTU-SY,3,40Hz10kN,2400,10.0,Bearing3_1,1,1805,40Hz10kN/Bearing3_1/1805.csv,train,32768,25600,1.28,1,733
XJTU-SY,3,40Hz10kN,2400,10.0,Bearing3_1,1,1806,40Hz10kN/Bearing3_1/1806.csv,train,32768,25600,1.28,1,732
XJTU-SY,3,40Hz10kN,2400,10.0,Bearing3_1,1,1807,40Hz10kN/Bearing3_1/1807.csv,train,32768,25600,1.28,1,731
XJTU-SY,3,40Hz10kN,2400,10.0,Bearing3_1,1,1808,40Hz10kN/Bearing3_1/1808.csv,train,32768,25600,1.28,1,730
XJTU-SY,3,40Hz10kN,2400,10.0,Bearing3_1,1,1809,40Hz10kN/Bearing3_1/1809.csv,train,32768,25600,1.28,1,729
XJTU-SY,3,40Hz10kN,2400,10.0,Bearing3_1,1,1810,40Hz10kN/Bearing3_1/1810.csv,train,32768,25600,1.28,1,728
XJTU-SY,3,40Hz10kN,2400,10.0,Bearing3_1,1,1811,40Hz10kN/Bearing3_1/1811.csv,train,32768,25600,1.28,1,727
XJTU-SY,3,40Hz10kN,2400,10.0,Bearing3_1,1,1812,40Hz10kN/Bearing3_1/1812.csv,train,32768,25600,1.28,1,726
XJTU-SY,3,40Hz10kN,2400,10.0,Bearing3_1,1,1813,40Hz10kN/Bearing3_1/1813.csv,train,32768,25600,1.28,1,725
XJTU-SY,3,40Hz10kN,2400,10.0,Bearing3_1,1,1814,40Hz10kN/Bearing3_1/1814.csv,train,32768,25600,1.28,1,724
XJTU-SY,3,40Hz10kN,2400,10.0,Bearing3_1,1,1815,40Hz10kN/Bearing3_1/1815.csv,train,32768,25600,1.28,1,723
XJTU-SY,3,40Hz10kN,2400,10.0,Bearing3_1,1,1816,40Hz10kN/Bearing3_1/1816.csv,train,32768,25600,1.28,1,722
XJTU-SY,3,40Hz10kN,2400,10.0,Bearing3_1,1,1817,40Hz10kN/Bearing3_1/1817.csv,train,32768,25600,1.28,1,721
XJTU-SY,3,40Hz10kN,2400,10.0,Bearing3_1,1,1818,40Hz10kN/Bearing3_1/1818.csv,train,32768,25600,1.28,1,720
XJTU-SY,3,40Hz10kN,2400,10.0,Bearing3_1,1,1819,40Hz10kN/Bearing3_1/1819.csv,train,32768,25600,1.28,1,719
XJTU-SY,3,40Hz10kN,2400,10.0,Bearing3_1,1,1820,40Hz10kN/Bearing3_1/1820.csv,train,32768,25600,1.28,1,718
XJTU-SY,3,40Hz10kN,2400,10.0,Bearing3_1,1,1821,40Hz10kN/Bearing3_1/1821.csv,train,32768,25600,1.28,1,717
XJTU-SY,3,40Hz10kN,2400,10.0,Bearing3_1,1,1822,40Hz10kN/Bearing3_1/1822.csv,train,32768,25600,1.28,1,716
XJTU-SY,3,40Hz10kN,2400,10.0,Bearing3_1,1,1823,40Hz10kN/Bearing3_1/1823.csv,train,32768,25600,1.28,1,715
XJTU-SY,3,40Hz10kN,2400,10.0,Bearing3_1,1,1824,40Hz10kN/Bearing3_1/1824.csv,train,32768,25600,1.28,1,714
XJTU-SY,3,40Hz10kN,2400,10.0,Bearing3_1,1,1825,40Hz10kN/Bearing3_1/1825.csv,train,32768,25600,1.28,1,713
XJTU-SY,3,40Hz10kN,2400,10.0,Bearing3_1,1,1826,40Hz10kN/Bearing3_1/1826.csv,train,32768,25600,1.28,1,712
XJTU-SY,3,40Hz10kN,2400,10.0,Bearing3_1,1,1827,40Hz10kN/Bearing3_1/1827.csv,train,32768,25600,1.28,1,711
XJTU-SY,3,40Hz10kN,2400,10.0,Bearing3_1,1,1828,40Hz10kN/Bearing3_1/1828.csv,train,32768,25600,1.28,1,710
XJTU-SY,3,40Hz10kN,2400,10.0,Bearing3_1,1,1829,40Hz10kN/Bearing3_1/1829.csv,train,32768,25600,1.28,1,709
XJTU-SY,3,40Hz10kN,2400,10.0,Bearing3_1,1,1830,40Hz10kN/Bearing3_1/1830.csv,train,32768,25600,1.28,1,708
XJTU-SY,3,40Hz10kN,2400,10.0,Bearing3_1,1,1831,40Hz10kN/Bearing3_1/1831.csv,train,32768,25600,1.28,1,707
XJTU-SY,3,40Hz10kN,2400,10.0,Bearing3_1,1,1832,40Hz10kN/Bearing3_1/1832.csv,train,32768,25600,1.28,1,706
XJTU-SY,3,40Hz10kN,2400,10.0,Bearing3_1,1,1833,40Hz10kN/Bearing3_1/1833.csv,train,32768,25600,1.28,1,705
XJTU-SY,3,40Hz10kN,2400,10.0,Bearing3_1,1,1834,40Hz10kN/Bearing3_1/1834.csv,train,32768,25600,1.28,1,704
XJTU-SY,3,40Hz10kN,2400,10.0,Bearing3_1,1,1835,40Hz10kN/Bearing3_1/1835.csv,train,32768,25600,1.28,1,703
XJTU-SY,3,40Hz10kN,2400,10.0,Bearing3_1,1,1836,40Hz10kN/Bearing3_1/1836.csv,train,32768,25600,1.28,1,702
XJTU-SY,3,40Hz10kN,2400,10.0,Bearing3_1,1,1837,40Hz10kN/Bearing3_1/1837.csv,train,32768,25600,1.28,1,701
XJTU-SY,3,40Hz10kN,2400,10.0,Bearing3_1,1,1838,40Hz10kN/Bearing3_1/1838.csv,train,32768,25600,1.28,1,700
XJTU-SY,3,40Hz10kN,2400,10.0,Bearing3_1,1,1839,40Hz10kN/Bearing3_1/1839.csv,train,32768,25600,1.28,1,699
XJTU-SY,3,40Hz10kN,2400,10.0,Bearing3_1,1,1840,40Hz10kN/Bearing3_1/1840.csv,train,32768,25600,1.28,1,698
XJTU-SY,3,40Hz10kN,2400,10.0,Bearing3_1,1,1841,40Hz10kN/Bearing3_1/1841.csv,train,32768,25600,1.28,1,697
XJTU-SY,3,40Hz10kN,2400,10.0,Bearing3_1,1,1842,40Hz10kN/Bearing3_1/1842.csv,train,32768,25600,1.28,1,696
XJTU-SY,3,40Hz10kN,2400,10.0,Bearing3_1,1,1843,40Hz10kN/Bearing3_1/1843.csv,train,32768,25600,1.28,1,695
XJTU-SY,3,40Hz10kN,2400,10.0,Bearing3_1,1,1844,40Hz10kN/Bearing3_1/1844.csv,train,32768,25600,1.28,1,694
XJTU-SY,3,40Hz10kN,2400,10.0,Bearing3_1,1,1845,40Hz10kN/Bearing3_1/1845.csv,train,32768,25600,1.28,1,693
XJTU-SY,3,40Hz10kN,2400,10.0,Bearing3_1,1,1846,40Hz10kN/Bearing3_1/1846.csv,train,32768,25600,1.28,1,692
XJTU-SY,3,40Hz10kN,2400,10.0,Bearing3_1,1,1847,40Hz10kN/Bearing3_1/1847.csv,train,32768,25600,1.28,1,691
XJTU-SY,3,40Hz10kN,2400,10.0,Bearing3_1,1,1848,40Hz10kN/Bearing3_1/1848.csv,train,32768,25600,1.28,1,690
XJTU-SY,3,40Hz10kN,2400,10.0,Bearing3_1,1,1849,40Hz10kN/Bearing3_1/1849.csv,train,32768,25600,1.28,1,689
XJTU-SY,3,40Hz10kN,2400,10.0,Bearing3_1,1,1850,40Hz10kN/Bearing3_1/1850.csv,train,32768,25600,1.28,1,688
XJTU-SY,3,40Hz10kN,2400,10.0,Bearing3_1,1,1851,40Hz10kN/Bearing3_1/1851.csv,train,32768,25600,1.28,1,687
XJTU-SY,3,40Hz10kN,2400,10.0,Bearing3_1,1,1852,40Hz10kN/Bearing3_1/1852.csv,train,32768,25600,1.28,1,686
XJTU-SY,3,40Hz10kN,2400,10.0,Bearing3_1,1,1853,40Hz10kN/Bearing3_1/1853.csv,train,32768,25600,1.28,1,685
XJTU-SY,3,40Hz10kN,2400,10.0,Bearing3_1,1,1854,40Hz10kN/Bearing3_1/1854.csv,train,32768,25600,1.28,1,684
XJTU-SY,3,40Hz10kN,2400,10.0,Bearing3_1,1,1855,40Hz10kN/Bearing3_1/1855.csv,train,32768,25600,1.28,1,683
XJTU-SY,3,40Hz10kN,2400,10.0,Bearing3_1,1,1856,40Hz10kN/Bearing3_1/1856.csv,train,32768,25600,1.28,1,682
XJTU-SY,3,40Hz10kN,2400,10.0,Bearing3_1,1,1857,40Hz10kN/Bearing3_1/1857.csv,train,32768,25600,1.28,1,681
XJTU-SY,3,40Hz10kN,2400,10.0,Bearing3_1,1,1858,40Hz10kN/Bearing3_1/1858.csv,train,32768,25600,1.28,1,680
XJTU-SY,3,40Hz10kN,2400,10.0,Bearing3_1,1,1859,40Hz10kN/Bearing3_1/1859.csv,train,32768,25600,1.28,1,679
XJTU-SY,3,40Hz10kN,2400,10.0,Bearing3_1,1,1860,40Hz10kN/Bearing3_1/1860.csv,train,32768,25600,1.28,1,678
XJTU-SY,3,40Hz10kN,2400,10.0,Bearing3_1,1,1861,40Hz10kN/Bearing3_1/1861.csv,train,32768,25600,1.28,1,677
XJTU-SY,3,40Hz10kN,2400,10.0,Bearing3_1,1,1862,40Hz10kN/Bearing3_1/1862.csv,train,32768,25600,1.28,1,676
XJTU-SY,3,40Hz10kN,2400,10.0,Bearing3_1,1,1863,40Hz10kN/Bearing3_1/1863.csv,train,32768,25600,1.28,1,675
XJTU-SY,3,40Hz10kN,2400,10.0,Bearing3_1,1,1864,40Hz10kN/Bearing3_1/1864.csv,train,32768,25600,1.28,1,674
XJTU-SY,3,40Hz10kN,2400,10.0,Bearing3_1,1,1865,40Hz10kN/Bearing3_1/1865.csv,train,32768,25600,1.28,1,673
XJTU-SY,3,40Hz10kN,2400,10.0,Bearing3_1,1,1866,40Hz10kN/Bearing3_1/1866.csv,train,32768,25600,1.28,1,672
XJTU-SY,3,40Hz10kN,2400,10.0,Bearing3_1,1,1867,40Hz10kN/Bearing3_1/1867.csv,train,32768,25600,1.28,1,671
XJTU-SY,3,40Hz10kN,2400,10.0,Bearing3_1,1,1868,40Hz10kN/Bearing3_1/1868.csv,train,32768,25600,1.28,1,670
XJTU-SY,3,40Hz10kN,2400,10.0,Bearing3_1,1,1869,40Hz10kN/Bearing3_1/1869.csv,train,32768,25600,1.28,1,669
XJTU-SY,3,40Hz10kN,2400,10.0,Bearing3_1,1,1870,40Hz10kN/Bearing3_1/1870.csv,train,32768,25600,1.28,1,668
XJTU-SY,3,40Hz10kN,2400,10.0,Bearing3_1,1,1871,40Hz10kN/Bearing3_1/1871.csv,train,32768,25600,1.28,1,667
XJTU-SY,3,40Hz10kN,2400,10.0,Bearing3_1,1,1872,40Hz10kN/Bearing3_1/1872.csv,train,32768,25600,1.28,1,666
XJTU-SY,3,40Hz10kN,2400,10.0,Bearing3_1,1,1873,40Hz10kN/Bearing3_1/1873.csv,train,32768,25600,1.28,1,665
XJTU-SY,3,40Hz10kN,2400,10.0,Bearing3_1,1,1874,40Hz10kN/Bearing3_1/1874.csv,train,32768,25600,1.28,1,664
XJTU-SY,3,40Hz10kN,2400,10.0,Bearing3_1,1,1875,40Hz10kN/Bearing3_1/1875.csv,train,32768,25600,1.28,1,663
XJTU-SY,3,40Hz10kN,2400,10.0,Bearing3_1,1,1876,40Hz10kN/Bearing3_1/1876.csv,train,32768,25600,1.28,1,662
XJTU-SY,3,40Hz10kN,2400,10.0,Bearing3_1,1,1877,40Hz10kN/Bearing3_1/1877.csv,train,32768,25600,1.28,1,661
XJTU-SY,3,40Hz10kN,2400,10.0,Bearing3_1,1,1878,40Hz10kN/Bearing3_1/1878.csv,train,32768,25600,1.28,1,660
XJTU-SY,3,40Hz10kN,2400,10.0,Bearing3_1,1,1879,40Hz10kN/Bearing3_1/1879.csv,train,32768,25600,1.28,1,659
XJTU-SY,3,40Hz10kN,2400,10.0,Bearing3_1,1,1880,40Hz10kN/Bearing3_1/1880.csv,train,32768,25600,1.28,1,658
XJTU-SY,3,40Hz10kN,2400,10.0,Bearing3_1,1,1881,40Hz10kN/Bearing3_1/1881.csv,train,32768,25600,1.28,1,657
XJTU-SY,3,40Hz10kN,2400,10.0,Bearing3_1,1,1882,40Hz10kN/Bearing3_1/1882.csv,train,32768,25600,1.28,1,656
XJTU-SY,3,40Hz10kN,2400,10.0,Bearing3_1,1,1883,40Hz10kN/Bearing3_1/1883.csv,train,32768,25600,1.28,1,655
XJTU-SY,3,40Hz10kN,2400,10.0,Bearing3_1,1,1884,40Hz10kN/Bearing3_1/1884.csv,train,32768,25600,1.28,1,654
XJTU-SY,3,40Hz10kN,2400,10.0,Bearing3_1,1,1885,40Hz10kN/Bearing3_1/1885.csv,train,32768,25600,1.28,1,653
XJTU-SY,3,40Hz10kN,2400,10.0,Bearing3_1,1,1886,40Hz10kN/Bearing3_1/1886.csv,train,32768,25600,1.28,1,652
XJTU-SY,3,40Hz10kN,2400,10.0,Bearing3_1,1,1887,40Hz10kN/Bearing3_1/1887.csv,train,32768,25600,1.28,1,651
XJTU-SY,3,40Hz10kN,2400,10.0,Bearing3_1,1,1888,40Hz10kN/Bearing3_1/1888.csv,train,32768,25600,1.28,1,650
XJTU-SY,3,40Hz10kN,2400,10.0,Bearing3_1,1,1889,40Hz10kN/Bearing3_1/1889.csv,train,32768,25600,1.28,1,649
XJTU-SY,3,40Hz10kN,2400,10.0,Bearing3_1,1,1890,40Hz10kN/Bearing3_1/1890.csv,train,32768,25600,1.28,1,648
XJTU-SY,3,40Hz10kN,2400,10.0,Bearing3_1,1,1891,40Hz10kN/Bearing3_1/1891.csv,train,32768,25600,1.28,1,647
XJTU-SY,3,40Hz10kN,2400,10.0,Bearing3_1,1,1892,40Hz10kN/Bearing3_1/1892.csv,train,32768,25600,1.28,1,646
XJTU-SY,3,40Hz10kN,2400,10.0,Bearing3_1,1,1893,40Hz10kN/Bearing3_1/1893.csv,train,32768,25600,1.28,1,645
XJTU-SY,3,40Hz10kN,2400,10.0,Bearing3_1,1,1894,40Hz10kN/Bearing3_1/1894.csv,train,32768,25600,1.28,1,644
XJTU-SY,3,40Hz10kN,2400,10.0,Bearing3_1,1,1895,40Hz10kN/Bearing3_1/1895.csv,train,32768,25600,1.28,1,643
XJTU-SY,3,40Hz10kN,2400,10.0,Bearing3_1,1,1896,40Hz10kN/Bearing3_1/1896.csv,train,32768,25600,1.28,1,642
XJTU-SY,3,40Hz10kN,2400,10.0,Bearing3_1,1,1897,40Hz10kN/Bearing3_1/1897.csv,train,32768,25600,1.28,1,641
XJTU-SY,3,40Hz10kN,2400,10.0,Bearing3_1,1,1898,40Hz10kN/Bearing3_1/1898.csv,train,32768,25600,1.28,1,640
XJTU-SY,3,40Hz10kN,2400,10.0,Bearing3_1,1,1899,40Hz10kN/Bearing3_1/1899.csv,train,32768,25600,1.28,1,639
XJTU-SY,3,40Hz10kN,2400,10.0,Bearing3_1,1,1900,40Hz10kN/Bearing3_1/1900.csv,train,32768,25600,1.28,1,638
XJTU-SY,3,40Hz10kN,2400,10.0,Bearing3_1,1,1901,40Hz10kN/Bearing3_1/1901.csv,train,32768,25600,1.28,1,637
XJTU-SY,3,40Hz10kN,2400,10.0,Bearing3_1,1,1902,40Hz10kN/Bearing3_1/1902.csv,train,32768,25600,1.28,1,636
XJTU-SY,3,40Hz10kN,2400,10.0,Bearing3_1,1,1903,40Hz10kN/Bearing3_1/1903.csv,train,32768,25600,1.28,1,635
XJTU-SY,3,40Hz10kN,2400,10.0,Bearing3_1,1,1904,40Hz10kN/Bearing3_1/1904.csv,train,32768,25600,1.28,1,634
XJTU-SY,3,40Hz10kN,2400,10.0,Bearing3_1,1,1905,40Hz10kN/Bearing3_1/1905.csv,train,32768,25600,1.28,1,633
XJTU-SY,3,40Hz10kN,2400,10.0,Bearing3_1,1,1906,40Hz10kN/Bearing3_1/1906.csv,train,32768,25600,1.28,1,632
XJTU-SY,3,40Hz10kN,2400,10.0,Bearing3_1,1,1907,40Hz10kN/Bearing3_1/1907.csv,train,32768,25600,1.28,1,631
XJTU-SY,3,40Hz10kN,2400,10.0,Bearing3_1,1,1908,40Hz10kN/Bearing3_1/1908.csv,train,32768,25600,1.28,1,630
XJTU-SY,3,40Hz10kN,2400,10.0,Bearing3_1,1,1909,40Hz10kN/Bearing3_1/1909.csv,train,32768,25600,1.28,1,629
XJTU-SY,3,40Hz10kN,2400,10.0,Bearing3_1,1,1910,40Hz10kN/Bearing3_1/1910.csv,train,32768,25600,1.28,1,628
XJTU-SY,3,40Hz10kN,2400,10.0,Bearing3_1,1,1911,40Hz10kN/Bearing3_1/1911.csv,train,32768,25600,1.28,1,627
XJTU-SY,3,40Hz10kN,2400,10.0,Bearing3_1,1,1912,40Hz10kN/Bearing3_1/1912.csv,train,32768,25600,1.28,1,626
XJTU-SY,3,40Hz10kN,2400,10.0,Bearing3_1,1,1913,40Hz10kN/Bearing3_1/1913.csv,train,32768,25600,1.28,1,625
XJTU-SY,3,40Hz10kN,2400,10.0,Bearing3_1,1,1914,40Hz10kN/Bearing3_1/1914.csv,train,32768,25600,1.28,1,624
XJTU-SY,3,40Hz10kN,2400,10.0,Bearing3_1,1,1915,40Hz10kN/Bearing3_1/1915.csv,train,32768,25600,1.28,1,623
XJTU-SY,3,40Hz10kN,2400,10.0,Bearing3_1,1,1916,40Hz10kN/Bearing3_1/1916.csv,train,32768,25600,1.28,1,622
XJTU-SY,3,40Hz10kN,2400,10.0,Bearing3_1,1,1917,40Hz10kN/Bearing3_1/1917.csv,train,32768,25600,1.28,1,621
XJTU-SY,3,40Hz10kN,2400,10.0,Bearing3_1,1,1918,40Hz10kN/Bearing3_1/1918.csv,train,32768,25600,1.28,1,620
XJTU-SY,3,40Hz10kN,2400,10.0,Bearing3_1,1,1919,40Hz10kN/Bearing3_1/1919.csv,train,32768,25600,1.28,1,619
XJTU-SY,3,40Hz10kN,2400,10.0,Bearing3_1,1,1920,40Hz10kN/Bearing3_1/1920.csv,train,32768,25600,1.28,1,618
XJTU-SY,3,40Hz10kN,2400,10.0,Bearing3_1,1,1921,40Hz10kN/Bearing3_1/1921.csv,train,32768,25600,1.28,1,617
XJTU-SY,3,40Hz10kN,2400,10.0,Bearing3_1,1,1922,40Hz10kN/Bearing3_1/1922.csv,train,32768,25600,1.28,1,616
XJTU-SY,3,40Hz10kN,2400,10.0,Bearing3_1,1,1923,40Hz10kN/Bearing3_1/1923.csv,train,32768,25600,1.28,1,615
XJTU-SY,3,40Hz10kN,2400,10.0,Bearing3_1,1,1924,40Hz10kN/Bearing3_1/1924.csv,train,32768,25600,1.28,1,614
XJTU-SY,3,40Hz10kN,2400,10.0,Bearing3_1,1,1925,40Hz10kN/Bearing3_1/1925.csv,train,32768,25600,1.28,1,613
XJTU-SY,3,40Hz10kN,2400,10.0,Bearing3_1,1,1926,40Hz10kN/Bearing3_1/1926.csv,train,32768,25600,1.28,1,612
XJTU-SY,3,40Hz10kN,2400,10.0,Bearing3_1,1,1927,40Hz10kN/Bearing3_1/1927.csv,train,32768,25600,1.28,1,611
XJTU-SY,3,40Hz10kN,2400,10.0,Bearing3_1,1,1928,40Hz10kN/Bearing3_1/1928.csv,train,32768,25600,1.28,1,610
XJTU-SY,3,40Hz10kN,2400,10.0,Bearing3_1,1,1929,40Hz10kN/Bearing3_1/1929.csv,train,32768,25600,1.28,1,609
XJTU-SY,3,40Hz10kN,2400,10.0,Bearing3_1,1,1930,40Hz10kN/Bearing3_1/1930.csv,train,32768,25600,1.28,1,608
XJTU-SY,3,40Hz10kN,2400,10.0,Bearing3_1,1,1931,40Hz10kN/Bearing3_1/1931.csv,train,32768,25600,1.28,1,607
XJTU-SY,3,40Hz10kN,2400,10.0,Bearing3_1,1,1932,40Hz10kN/Bearing3_1/1932.csv,train,32768,25600,1.28,1,606
XJTU-SY,3,40Hz10kN,2400,10.0,Bearing3_1,1,1933,40Hz10kN/Bearing3_1/1933.csv,train,32768,25600,1.28,1,605
XJTU-SY,3,40Hz10kN,2400,10.0,Bearing3_1,1,1934,40Hz10kN/Bearing3_1/1934.csv,train,32768,25600,1.28,1,604
XJTU-SY,3,40Hz10kN,2400,10.0,Bearing3_1,1,1935,40Hz10kN/Bearing3_1/1935.csv,train,32768,25600,1.28,1,603
XJTU-SY,3,40Hz10kN,2400,10.0,Bearing3_1,1,1936,40Hz10kN/Bearing3_1/1936.csv,train,32768,25600,1.28,1,602
XJTU-SY,3,40Hz10kN,2400,10.0,Bearing3_1,1,1937,40Hz10kN/Bearing3_1/1937.csv,train,32768,25600,1.28,1,601
XJTU-SY,3,40Hz10kN,2400,10.0,Bearing3_1,1,1938,40Hz10kN/Bearing3_1/1938.csv,train,32768,25600,1.28,1,600
XJTU-SY,3,40Hz10kN,2400,10.0,Bearing3_1,1,1939,40Hz10kN/Bearing3_1/1939.csv,train,32768,25600,1.28,1,599
XJTU-SY,3,40Hz10kN,2400,10.0,Bearing3_1,1,1940,40Hz10kN/Bearing3_1/1940.csv,train,32768,25600,1.28,1,598
XJTU-SY,3,40Hz10kN,2400,10.0,Bearing3_1,1,1941,40Hz10kN/Bearing3_1/1941.csv,train,32768,25600,1.28,1,597
XJTU-SY,3,40Hz10kN,2400,10.0,Bearing3_1,1,1942,40Hz10kN/Bearing3_1/1942.csv,train,32768,25600,1.28,1,596
XJTU-SY,3,40Hz10kN,2400,10.0,Bearing3_1,1,1943,40Hz10kN/Bearing3_1/1943.csv,train,32768,25600,1.28,1,595
XJTU-SY,3,40Hz10kN,2400,10.0,Bearing3_1,1,1944,40Hz10kN/Bearing3_1/1944.csv,train,32768,25600,1.28,1,594
XJTU-SY,3,40Hz10kN,2400,10.0,Bearing3_1,1,1945,40Hz10kN/Bearing3_1/1945.csv,train,32768,25600,1.28,1,593
XJTU-SY,3,40Hz10kN,2400,10.0,Bearing3_1,1,1946,40Hz10kN/Bearing3_1/1946.csv,train,32768,25600,1.28,1,592
XJTU-SY,3,40Hz10kN,2400,10.0,Bearing3_1,1,1947,40Hz10kN/Bearing3_1/1947.csv,train,32768,25600,1.28,1,591
XJTU-SY,3,40Hz10kN,2400,10.0,Bearing3_1,1,1948,40Hz10kN/Bearing3_1/1948.csv,train,32768,25600,1.28,1,590
XJTU-SY,3,40Hz10kN,2400,10.0,Bearing3_1,1,1949,40Hz10kN/Bearing3_1/1949.csv,train,32768,25600,1.28,1,589
XJTU-SY,3,40Hz10kN,2400,10.0,Bearing3_1,1,1950,40Hz10kN/Bearing3_1/1950.csv,train,32768,25600,1.28,1,588
XJTU-SY,3,40Hz10kN,2400,10.0,Bearing3_1,1,1951,40Hz10kN/Bearing3_1/1951.csv,train,32768,25600,1.28,1,587
XJTU-SY,3,40Hz10kN,2400,10.0,Bearing3_1,1,1952,40Hz10kN/Bearing3_1/1952.csv,train,32768,25600,1.28,1,586
XJTU-SY,3,40Hz10kN,2400,10.0,Bearing3_1,1,1953,40Hz10kN/Bearing3_1/1953.csv,train,32768,25600,1.28,1,585
XJTU-SY,3,40Hz10kN,2400,10.0,Bearing3_1,1,1954,40Hz10kN/Bearing3_1/1954.csv,train,32768,25600,1.28,1,584
XJTU-SY,3,40Hz10kN,2400,10.0,Bearing3_1,1,1955,40Hz10kN/Bearing3_1/1955.csv,train,32768,25600,1.28,1,583
XJTU-SY,3,40Hz10kN,2400,10.0,Bearing3_1,1,1956,40Hz10kN/Bearing3_1/1956.csv,train,32768,25600,1.28,1,582
XJTU-SY,3,40Hz10kN,2400,10.0,Bearing3_1,1,1957,40Hz10kN/Bearing3_1/1957.csv,train,32768,25600,1.28,1,581
XJTU-SY,3,40Hz10kN,2400,10.0,Bearing3_1,1,1958,40Hz10kN/Bearing3_1/1958.csv,train,32768,25600,1.28,1,580
XJTU-SY,3,40Hz10kN,2400,10.0,Bearing3_1,1,1959,40Hz10kN/Bearing3_1/1959.csv,train,32768,25600,1.28,1,579
XJTU-SY,3,40Hz10kN,2400,10.0,Bearing3_1,1,1960,40Hz10kN/Bearing3_1/1960.csv,train,32768,25600,1.28,1,578
XJTU-SY,3,40Hz10kN,2400,10.0,Bearing3_1,1,1961,40Hz10kN/Bearing3_1/1961.csv,train,32768,25600,1.28,1,577
XJTU-SY,3,40Hz10kN,2400,10.0,Bearing3_1,1,1962,40Hz10kN/Bearing3_1/1962.csv,train,32768,25600,1.28,1,576
XJTU-SY,3,40Hz10kN,2400,10.0,Bearing3_1,1,1963,40Hz10kN/Bearing3_1/1963.csv,train,32768,25600,1.28,1,575
XJTU-SY,3,40Hz10kN,2400,10.0,Bearing3_1,1,1964,40Hz10kN/Bearing3_1/1964.csv,train,32768,25600,1.28,1,574
XJTU-SY,3,40Hz10kN,2400,10.0,Bearing3_1,1,1965,40Hz10kN/Bearing3_1/1965.csv,train,32768,25600,1.28,1,573
XJTU-SY,3,40Hz10kN,2400,10.0,Bearing3_1,1,1966,40Hz10kN/Bearing3_1/1966.csv,train,32768,25600,1.28,1,572
XJTU-SY,3,40Hz10kN,2400,10.0,Bearing3_1,1,1967,40Hz10kN/Bearing3_1/1967.csv,train,32768,25600,1.28,1,571
XJTU-SY,3,40Hz10kN,2400,10.0,Bearing3_1,1,1968,40Hz10kN/Bearing3_1/1968.csv,train,32768,25600,1.28,1,570
XJTU-SY,3,40Hz10kN,2400,10.0,Bearing3_1,1,1969,40Hz10kN/Bearing3_1/1969.csv,train,32768,25600,1.28,1,569
XJTU-SY,3,40Hz10kN,2400,10.0,Bearing3_1,1,1970,40Hz10kN/Bearing3_1/1970.csv,train,32768,25600,1.28,1,568
XJTU-SY,3,40Hz10kN,2400,10.0,Bearing3_1,1,1971,40Hz10kN/Bearing3_1/1971.csv,train,32768,25600,1.28,1,567
XJTU-SY,3,40Hz10kN,2400,10.0,Bearing3_1,1,1972,40Hz10kN/Bearing3_1/1972.csv,train,32768,25600,1.28,1,566
XJTU-SY,3,40Hz10kN,2400,10.0,Bearing3_1,1,1973,40Hz10kN/Bearing3_1/1973.csv,train,32768,25600,1.28,1,565
XJTU-SY,3,40Hz10kN,2400,10.0,Bearing3_1,1,1974,40Hz10kN/Bearing3_1/1974.csv,train,32768,25600,1.28,1,564
XJTU-SY,3,40Hz10kN,2400,10.0,Bearing3_1,1,1975,40Hz10kN/Bearing3_1/1975.csv,train,32768,25600,1.28,1,563
XJTU-SY,3,40Hz10kN,2400,10.0,Bearing3_1,1,1976,40Hz10kN/Bearing3_1/1976.csv,train,32768,25600,1.28,1,562
XJTU-SY,3,40Hz10kN,2400,10.0,Bearing3_1,1,1977,40Hz10kN/Bearing3_1/1977.csv,train,32768,25600,1.28,1,561
XJTU-SY,3,40Hz10kN,2400,10.0,Bearing3_1,1,1978,40Hz10kN/Bearing3_1/1978.csv,train,32768,25600,1.28,1,560
XJTU-SY,3,40Hz10kN,2400,10.0,Bearing3_1,1,1979,40Hz10kN/Bearing3_1/1979.csv,train,32768,25600,1.28,1,559
XJTU-SY,3,40Hz10kN,2400,10.0,Bearing3_1,1,1980,40Hz10kN/Bearing3_1/1980.csv,train,32768,25600,1.28,1,558
XJTU-SY,3,40Hz10kN,2400,10.0,Bearing3_1,1,1981,40Hz10kN/Bearing3_1/1981.csv,train,32768,25600,1.28,1,557
XJTU-SY,3,40Hz10kN,2400,10.0,Bearing3_1,1,1982,40Hz10kN/Bearing3_1/1982.csv,train,32768,25600,1.28,1,556
XJTU-SY,3,40Hz10kN,2400,10.0,Bearing3_1,1,1983,40Hz10kN/Bearing3_1/1983.csv,train,32768,25600,1.28,1,555
XJTU-SY,3,40Hz10kN,2400,10.0,Bearing3_1,1,1984,40Hz10kN/Bearing3_1/1984.csv,train,32768,25600,1.28,1,554
XJTU-SY,3,40Hz10kN,2400,10.0,Bearing3_1,1,1985,40Hz10kN/Bearing3_1/1985.csv,train,32768,25600,1.28,1,553
XJTU-SY,3,40Hz10kN,2400,10.0,Bearing3_1,1,1986,40Hz10kN/Bearing3_1/1986.csv,train,32768,25600,1.28,1,552
XJTU-SY,3,40Hz10kN,2400,10.0,Bearing3_1,1,1987,40Hz10kN/Bearing3_1/1987.csv,train,32768,25600,1.28,1,551
XJTU-SY,3,40Hz10kN,2400,10.0,Bearing3_1,1,1988,40Hz10kN/Bearing3_1/1988.csv,train,32768,25600,1.28,1,550
XJTU-SY,3,40Hz10kN,2400,10.0,Bearing3_1,1,1989,40Hz10kN/Bearing3_1/1989.csv,train,32768,25600,1.28,1,549
XJTU-SY,3,40Hz10kN,2400,10.0,Bearing3_1,1,1990,40Hz10kN/Bearing3_1/1990.csv,train,32768,25600,1.28,1,548
XJTU-SY,3,40Hz10kN,2400,10.0,Bearing3_1,1,1991,40Hz10kN/Bearing3_1/1991.csv,train,32768,25600,1.28,1,547
XJTU-SY,3,40Hz10kN,2400,10.0,Bearing3_1,1,1992,40Hz10kN/Bearing3_1/1992.csv,train,32768,25600,1.28,1,546
XJTU-SY,3,40Hz10kN,2400,10.0,Bearing3_1,1,1993,40Hz10kN/Bearing3_1/1993.csv,train,32768,25600,1.28,1,545
XJTU-SY,3,40Hz10kN,2400,10.0,Bearing3_1,1,1994,40Hz10kN/Bearing3_1/1994.csv,train,32768,25600,1.28,1,544
XJTU-SY,3,40Hz10kN,2400,10.0,Bearing3_1,1,1995,40Hz10kN/Bearing3_1/1995.csv,train,32768,25600,1.28,1,543
XJTU-SY,3,40Hz10kN,2400,10.0,Bearing3_1,1,1996,40Hz10kN/Bearing3_1/1996.csv,train,32768,25600,1.28,1,542
XJTU-SY,3,40Hz10kN,2400,10.0,Bearing3_1,1,1997,40Hz10kN/Bearing3_1/1997.csv,train,32768,25600,1.28,1,541
XJTU-SY,3,40Hz10kN,2400,10.0,Bearing3_1,1,1998,40Hz10kN/Bearing3_1/1998.csv,train,32768,25600,1.28,1,540
XJTU-SY,3,40Hz10kN,2400,10.0,Bearing3_1,1,1999,40Hz10kN/Bearing3_1/1999.csv,train,32768,25600,1.28,1,539
XJTU-SY,3,40Hz10kN,2400,10.0,Bearing3_1,1,2000,40Hz10kN/Bearing3_1/2000.csv,train,32768,25600,1.28,1,538
XJTU-SY,3,40Hz10kN,2400,10.0,Bearing3_1,1,2001,40Hz10kN/Bearing3_1/2001.csv,train,32768,25600,1.28,1,537
XJTU-SY,3,40Hz10kN,2400,10.0,Bearing3_1,1,2002,40Hz10kN/Bearing3_1/2002.csv,train,32768,25600,1.28,1,536
XJTU-SY,3,40Hz10kN,2400,10.0,Bearing3_1,1,2003,40Hz10kN/Bearing3_1/2003.csv,train,32768,25600,1.28,1,535
XJTU-SY,3,40Hz10kN,2400,10.0,Bearing3_1,1,2004,40Hz10kN/Bearing3_1/2004.csv,train,32768,25600,1.28,1,534
XJTU-SY,3,40Hz10kN,2400,10.0,Bearing3_1,1,2005,40Hz10kN/Bearing3_1/2005.csv,train,32768,25600,1.28,1,533
XJTU-SY,3,40Hz10kN,2400,10.0,Bearing3_1,1,2006,40Hz10kN/Bearing3_1/2006.csv,train,32768,25600,1.28,1,532
XJTU-SY,3,40Hz10kN,2400,10.0,Bearing3_1,1,2007,40Hz10kN/Bearing3_1/2007.csv,train,32768,25600,1.28,1,531
XJTU-SY,3,40Hz10kN,2400,10.0,Bearing3_1,1,2008,40Hz10kN/Bearing3_1/2008.csv,train,32768,25600,1.28,1,530
XJTU-SY,3,40Hz10kN,2400,10.0,Bearing3_1,1,2009,40Hz10kN/Bearing3_1/2009.csv,train,32768,25600,1.28,1,529
XJTU-SY,3,40Hz10kN,2400,10.0,Bearing3_1,1,2010,40Hz10kN/Bearing3_1/2010.csv,train,32768,25600,1.28,1,528
XJTU-SY,3,40Hz10kN,2400,10.0,Bearing3_1,1,2011,40Hz10kN/Bearing3_1/2011.csv,train,32768,25600,1.28,1,527
XJTU-SY,3,40Hz10kN,2400,10.0,Bearing3_1,1,2012,40Hz10kN/Bearing3_1/2012.csv,train,32768,25600,1.28,1,526
XJTU-SY,3,40Hz10kN,2400,10.0,Bearing3_1,1,2013,40Hz10kN/Bearing3_1/2013.csv,train,32768,25600,1.28,1,525
XJTU-SY,3,40Hz10kN,2400,10.0,Bearing3_1,1,2014,40Hz10kN/Bearing3_1/2014.csv,train,32768,25600,1.28,1,524
XJTU-SY,3,40Hz10kN,2400,10.0,Bearing3_1,1,2015,40Hz10kN/Bearing3_1/2015.csv,train,32768,25600,1.28,1,523
XJTU-SY,3,40Hz10kN,2400,10.0,Bearing3_1,1,2016,40Hz10kN/Bearing3_1/2016.csv,train,32768,25600,1.28,1,522
XJTU-SY,3,40Hz10kN,2400,10.0,Bearing3_1,1,2017,40Hz10kN/Bearing3_1/2017.csv,train,32768,25600,1.28,1,521
XJTU-SY,3,40Hz10kN,2400,10.0,Bearing3_1,1,2018,40Hz10kN/Bearing3_1/2018.csv,train,32768,25600,1.28,1,520
XJTU-SY,3,40Hz10kN,2400,10.0,Bearing3_1,1,2019,40Hz10kN/Bearing3_1/2019.csv,train,32768,25600,1.28,1,519
XJTU-SY,3,40Hz10kN,2400,10.0,Bearing3_1,1,2020,40Hz10kN/Bearing3_1/2020.csv,train,32768,25600,1.28,1,518
XJTU-SY,3,40Hz10kN,2400,10.0,Bearing3_1,1,2021,40Hz10kN/Bearing3_1/2021.csv,train,32768,25600,1.28,1,517
XJTU-SY,3,40Hz10kN,2400,10.0,Bearing3_1,1,2022,40Hz10kN/Bearing3_1/2022.csv,train,32768,25600,1.28,1,516
XJTU-SY,3,40Hz10kN,2400,10.0,Bearing3_1,1,2023,40Hz10kN/Bearing3_1/2023.csv,train,32768,25600,1.28,1,515
XJTU-SY,3,40Hz10kN,2400,10.0,Bearing3_1,1,2024,40Hz10kN/Bearing3_1/2024.csv,train,32768,25600,1.28,1,514
XJTU-SY,3,40Hz10kN,2400,10.0,Bearing3_1,1,2025,40Hz10kN/Bearing3_1/2025.csv,train,32768,25600,1.28,1,513
XJTU-SY,3,40Hz10kN,2400,10.0,Bearing3_1,1,2026,40Hz10kN/Bearing3_1/2026.csv,train,32768,25600,1.28,1,512
XJTU-SY,3,40Hz10kN,2400,10.0,Bearing3_1,1,2027,40Hz10kN/Bearing3_1/2027.csv,train,32768,25600,1.28,1,511
XJTU-SY,3,40Hz10kN,2400,10.0,Bearing3_1,1,2028,40Hz10kN/Bearing3_1/2028.csv,train,32768,25600,1.28,1,510
XJTU-SY,3,40Hz10kN,2400,10.0,Bearing3_1,1,2029,40Hz10kN/Bearing3_1/2029.csv,train,32768,25600,1.28,1,509
XJTU-SY,3,40Hz10kN,2400,10.0,Bearing3_1,1,2030,40Hz10kN/Bearing3_1/2030.csv,train,32768,25600,1.28,1,508
XJTU-SY,3,40Hz10kN,2400,10.0,Bearing3_1,1,2031,40Hz10kN/Bearing3_1/2031.csv,train,32768,25600,1.28,1,507
XJTU-SY,3,40Hz10kN,2400,10.0,Bearing3_1,1,2032,40Hz10kN/Bearing3_1/2032.csv,train,32768,25600,1.28,1,506
XJTU-SY,3,40Hz10kN,2400,10.0,Bearing3_1,1,2033,40Hz10kN/Bearing3_1/2033.csv,train,32768,25600,1.28,1,505
XJTU-SY,3,40Hz10kN,2400,10.0,Bearing3_1,1,2034,40Hz10kN/Bearing3_1/2034.csv,train,32768,25600,1.28,1,504
XJTU-SY,3,40Hz10kN,2400,10.0,Bearing3_1,1,2035,40Hz10kN/Bearing3_1/2035.csv,train,32768,25600,1.28,1,503
XJTU-SY,3,40Hz10kN,2400,10.0,Bearing3_1,1,2036,40Hz10kN/Bearing3_1/2036.csv,train,32768,25600,1.28,1,502
XJTU-SY,3,40Hz10kN,2400,10.0,Bearing3_1,1,2037,40Hz10kN/Bearing3_1/2037.csv,train,32768,25600,1.28,1,501
XJTU-SY,3,40Hz10kN,2400,10.0,Bearing3_1,1,2038,40Hz10kN/Bearing3_1/2038.csv,train,32768,25600,1.28,1,500
XJTU-SY,3,40Hz10kN,2400,10.0,Bearing3_1,1,2039,40Hz10kN/Bearing3_1/2039.csv,train,32768,25600,1.28,1,499
XJTU-SY,3,40Hz10kN,2400,10.0,Bearing3_1,1,2040,40Hz10kN/Bearing3_1/2040.csv,train,32768,25600,1.28,1,498
XJTU-SY,3,40Hz10kN,2400,10.0,Bearing3_1,1,2041,40Hz10kN/Bearing3_1/2041.csv,train,32768,25600,1.28,1,497
XJTU-SY,3,40Hz10kN,2400,10.0,Bearing3_1,1,2042,40Hz10kN/Bearing3_1/2042.csv,train,32768,25600,1.28,1,496
XJTU-SY,3,40Hz10kN,2400,10.0,Bearing3_1,1,2043,40Hz10kN/Bearing3_1/2043.csv,train,32768,25600,1.28,1,495
XJTU-SY,3,40Hz10kN,2400,10.0,Bearing3_1,1,2044,40Hz10kN/Bearing3_1/2044.csv,train,32768,25600,1.28,1,494
XJTU-SY,3,40Hz10kN,2400,10.0,Bearing3_1,1,2045,40Hz10kN/Bearing3_1/2045.csv,train,32768,25600,1.28,1,493
XJTU-SY,3,40Hz10kN,2400,10.0,Bearing3_1,1,2046,40Hz10kN/Bearing3_1/2046.csv,train,32768,25600,1.28,1,492
XJTU-SY,3,40Hz10kN,2400,10.0,Bearing3_1,1,2047,40Hz10kN/Bearing3_1/2047.csv,train,32768,25600,1.28,1,491
XJTU-SY,3,40Hz10kN,2400,10.0,Bearing3_1,1,2048,40Hz10kN/Bearing3_1/2048.csv,train,32768,25600,1.28,1,490
XJTU-SY,3,40Hz10kN,2400,10.0,Bearing3_1,1,2049,40Hz10kN/Bearing3_1/2049.csv,train,32768,25600,1.28,1,489
XJTU-SY,3,40Hz10kN,2400,10.0,Bearing3_1,1,2050,40Hz10kN/Bearing3_1/2050.csv,train,32768,25600,1.28,1,488
XJTU-SY,3,40Hz10kN,2400,10.0,Bearing3_1,1,2051,40Hz10kN/Bearing3_1/2051.csv,train,32768,25600,1.28,1,487
XJTU-SY,3,40Hz10kN,2400,10.0,Bearing3_1,1,2052,40Hz10kN/Bearing3_1/2052.csv,train,32768,25600,1.28,1,486
XJTU-SY,3,40Hz10kN,2400,10.0,Bearing3_1,1,2053,40Hz10kN/Bearing3_1/2053.csv,train,32768,25600,1.28,1,485
XJTU-SY,3,40Hz10kN,2400,10.0,Bearing3_1,1,2054,40Hz10kN/Bearing3_1/2054.csv,train,32768,25600,1.28,1,484
XJTU-SY,3,40Hz10kN,2400,10.0,Bearing3_1,1,2055,40Hz10kN/Bearing3_1/2055.csv,train,32768,25600,1.28,1,483
XJTU-SY,3,40Hz10kN,2400,10.0,Bearing3_1,1,2056,40Hz10kN/Bearing3_1/2056.csv,train,32768,25600,1.28,1,482
XJTU-SY,3,40Hz10kN,2400,10.0,Bearing3_1,1,2057,40Hz10kN/Bearing3_1/2057.csv,train,32768,25600,1.28,1,481
XJTU-SY,3,40Hz10kN,2400,10.0,Bearing3_1,1,2058,40Hz10kN/Bearing3_1/2058.csv,train,32768,25600,1.28,1,480
XJTU-SY,3,40Hz10kN,2400,10.0,Bearing3_1,1,2059,40Hz10kN/Bearing3_1/2059.csv,train,32768,25600,1.28,1,479
XJTU-SY,3,40Hz10kN,2400,10.0,Bearing3_1,1,2060,40Hz10kN/Bearing3_1/2060.csv,train,32768,25600,1.28,1,478
XJTU-SY,3,40Hz10kN,2400,10.0,Bearing3_1,1,2061,40Hz10kN/Bearing3_1/2061.csv,train,32768,25600,1.28,1,477
XJTU-SY,3,40Hz10kN,2400,10.0,Bearing3_1,1,2062,40Hz10kN/Bearing3_1/2062.csv,train,32768,25600,1.28,1,476
XJTU-SY,3,40Hz10kN,2400,10.0,Bearing3_1,1,2063,40Hz10kN/Bearing3_1/2063.csv,train,32768,25600,1.28,1,475
XJTU-SY,3,40Hz10kN,2400,10.0,Bearing3_1,1,2064,40Hz10kN/Bearing3_1/2064.csv,train,32768,25600,1.28,1,474
XJTU-SY,3,40Hz10kN,2400,10.0,Bearing3_1,1,2065,40Hz10kN/Bearing3_1/2065.csv,train,32768,25600,1.28,1,473
XJTU-SY,3,40Hz10kN,2400,10.0,Bearing3_1,1,2066,40Hz10kN/Bearing3_1/2066.csv,train,32768,25600,1.28,1,472
XJTU-SY,3,40Hz10kN,2400,10.0,Bearing3_1,1,2067,40Hz10kN/Bearing3_1/2067.csv,train,32768,25600,1.28,1,471
XJTU-SY,3,40Hz10kN,2400,10.0,Bearing3_1,1,2068,40Hz10kN/Bearing3_1/2068.csv,train,32768,25600,1.28,1,470
XJTU-SY,3,40Hz10kN,2400,10.0,Bearing3_1,1,2069,40Hz10kN/Bearing3_1/2069.csv,train,32768,25600,1.28,1,469
XJTU-SY,3,40Hz10kN,2400,10.0,Bearing3_1,1,2070,40Hz10kN/Bearing3_1/2070.csv,train,32768,25600,1.28,1,468
XJTU-SY,3,40Hz10kN,2400,10.0,Bearing3_1,1,2071,40Hz10kN/Bearing3_1/2071.csv,train,32768,25600,1.28,1,467
XJTU-SY,3,40Hz10kN,2400,10.0,Bearing3_1,1,2072,40Hz10kN/Bearing3_1/2072.csv,train,32768,25600,1.28,1,466
XJTU-SY,3,40Hz10kN,2400,10.0,Bearing3_1,1,2073,40Hz10kN/Bearing3_1/2073.csv,train,32768,25600,1.28,1,465
XJTU-SY,3,40Hz10kN,2400,10.0,Bearing3_1,1,2074,40Hz10kN/Bearing3_1/2074.csv,train,32768,25600,1.28,1,464
XJTU-SY,3,40Hz10kN,2400,10.0,Bearing3_1,1,2075,40Hz10kN/Bearing3_1/2075.csv,train,32768,25600,1.28,1,463
XJTU-SY,3,40Hz10kN,2400,10.0,Bearing3_1,1,2076,40Hz10kN/Bearing3_1/2076.csv,train,32768,25600,1.28,1,462
XJTU-SY,3,40Hz10kN,2400,10.0,Bearing3_1,1,2077,40Hz10kN/Bearing3_1/2077.csv,train,32768,25600,1.28,1,461
XJTU-SY,3,40Hz10kN,2400,10.0,Bearing3_1,1,2078,40Hz10kN/Bearing3_1/2078.csv,train,32768,25600,1.28,1,460
XJTU-SY,3,40Hz10kN,2400,10.0,Bearing3_1,1,2079,40Hz10kN/Bearing3_1/2079.csv,train,32768,25600,1.28,1,459
XJTU-SY,3,40Hz10kN,2400,10.0,Bearing3_1,1,2080,40Hz10kN/Bearing3_1/2080.csv,train,32768,25600,1.28,1,458
XJTU-SY,3,40Hz10kN,2400,10.0,Bearing3_1,1,2081,40Hz10kN/Bearing3_1/2081.csv,train,32768,25600,1.28,1,457
XJTU-SY,3,40Hz10kN,2400,10.0,Bearing3_1,1,2082,40Hz10kN/Bearing3_1/2082.csv,train,32768,25600,1.28,1,456
XJTU-SY,3,40Hz10kN,2400,10.0,Bearing3_1,1,2083,40Hz10kN/Bearing3_1/2083.csv,train,32768,25600,1.28,1,455
XJTU-SY,3,40Hz10kN,2400,10.0,Bearing3_1,1,2084,40Hz10kN/Bearing3_1/2084.csv,train,32768,25600,1.28,1,454
XJTU-SY,3,40Hz10kN,2400,10.0,Bearing3_1,1,2085,40Hz10kN/Bearing3_1/2085.csv,train,32768,25600,1.28,1,453
XJTU-SY,3,40Hz10kN,2400,10.0,Bearing3_1,1,2086,40Hz10kN/Bearing3_1/2086.csv,train,32768,25600,1.28,1,452
XJTU-SY,3,40Hz10kN,2400,10.0,Bearing3_1,1,2087,40Hz10kN/Bearing3_1/2087.csv,train,32768,25600,1.28,1,451
XJTU-SY,3,40Hz10kN,2400,10.0,Bearing3_1,1,2088,40Hz10kN/Bearing3_1/2088.csv,train,32768,25600,1.28,1,450
XJTU-SY,3,40Hz10kN,2400,10.0,Bearing3_1,1,2089,40Hz10kN/Bearing3_1/2089.csv,train,32768,25600,1.28,1,449
XJTU-SY,3,40Hz10kN,2400,10.0,Bearing3_1,1,2090,40Hz10kN/Bearing3_1/2090.csv,train,32768,25600,1.28,1,448
XJTU-SY,3,40Hz10kN,2400,10.0,Bearing3_1,1,2091,40Hz10kN/Bearing3_1/2091.csv,train,32768,25600,1.28,1,447
XJTU-SY,3,40Hz10kN,2400,10.0,Bearing3_1,1,2092,40Hz10kN/Bearing3_1/2092.csv,train,32768,25600,1.28,1,446
XJTU-SY,3,40Hz10kN,2400,10.0,Bearing3_1,1,2093,40Hz10kN/Bearing3_1/2093.csv,train,32768,25600,1.28,1,445
XJTU-SY,3,40Hz10kN,2400,10.0,Bearing3_1,1,2094,40Hz10kN/Bearing3_1/2094.csv,train,32768,25600,1.28,1,444
XJTU-SY,3,40Hz10kN,2400,10.0,Bearing3_1,1,2095,40Hz10kN/Bearing3_1/2095.csv,train,32768,25600,1.28,1,443
XJTU-SY,3,40Hz10kN,2400,10.0,Bearing3_1,1,2096,40Hz10kN/Bearing3_1/2096.csv,train,32768,25600,1.28,1,442
XJTU-SY,3,40Hz10kN,2400,10.0,Bearing3_1,1,2097,40Hz10kN/Bearing3_1/2097.csv,train,32768,25600,1.28,1,441
XJTU-SY,3,40Hz10kN,2400,10.0,Bearing3_1,1,2098,40Hz10kN/Bearing3_1/2098.csv,train,32768,25600,1.28,1,440
XJTU-SY,3,40Hz10kN,2400,10.0,Bearing3_1,1,2099,40Hz10kN/Bearing3_1/2099.csv,train,32768,25600,1.28,1,439
XJTU-SY,3,40Hz10kN,2400,10.0,Bearing3_1,1,2100,40Hz10kN/Bearing3_1/2100.csv,train,32768,25600,1.28,1,438
XJTU-SY,3,40Hz10kN,2400,10.0,Bearing3_1,1,2101,40Hz10kN/Bearing3_1/2101.csv,train,32768,25600,1.28,1,437
XJTU-SY,3,40Hz10kN,2400,10.0,Bearing3_1,1,2102,40Hz10kN/Bearing3_1/2102.csv,train,32768,25600,1.28,1,436
XJTU-SY,3,40Hz10kN,2400,10.0,Bearing3_1,1,2103,40Hz10kN/Bearing3_1/2103.csv,train,32768,25600,1.28,1,435
XJTU-SY,3,40Hz10kN,2400,10.0,Bearing3_1,1,2104,40Hz10kN/Bearing3_1/2104.csv,train,32768,25600,1.28,1,434
XJTU-SY,3,40Hz10kN,2400,10.0,Bearing3_1,1,2105,40Hz10kN/Bearing3_1/2105.csv,train,32768,25600,1.28,1,433
XJTU-SY,3,40Hz10kN,2400,10.0,Bearing3_1,1,2106,40Hz10kN/Bearing3_1/2106.csv,train,32768,25600,1.28,1,432
XJTU-SY,3,40Hz10kN,2400,10.0,Bearing3_1,1,2107,40Hz10kN/Bearing3_1/2107.csv,train,32768,25600,1.28,1,431
XJTU-SY,3,40Hz10kN,2400,10.0,Bearing3_1,1,2108,40Hz10kN/Bearing3_1/2108.csv,train,32768,25600,1.28,1,430
XJTU-SY,3,40Hz10kN,2400,10.0,Bearing3_1,1,2109,40Hz10kN/Bearing3_1/2109.csv,train,32768,25600,1.28,1,429
XJTU-SY,3,40Hz10kN,2400,10.0,Bearing3_1,1,2110,40Hz10kN/Bearing3_1/2110.csv,train,32768,25600,1.28,1,428
XJTU-SY,3,40Hz10kN,2400,10.0,Bearing3_1,1,2111,40Hz10kN/Bearing3_1/2111.csv,train,32768,25600,1.28,1,427
XJTU-SY,3,40Hz10kN,2400,10.0,Bearing3_1,1,2112,40Hz10kN/Bearing3_1/2112.csv,train,32768,25600,1.28,1,426
XJTU-SY,3,40Hz10kN,2400,10.0,Bearing3_1,1,2113,40Hz10kN/Bearing3_1/2113.csv,train,32768,25600,1.28,1,425
XJTU-SY,3,40Hz10kN,2400,10.0,Bearing3_1,1,2114,40Hz10kN/Bearing3_1/2114.csv,train,32768,25600,1.28,1,424
XJTU-SY,3,40Hz10kN,2400,10.0,Bearing3_1,1,2115,40Hz10kN/Bearing3_1/2115.csv,train,32768,25600,1.28,1,423
XJTU-SY,3,40Hz10kN,2400,10.0,Bearing3_1,1,2116,40Hz10kN/Bearing3_1/2116.csv,train,32768,25600,1.28,1,422
XJTU-SY,3,40Hz10kN,2400,10.0,Bearing3_1,1,2117,40Hz10kN/Bearing3_1/2117.csv,train,32768,25600,1.28,1,421
XJTU-SY,3,40Hz10kN,2400,10.0,Bearing3_1,1,2118,40Hz10kN/Bearing3_1/2118.csv,train,32768,25600,1.28,1,420
XJTU-SY,3,40Hz10kN,2400,10.0,Bearing3_1,1,2119,40Hz10kN/Bearing3_1/2119.csv,train,32768,25600,1.28,1,419
XJTU-SY,3,40Hz10kN,2400,10.0,Bearing3_1,1,2120,40Hz10kN/Bearing3_1/2120.csv,train,32768,25600,1.28,1,418
XJTU-SY,3,40Hz10kN,2400,10.0,Bearing3_1,1,2121,40Hz10kN/Bearing3_1/2121.csv,train,32768,25600,1.28,1,417
XJTU-SY,3,40Hz10kN,2400,10.0,Bearing3_1,1,2122,40Hz10kN/Bearing3_1/2122.csv,train,32768,25600,1.28,1,416
XJTU-SY,3,40Hz10kN,2400,10.0,Bearing3_1,1,2123,40Hz10kN/Bearing3_1/2123.csv,train,32768,25600,1.28,1,415
XJTU-SY,3,40Hz10kN,2400,10.0,Bearing3_1,1,2124,40Hz10kN/Bearing3_1/2124.csv,train,32768,25600,1.28,1,414
XJTU-SY,3,40Hz10kN,2400,10.0,Bearing3_1,1,2125,40Hz10kN/Bearing3_1/2125.csv,train,32768,25600,1.28,1,413
XJTU-SY,3,40Hz10kN,2400,10.0,Bearing3_1,1,2126,40Hz10kN/Bearing3_1/2126.csv,train,32768,25600,1.28,1,412
XJTU-SY,3,40Hz10kN,2400,10.0,Bearing3_1,1,2127,40Hz10kN/Bearing3_1/2127.csv,train,32768,25600,1.28,1,411
XJTU-SY,3,40Hz10kN,2400,10.0,Bearing3_1,1,2128,40Hz10kN/Bearing3_1/2128.csv,train,32768,25600,1.28,1,410
XJTU-SY,3,40Hz10kN,2400,10.0,Bearing3_1,1,2129,40Hz10kN/Bearing3_1/2129.csv,train,32768,25600,1.28,1,409
XJTU-SY,3,40Hz10kN,2400,10.0,Bearing3_1,1,2130,40Hz10kN/Bearing3_1/2130.csv,train,32768,25600,1.28,1,408
XJTU-SY,3,40Hz10kN,2400,10.0,Bearing3_1,1,2131,40Hz10kN/Bearing3_1/2131.csv,train,32768,25600,1.28,1,407
XJTU-SY,3,40Hz10kN,2400,10.0,Bearing3_1,1,2132,40Hz10kN/Bearing3_1/2132.csv,train,32768,25600,1.28,1,406
XJTU-SY,3,40Hz10kN,2400,10.0,Bearing3_1,1,2133,40Hz10kN/Bearing3_1/2133.csv,train,32768,25600,1.28,1,405
XJTU-SY,3,40Hz10kN,2400,10.0,Bearing3_1,1,2134,40Hz10kN/Bearing3_1/2134.csv,train,32768,25600,1.28,1,404
XJTU-SY,3,40Hz10kN,2400,10.0,Bearing3_1,1,2135,40Hz10kN/Bearing3_1/2135.csv,train,32768,25600,1.28,1,403
XJTU-SY,3,40Hz10kN,2400,10.0,Bearing3_1,1,2136,40Hz10kN/Bearing3_1/2136.csv,train,32768,25600,1.28,1,402
XJTU-SY,3,40Hz10kN,2400,10.0,Bearing3_1,1,2137,40Hz10kN/Bearing3_1/2137.csv,train,32768,25600,1.28,1,401
XJTU-SY,3,40Hz10kN,2400,10.0,Bearing3_1,1,2138,40Hz10kN/Bearing3_1/2138.csv,train,32768,25600,1.28,1,400
XJTU-SY,3,40Hz10kN,2400,10.0,Bearing3_1,1,2139,40Hz10kN/Bearing3_1/2139.csv,train,32768,25600,1.28,1,399
XJTU-SY,3,40Hz10kN,2400,10.0,Bearing3_1,1,2140,40Hz10kN/Bearing3_1/2140.csv,train,32768,25600,1.28,1,398
XJTU-SY,3,40Hz10kN,2400,10.0,Bearing3_1,1,2141,40Hz10kN/Bearing3_1/2141.csv,train,32768,25600,1.28,1,397
XJTU-SY,3,40Hz10kN,2400,10.0,Bearing3_1,1,2142,40Hz10kN/Bearing3_1/2142.csv,train,32768,25600,1.28,1,396
XJTU-SY,3,40Hz10kN,2400,10.0,Bearing3_1,1,2143,40Hz10kN/Bearing3_1/2143.csv,train,32768,25600,1.28,1,395
XJTU-SY,3,40Hz10kN,2400,10.0,Bearing3_1,1,2144,40Hz10kN/Bearing3_1/2144.csv,train,32768,25600,1.28,1,394
XJTU-SY,3,40Hz10kN,2400,10.0,Bearing3_1,1,2145,40Hz10kN/Bearing3_1/2145.csv,train,32768,25600,1.28,1,393
XJTU-SY,3,40Hz10kN,2400,10.0,Bearing3_1,1,2146,40Hz10kN/Bearing3_1/2146.csv,train,32768,25600,1.28,1,392
XJTU-SY,3,40Hz10kN,2400,10.0,Bearing3_1,1,2147,40Hz10kN/Bearing3_1/2147.csv,train,32768,25600,1.28,1,391
XJTU-SY,3,40Hz10kN,2400,10.0,Bearing3_1,1,2148,40Hz10kN/Bearing3_1/2148.csv,train,32768,25600,1.28,1,390
XJTU-SY,3,40Hz10kN,2400,10.0,Bearing3_1,1,2149,40Hz10kN/Bearing3_1/2149.csv,train,32768,25600,1.28,1,389
XJTU-SY,3,40Hz10kN,2400,10.0,Bearing3_1,1,2150,40Hz10kN/Bearing3_1/2150.csv,train,32768,25600,1.28,1,388
XJTU-SY,3,40Hz10kN,2400,10.0,Bearing3_1,1,2151,40Hz10kN/Bearing3_1/2151.csv,train,32768,25600,1.28,1,387
XJTU-SY,3,40Hz10kN,2400,10.0,Bearing3_1,1,2152,40Hz10kN/Bearing3_1/2152.csv,train,32768,25600,1.28,1,386
XJTU-SY,3,40Hz10kN,2400,10.0,Bearing3_1,1,2153,40Hz10kN/Bearing3_1/2153.csv,train,32768,25600,1.28,1,385
XJTU-SY,3,40Hz10kN,2400,10.0,Bearing3_1,1,2154,40Hz10kN/Bearing3_1/2154.csv,train,32768,25600,1.28,1,384
XJTU-SY,3,40Hz10kN,2400,10.0,Bearing3_1,1,2155,40Hz10kN/Bearing3_1/2155.csv,train,32768,25600,1.28,1,383
XJTU-SY,3,40Hz10kN,2400,10.0,Bearing3_1,1,2156,40Hz10kN/Bearing3_1/2156.csv,train,32768,25600,1.28,1,382
XJTU-SY,3,40Hz10kN,2400,10.0,Bearing3_1,1,2157,40Hz10kN/Bearing3_1/2157.csv,train,32768,25600,1.28,1,381
XJTU-SY,3,40Hz10kN,2400,10.0,Bearing3_1,1,2158,40Hz10kN/Bearing3_1/2158.csv,train,32768,25600,1.28,1,380
XJTU-SY,3,40Hz10kN,2400,10.0,Bearing3_1,1,2159,40Hz10kN/Bearing3_1/2159.csv,train,32768,25600,1.28,1,379
XJTU-SY,3,40Hz10kN,2400,10.0,Bearing3_1,1,2160,40Hz10kN/Bearing3_1/2160.csv,train,32768,25600,1.28,1,378
XJTU-SY,3,40Hz10kN,2400,10.0,Bearing3_1,1,2161,40Hz10kN/Bearing3_1/2161.csv,train,32768,25600,1.28,1,377
XJTU-SY,3,40Hz10kN,2400,10.0,Bearing3_1,1,2162,40Hz10kN/Bearing3_1/2162.csv,train,32768,25600,1.28,1,376
XJTU-SY,3,40Hz10kN,2400,10.0,Bearing3_1,1,2163,40Hz10kN/Bearing3_1/2163.csv,train,32768,25600,1.28,1,375
XJTU-SY,3,40Hz10kN,2400,10.0,Bearing3_1,1,2164,40Hz10kN/Bearing3_1/2164.csv,train,32768,25600,1.28,1,374
XJTU-SY,3,40Hz10kN,2400,10.0,Bearing3_1,1,2165,40Hz10kN/Bearing3_1/2165.csv,train,32768,25600,1.28,1,373
XJTU-SY,3,40Hz10kN,2400,10.0,Bearing3_1,1,2166,40Hz10kN/Bearing3_1/2166.csv,train,32768,25600,1.28,1,372
XJTU-SY,3,40Hz10kN,2400,10.0,Bearing3_1,1,2167,40Hz10kN/Bearing3_1/2167.csv,train,32768,25600,1.28,1,371
XJTU-SY,3,40Hz10kN,2400,10.0,Bearing3_1,1,2168,40Hz10kN/Bearing3_1/2168.csv,train,32768,25600,1.28,1,370
XJTU-SY,3,40Hz10kN,2400,10.0,Bearing3_1,1,2169,40Hz10kN/Bearing3_1/2169.csv,train,32768,25600,1.28,1,369
XJTU-SY,3,40Hz10kN,2400,10.0,Bearing3_1,1,2170,40Hz10kN/Bearing3_1/2170.csv,train,32768,25600,1.28,1,368
XJTU-SY,3,40Hz10kN,2400,10.0,Bearing3_1,1,2171,40Hz10kN/Bearing3_1/2171.csv,train,32768,25600,1.28,1,367
XJTU-SY,3,40Hz10kN,2400,10.0,Bearing3_1,1,2172,40Hz10kN/Bearing3_1/2172.csv,train,32768,25600,1.28,1,366
XJTU-SY,3,40Hz10kN,2400,10.0,Bearing3_1,1,2173,40Hz10kN/Bearing3_1/2173.csv,train,32768,25600,1.28,1,365
XJTU-SY,3,40Hz10kN,2400,10.0,Bearing3_1,1,2174,40Hz10kN/Bearing3_1/2174.csv,train,32768,25600,1.28,1,364
XJTU-SY,3,40Hz10kN,2400,10.0,Bearing3_1,1,2175,40Hz10kN/Bearing3_1/2175.csv,train,32768,25600,1.28,1,363
XJTU-SY,3,40Hz10kN,2400,10.0,Bearing3_1,1,2176,40Hz10kN/Bearing3_1/2176.csv,train,32768,25600,1.28,1,362
XJTU-SY,3,40Hz10kN,2400,10.0,Bearing3_1,1,2177,40Hz10kN/Bearing3_1/2177.csv,train,32768,25600,1.28,1,361
XJTU-SY,3,40Hz10kN,2400,10.0,Bearing3_1,1,2178,40Hz10kN/Bearing3_1/2178.csv,train,32768,25600,1.28,1,360
XJTU-SY,3,40Hz10kN,2400,10.0,Bearing3_1,1,2179,40Hz10kN/Bearing3_1/2179.csv,train,32768,25600,1.28,1,359
XJTU-SY,3,40Hz10kN,2400,10.0,Bearing3_1,1,2180,40Hz10kN/Bearing3_1/2180.csv,train,32768,25600,1.28,1,358
XJTU-SY,3,40Hz10kN,2400,10.0,Bearing3_1,1,2181,40Hz10kN/Bearing3_1/2181.csv,train,32768,25600,1.28,1,357
XJTU-SY,3,40Hz10kN,2400,10.0,Bearing3_1,1,2182,40Hz10kN/Bearing3_1/2182.csv,train,32768,25600,1.28,1,356
XJTU-SY,3,40Hz10kN,2400,10.0,Bearing3_1,1,2183,40Hz10kN/Bearing3_1/2183.csv,train,32768,25600,1.28,1,355
XJTU-SY,3,40Hz10kN,2400,10.0,Bearing3_1,1,2184,40Hz10kN/Bearing3_1/2184.csv,train,32768,25600,1.28,1,354
XJTU-SY,3,40Hz10kN,2400,10.0,Bearing3_1,1,2185,40Hz10kN/Bearing3_1/2185.csv,train,32768,25600,1.28,1,353
XJTU-SY,3,40Hz10kN,2400,10.0,Bearing3_1,1,2186,40Hz10kN/Bearing3_1/2186.csv,train,32768,25600,1.28,1,352
XJTU-SY,3,40Hz10kN,2400,10.0,Bearing3_1,1,2187,40Hz10kN/Bearing3_1/2187.csv,train,32768,25600,1.28,1,351
XJTU-SY,3,40Hz10kN,2400,10.0,Bearing3_1,1,2188,40Hz10kN/Bearing3_1/2188.csv,train,32768,25600,1.28,1,350
XJTU-SY,3,40Hz10kN,2400,10.0,Bearing3_1,1,2189,40Hz10kN/Bearing3_1/2189.csv,train,32768,25600,1.28,1,349
XJTU-SY,3,40Hz10kN,2400,10.0,Bearing3_1,1,2190,40Hz10kN/Bearing3_1/2190.csv,train,32768,25600,1.28,1,348
XJTU-SY,3,40Hz10kN,2400,10.0,Bearing3_1,1,2191,40Hz10kN/Bearing3_1/2191.csv,train,32768,25600,1.28,1,347
XJTU-SY,3,40Hz10kN,2400,10.0,Bearing3_1,1,2192,40Hz10kN/Bearing3_1/2192.csv,train,32768,25600,1.28,1,346
XJTU-SY,3,40Hz10kN,2400,10.0,Bearing3_1,1,2193,40Hz10kN/Bearing3_1/2193.csv,train,32768,25600,1.28,1,345
XJTU-SY,3,40Hz10kN,2400,10.0,Bearing3_1,1,2194,40Hz10kN/Bearing3_1/2194.csv,train,32768,25600,1.28,1,344
XJTU-SY,3,40Hz10kN,2400,10.0,Bearing3_1,1,2195,40Hz10kN/Bearing3_1/2195.csv,train,32768,25600,1.28,1,343
XJTU-SY,3,40Hz10kN,2400,10.0,Bearing3_1,1,2196,40Hz10kN/Bearing3_1/2196.csv,train,32768,25600,1.28,1,342
XJTU-SY,3,40Hz10kN,2400,10.0,Bearing3_1,1,2197,40Hz10kN/Bearing3_1/2197.csv,train,32768,25600,1.28,1,341
XJTU-SY,3,40Hz10kN,2400,10.0,Bearing3_1,1,2198,40Hz10kN/Bearing3_1/2198.csv,train,32768,25600,1.28,1,340
XJTU-SY,3,40Hz10kN,2400,10.0,Bearing3_1,1,2199,40Hz10kN/Bearing3_1/2199.csv,train,32768,25600,1.28,1,339
XJTU-SY,3,40Hz10kN,2400,10.0,Bearing3_1,1,2200,40Hz10kN/Bearing3_1/2200.csv,train,32768,25600,1.28,1,338
XJTU-SY,3,40Hz10kN,2400,10.0,Bearing3_1,1,2201,40Hz10kN/Bearing3_1/2201.csv,train,32768,25600,1.28,1,337
XJTU-SY,3,40Hz10kN,2400,10.0,Bearing3_1,1,2202,40Hz10kN/Bearing3_1/2202.csv,train,32768,25600,1.28,1,336
XJTU-SY,3,40Hz10kN,2400,10.0,Bearing3_1,1,2203,40Hz10kN/Bearing3_1/2203.csv,train,32768,25600,1.28,1,335
XJTU-SY,3,40Hz10kN,2400,10.0,Bearing3_1,1,2204,40Hz10kN/Bearing3_1/2204.csv,train,32768,25600,1.28,1,334
XJTU-SY,3,40Hz10kN,2400,10.0,Bearing3_1,1,2205,40Hz10kN/Bearing3_1/2205.csv,train,32768,25600,1.28,1,333
XJTU-SY,3,40Hz10kN,2400,10.0,Bearing3_1,1,2206,40Hz10kN/Bearing3_1/2206.csv,train,32768,25600,1.28,1,332
XJTU-SY,3,40Hz10kN,2400,10.0,Bearing3_1,1,2207,40Hz10kN/Bearing3_1/2207.csv,train,32768,25600,1.28,1,331
XJTU-SY,3,40Hz10kN,2400,10.0,Bearing3_1,1,2208,40Hz10kN/Bearing3_1/2208.csv,train,32768,25600,1.28,1,330
XJTU-SY,3,40Hz10kN,2400,10.0,Bearing3_1,1,2209,40Hz10kN/Bearing3_1/2209.csv,train,32768,25600,1.28,1,329
XJTU-SY,3,40Hz10kN,2400,10.0,Bearing3_1,1,2210,40Hz10kN/Bearing3_1/2210.csv,train,32768,25600,1.28,1,328
XJTU-SY,3,40Hz10kN,2400,10.0,Bearing3_1,1,2211,40Hz10kN/Bearing3_1/2211.csv,train,32768,25600,1.28,1,327
XJTU-SY,3,40Hz10kN,2400,10.0,Bearing3_1,1,2212,40Hz10kN/Bearing3_1/2212.csv,train,32768,25600,1.28,1,326
XJTU-SY,3,40Hz10kN,2400,10.0,Bearing3_1,1,2213,40Hz10kN/Bearing3_1/2213.csv,train,32768,25600,1.28,1,325
XJTU-SY,3,40Hz10kN,2400,10.0,Bearing3_1,1,2214,40Hz10kN/Bearing3_1/2214.csv,train,32768,25600,1.28,1,324
XJTU-SY,3,40Hz10kN,2400,10.0,Bearing3_1,1,2215,40Hz10kN/Bearing3_1/2215.csv,train,32768,25600,1.28,1,323
XJTU-SY,3,40Hz10kN,2400,10.0,Bearing3_1,1,2216,40Hz10kN/Bearing3_1/2216.csv,train,32768,25600,1.28,1,322
XJTU-SY,3,40Hz10kN,2400,10.0,Bearing3_1,1,2217,40Hz10kN/Bearing3_1/2217.csv,train,32768,25600,1.28,1,321
XJTU-SY,3,40Hz10kN,2400,10.0,Bearing3_1,1,2218,40Hz10kN/Bearing3_1/2218.csv,train,32768,25600,1.28,1,320
XJTU-SY,3,40Hz10kN,2400,10.0,Bearing3_1,1,2219,40Hz10kN/Bearing3_1/2219.csv,train,32768,25600,1.28,1,319
XJTU-SY,3,40Hz10kN,2400,10.0,Bearing3_1,1,2220,40Hz10kN/Bearing3_1/2220.csv,train,32768,25600,1.28,1,318
XJTU-SY,3,40Hz10kN,2400,10.0,Bearing3_1,1,2221,40Hz10kN/Bearing3_1/2221.csv,train,32768,25600,1.28,1,317
XJTU-SY,3,40Hz10kN,2400,10.0,Bearing3_1,1,2222,40Hz10kN/Bearing3_1/2222.csv,train,32768,25600,1.28,1,316
XJTU-SY,3,40Hz10kN,2400,10.0,Bearing3_1,1,2223,40Hz10kN/Bearing3_1/2223.csv,train,32768,25600,1.28,1,315
XJTU-SY,3,40Hz10kN,2400,10.0,Bearing3_1,1,2224,40Hz10kN/Bearing3_1/2224.csv,train,32768,25600,1.28,1,314
XJTU-SY,3,40Hz10kN,2400,10.0,Bearing3_1,1,2225,40Hz10kN/Bearing3_1/2225.csv,train,32768,25600,1.28,1,313
XJTU-SY,3,40Hz10kN,2400,10.0,Bearing3_1,1,2226,40Hz10kN/Bearing3_1/2226.csv,train,32768,25600,1.28,1,312
XJTU-SY,3,40Hz10kN,2400,10.0,Bearing3_1,1,2227,40Hz10kN/Bearing3_1/2227.csv,train,32768,25600,1.28,1,311
XJTU-SY,3,40Hz10kN,2400,10.0,Bearing3_1,1,2228,40Hz10kN/Bearing3_1/2228.csv,train,32768,25600,1.28,1,310
XJTU-SY,3,40Hz10kN,2400,10.0,Bearing3_1,1,2229,40Hz10kN/Bearing3_1/2229.csv,train,32768,25600,1.28,1,309
XJTU-SY,3,40Hz10kN,2400,10.0,Bearing3_1,1,2230,40Hz10kN/Bearing3_1/2230.csv,train,32768,25600,1.28,1,308
XJTU-SY,3,40Hz10kN,2400,10.0,Bearing3_1,1,2231,40Hz10kN/Bearing3_1/2231.csv,train,32768,25600,1.28,1,307
XJTU-SY,3,40Hz10kN,2400,10.0,Bearing3_1,1,2232,40Hz10kN/Bearing3_1/2232.csv,train,32768,25600,1.28,1,306
XJTU-SY,3,40Hz10kN,2400,10.0,Bearing3_1,1,2233,40Hz10kN/Bearing3_1/2233.csv,train,32768,25600,1.28,1,305
XJTU-SY,3,40Hz10kN,2400,10.0,Bearing3_1,1,2234,40Hz10kN/Bearing3_1/2234.csv,train,32768,25600,1.28,1,304
XJTU-SY,3,40Hz10kN,2400,10.0,Bearing3_1,1,2235,40Hz10kN/Bearing3_1/2235.csv,train,32768,25600,1.28,1,303
XJTU-SY,3,40Hz10kN,2400,10.0,Bearing3_1,1,2236,40Hz10kN/Bearing3_1/2236.csv,train,32768,25600,1.28,1,302
XJTU-SY,3,40Hz10kN,2400,10.0,Bearing3_1,1,2237,40Hz10kN/Bearing3_1/2237.csv,train,32768,25600,1.28,1,301
XJTU-SY,3,40Hz10kN,2400,10.0,Bearing3_1,1,2238,40Hz10kN/Bearing3_1/2238.csv,train,32768,25600,1.28,1,300
XJTU-SY,3,40Hz10kN,2400,10.0,Bearing3_1,1,2239,40Hz10kN/Bearing3_1/2239.csv,train,32768,25600,1.28,1,299
XJTU-SY,3,40Hz10kN,2400,10.0,Bearing3_1,1,2240,40Hz10kN/Bearing3_1/2240.csv,train,32768,25600,1.28,1,298
XJTU-SY,3,40Hz10kN,2400,10.0,Bearing3_1,1,2241,40Hz10kN/Bearing3_1/2241.csv,train,32768,25600,1.28,1,297
XJTU-SY,3,40Hz10kN,2400,10.0,Bearing3_1,1,2242,40Hz10kN/Bearing3_1/2242.csv,train,32768,25600,1.28,1,296
XJTU-SY,3,40Hz10kN,2400,10.0,Bearing3_1,1,2243,40Hz10kN/Bearing3_1/2243.csv,train,32768,25600,1.28,1,295
XJTU-SY,3,40Hz10kN,2400,10.0,Bearing3_1,1,2244,40Hz10kN/Bearing3_1/2244.csv,train,32768,25600,1.28,1,294
XJTU-SY,3,40Hz10kN,2400,10.0,Bearing3_1,1,2245,40Hz10kN/Bearing3_1/2245.csv,train,32768,25600,1.28,1,293
XJTU-SY,3,40Hz10kN,2400,10.0,Bearing3_1,1,2246,40Hz10kN/Bearing3_1/2246.csv,train,32768,25600,1.28,1,292
XJTU-SY,3,40Hz10kN,2400,10.0,Bearing3_1,1,2247,40Hz10kN/Bearing3_1/2247.csv,train,32768,25600,1.28,1,291
XJTU-SY,3,40Hz10kN,2400,10.0,Bearing3_1,1,2248,40Hz10kN/Bearing3_1/2248.csv,train,32768,25600,1.28,1,290
XJTU-SY,3,40Hz10kN,2400,10.0,Bearing3_1,1,2249,40Hz10kN/Bearing3_1/2249.csv,train,32768,25600,1.28,1,289
XJTU-SY,3,40Hz10kN,2400,10.0,Bearing3_1,1,2250,40Hz10kN/Bearing3_1/2250.csv,train,32768,25600,1.28,1,288
XJTU-SY,3,40Hz10kN,2400,10.0,Bearing3_1,1,2251,40Hz10kN/Bearing3_1/2251.csv,train,32768,25600,1.28,1,287
XJTU-SY,3,40Hz10kN,2400,10.0,Bearing3_1,1,2252,40Hz10kN/Bearing3_1/2252.csv,train,32768,25600,1.28,1,286
XJTU-SY,3,40Hz10kN,2400,10.0,Bearing3_1,1,2253,40Hz10kN/Bearing3_1/2253.csv,train,32768,25600,1.28,1,285
XJTU-SY,3,40Hz10kN,2400,10.0,Bearing3_1,1,2254,40Hz10kN/Bearing3_1/2254.csv,train,32768,25600,1.28,1,284
XJTU-SY,3,40Hz10kN,2400,10.0,Bearing3_1,1,2255,40Hz10kN/Bearing3_1/2255.csv,train,32768,25600,1.28,1,283
XJTU-SY,3,40Hz10kN,2400,10.0,Bearing3_1,1,2256,40Hz10kN/Bearing3_1/2256.csv,train,32768,25600,1.28,1,282
XJTU-SY,3,40Hz10kN,2400,10.0,Bearing3_1,1,2257,40Hz10kN/Bearing3_1/2257.csv,train,32768,25600,1.28,1,281
XJTU-SY,3,40Hz10kN,2400,10.0,Bearing3_1,1,2258,40Hz10kN/Bearing3_1/2258.csv,train,32768,25600,1.28,1,280
XJTU-SY,3,40Hz10kN,2400,10.0,Bearing3_1,1,2259,40Hz10kN/Bearing3_1/2259.csv,train,32768,25600,1.28,1,279
XJTU-SY,3,40Hz10kN,2400,10.0,Bearing3_1,1,2260,40Hz10kN/Bearing3_1/2260.csv,train,32768,25600,1.28,1,278
XJTU-SY,3,40Hz10kN,2400,10.0,Bearing3_1,1,2261,40Hz10kN/Bearing3_1/2261.csv,train,32768,25600,1.28,1,277
XJTU-SY,3,40Hz10kN,2400,10.0,Bearing3_1,1,2262,40Hz10kN/Bearing3_1/2262.csv,train,32768,25600,1.28,1,276
XJTU-SY,3,40Hz10kN,2400,10.0,Bearing3_1,1,2263,40Hz10kN/Bearing3_1/2263.csv,train,32768,25600,1.28,1,275
XJTU-SY,3,40Hz10kN,2400,10.0,Bearing3_1,1,2264,40Hz10kN/Bearing3_1/2264.csv,train,32768,25600,1.28,1,274
XJTU-SY,3,40Hz10kN,2400,10.0,Bearing3_1,1,2265,40Hz10kN/Bearing3_1/2265.csv,train,32768,25600,1.28,1,273
XJTU-SY,3,40Hz10kN,2400,10.0,Bearing3_1,1,2266,40Hz10kN/Bearing3_1/2266.csv,train,32768,25600,1.28,1,272
XJTU-SY,3,40Hz10kN,2400,10.0,Bearing3_1,1,2267,40Hz10kN/Bearing3_1/2267.csv,train,32768,25600,1.28,1,271
XJTU-SY,3,40Hz10kN,2400,10.0,Bearing3_1,1,2268,40Hz10kN/Bearing3_1/2268.csv,train,32768,25600,1.28,1,270
XJTU-SY,3,40Hz10kN,2400,10.0,Bearing3_1,1,2269,40Hz10kN/Bearing3_1/2269.csv,train,32768,25600,1.28,1,269
XJTU-SY,3,40Hz10kN,2400,10.0,Bearing3_1,1,2270,40Hz10kN/Bearing3_1/2270.csv,train,32768,25600,1.28,1,268
XJTU-SY,3,40Hz10kN,2400,10.0,Bearing3_1,1,2271,40Hz10kN/Bearing3_1/2271.csv,train,32768,25600,1.28,1,267
XJTU-SY,3,40Hz10kN,2400,10.0,Bearing3_1,1,2272,40Hz10kN/Bearing3_1/2272.csv,train,32768,25600,1.28,1,266
XJTU-SY,3,40Hz10kN,2400,10.0,Bearing3_1,1,2273,40Hz10kN/Bearing3_1/2273.csv,train,32768,25600,1.28,1,265
XJTU-SY,3,40Hz10kN,2400,10.0,Bearing3_1,1,2274,40Hz10kN/Bearing3_1/2274.csv,train,32768,25600,1.28,1,264
XJTU-SY,3,40Hz10kN,2400,10.0,Bearing3_1,1,2275,40Hz10kN/Bearing3_1/2275.csv,train,32768,25600,1.28,1,263
XJTU-SY,3,40Hz10kN,2400,10.0,Bearing3_1,1,2276,40Hz10kN/Bearing3_1/2276.csv,train,32768,25600,1.28,1,262
XJTU-SY,3,40Hz10kN,2400,10.0,Bearing3_1,1,2277,40Hz10kN/Bearing3_1/2277.csv,train,32768,25600,1.28,1,261
XJTU-SY,3,40Hz10kN,2400,10.0,Bearing3_1,1,2278,40Hz10kN/Bearing3_1/2278.csv,train,32768,25600,1.28,1,260
XJTU-SY,3,40Hz10kN,2400,10.0,Bearing3_1,1,2279,40Hz10kN/Bearing3_1/2279.csv,train,32768,25600,1.28,1,259
XJTU-SY,3,40Hz10kN,2400,10.0,Bearing3_1,1,2280,40Hz10kN/Bearing3_1/2280.csv,train,32768,25600,1.28,1,258
XJTU-SY,3,40Hz10kN,2400,10.0,Bearing3_1,1,2281,40Hz10kN/Bearing3_1/2281.csv,train,32768,25600,1.28,1,257
XJTU-SY,3,40Hz10kN,2400,10.0,Bearing3_1,1,2282,40Hz10kN/Bearing3_1/2282.csv,train,32768,25600,1.28,1,256
XJTU-SY,3,40Hz10kN,2400,10.0,Bearing3_1,1,2283,40Hz10kN/Bearing3_1/2283.csv,train,32768,25600,1.28,1,255
XJTU-SY,3,40Hz10kN,2400,10.0,Bearing3_1,1,2284,40Hz10kN/Bearing3_1/2284.csv,train,32768,25600,1.28,1,254
XJTU-SY,3,40Hz10kN,2400,10.0,Bearing3_1,1,2285,40Hz10kN/Bearing3_1/2285.csv,train,32768,25600,1.28,1,253
XJTU-SY,3,40Hz10kN,2400,10.0,Bearing3_1,1,2286,40Hz10kN/Bearing3_1/2286.csv,train,32768,25600,1.28,1,252
XJTU-SY,3,40Hz10kN,2400,10.0,Bearing3_1,1,2287,40Hz10kN/Bearing3_1/2287.csv,train,32768,25600,1.28,1,251
XJTU-SY,3,40Hz10kN,2400,10.0,Bearing3_1,1,2288,40Hz10kN/Bearing3_1/2288.csv,train,32768,25600,1.28,1,250
XJTU-SY,3,40Hz10kN,2400,10.0,Bearing3_1,1,2289,40Hz10kN/Bearing3_1/2289.csv,train,32768,25600,1.28,1,249
XJTU-SY,3,40Hz10kN,2400,10.0,Bearing3_1,1,2290,40Hz10kN/Bearing3_1/2290.csv,train,32768,25600,1.28,1,248
XJTU-SY,3,40Hz10kN,2400,10.0,Bearing3_1,1,2291,40Hz10kN/Bearing3_1/2291.csv,train,32768,25600,1.28,1,247
XJTU-SY,3,40Hz10kN,2400,10.0,Bearing3_1,1,2292,40Hz10kN/Bearing3_1/2292.csv,train,32768,25600,1.28,1,246
XJTU-SY,3,40Hz10kN,2400,10.0,Bearing3_1,1,2293,40Hz10kN/Bearing3_1/2293.csv,train,32768,25600,1.28,1,245
XJTU-SY,3,40Hz10kN,2400,10.0,Bearing3_1,1,2294,40Hz10kN/Bearing3_1/2294.csv,train,32768,25600,1.28,1,244
XJTU-SY,3,40Hz10kN,2400,10.0,Bearing3_1,1,2295,40Hz10kN/Bearing3_1/2295.csv,train,32768,25600,1.28,1,243
XJTU-SY,3,40Hz10kN,2400,10.0,Bearing3_1,1,2296,40Hz10kN/Bearing3_1/2296.csv,train,32768,25600,1.28,1,242
XJTU-SY,3,40Hz10kN,2400,10.0,Bearing3_1,1,2297,40Hz10kN/Bearing3_1/2297.csv,train,32768,25600,1.28,1,241
XJTU-SY,3,40Hz10kN,2400,10.0,Bearing3_1,1,2298,40Hz10kN/Bearing3_1/2298.csv,train,32768,25600,1.28,1,240
XJTU-SY,3,40Hz10kN,2400,10.0,Bearing3_1,1,2299,40Hz10kN/Bearing3_1/2299.csv,train,32768,25600,1.28,1,239
XJTU-SY,3,40Hz10kN,2400,10.0,Bearing3_1,1,2300,40Hz10kN/Bearing3_1/2300.csv,train,32768,25600,1.28,1,238
XJTU-SY,3,40Hz10kN,2400,10.0,Bearing3_1,1,2301,40Hz10kN/Bearing3_1/2301.csv,train,32768,25600,1.28,1,237
XJTU-SY,3,40Hz10kN,2400,10.0,Bearing3_1,1,2302,40Hz10kN/Bearing3_1/2302.csv,train,32768,25600,1.28,1,236
XJTU-SY,3,40Hz10kN,2400,10.0,Bearing3_1,1,2303,40Hz10kN/Bearing3_1/2303.csv,train,32768,25600,1.28,1,235
XJTU-SY,3,40Hz10kN,2400,10.0,Bearing3_1,1,2304,40Hz10kN/Bearing3_1/2304.csv,train,32768,25600,1.28,1,234
XJTU-SY,3,40Hz10kN,2400,10.0,Bearing3_1,1,2305,40Hz10kN/Bearing3_1/2305.csv,train,32768,25600,1.28,1,233
XJTU-SY,3,40Hz10kN,2400,10.0,Bearing3_1,1,2306,40Hz10kN/Bearing3_1/2306.csv,train,32768,25600,1.28,1,232
XJTU-SY,3,40Hz10kN,2400,10.0,Bearing3_1,1,2307,40Hz10kN/Bearing3_1/2307.csv,train,32768,25600,1.28,1,231
XJTU-SY,3,40Hz10kN,2400,10.0,Bearing3_1,1,2308,40Hz10kN/Bearing3_1/2308.csv,train,32768,25600,1.28,1,230
XJTU-SY,3,40Hz10kN,2400,10.0,Bearing3_1,1,2309,40Hz10kN/Bearing3_1/2309.csv,train,32768,25600,1.28,1,229
XJTU-SY,3,40Hz10kN,2400,10.0,Bearing3_1,1,2310,40Hz10kN/Bearing3_1/2310.csv,train,32768,25600,1.28,1,228
XJTU-SY,3,40Hz10kN,2400,10.0,Bearing3_1,1,2311,40Hz10kN/Bearing3_1/2311.csv,train,32768,25600,1.28,1,227
XJTU-SY,3,40Hz10kN,2400,10.0,Bearing3_1,1,2312,40Hz10kN/Bearing3_1/2312.csv,train,32768,25600,1.28,1,226
XJTU-SY,3,40Hz10kN,2400,10.0,Bearing3_1,1,2313,40Hz10kN/Bearing3_1/2313.csv,train,32768,25600,1.28,1,225
XJTU-SY,3,40Hz10kN,2400,10.0,Bearing3_1,1,2314,40Hz10kN/Bearing3_1/2314.csv,train,32768,25600,1.28,1,224
XJTU-SY,3,40Hz10kN,2400,10.0,Bearing3_1,1,2315,40Hz10kN/Bearing3_1/2315.csv,train,32768,25600,1.28,1,223
XJTU-SY,3,40Hz10kN,2400,10.0,Bearing3_1,1,2316,40Hz10kN/Bearing3_1/2316.csv,train,32768,25600,1.28,1,222
XJTU-SY,3,40Hz10kN,2400,10.0,Bearing3_1,1,2317,40Hz10kN/Bearing3_1/2317.csv,train,32768,25600,1.28,1,221
XJTU-SY,3,40Hz10kN,2400,10.0,Bearing3_1,1,2318,40Hz10kN/Bearing3_1/2318.csv,train,32768,25600,1.28,1,220
XJTU-SY,3,40Hz10kN,2400,10.0,Bearing3_1,1,2319,40Hz10kN/Bearing3_1/2319.csv,train,32768,25600,1.28,1,219
XJTU-SY,3,40Hz10kN,2400,10.0,Bearing3_1,1,2320,40Hz10kN/Bearing3_1/2320.csv,train,32768,25600,1.28,1,218
XJTU-SY,3,40Hz10kN,2400,10.0,Bearing3_1,1,2321,40Hz10kN/Bearing3_1/2321.csv,train,32768,25600,1.28,1,217
XJTU-SY,3,40Hz10kN,2400,10.0,Bearing3_1,1,2322,40Hz10kN/Bearing3_1/2322.csv,train,32768,25600,1.28,1,216
XJTU-SY,3,40Hz10kN,2400,10.0,Bearing3_1,1,2323,40Hz10kN/Bearing3_1/2323.csv,train,32768,25600,1.28,1,215
XJTU-SY,3,40Hz10kN,2400,10.0,Bearing3_1,1,2324,40Hz10kN/Bearing3_1/2324.csv,train,32768,25600,1.28,1,214
XJTU-SY,3,40Hz10kN,2400,10.0,Bearing3_1,1,2325,40Hz10kN/Bearing3_1/2325.csv,train,32768,25600,1.28,1,213
XJTU-SY,3,40Hz10kN,2400,10.0,Bearing3_1,1,2326,40Hz10kN/Bearing3_1/2326.csv,train,32768,25600,1.28,1,212
XJTU-SY,3,40Hz10kN,2400,10.0,Bearing3_1,1,2327,40Hz10kN/Bearing3_1/2327.csv,train,32768,25600,1.28,1,211
XJTU-SY,3,40Hz10kN,2400,10.0,Bearing3_1,1,2328,40Hz10kN/Bearing3_1/2328.csv,train,32768,25600,1.28,1,210
XJTU-SY,3,40Hz10kN,2400,10.0,Bearing3_1,1,2329,40Hz10kN/Bearing3_1/2329.csv,train,32768,25600,1.28,1,209
XJTU-SY,3,40Hz10kN,2400,10.0,Bearing3_1,1,2330,40Hz10kN/Bearing3_1/2330.csv,train,32768,25600,1.28,1,208
XJTU-SY,3,40Hz10kN,2400,10.0,Bearing3_1,1,2331,40Hz10kN/Bearing3_1/2331.csv,train,32768,25600,1.28,1,207
XJTU-SY,3,40Hz10kN,2400,10.0,Bearing3_1,1,2332,40Hz10kN/Bearing3_1/2332.csv,train,32768,25600,1.28,1,206
XJTU-SY,3,40Hz10kN,2400,10.0,Bearing3_1,1,2333,40Hz10kN/Bearing3_1/2333.csv,train,32768,25600,1.28,1,205
XJTU-SY,3,40Hz10kN,2400,10.0,Bearing3_1,1,2334,40Hz10kN/Bearing3_1/2334.csv,train,32768,25600,1.28,1,204
XJTU-SY,3,40Hz10kN,2400,10.0,Bearing3_1,1,2335,40Hz10kN/Bearing3_1/2335.csv,train,32768,25600,1.28,1,203
XJTU-SY,3,40Hz10kN,2400,10.0,Bearing3_1,1,2336,40Hz10kN/Bearing3_1/2336.csv,train,32768,25600,1.28,1,202
XJTU-SY,3,40Hz10kN,2400,10.0,Bearing3_1,1,2337,40Hz10kN/Bearing3_1/2337.csv,train,32768,25600,1.28,1,201
XJTU-SY,3,40Hz10kN,2400,10.0,Bearing3_1,1,2338,40Hz10kN/Bearing3_1/2338.csv,train,32768,25600,1.28,1,200
XJTU-SY,3,40Hz10kN,2400,10.0,Bearing3_1,1,2339,40Hz10kN/Bearing3_1/2339.csv,train,32768,25600,1.28,1,199
XJTU-SY,3,40Hz10kN,2400,10.0,Bearing3_1,1,2340,40Hz10kN/Bearing3_1/2340.csv,train,32768,25600,1.28,1,198
XJTU-SY,3,40Hz10kN,2400,10.0,Bearing3_1,1,2341,40Hz10kN/Bearing3_1/2341.csv,train,32768,25600,1.28,1,197
XJTU-SY,3,40Hz10kN,2400,10.0,Bearing3_1,1,2342,40Hz10kN/Bearing3_1/2342.csv,train,32768,25600,1.28,1,196
XJTU-SY,3,40Hz10kN,2400,10.0,Bearing3_1,1,2343,40Hz10kN/Bearing3_1/2343.csv,train,32768,25600,1.28,1,195
XJTU-SY,3,40Hz10kN,2400,10.0,Bearing3_1,1,2344,40Hz10kN/Bearing3_1/2344.csv,train,32768,25600,1.28,1,194
XJTU-SY,3,40Hz10kN,2400,10.0,Bearing3_1,1,2345,40Hz10kN/Bearing3_1/2345.csv,train,32768,25600,1.28,1,193
XJTU-SY,3,40Hz10kN,2400,10.0,Bearing3_1,1,2346,40Hz10kN/Bearing3_1/2346.csv,train,32768,25600,1.28,1,192
XJTU-SY,3,40Hz10kN,2400,10.0,Bearing3_1,1,2347,40Hz10kN/Bearing3_1/2347.csv,train,32768,25600,1.28,1,191
XJTU-SY,3,40Hz10kN,2400,10.0,Bearing3_1,1,2348,40Hz10kN/Bearing3_1/2348.csv,train,32768,25600,1.28,1,190
XJTU-SY,3,40Hz10kN,2400,10.0,Bearing3_1,1,2349,40Hz10kN/Bearing3_1/2349.csv,train,32768,25600,1.28,1,189
XJTU-SY,3,40Hz10kN,2400,10.0,Bearing3_1,1,2350,40Hz10kN/Bearing3_1/2350.csv,train,32768,25600,1.28,1,188
XJTU-SY,3,40Hz10kN,2400,10.0,Bearing3_1,1,2351,40Hz10kN/Bearing3_1/2351.csv,train,32768,25600,1.28,1,187
XJTU-SY,3,40Hz10kN,2400,10.0,Bearing3_1,1,2352,40Hz10kN/Bearing3_1/2352.csv,train,32768,25600,1.28,1,186
XJTU-SY,3,40Hz10kN,2400,10.0,Bearing3_1,1,2353,40Hz10kN/Bearing3_1/2353.csv,train,32768,25600,1.28,1,185
XJTU-SY,3,40Hz10kN,2400,10.0,Bearing3_1,1,2354,40Hz10kN/Bearing3_1/2354.csv,train,32768,25600,1.28,1,184
XJTU-SY,3,40Hz10kN,2400,10.0,Bearing3_1,1,2355,40Hz10kN/Bearing3_1/2355.csv,train,32768,25600,1.28,1,183
XJTU-SY,3,40Hz10kN,2400,10.0,Bearing3_1,1,2356,40Hz10kN/Bearing3_1/2356.csv,train,32768,25600,1.28,1,182
XJTU-SY,3,40Hz10kN,2400,10.0,Bearing3_1,1,2357,40Hz10kN/Bearing3_1/2357.csv,train,32768,25600,1.28,1,181
XJTU-SY,3,40Hz10kN,2400,10.0,Bearing3_1,1,2358,40Hz10kN/Bearing3_1/2358.csv,train,32768,25600,1.28,1,180
XJTU-SY,3,40Hz10kN,2400,10.0,Bearing3_1,1,2359,40Hz10kN/Bearing3_1/2359.csv,train,32768,25600,1.28,1,179
XJTU-SY,3,40Hz10kN,2400,10.0,Bearing3_1,1,2360,40Hz10kN/Bearing3_1/2360.csv,train,32768,25600,1.28,1,178
XJTU-SY,3,40Hz10kN,2400,10.0,Bearing3_1,1,2361,40Hz10kN/Bearing3_1/2361.csv,train,32768,25600,1.28,1,177
XJTU-SY,3,40Hz10kN,2400,10.0,Bearing3_1,1,2362,40Hz10kN/Bearing3_1/2362.csv,train,32768,25600,1.28,1,176
XJTU-SY,3,40Hz10kN,2400,10.0,Bearing3_1,1,2363,40Hz10kN/Bearing3_1/2363.csv,train,32768,25600,1.28,1,175
XJTU-SY,3,40Hz10kN,2400,10.0,Bearing3_1,1,2364,40Hz10kN/Bearing3_1/2364.csv,train,32768,25600,1.28,1,174
XJTU-SY,3,40Hz10kN,2400,10.0,Bearing3_1,1,2365,40Hz10kN/Bearing3_1/2365.csv,train,32768,25600,1.28,1,173
XJTU-SY,3,40Hz10kN,2400,10.0,Bearing3_1,1,2366,40Hz10kN/Bearing3_1/2366.csv,train,32768,25600,1.28,1,172
XJTU-SY,3,40Hz10kN,2400,10.0,Bearing3_1,1,2367,40Hz10kN/Bearing3_1/2367.csv,train,32768,25600,1.28,1,171
XJTU-SY,3,40Hz10kN,2400,10.0,Bearing3_1,1,2368,40Hz10kN/Bearing3_1/2368.csv,train,32768,25600,1.28,1,170
XJTU-SY,3,40Hz10kN,2400,10.0,Bearing3_1,1,2369,40Hz10kN/Bearing3_1/2369.csv,train,32768,25600,1.28,1,169
XJTU-SY,3,40Hz10kN,2400,10.0,Bearing3_1,1,2370,40Hz10kN/Bearing3_1/2370.csv,train,32768,25600,1.28,1,168
XJTU-SY,3,40Hz10kN,2400,10.0,Bearing3_1,1,2371,40Hz10kN/Bearing3_1/2371.csv,train,32768,25600,1.28,1,167
XJTU-SY,3,40Hz10kN,2400,10.0,Bearing3_1,1,2372,40Hz10kN/Bearing3_1/2372.csv,train,32768,25600,1.28,1,166
XJTU-SY,3,40Hz10kN,2400,10.0,Bearing3_1,1,2373,40Hz10kN/Bearing3_1/2373.csv,train,32768,25600,1.28,1,165
XJTU-SY,3,40Hz10kN,2400,10.0,Bearing3_1,1,2374,40Hz10kN/Bearing3_1/2374.csv,train,32768,25600,1.28,1,164
XJTU-SY,3,40Hz10kN,2400,10.0,Bearing3_1,1,2375,40Hz10kN/Bearing3_1/2375.csv,train,32768,25600,1.28,1,163
XJTU-SY,3,40Hz10kN,2400,10.0,Bearing3_1,1,2376,40Hz10kN/Bearing3_1/2376.csv,train,32768,25600,1.28,1,162
XJTU-SY,3,40Hz10kN,2400,10.0,Bearing3_1,1,2377,40Hz10kN/Bearing3_1/2377.csv,train,32768,25600,1.28,1,161
XJTU-SY,3,40Hz10kN,2400,10.0,Bearing3_1,1,2378,40Hz10kN/Bearing3_1/2378.csv,train,32768,25600,1.28,1,160
XJTU-SY,3,40Hz10kN,2400,10.0,Bearing3_1,1,2379,40Hz10kN/Bearing3_1/2379.csv,train,32768,25600,1.28,1,159
XJTU-SY,3,40Hz10kN,2400,10.0,Bearing3_1,1,2380,40Hz10kN/Bearing3_1/2380.csv,train,32768,25600,1.28,1,158
XJTU-SY,3,40Hz10kN,2400,10.0,Bearing3_1,1,2381,40Hz10kN/Bearing3_1/2381.csv,train,32768,25600,1.28,1,157
XJTU-SY,3,40Hz10kN,2400,10.0,Bearing3_1,1,2382,40Hz10kN/Bearing3_1/2382.csv,train,32768,25600,1.28,1,156
XJTU-SY,3,40Hz10kN,2400,10.0,Bearing3_1,1,2383,40Hz10kN/Bearing3_1/2383.csv,train,32768,25600,1.28,1,155
XJTU-SY,3,40Hz10kN,2400,10.0,Bearing3_1,1,2384,40Hz10kN/Bearing3_1/2384.csv,train,32768,25600,1.28,1,154
XJTU-SY,3,40Hz10kN,2400,10.0,Bearing3_1,1,2385,40Hz10kN/Bearing3_1/2385.csv,train,32768,25600,1.28,1,153
XJTU-SY,3,40Hz10kN,2400,10.0,Bearing3_1,1,2386,40Hz10kN/Bearing3_1/2386.csv,train,32768,25600,1.28,1,152
XJTU-SY,3,40Hz10kN,2400,10.0,Bearing3_1,1,2387,40Hz10kN/Bearing3_1/2387.csv,train,32768,25600,1.28,1,151
XJTU-SY,3,40Hz10kN,2400,10.0,Bearing3_1,1,2388,40Hz10kN/Bearing3_1/2388.csv,train,32768,25600,1.28,1,150
XJTU-SY,3,40Hz10kN,2400,10.0,Bearing3_1,1,2389,40Hz10kN/Bearing3_1/2389.csv,train,32768,25600,1.28,1,149
XJTU-SY,3,40Hz10kN,2400,10.0,Bearing3_1,1,2390,40Hz10kN/Bearing3_1/2390.csv,train,32768,25600,1.28,1,148
XJTU-SY,3,40Hz10kN,2400,10.0,Bearing3_1,1,2391,40Hz10kN/Bearing3_1/2391.csv,train,32768,25600,1.28,1,147
XJTU-SY,3,40Hz10kN,2400,10.0,Bearing3_1,1,2392,40Hz10kN/Bearing3_1/2392.csv,train,32768,25600,1.28,1,146
XJTU-SY,3,40Hz10kN,2400,10.0,Bearing3_1,1,2393,40Hz10kN/Bearing3_1/2393.csv,train,32768,25600,1.28,1,145
XJTU-SY,3,40Hz10kN,2400,10.0,Bearing3_1,1,2394,40Hz10kN/Bearing3_1/2394.csv,train,32768,25600,1.28,1,144
XJTU-SY,3,40Hz10kN,2400,10.0,Bearing3_1,1,2395,40Hz10kN/Bearing3_1/2395.csv,train,32768,25600,1.28,1,143
XJTU-SY,3,40Hz10kN,2400,10.0,Bearing3_1,1,2396,40Hz10kN/Bearing3_1/2396.csv,train,32768,25600,1.28,1,142
XJTU-SY,3,40Hz10kN,2400,10.0,Bearing3_1,1,2397,40Hz10kN/Bearing3_1/2397.csv,train,32768,25600,1.28,1,141
XJTU-SY,3,40Hz10kN,2400,10.0,Bearing3_1,1,2398,40Hz10kN/Bearing3_1/2398.csv,train,32768,25600,1.28,1,140
XJTU-SY,3,40Hz10kN,2400,10.0,Bearing3_1,1,2399,40Hz10kN/Bearing3_1/2399.csv,train,32768,25600,1.28,1,139
XJTU-SY,3,40Hz10kN,2400,10.0,Bearing3_1,1,2400,40Hz10kN/Bearing3_1/2400.csv,train,32768,25600,1.28,1,138
XJTU-SY,3,40Hz10kN,2400,10.0,Bearing3_1,1,2401,40Hz10kN/Bearing3_1/2401.csv,train,32768,25600,1.28,1,137
XJTU-SY,3,40Hz10kN,2400,10.0,Bearing3_1,1,2402,40Hz10kN/Bearing3_1/2402.csv,train,32768,25600,1.28,1,136
XJTU-SY,3,40Hz10kN,2400,10.0,Bearing3_1,1,2403,40Hz10kN/Bearing3_1/2403.csv,train,32768,25600,1.28,1,135
XJTU-SY,3,40Hz10kN,2400,10.0,Bearing3_1,1,2404,40Hz10kN/Bearing3_1/2404.csv,train,32768,25600,1.28,1,134
XJTU-SY,3,40Hz10kN,2400,10.0,Bearing3_1,1,2405,40Hz10kN/Bearing3_1/2405.csv,train,32768,25600,1.28,1,133
XJTU-SY,3,40Hz10kN,2400,10.0,Bearing3_1,1,2406,40Hz10kN/Bearing3_1/2406.csv,train,32768,25600,1.28,1,132
XJTU-SY,3,40Hz10kN,2400,10.0,Bearing3_1,1,2407,40Hz10kN/Bearing3_1/2407.csv,train,32768,25600,1.28,1,131
XJTU-SY,3,40Hz10kN,2400,10.0,Bearing3_1,1,2408,40Hz10kN/Bearing3_1/2408.csv,train,32768,25600,1.28,1,130
XJTU-SY,3,40Hz10kN,2400,10.0,Bearing3_1,1,2409,40Hz10kN/Bearing3_1/2409.csv,train,32768,25600,1.28,1,129
XJTU-SY,3,40Hz10kN,2400,10.0,Bearing3_1,1,2410,40Hz10kN/Bearing3_1/2410.csv,train,32768,25600,1.28,1,128
XJTU-SY,3,40Hz10kN,2400,10.0,Bearing3_1,1,2411,40Hz10kN/Bearing3_1/2411.csv,train,32768,25600,1.28,1,127
XJTU-SY,3,40Hz10kN,2400,10.0,Bearing3_1,1,2412,40Hz10kN/Bearing3_1/2412.csv,train,32768,25600,1.28,1,126
XJTU-SY,3,40Hz10kN,2400,10.0,Bearing3_1,1,2413,40Hz10kN/Bearing3_1/2413.csv,train,32768,25600,1.28,1,125
XJTU-SY,3,40Hz10kN,2400,10.0,Bearing3_1,1,2414,40Hz10kN/Bearing3_1/2414.csv,train,32768,25600,1.28,1,124
XJTU-SY,3,40Hz10kN,2400,10.0,Bearing3_1,1,2415,40Hz10kN/Bearing3_1/2415.csv,train,32768,25600,1.28,1,123
XJTU-SY,3,40Hz10kN,2400,10.0,Bearing3_1,1,2416,40Hz10kN/Bearing3_1/2416.csv,train,32768,25600,1.28,1,122
XJTU-SY,3,40Hz10kN,2400,10.0,Bearing3_1,1,2417,40Hz10kN/Bearing3_1/2417.csv,train,32768,25600,1.28,1,121
XJTU-SY,3,40Hz10kN,2400,10.0,Bearing3_1,1,2418,40Hz10kN/Bearing3_1/2418.csv,train,32768,25600,1.28,1,120
XJTU-SY,3,40Hz10kN,2400,10.0,Bearing3_1,1,2419,40Hz10kN/Bearing3_1/2419.csv,train,32768,25600,1.28,1,119
XJTU-SY,3,40Hz10kN,2400,10.0,Bearing3_1,1,2420,40Hz10kN/Bearing3_1/2420.csv,train,32768,25600,1.28,1,118
XJTU-SY,3,40Hz10kN,2400,10.0,Bearing3_1,1,2421,40Hz10kN/Bearing3_1/2421.csv,train,32768,25600,1.28,1,117
XJTU-SY,3,40Hz10kN,2400,10.0,Bearing3_1,1,2422,40Hz10kN/Bearing3_1/2422.csv,train,32768,25600,1.28,1,116
XJTU-SY,3,40Hz10kN,2400,10.0,Bearing3_1,1,2423,40Hz10kN/Bearing3_1/2423.csv,train,32768,25600,1.28,1,115
XJTU-SY,3,40Hz10kN,2400,10.0,Bearing3_1,1,2424,40Hz10kN/Bearing3_1/2424.csv,train,32768,25600,1.28,1,114
XJTU-SY,3,40Hz10kN,2400,10.0,Bearing3_1,1,2425,40Hz10kN/Bearing3_1/2425.csv,train,32768,25600,1.28,1,113
XJTU-SY,3,40Hz10kN,2400,10.0,Bearing3_1,1,2426,40Hz10kN/Bearing3_1/2426.csv,train,32768,25600,1.28,1,112
XJTU-SY,3,40Hz10kN,2400,10.0,Bearing3_1,1,2427,40Hz10kN/Bearing3_1/2427.csv,train,32768,25600,1.28,1,111
XJTU-SY,3,40Hz10kN,2400,10.0,Bearing3_1,1,2428,40Hz10kN/Bearing3_1/2428.csv,train,32768,25600,1.28,1,110
XJTU-SY,3,40Hz10kN,2400,10.0,Bearing3_1,1,2429,40Hz10kN/Bearing3_1/2429.csv,train,32768,25600,1.28,1,109
XJTU-SY,3,40Hz10kN,2400,10.0,Bearing3_1,1,2430,40Hz10kN/Bearing3_1/2430.csv,train,32768,25600,1.28,1,108
XJTU-SY,3,40Hz10kN,2400,10.0,Bearing3_1,1,2431,40Hz10kN/Bearing3_1/2431.csv,train,32768,25600,1.28,1,107
XJTU-SY,3,40Hz10kN,2400,10.0,Bearing3_1,1,2432,40Hz10kN/Bearing3_1/2432.csv,train,32768,25600,1.28,1,106
XJTU-SY,3,40Hz10kN,2400,10.0,Bearing3_1,1,2433,40Hz10kN/Bearing3_1/2433.csv,train,32768,25600,1.28,1,105
XJTU-SY,3,40Hz10kN,2400,10.0,Bearing3_1,1,2434,40Hz10kN/Bearing3_1/2434.csv,train,32768,25600,1.28,1,104
XJTU-SY,3,40Hz10kN,2400,10.0,Bearing3_1,1,2435,40Hz10kN/Bearing3_1/2435.csv,train,32768,25600,1.28,1,103
XJTU-SY,3,40Hz10kN,2400,10.0,Bearing3_1,1,2436,40Hz10kN/Bearing3_1/2436.csv,train,32768,25600,1.28,1,102
XJTU-SY,3,40Hz10kN,2400,10.0,Bearing3_1,1,2437,40Hz10kN/Bearing3_1/2437.csv,train,32768,25600,1.28,1,101
XJTU-SY,3,40Hz10kN,2400,10.0,Bearing3_1,1,2438,40Hz10kN/Bearing3_1/2438.csv,train,32768,25600,1.28,1,100
XJTU-SY,3,40Hz10kN,2400,10.0,Bearing3_1,1,2439,40Hz10kN/Bearing3_1/2439.csv,train,32768,25600,1.28,1,99
XJTU-SY,3,40Hz10kN,2400,10.0,Bearing3_1,1,2440,40Hz10kN/Bearing3_1/2440.csv,train,32768,25600,1.28,1,98
XJTU-SY,3,40Hz10kN,2400,10.0,Bearing3_1,1,2441,40Hz10kN/Bearing3_1/2441.csv,train,32768,25600,1.28,1,97
XJTU-SY,3,40Hz10kN,2400,10.0,Bearing3_1,1,2442,40Hz10kN/Bearing3_1/2442.csv,train,32768,25600,1.28,1,96
XJTU-SY,3,40Hz10kN,2400,10.0,Bearing3_1,1,2443,40Hz10kN/Bearing3_1/2443.csv,train,32768,25600,1.28,1,95
XJTU-SY,3,40Hz10kN,2400,10.0,Bearing3_1,1,2444,40Hz10kN/Bearing3_1/2444.csv,train,32768,25600,1.28,1,94
XJTU-SY,3,40Hz10kN,2400,10.0,Bearing3_1,1,2445,40Hz10kN/Bearing3_1/2445.csv,train,32768,25600,1.28,1,93
XJTU-SY,3,40Hz10kN,2400,10.0,Bearing3_1,1,2446,40Hz10kN/Bearing3_1/2446.csv,train,32768,25600,1.28,1,92
XJTU-SY,3,40Hz10kN,2400,10.0,Bearing3_1,1,2447,40Hz10kN/Bearing3_1/2447.csv,train,32768,25600,1.28,1,91
XJTU-SY,3,40Hz10kN,2400,10.0,Bearing3_1,1,2448,40Hz10kN/Bearing3_1/2448.csv,train,32768,25600,1.28,1,90
XJTU-SY,3,40Hz10kN,2400,10.0,Bearing3_1,1,2449,40Hz10kN/Bearing3_1/2449.csv,train,32768,25600,1.28,1,89
XJTU-SY,3,40Hz10kN,2400,10.0,Bearing3_1,1,2450,40Hz10kN/Bearing3_1/2450.csv,train,32768,25600,1.28,1,88
XJTU-SY,3,40Hz10kN,2400,10.0,Bearing3_1,1,2451,40Hz10kN/Bearing3_1/2451.csv,train,32768,25600,1.28,1,87
XJTU-SY,3,40Hz10kN,2400,10.0,Bearing3_1,1,2452,40Hz10kN/Bearing3_1/2452.csv,train,32768,25600,1.28,1,86
XJTU-SY,3,40Hz10kN,2400,10.0,Bearing3_1,1,2453,40Hz10kN/Bearing3_1/2453.csv,train,32768,25600,1.28,1,85
XJTU-SY,3,40Hz10kN,2400,10.0,Bearing3_1,1,2454,40Hz10kN/Bearing3_1/2454.csv,train,32768,25600,1.28,1,84
XJTU-SY,3,40Hz10kN,2400,10.0,Bearing3_1,1,2455,40Hz10kN/Bearing3_1/2455.csv,train,32768,25600,1.28,1,83
XJTU-SY,3,40Hz10kN,2400,10.0,Bearing3_1,1,2456,40Hz10kN/Bearing3_1/2456.csv,train,32768,25600,1.28,1,82
XJTU-SY,3,40Hz10kN,2400,10.0,Bearing3_1,1,2457,40Hz10kN/Bearing3_1/2457.csv,train,32768,25600,1.28,1,81
XJTU-SY,3,40Hz10kN,2400,10.0,Bearing3_1,1,2458,40Hz10kN/Bearing3_1/2458.csv,train,32768,25600,1.28,1,80
XJTU-SY,3,40Hz10kN,2400,10.0,Bearing3_1,1,2459,40Hz10kN/Bearing3_1/2459.csv,train,32768,25600,1.28,1,79
XJTU-SY,3,40Hz10kN,2400,10.0,Bearing3_1,1,2460,40Hz10kN/Bearing3_1/2460.csv,train,32768,25600,1.28,1,78
XJTU-SY,3,40Hz10kN,2400,10.0,Bearing3_1,1,2461,40Hz10kN/Bearing3_1/2461.csv,train,32768,25600,1.28,1,77
XJTU-SY,3,40Hz10kN,2400,10.0,Bearing3_1,1,2462,40Hz10kN/Bearing3_1/2462.csv,train,32768,25600,1.28,1,76
XJTU-SY,3,40Hz10kN,2400,10.0,Bearing3_1,1,2463,40Hz10kN/Bearing3_1/2463.csv,train,32768,25600,1.28,1,75
XJTU-SY,3,40Hz10kN,2400,10.0,Bearing3_1,1,2464,40Hz10kN/Bearing3_1/2464.csv,train,32768,25600,1.28,1,74
XJTU-SY,3,40Hz10kN,2400,10.0,Bearing3_1,1,2465,40Hz10kN/Bearing3_1/2465.csv,train,32768,25600,1.28,1,73
XJTU-SY,3,40Hz10kN,2400,10.0,Bearing3_1,1,2466,40Hz10kN/Bearing3_1/2466.csv,train,32768,25600,1.28,1,72
XJTU-SY,3,40Hz10kN,2400,10.0,Bearing3_1,1,2467,40Hz10kN/Bearing3_1/2467.csv,train,32768,25600,1.28,1,71
XJTU-SY,3,40Hz10kN,2400,10.0,Bearing3_1,1,2468,40Hz10kN/Bearing3_1/2468.csv,train,32768,25600,1.28,1,70
XJTU-SY,3,40Hz10kN,2400,10.0,Bearing3_1,1,2469,40Hz10kN/Bearing3_1/2469.csv,train,32768,25600,1.28,1,69
XJTU-SY,3,40Hz10kN,2400,10.0,Bearing3_1,1,2470,40Hz10kN/Bearing3_1/2470.csv,train,32768,25600,1.28,1,68
XJTU-SY,3,40Hz10kN,2400,10.0,Bearing3_1,1,2471,40Hz10kN/Bearing3_1/2471.csv,train,32768,25600,1.28,1,67
XJTU-SY,3,40Hz10kN,2400,10.0,Bearing3_1,1,2472,40Hz10kN/Bearing3_1/2472.csv,train,32768,25600,1.28,1,66
XJTU-SY,3,40Hz10kN,2400,10.0,Bearing3_1,1,2473,40Hz10kN/Bearing3_1/2473.csv,train,32768,25600,1.28,1,65
XJTU-SY,3,40Hz10kN,2400,10.0,Bearing3_1,1,2474,40Hz10kN/Bearing3_1/2474.csv,train,32768,25600,1.28,1,64
XJTU-SY,3,40Hz10kN,2400,10.0,Bearing3_1,1,2475,40Hz10kN/Bearing3_1/2475.csv,train,32768,25600,1.28,1,63
XJTU-SY,3,40Hz10kN,2400,10.0,Bearing3_1,1,2476,40Hz10kN/Bearing3_1/2476.csv,train,32768,25600,1.28,1,62
XJTU-SY,3,40Hz10kN,2400,10.0,Bearing3_1,1,2477,40Hz10kN/Bearing3_1/2477.csv,train,32768,25600,1.28,1,61
XJTU-SY,3,40Hz10kN,2400,10.0,Bearing3_1,1,2478,40Hz10kN/Bearing3_1/2478.csv,train,32768,25600,1.28,1,60
XJTU-SY,3,40Hz10kN,2400,10.0,Bearing3_1,1,2479,40Hz10kN/Bearing3_1/2479.csv,train,32768,25600,1.28,1,59
XJTU-SY,3,40Hz10kN,2400,10.0,Bearing3_1,1,2480,40Hz10kN/Bearing3_1/2480.csv,train,32768,25600,1.28,1,58
XJTU-SY,3,40Hz10kN,2400,10.0,Bearing3_1,1,2481,40Hz10kN/Bearing3_1/2481.csv,train,32768,25600,1.28,1,57
XJTU-SY,3,40Hz10kN,2400,10.0,Bearing3_1,1,2482,40Hz10kN/Bearing3_1/2482.csv,train,32768,25600,1.28,1,56
XJTU-SY,3,40Hz10kN,2400,10.0,Bearing3_1,1,2483,40Hz10kN/Bearing3_1/2483.csv,train,32768,25600,1.28,1,55
XJTU-SY,3,40Hz10kN,2400,10.0,Bearing3_1,1,2484,40Hz10kN/Bearing3_1/2484.csv,train,32768,25600,1.28,1,54
XJTU-SY,3,40Hz10kN,2400,10.0,Bearing3_1,1,2485,40Hz10kN/Bearing3_1/2485.csv,train,32768,25600,1.28,1,53
XJTU-SY,3,40Hz10kN,2400,10.0,Bearing3_1,1,2486,40Hz10kN/Bearing3_1/2486.csv,train,32768,25600,1.28,1,52
XJTU-SY,3,40Hz10kN,2400,10.0,Bearing3_1,1,2487,40Hz10kN/Bearing3_1/2487.csv,train,32768,25600,1.28,1,51
XJTU-SY,3,40Hz10kN,2400,10.0,Bearing3_1,1,2488,40Hz10kN/Bearing3_1/2488.csv,train,32768,25600,1.28,1,50
XJTU-SY,3,40Hz10kN,2400,10.0,Bearing3_1,1,2489,40Hz10kN/Bearing3_1/2489.csv,train,32768,25600,1.28,1,49
XJTU-SY,3,40Hz10kN,2400,10.0,Bearing3_1,1,2490,40Hz10kN/Bearing3_1/2490.csv,train,32768,25600,1.28,1,48
XJTU-SY,3,40Hz10kN,2400,10.0,Bearing3_1,1,2491,40Hz10kN/Bearing3_1/2491.csv,train,32768,25600,1.28,1,47
XJTU-SY,3,40Hz10kN,2400,10.0,Bearing3_1,1,2492,40Hz10kN/Bearing3_1/2492.csv,train,32768,25600,1.28,1,46
XJTU-SY,3,40Hz10kN,2400,10.0,Bearing3_1,1,2493,40Hz10kN/Bearing3_1/2493.csv,train,32768,25600,1.28,1,45
XJTU-SY,3,40Hz10kN,2400,10.0,Bearing3_1,1,2494,40Hz10kN/Bearing3_1/2494.csv,train,32768,25600,1.28,1,44
XJTU-SY,3,40Hz10kN,2400,10.0,Bearing3_1,1,2495,40Hz10kN/Bearing3_1/2495.csv,train,32768,25600,1.28,1,43
XJTU-SY,3,40Hz10kN,2400,10.0,Bearing3_1,1,2496,40Hz10kN/Bearing3_1/2496.csv,train,32768,25600,1.28,1,42
XJTU-SY,3,40Hz10kN,2400,10.0,Bearing3_1,1,2497,40Hz10kN/Bearing3_1/2497.csv,train,32768,25600,1.28,1,41
XJTU-SY,3,40Hz10kN,2400,10.0,Bearing3_1,1,2498,40Hz10kN/Bearing3_1/2498.csv,train,32768,25600,1.28,1,40
XJTU-SY,3,40Hz10kN,2400,10.0,Bearing3_1,1,2499,40Hz10kN/Bearing3_1/2499.csv,train,32768,25600,1.28,1,39
XJTU-SY,3,40Hz10kN,2400,10.0,Bearing3_1,1,2500,40Hz10kN/Bearing3_1/2500.csv,train,32768,25600,1.28,1,38
XJTU-SY,3,40Hz10kN,2400,10.0,Bearing3_1,1,2501,40Hz10kN/Bearing3_1/2501.csv,train,32768,25600,1.28,1,37
XJTU-SY,3,40Hz10kN,2400,10.0,Bearing3_1,1,2502,40Hz10kN/Bearing3_1/2502.csv,train,32768,25600,1.28,1,36
XJTU-SY,3,40Hz10kN,2400,10.0,Bearing3_1,1,2503,40Hz10kN/Bearing3_1/2503.csv,train,32768,25600,1.28,1,35
XJTU-SY,3,40Hz10kN,2400,10.0,Bearing3_1,1,2504,40Hz10kN/Bearing3_1/2504.csv,train,32768,25600,1.28,1,34
XJTU-SY,3,40Hz10kN,2400,10.0,Bearing3_1,1,2505,40Hz10kN/Bearing3_1/2505.csv,train,32768,25600,1.28,1,33
XJTU-SY,3,40Hz10kN,2400,10.0,Bearing3_1,1,2506,40Hz10kN/Bearing3_1/2506.csv,train,32768,25600,1.28,1,32
XJTU-SY,3,40Hz10kN,2400,10.0,Bearing3_1,1,2507,40Hz10kN/Bearing3_1/2507.csv,train,32768,25600,1.28,1,31
XJTU-SY,3,40Hz10kN,2400,10.0,Bearing3_1,1,2508,40Hz10kN/Bearing3_1/2508.csv,train,32768,25600,1.28,1,30
XJTU-SY,3,40Hz10kN,2400,10.0,Bearing3_1,1,2509,40Hz10kN/Bearing3_1/2509.csv,train,32768,25600,1.28,1,29
XJTU-SY,3,40Hz10kN,2400,10.0,Bearing3_1,1,2510,40Hz10kN/Bearing3_1/2510.csv,train,32768,25600,1.28,1,28
XJTU-SY,3,40Hz10kN,2400,10.0,Bearing3_1,1,2511,40Hz10kN/Bearing3_1/2511.csv,train,32768,25600,1.28,1,27
XJTU-SY,3,40Hz10kN,2400,10.0,Bearing3_1,1,2512,40Hz10kN/Bearing3_1/2512.csv,train,32768,25600,1.28,1,26
XJTU-SY,3,40Hz10kN,2400,10.0,Bearing3_1,1,2513,40Hz10kN/Bearing3_1/2513.csv,train,32768,25600,1.28,1,25
XJTU-SY,3,40Hz10kN,2400,10.0,Bearing3_1,1,2514,40Hz10kN/Bearing3_1/2514.csv,train,32768,25600,1.28,1,24
XJTU-SY,3,40Hz10kN,2400,10.0,Bearing3_1,1,2515,40Hz10kN/Bearing3_1/2515.csv,train,32768,25600,1.28,1,23
XJTU-SY,3,40Hz10kN,2400,10.0,Bearing3_1,1,2516,40Hz10kN/Bearing3_1/2516.csv,train,32768,25600,1.28,1,22
XJTU-SY,3,40Hz10kN,2400,10.0,Bearing3_1,1,2517,40Hz10kN/Bearing3_1/2517.csv,train,32768,25600,1.28,1,21
XJTU-SY,3,40Hz10kN,2400,10.0,Bearing3_1,1,2518,40Hz10kN/Bearing3_1/2518.csv,train,32768,25600,1.28,1,20
XJTU-SY,3,40Hz10kN,2400,10.0,Bearing3_1,1,2519,40Hz10kN/Bearing3_1/2519.csv,train,32768,25600,1.28,1,19
XJTU-SY,3,40Hz10kN,2400,10.0,Bearing3_1,1,2520,40Hz10kN/Bearing3_1/2520.csv,train,32768,25600,1.28,1,18
XJTU-SY,3,40Hz10kN,2400,10.0,Bearing3_1,1,2521,40Hz10kN/Bearing3_1/2521.csv,train,32768,25600,1.28,1,17
XJTU-SY,3,40Hz10kN,2400,10.0,Bearing3_1,1,2522,40Hz10kN/Bearing3_1/2522.csv,train,32768,25600,1.28,1,16
XJTU-SY,3,40Hz10kN,2400,10.0,Bearing3_1,1,2523,40Hz10kN/Bearing3_1/2523.csv,train,32768,25600,1.28,1,15
XJTU-SY,3,40Hz10kN,2400,10.0,Bearing3_1,1,2524,40Hz10kN/Bearing3_1/2524.csv,train,32768,25600,1.28,1,14
XJTU-SY,3,40Hz10kN,2400,10.0,Bearing3_1,1,2525,40Hz10kN/Bearing3_1/2525.csv,train,32768,25600,1.28,1,13
XJTU-SY,3,40Hz10kN,2400,10.0,Bearing3_1,1,2526,40Hz10kN/Bearing3_1/2526.csv,train,32768,25600,1.28,1,12
XJTU-SY,3,40Hz10kN,2400,10.0,Bearing3_1,1,2527,40Hz10kN/Bearing3_1/2527.csv,train,32768,25600,1.28,1,11
XJTU-SY,3,40Hz10kN,2400,10.0,Bearing3_1,1,2528,40Hz10kN/Bearing3_1/2528.csv,train,32768,25600,1.28,1,10
XJTU-SY,3,40Hz10kN,2400,10.0,Bearing3_1,1,2529,40Hz10kN/Bearing3_1/2529.csv,train,32768,25600,1.28,1,9
XJTU-SY,3,40Hz10kN,2400,10.0,Bearing3_1,1,2530,40Hz10kN/Bearing3_1/2530.csv,train,32768,25600,1.28,1,8
XJTU-SY,3,40Hz10kN,2400,10.0,Bearing3_1,1,2531,40Hz10kN/Bearing3_1/2531.csv,train,32768,25600,1.28,1,7
XJTU-SY,3,40Hz10kN,2400,10.0,Bearing3_1,1,2532,40Hz10kN/Bearing3_1/2532.csv,train,32768,25600,1.28,1,6
XJTU-SY,3,40Hz10kN,2400,10.0,Bearing3_1,1,2533,40Hz10kN/Bearing3_1/2533.csv,train,32768,25600,1.28,1,5
XJTU-SY,3,40Hz10kN,2400,10.0,Bearing3_1,1,2534,40Hz10kN/Bearing3_1/2534.csv,train,32768,25600,1.28,1,4
XJTU-SY,3,40Hz10kN,2400,10.0,Bearing3_1,1,2535,40Hz10kN/Bearing3_1/2535.csv,train,32768,25600,1.28,1,3
XJTU-SY,3,40Hz10kN,2400,10.0,Bearing3_1,1,2536,40Hz10kN/Bearing3_1/2536.csv,train,32768,25600,1.28,1,2
XJTU-SY,3,40Hz10kN,2400,10.0,Bearing3_1,1,2537,40Hz10kN/Bearing3_1/2537.csv,train,32768,25600,1.28,1,1
XJTU-SY,3,40Hz10kN,2400,10.0,Bearing3_1,1,2538,40Hz10kN/Bearing3_1/2538.csv,train,32768,25600,1.28,1,0
XJTU-SY,3,40Hz10kN,2400,10.0,Bearing3_2,2,1,40Hz10kN/Bearing3_2/1.csv,train,32768,25600,1.28,1,2495
XJTU-SY,3,40Hz10kN,2400,10.0,Bearing3_2,2,2,40Hz10kN/Bearing3_2/2.csv,train,32768,25600,1.28,1,2494
XJTU-SY,3,40Hz10kN,2400,10.0,Bearing3_2,2,3,40Hz10kN/Bearing3_2/3.csv,train,32768,25600,1.28,1,2493
XJTU-SY,3,40Hz10kN,2400,10.0,Bearing3_2,2,4,40Hz10kN/Bearing3_2/4.csv,train,32768,25600,1.28,1,2492
XJTU-SY,3,40Hz10kN,2400,10.0,Bearing3_2,2,5,40Hz10kN/Bearing3_2/5.csv,train,32768,25600,1.28,1,2491
XJTU-SY,3,40Hz10kN,2400,10.0,Bearing3_2,2,6,40Hz10kN/Bearing3_2/6.csv,train,32768,25600,1.28,1,2490
XJTU-SY,3,40Hz10kN,2400,10.0,Bearing3_2,2,7,40Hz10kN/Bearing3_2/7.csv,train,32768,25600,1.28,1,2489
XJTU-SY,3,40Hz10kN,2400,10.0,Bearing3_2,2,8,40Hz10kN/Bearing3_2/8.csv,train,32768,25600,1.28,1,2488
XJTU-SY,3,40Hz10kN,2400,10.0,Bearing3_2,2,9,40Hz10kN/Bearing3_2/9.csv,train,32768,25600,1.28,1,2487
XJTU-SY,3,40Hz10kN,2400,10.0,Bearing3_2,2,10,40Hz10kN/Bearing3_2/10.csv,train,32768,25600,1.28,1,2486
XJTU-SY,3,40Hz10kN,2400,10.0,Bearing3_2,2,11,40Hz10kN/Bearing3_2/11.csv,train,32768,25600,1.28,1,2485
XJTU-SY,3,40Hz10kN,2400,10.0,Bearing3_2,2,12,40Hz10kN/Bearing3_2/12.csv,train,32768,25600,1.28,1,2484
XJTU-SY,3,40Hz10kN,2400,10.0,Bearing3_2,2,13,40Hz10kN/Bearing3_2/13.csv,train,32768,25600,1.28,1,2483
XJTU-SY,3,40Hz10kN,2400,10.0,Bearing3_2,2,14,40Hz10kN/Bearing3_2/14.csv,train,32768,25600,1.28,1,2482
XJTU-SY,3,40Hz10kN,2400,10.0,Bearing3_2,2,15,40Hz10kN/Bearing3_2/15.csv,train,32768,25600,1.28,1,2481
XJTU-SY,3,40Hz10kN,2400,10.0,Bearing3_2,2,16,40Hz10kN/Bearing3_2/16.csv,train,32768,25600,1.28,1,2480
XJTU-SY,3,40Hz10kN,2400,10.0,Bearing3_2,2,17,40Hz10kN/Bearing3_2/17.csv,train,32768,25600,1.28,1,2479
XJTU-SY,3,40Hz10kN,2400,10.0,Bearing3_2,2,18,40Hz10kN/Bearing3_2/18.csv,train,32768,25600,1.28,1,2478
XJTU-SY,3,40Hz10kN,2400,10.0,Bearing3_2,2,19,40Hz10kN/Bearing3_2/19.csv,train,32768,25600,1.28,1,2477
XJTU-SY,3,40Hz10kN,2400,10.0,Bearing3_2,2,20,40Hz10kN/Bearing3_2/20.csv,train,32768,25600,1.28,1,2476
XJTU-SY,3,40Hz10kN,2400,10.0,Bearing3_2,2,21,40Hz10kN/Bearing3_2/21.csv,train,32768,25600,1.28,1,2475
XJTU-SY,3,40Hz10kN,2400,10.0,Bearing3_2,2,22,40Hz10kN/Bearing3_2/22.csv,train,32768,25600,1.28,1,2474
XJTU-SY,3,40Hz10kN,2400,10.0,Bearing3_2,2,23,40Hz10kN/Bearing3_2/23.csv,train,32768,25600,1.28,1,2473
XJTU-SY,3,40Hz10kN,2400,10.0,Bearing3_2,2,24,40Hz10kN/Bearing3_2/24.csv,train,32768,25600,1.28,1,2472
XJTU-SY,3,40Hz10kN,2400,10.0,Bearing3_2,2,25,40Hz10kN/Bearing3_2/25.csv,train,32768,25600,1.28,1,2471
XJTU-SY,3,40Hz10kN,2400,10.0,Bearing3_2,2,26,40Hz10kN/Bearing3_2/26.csv,train,32768,25600,1.28,1,2470
XJTU-SY,3,40Hz10kN,2400,10.0,Bearing3_2,2,27,40Hz10kN/Bearing3_2/27.csv,train,32768,25600,1.28,1,2469
XJTU-SY,3,40Hz10kN,2400,10.0,Bearing3_2,2,28,40Hz10kN/Bearing3_2/28.csv,train,32768,25600,1.28,1,2468
XJTU-SY,3,40Hz10kN,2400,10.0,Bearing3_2,2,29,40Hz10kN/Bearing3_2/29.csv,train,32768,25600,1.28,1,2467
XJTU-SY,3,40Hz10kN,2400,10.0,Bearing3_2,2,30,40Hz10kN/Bearing3_2/30.csv,train,32768,25600,1.28,1,2466
XJTU-SY,3,40Hz10kN,2400,10.0,Bearing3_2,2,31,40Hz10kN/Bearing3_2/31.csv,train,32768,25600,1.28,1,2465
XJTU-SY,3,40Hz10kN,2400,10.0,Bearing3_2,2,32,40Hz10kN/Bearing3_2/32.csv,train,32768,25600,1.28,1,2464
XJTU-SY,3,40Hz10kN,2400,10.0,Bearing3_2,2,33,40Hz10kN/Bearing3_2/33.csv,train,32768,25600,1.28,1,2463
XJTU-SY,3,40Hz10kN,2400,10.0,Bearing3_2,2,34,40Hz10kN/Bearing3_2/34.csv,train,32768,25600,1.28,1,2462
XJTU-SY,3,40Hz10kN,2400,10.0,Bearing3_2,2,35,40Hz10kN/Bearing3_2/35.csv,train,32768,25600,1.28,1,2461
XJTU-SY,3,40Hz10kN,2400,10.0,Bearing3_2,2,36,40Hz10kN/Bearing3_2/36.csv,train,32768,25600,1.28,1,2460
XJTU-SY,3,40Hz10kN,2400,10.0,Bearing3_2,2,37,40Hz10kN/Bearing3_2/37.csv,train,32768,25600,1.28,1,2459
XJTU-SY,3,40Hz10kN,2400,10.0,Bearing3_2,2,38,40Hz10kN/Bearing3_2/38.csv,train,32768,25600,1.28,1,2458
XJTU-SY,3,40Hz10kN,2400,10.0,Bearing3_2,2,39,40Hz10kN/Bearing3_2/39.csv,train,32768,25600,1.28,1,2457
XJTU-SY,3,40Hz10kN,2400,10.0,Bearing3_2,2,40,40Hz10kN/Bearing3_2/40.csv,train,32768,25600,1.28,1,2456
XJTU-SY,3,40Hz10kN,2400,10.0,Bearing3_2,2,41,40Hz10kN/Bearing3_2/41.csv,train,32768,25600,1.28,1,2455
XJTU-SY,3,40Hz10kN,2400,10.0,Bearing3_2,2,42,40Hz10kN/Bearing3_2/42.csv,train,32768,25600,1.28,1,2454
XJTU-SY,3,40Hz10kN,2400,10.0,Bearing3_2,2,43,40Hz10kN/Bearing3_2/43.csv,train,32768,25600,1.28,1,2453
XJTU-SY,3,40Hz10kN,2400,10.0,Bearing3_2,2,44,40Hz10kN/Bearing3_2/44.csv,train,32768,25600,1.28,1,2452
XJTU-SY,3,40Hz10kN,2400,10.0,Bearing3_2,2,45,40Hz10kN/Bearing3_2/45.csv,train,32768,25600,1.28,1,2451
XJTU-SY,3,40Hz10kN,2400,10.0,Bearing3_2,2,46,40Hz10kN/Bearing3_2/46.csv,train,32768,25600,1.28,1,2450
XJTU-SY,3,40Hz10kN,2400,10.0,Bearing3_2,2,47,40Hz10kN/Bearing3_2/47.csv,train,32768,25600,1.28,1,2449
XJTU-SY,3,40Hz10kN,2400,10.0,Bearing3_2,2,48,40Hz10kN/Bearing3_2/48.csv,train,32768,25600,1.28,1,2448
XJTU-SY,3,40Hz10kN,2400,10.0,Bearing3_2,2,49,40Hz10kN/Bearing3_2/49.csv,train,32768,25600,1.28,1,2447
XJTU-SY,3,40Hz10kN,2400,10.0,Bearing3_2,2,50,40Hz10kN/Bearing3_2/50.csv,train,32768,25600,1.28,1,2446
XJTU-SY,3,40Hz10kN,2400,10.0,Bearing3_2,2,51,40Hz10kN/Bearing3_2/51.csv,train,32768,25600,1.28,1,2445
XJTU-SY,3,40Hz10kN,2400,10.0,Bearing3_2,2,52,40Hz10kN/Bearing3_2/52.csv,train,32768,25600,1.28,1,2444
XJTU-SY,3,40Hz10kN,2400,10.0,Bearing3_2,2,53,40Hz10kN/Bearing3_2/53.csv,train,32768,25600,1.28,1,2443
XJTU-SY,3,40Hz10kN,2400,10.0,Bearing3_2,2,54,40Hz10kN/Bearing3_2/54.csv,train,32768,25600,1.28,1,2442
XJTU-SY,3,40Hz10kN,2400,10.0,Bearing3_2,2,55,40Hz10kN/Bearing3_2/55.csv,train,32768,25600,1.28,1,2441
XJTU-SY,3,40Hz10kN,2400,10.0,Bearing3_2,2,56,40Hz10kN/Bearing3_2/56.csv,train,32768,25600,1.28,1,2440
XJTU-SY,3,40Hz10kN,2400,10.0,Bearing3_2,2,57,40Hz10kN/Bearing3_2/57.csv,train,32768,25600,1.28,1,2439
XJTU-SY,3,40Hz10kN,2400,10.0,Bearing3_2,2,58,40Hz10kN/Bearing3_2/58.csv,train,32768,25600,1.28,1,2438
XJTU-SY,3,40Hz10kN,2400,10.0,Bearing3_2,2,59,40Hz10kN/Bearing3_2/59.csv,train,32768,25600,1.28,1,2437
XJTU-SY,3,40Hz10kN,2400,10.0,Bearing3_2,2,60,40Hz10kN/Bearing3_2/60.csv,train,32768,25600,1.28,1,2436
XJTU-SY,3,40Hz10kN,2400,10.0,Bearing3_2,2,61,40Hz10kN/Bearing3_2/61.csv,train,32768,25600,1.28,1,2435
XJTU-SY,3,40Hz10kN,2400,10.0,Bearing3_2,2,62,40Hz10kN/Bearing3_2/62.csv,train,32768,25600,1.28,1,2434
XJTU-SY,3,40Hz10kN,2400,10.0,Bearing3_2,2,63,40Hz10kN/Bearing3_2/63.csv,train,32768,25600,1.28,1,2433
XJTU-SY,3,40Hz10kN,2400,10.0,Bearing3_2,2,64,40Hz10kN/Bearing3_2/64.csv,train,32768,25600,1.28,1,2432
XJTU-SY,3,40Hz10kN,2400,10.0,Bearing3_2,2,65,40Hz10kN/Bearing3_2/65.csv,train,32768,25600,1.28,1,2431
XJTU-SY,3,40Hz10kN,2400,10.0,Bearing3_2,2,66,40Hz10kN/Bearing3_2/66.csv,train,32768,25600,1.28,1,2430
XJTU-SY,3,40Hz10kN,2400,10.0,Bearing3_2,2,67,40Hz10kN/Bearing3_2/67.csv,train,32768,25600,1.28,1,2429
XJTU-SY,3,40Hz10kN,2400,10.0,Bearing3_2,2,68,40Hz10kN/Bearing3_2/68.csv,train,32768,25600,1.28,1,2428
XJTU-SY,3,40Hz10kN,2400,10.0,Bearing3_2,2,69,40Hz10kN/Bearing3_2/69.csv,train,32768,25600,1.28,1,2427
XJTU-SY,3,40Hz10kN,2400,10.0,Bearing3_2,2,70,40Hz10kN/Bearing3_2/70.csv,train,32768,25600,1.28,1,2426
XJTU-SY,3,40Hz10kN,2400,10.0,Bearing3_2,2,71,40Hz10kN/Bearing3_2/71.csv,train,32768,25600,1.28,1,2425
XJTU-SY,3,40Hz10kN,2400,10.0,Bearing3_2,2,72,40Hz10kN/Bearing3_2/72.csv,train,32768,25600,1.28,1,2424
XJTU-SY,3,40Hz10kN,2400,10.0,Bearing3_2,2,73,40Hz10kN/Bearing3_2/73.csv,train,32768,25600,1.28,1,2423
XJTU-SY,3,40Hz10kN,2400,10.0,Bearing3_2,2,74,40Hz10kN/Bearing3_2/74.csv,train,32768,25600,1.28,1,2422
XJTU-SY,3,40Hz10kN,2400,10.0,Bearing3_2,2,75,40Hz10kN/Bearing3_2/75.csv,train,32768,25600,1.28,1,2421
XJTU-SY,3,40Hz10kN,2400,10.0,Bearing3_2,2,76,40Hz10kN/Bearing3_2/76.csv,train,32768,25600,1.28,1,2420
XJTU-SY,3,40Hz10kN,2400,10.0,Bearing3_2,2,77,40Hz10kN/Bearing3_2/77.csv,train,32768,25600,1.28,1,2419
XJTU-SY,3,40Hz10kN,2400,10.0,Bearing3_2,2,78,40Hz10kN/Bearing3_2/78.csv,train,32768,25600,1.28,1,2418
XJTU-SY,3,40Hz10kN,2400,10.0,Bearing3_2,2,79,40Hz10kN/Bearing3_2/79.csv,train,32768,25600,1.28,1,2417
XJTU-SY,3,40Hz10kN,2400,10.0,Bearing3_2,2,80,40Hz10kN/Bearing3_2/80.csv,train,32768,25600,1.28,1,2416
XJTU-SY,3,40Hz10kN,2400,10.0,Bearing3_2,2,81,40Hz10kN/Bearing3_2/81.csv,train,32768,25600,1.28,1,2415
XJTU-SY,3,40Hz10kN,2400,10.0,Bearing3_2,2,82,40Hz10kN/Bearing3_2/82.csv,train,32768,25600,1.28,1,2414
XJTU-SY,3,40Hz10kN,2400,10.0,Bearing3_2,2,83,40Hz10kN/Bearing3_2/83.csv,train,32768,25600,1.28,1,2413
XJTU-SY,3,40Hz10kN,2400,10.0,Bearing3_2,2,84,40Hz10kN/Bearing3_2/84.csv,train,32768,25600,1.28,1,2412
XJTU-SY,3,40Hz10kN,2400,10.0,Bearing3_2,2,85,40Hz10kN/Bearing3_2/85.csv,train,32768,25600,1.28,1,2411
XJTU-SY,3,40Hz10kN,2400,10.0,Bearing3_2,2,86,40Hz10kN/Bearing3_2/86.csv,train,32768,25600,1.28,1,2410
XJTU-SY,3,40Hz10kN,2400,10.0,Bearing3_2,2,87,40Hz10kN/Bearing3_2/87.csv,train,32768,25600,1.28,1,2409
XJTU-SY,3,40Hz10kN,2400,10.0,Bearing3_2,2,88,40Hz10kN/Bearing3_2/88.csv,train,32768,25600,1.28,1,2408
XJTU-SY,3,40Hz10kN,2400,10.0,Bearing3_2,2,89,40Hz10kN/Bearing3_2/89.csv,train,32768,25600,1.28,1,2407
XJTU-SY,3,40Hz10kN,2400,10.0,Bearing3_2,2,90,40Hz10kN/Bearing3_2/90.csv,train,32768,25600,1.28,1,2406
XJTU-SY,3,40Hz10kN,2400,10.0,Bearing3_2,2,91,40Hz10kN/Bearing3_2/91.csv,train,32768,25600,1.28,1,2405
XJTU-SY,3,40Hz10kN,2400,10.0,Bearing3_2,2,92,40Hz10kN/Bearing3_2/92.csv,train,32768,25600,1.28,1,2404
XJTU-SY,3,40Hz10kN,2400,10.0,Bearing3_2,2,93,40Hz10kN/Bearing3_2/93.csv,train,32768,25600,1.28,1,2403
XJTU-SY,3,40Hz10kN,2400,10.0,Bearing3_2,2,94,40Hz10kN/Bearing3_2/94.csv,train,32768,25600,1.28,1,2402
XJTU-SY,3,40Hz10kN,2400,10.0,Bearing3_2,2,95,40Hz10kN/Bearing3_2/95.csv,train,32768,25600,1.28,1,2401
XJTU-SY,3,40Hz10kN,2400,10.0,Bearing3_2,2,96,40Hz10kN/Bearing3_2/96.csv,train,32768,25600,1.28,1,2400
XJTU-SY,3,40Hz10kN,2400,10.0,Bearing3_2,2,97,40Hz10kN/Bearing3_2/97.csv,train,32768,25600,1.28,1,2399
XJTU-SY,3,40Hz10kN,2400,10.0,Bearing3_2,2,98,40Hz10kN/Bearing3_2/98.csv,train,32768,25600,1.28,1,2398
XJTU-SY,3,40Hz10kN,2400,10.0,Bearing3_2,2,99,40Hz10kN/Bearing3_2/99.csv,train,32768,25600,1.28,1,2397
XJTU-SY,3,40Hz10kN,2400,10.0,Bearing3_2,2,100,40Hz10kN/Bearing3_2/100.csv,train,32768,25600,1.28,1,2396
XJTU-SY,3,40Hz10kN,2400,10.0,Bearing3_2,2,101,40Hz10kN/Bearing3_2/101.csv,train,32768,25600,1.28,1,2395
XJTU-SY,3,40Hz10kN,2400,10.0,Bearing3_2,2,102,40Hz10kN/Bearing3_2/102.csv,train,32768,25600,1.28,1,2394
XJTU-SY,3,40Hz10kN,2400,10.0,Bearing3_2,2,103,40Hz10kN/Bearing3_2/103.csv,train,32768,25600,1.28,1,2393
XJTU-SY,3,40Hz10kN,2400,10.0,Bearing3_2,2,104,40Hz10kN/Bearing3_2/104.csv,train,32768,25600,1.28,1,2392
XJTU-SY,3,40Hz10kN,2400,10.0,Bearing3_2,2,105,40Hz10kN/Bearing3_2/105.csv,train,32768,25600,1.28,1,2391
XJTU-SY,3,40Hz10kN,2400,10.0,Bearing3_2,2,106,40Hz10kN/Bearing3_2/106.csv,train,32768,25600,1.28,1,2390
XJTU-SY,3,40Hz10kN,2400,10.0,Bearing3_2,2,107,40Hz10kN/Bearing3_2/107.csv,train,32768,25600,1.28,1,2389
XJTU-SY,3,40Hz10kN,2400,10.0,Bearing3_2,2,108,40Hz10kN/Bearing3_2/108.csv,train,32768,25600,1.28,1,2388
XJTU-SY,3,40Hz10kN,2400,10.0,Bearing3_2,2,109,40Hz10kN/Bearing3_2/109.csv,train,32768,25600,1.28,1,2387
XJTU-SY,3,40Hz10kN,2400,10.0,Bearing3_2,2,110,40Hz10kN/Bearing3_2/110.csv,train,32768,25600,1.28,1,2386
XJTU-SY,3,40Hz10kN,2400,10.0,Bearing3_2,2,111,40Hz10kN/Bearing3_2/111.csv,train,32768,25600,1.28,1,2385
XJTU-SY,3,40Hz10kN,2400,10.0,Bearing3_2,2,112,40Hz10kN/Bearing3_2/112.csv,train,32768,25600,1.28,1,2384
XJTU-SY,3,40Hz10kN,2400,10.0,Bearing3_2,2,113,40Hz10kN/Bearing3_2/113.csv,train,32768,25600,1.28,1,2383
XJTU-SY,3,40Hz10kN,2400,10.0,Bearing3_2,2,114,40Hz10kN/Bearing3_2/114.csv,train,32768,25600,1.28,1,2382
XJTU-SY,3,40Hz10kN,2400,10.0,Bearing3_2,2,115,40Hz10kN/Bearing3_2/115.csv,train,32768,25600,1.28,1,2381
XJTU-SY,3,40Hz10kN,2400,10.0,Bearing3_2,2,116,40Hz10kN/Bearing3_2/116.csv,train,32768,25600,1.28,1,2380
XJTU-SY,3,40Hz10kN,2400,10.0,Bearing3_2,2,117,40Hz10kN/Bearing3_2/117.csv,train,32768,25600,1.28,1,2379
XJTU-SY,3,40Hz10kN,2400,10.0,Bearing3_2,2,118,40Hz10kN/Bearing3_2/118.csv,train,32768,25600,1.28,1,2378
XJTU-SY,3,40Hz10kN,2400,10.0,Bearing3_2,2,119,40Hz10kN/Bearing3_2/119.csv,train,32768,25600,1.28,1,2377
XJTU-SY,3,40Hz10kN,2400,10.0,Bearing3_2,2,120,40Hz10kN/Bearing3_2/120.csv,train,32768,25600,1.28,1,2376
XJTU-SY,3,40Hz10kN,2400,10.0,Bearing3_2,2,121,40Hz10kN/Bearing3_2/121.csv,train,32768,25600,1.28,1,2375
XJTU-SY,3,40Hz10kN,2400,10.0,Bearing3_2,2,122,40Hz10kN/Bearing3_2/122.csv,train,32768,25600,1.28,1,2374
XJTU-SY,3,40Hz10kN,2400,10.0,Bearing3_2,2,123,40Hz10kN/Bearing3_2/123.csv,train,32768,25600,1.28,1,2373
XJTU-SY,3,40Hz10kN,2400,10.0,Bearing3_2,2,124,40Hz10kN/Bearing3_2/124.csv,train,32768,25600,1.28,1,2372
XJTU-SY,3,40Hz10kN,2400,10.0,Bearing3_2,2,125,40Hz10kN/Bearing3_2/125.csv,train,32768,25600,1.28,1,2371
XJTU-SY,3,40Hz10kN,2400,10.0,Bearing3_2,2,126,40Hz10kN/Bearing3_2/126.csv,train,32768,25600,1.28,1,2370
XJTU-SY,3,40Hz10kN,2400,10.0,Bearing3_2,2,127,40Hz10kN/Bearing3_2/127.csv,train,32768,25600,1.28,1,2369
XJTU-SY,3,40Hz10kN,2400,10.0,Bearing3_2,2,128,40Hz10kN/Bearing3_2/128.csv,train,32768,25600,1.28,1,2368
XJTU-SY,3,40Hz10kN,2400,10.0,Bearing3_2,2,129,40Hz10kN/Bearing3_2/129.csv,train,32768,25600,1.28,1,2367
XJTU-SY,3,40Hz10kN,2400,10.0,Bearing3_2,2,130,40Hz10kN/Bearing3_2/130.csv,train,32768,25600,1.28,1,2366
XJTU-SY,3,40Hz10kN,2400,10.0,Bearing3_2,2,131,40Hz10kN/Bearing3_2/131.csv,train,32768,25600,1.28,1,2365
XJTU-SY,3,40Hz10kN,2400,10.0,Bearing3_2,2,132,40Hz10kN/Bearing3_2/132.csv,train,32768,25600,1.28,1,2364
XJTU-SY,3,40Hz10kN,2400,10.0,Bearing3_2,2,133,40Hz10kN/Bearing3_2/133.csv,train,32768,25600,1.28,1,2363
XJTU-SY,3,40Hz10kN,2400,10.0,Bearing3_2,2,134,40Hz10kN/Bearing3_2/134.csv,train,32768,25600,1.28,1,2362
XJTU-SY,3,40Hz10kN,2400,10.0,Bearing3_2,2,135,40Hz10kN/Bearing3_2/135.csv,train,32768,25600,1.28,1,2361
XJTU-SY,3,40Hz10kN,2400,10.0,Bearing3_2,2,136,40Hz10kN/Bearing3_2/136.csv,train,32768,25600,1.28,1,2360
XJTU-SY,3,40Hz10kN,2400,10.0,Bearing3_2,2,137,40Hz10kN/Bearing3_2/137.csv,train,32768,25600,1.28,1,2359
XJTU-SY,3,40Hz10kN,2400,10.0,Bearing3_2,2,138,40Hz10kN/Bearing3_2/138.csv,train,32768,25600,1.28,1,2358
XJTU-SY,3,40Hz10kN,2400,10.0,Bearing3_2,2,139,40Hz10kN/Bearing3_2/139.csv,train,32768,25600,1.28,1,2357
XJTU-SY,3,40Hz10kN,2400,10.0,Bearing3_2,2,140,40Hz10kN/Bearing3_2/140.csv,train,32768,25600,1.28,1,2356
XJTU-SY,3,40Hz10kN,2400,10.0,Bearing3_2,2,141,40Hz10kN/Bearing3_2/141.csv,train,32768,25600,1.28,1,2355
XJTU-SY,3,40Hz10kN,2400,10.0,Bearing3_2,2,142,40Hz10kN/Bearing3_2/142.csv,train,32768,25600,1.28,1,2354
XJTU-SY,3,40Hz10kN,2400,10.0,Bearing3_2,2,143,40Hz10kN/Bearing3_2/143.csv,train,32768,25600,1.28,1,2353
XJTU-SY,3,40Hz10kN,2400,10.0,Bearing3_2,2,144,40Hz10kN/Bearing3_2/144.csv,train,32768,25600,1.28,1,2352
XJTU-SY,3,40Hz10kN,2400,10.0,Bearing3_2,2,145,40Hz10kN/Bearing3_2/145.csv,train,32768,25600,1.28,1,2351
XJTU-SY,3,40Hz10kN,2400,10.0,Bearing3_2,2,146,40Hz10kN/Bearing3_2/146.csv,train,32768,25600,1.28,1,2350
XJTU-SY,3,40Hz10kN,2400,10.0,Bearing3_2,2,147,40Hz10kN/Bearing3_2/147.csv,train,32768,25600,1.28,1,2349
XJTU-SY,3,40Hz10kN,2400,10.0,Bearing3_2,2,148,40Hz10kN/Bearing3_2/148.csv,train,32768,25600,1.28,1,2348
XJTU-SY,3,40Hz10kN,2400,10.0,Bearing3_2,2,149,40Hz10kN/Bearing3_2/149.csv,train,32768,25600,1.28,1,2347
XJTU-SY,3,40Hz10kN,2400,10.0,Bearing3_2,2,150,40Hz10kN/Bearing3_2/150.csv,train,32768,25600,1.28,1,2346
XJTU-SY,3,40Hz10kN,2400,10.0,Bearing3_2,2,151,40Hz10kN/Bearing3_2/151.csv,train,32768,25600,1.28,1,2345
XJTU-SY,3,40Hz10kN,2400,10.0,Bearing3_2,2,152,40Hz10kN/Bearing3_2/152.csv,train,32768,25600,1.28,1,2344
XJTU-SY,3,40Hz10kN,2400,10.0,Bearing3_2,2,153,40Hz10kN/Bearing3_2/153.csv,train,32768,25600,1.28,1,2343
XJTU-SY,3,40Hz10kN,2400,10.0,Bearing3_2,2,154,40Hz10kN/Bearing3_2/154.csv,train,32768,25600,1.28,1,2342
XJTU-SY,3,40Hz10kN,2400,10.0,Bearing3_2,2,155,40Hz10kN/Bearing3_2/155.csv,train,32768,25600,1.28,1,2341
XJTU-SY,3,40Hz10kN,2400,10.0,Bearing3_2,2,156,40Hz10kN/Bearing3_2/156.csv,train,32768,25600,1.28,1,2340
XJTU-SY,3,40Hz10kN,2400,10.0,Bearing3_2,2,157,40Hz10kN/Bearing3_2/157.csv,train,32768,25600,1.28,1,2339
XJTU-SY,3,40Hz10kN,2400,10.0,Bearing3_2,2,158,40Hz10kN/Bearing3_2/158.csv,train,32768,25600,1.28,1,2338
XJTU-SY,3,40Hz10kN,2400,10.0,Bearing3_2,2,159,40Hz10kN/Bearing3_2/159.csv,train,32768,25600,1.28,1,2337
XJTU-SY,3,40Hz10kN,2400,10.0,Bearing3_2,2,160,40Hz10kN/Bearing3_2/160.csv,train,32768,25600,1.28,1,2336
XJTU-SY,3,40Hz10kN,2400,10.0,Bearing3_2,2,161,40Hz10kN/Bearing3_2/161.csv,train,32768,25600,1.28,1,2335
XJTU-SY,3,40Hz10kN,2400,10.0,Bearing3_2,2,162,40Hz10kN/Bearing3_2/162.csv,train,32768,25600,1.28,1,2334
XJTU-SY,3,40Hz10kN,2400,10.0,Bearing3_2,2,163,40Hz10kN/Bearing3_2/163.csv,train,32768,25600,1.28,1,2333
XJTU-SY,3,40Hz10kN,2400,10.0,Bearing3_2,2,164,40Hz10kN/Bearing3_2/164.csv,train,32768,25600,1.28,1,2332
XJTU-SY,3,40Hz10kN,2400,10.0,Bearing3_2,2,165,40Hz10kN/Bearing3_2/165.csv,train,32768,25600,1.28,1,2331
XJTU-SY,3,40Hz10kN,2400,10.0,Bearing3_2,2,166,40Hz10kN/Bearing3_2/166.csv,train,32768,25600,1.28,1,2330
XJTU-SY,3,40Hz10kN,2400,10.0,Bearing3_2,2,167,40Hz10kN/Bearing3_2/167.csv,train,32768,25600,1.28,1,2329
XJTU-SY,3,40Hz10kN,2400,10.0,Bearing3_2,2,168,40Hz10kN/Bearing3_2/168.csv,train,32768,25600,1.28,1,2328
XJTU-SY,3,40Hz10kN,2400,10.0,Bearing3_2,2,169,40Hz10kN/Bearing3_2/169.csv,train,32768,25600,1.28,1,2327
XJTU-SY,3,40Hz10kN,2400,10.0,Bearing3_2,2,170,40Hz10kN/Bearing3_2/170.csv,train,32768,25600,1.28,1,2326
XJTU-SY,3,40Hz10kN,2400,10.0,Bearing3_2,2,171,40Hz10kN/Bearing3_2/171.csv,train,32768,25600,1.28,1,2325
XJTU-SY,3,40Hz10kN,2400,10.0,Bearing3_2,2,172,40Hz10kN/Bearing3_2/172.csv,train,32768,25600,1.28,1,2324
XJTU-SY,3,40Hz10kN,2400,10.0,Bearing3_2,2,173,40Hz10kN/Bearing3_2/173.csv,train,32768,25600,1.28,1,2323
XJTU-SY,3,40Hz10kN,2400,10.0,Bearing3_2,2,174,40Hz10kN/Bearing3_2/174.csv,train,32768,25600,1.28,1,2322
XJTU-SY,3,40Hz10kN,2400,10.0,Bearing3_2,2,175,40Hz10kN/Bearing3_2/175.csv,train,32768,25600,1.28,1,2321
XJTU-SY,3,40Hz10kN,2400,10.0,Bearing3_2,2,176,40Hz10kN/Bearing3_2/176.csv,train,32768,25600,1.28,1,2320
XJTU-SY,3,40Hz10kN,2400,10.0,Bearing3_2,2,177,40Hz10kN/Bearing3_2/177.csv,train,32768,25600,1.28,1,2319
XJTU-SY,3,40Hz10kN,2400,10.0,Bearing3_2,2,178,40Hz10kN/Bearing3_2/178.csv,train,32768,25600,1.28,1,2318
XJTU-SY,3,40Hz10kN,2400,10.0,Bearing3_2,2,179,40Hz10kN/Bearing3_2/179.csv,train,32768,25600,1.28,1,2317
XJTU-SY,3,40Hz10kN,2400,10.0,Bearing3_2,2,180,40Hz10kN/Bearing3_2/180.csv,train,32768,25600,1.28,1,2316
XJTU-SY,3,40Hz10kN,2400,10.0,Bearing3_2,2,181,40Hz10kN/Bearing3_2/181.csv,train,32768,25600,1.28,1,2315
XJTU-SY,3,40Hz10kN,2400,10.0,Bearing3_2,2,182,40Hz10kN/Bearing3_2/182.csv,train,32768,25600,1.28,1,2314
XJTU-SY,3,40Hz10kN,2400,10.0,Bearing3_2,2,183,40Hz10kN/Bearing3_2/183.csv,train,32768,25600,1.28,1,2313
XJTU-SY,3,40Hz10kN,2400,10.0,Bearing3_2,2,184,40Hz10kN/Bearing3_2/184.csv,train,32768,25600,1.28,1,2312
XJTU-SY,3,40Hz10kN,2400,10.0,Bearing3_2,2,185,40Hz10kN/Bearing3_2/185.csv,train,32768,25600,1.28,1,2311
XJTU-SY,3,40Hz10kN,2400,10.0,Bearing3_2,2,186,40Hz10kN/Bearing3_2/186.csv,train,32768,25600,1.28,1,2310
XJTU-SY,3,40Hz10kN,2400,10.0,Bearing3_2,2,187,40Hz10kN/Bearing3_2/187.csv,train,32768,25600,1.28,1,2309
XJTU-SY,3,40Hz10kN,2400,10.0,Bearing3_2,2,188,40Hz10kN/Bearing3_2/188.csv,train,32768,25600,1.28,1,2308
XJTU-SY,3,40Hz10kN,2400,10.0,Bearing3_2,2,189,40Hz10kN/Bearing3_2/189.csv,train,32768,25600,1.28,1,2307
XJTU-SY,3,40Hz10kN,2400,10.0,Bearing3_2,2,190,40Hz10kN/Bearing3_2/190.csv,train,32768,25600,1.28,1,2306
XJTU-SY,3,40Hz10kN,2400,10.0,Bearing3_2,2,191,40Hz10kN/Bearing3_2/191.csv,train,32768,25600,1.28,1,2305
XJTU-SY,3,40Hz10kN,2400,10.0,Bearing3_2,2,192,40Hz10kN/Bearing3_2/192.csv,train,32768,25600,1.28,1,2304
XJTU-SY,3,40Hz10kN,2400,10.0,Bearing3_2,2,193,40Hz10kN/Bearing3_2/193.csv,train,32768,25600,1.28,1,2303
XJTU-SY,3,40Hz10kN,2400,10.0,Bearing3_2,2,194,40Hz10kN/Bearing3_2/194.csv,train,32768,25600,1.28,1,2302
XJTU-SY,3,40Hz10kN,2400,10.0,Bearing3_2,2,195,40Hz10kN/Bearing3_2/195.csv,train,32768,25600,1.28,1,2301
XJTU-SY,3,40Hz10kN,2400,10.0,Bearing3_2,2,196,40Hz10kN/Bearing3_2/196.csv,train,32768,25600,1.28,1,2300
XJTU-SY,3,40Hz10kN,2400,10.0,Bearing3_2,2,197,40Hz10kN/Bearing3_2/197.csv,train,32768,25600,1.28,1,2299
XJTU-SY,3,40Hz10kN,2400,10.0,Bearing3_2,2,198,40Hz10kN/Bearing3_2/198.csv,train,32768,25600,1.28,1,2298
XJTU-SY,3,40Hz10kN,2400,10.0,Bearing3_2,2,199,40Hz10kN/Bearing3_2/199.csv,train,32768,25600,1.28,1,2297
XJTU-SY,3,40Hz10kN,2400,10.0,Bearing3_2,2,200,40Hz10kN/Bearing3_2/200.csv,train,32768,25600,1.28,1,2296
XJTU-SY,3,40Hz10kN,2400,10.0,Bearing3_2,2,201,40Hz10kN/Bearing3_2/201.csv,train,32768,25600,1.28,1,2295
XJTU-SY,3,40Hz10kN,2400,10.0,Bearing3_2,2,202,40Hz10kN/Bearing3_2/202.csv,train,32768,25600,1.28,1,2294
XJTU-SY,3,40Hz10kN,2400,10.0,Bearing3_2,2,203,40Hz10kN/Bearing3_2/203.csv,train,32768,25600,1.28,1,2293
XJTU-SY,3,40Hz10kN,2400,10.0,Bearing3_2,2,204,40Hz10kN/Bearing3_2/204.csv,train,32768,25600,1.28,1,2292
XJTU-SY,3,40Hz10kN,2400,10.0,Bearing3_2,2,205,40Hz10kN/Bearing3_2/205.csv,train,32768,25600,1.28,1,2291
XJTU-SY,3,40Hz10kN,2400,10.0,Bearing3_2,2,206,40Hz10kN/Bearing3_2/206.csv,train,32768,25600,1.28,1,2290
XJTU-SY,3,40Hz10kN,2400,10.0,Bearing3_2,2,207,40Hz10kN/Bearing3_2/207.csv,train,32768,25600,1.28,1,2289
XJTU-SY,3,40Hz10kN,2400,10.0,Bearing3_2,2,208,40Hz10kN/Bearing3_2/208.csv,train,32768,25600,1.28,1,2288
XJTU-SY,3,40Hz10kN,2400,10.0,Bearing3_2,2,209,40Hz10kN/Bearing3_2/209.csv,train,32768,25600,1.28,1,2287
XJTU-SY,3,40Hz10kN,2400,10.0,Bearing3_2,2,210,40Hz10kN/Bearing3_2/210.csv,train,32768,25600,1.28,1,2286
XJTU-SY,3,40Hz10kN,2400,10.0,Bearing3_2,2,211,40Hz10kN/Bearing3_2/211.csv,train,32768,25600,1.28,1,2285
XJTU-SY,3,40Hz10kN,2400,10.0,Bearing3_2,2,212,40Hz10kN/Bearing3_2/212.csv,train,32768,25600,1.28,1,2284
XJTU-SY,3,40Hz10kN,2400,10.0,Bearing3_2,2,213,40Hz10kN/Bearing3_2/213.csv,train,32768,25600,1.28,1,2283
XJTU-SY,3,40Hz10kN,2400,10.0,Bearing3_2,2,214,40Hz10kN/Bearing3_2/214.csv,train,32768,25600,1.28,1,2282
XJTU-SY,3,40Hz10kN,2400,10.0,Bearing3_2,2,215,40Hz10kN/Bearing3_2/215.csv,train,32768,25600,1.28,1,2281
XJTU-SY,3,40Hz10kN,2400,10.0,Bearing3_2,2,216,40Hz10kN/Bearing3_2/216.csv,train,32768,25600,1.28,1,2280
XJTU-SY,3,40Hz10kN,2400,10.0,Bearing3_2,2,217,40Hz10kN/Bearing3_2/217.csv,train,32768,25600,1.28,1,2279
XJTU-SY,3,40Hz10kN,2400,10.0,Bearing3_2,2,218,40Hz10kN/Bearing3_2/218.csv,train,32768,25600,1.28,1,2278
XJTU-SY,3,40Hz10kN,2400,10.0,Bearing3_2,2,219,40Hz10kN/Bearing3_2/219.csv,train,32768,25600,1.28,1,2277
XJTU-SY,3,40Hz10kN,2400,10.0,Bearing3_2,2,220,40Hz10kN/Bearing3_2/220.csv,train,32768,25600,1.28,1,2276
XJTU-SY,3,40Hz10kN,2400,10.0,Bearing3_2,2,221,40Hz10kN/Bearing3_2/221.csv,train,32768,25600,1.28,1,2275
XJTU-SY,3,40Hz10kN,2400,10.0,Bearing3_2,2,222,40Hz10kN/Bearing3_2/222.csv,train,32768,25600,1.28,1,2274
XJTU-SY,3,40Hz10kN,2400,10.0,Bearing3_2,2,223,40Hz10kN/Bearing3_2/223.csv,train,32768,25600,1.28,1,2273
XJTU-SY,3,40Hz10kN,2400,10.0,Bearing3_2,2,224,40Hz10kN/Bearing3_2/224.csv,train,32768,25600,1.28,1,2272
XJTU-SY,3,40Hz10kN,2400,10.0,Bearing3_2,2,225,40Hz10kN/Bearing3_2/225.csv,train,32768,25600,1.28,1,2271
XJTU-SY,3,40Hz10kN,2400,10.0,Bearing3_2,2,226,40Hz10kN/Bearing3_2/226.csv,train,32768,25600,1.28,1,2270
XJTU-SY,3,40Hz10kN,2400,10.0,Bearing3_2,2,227,40Hz10kN/Bearing3_2/227.csv,train,32768,25600,1.28,1,2269
XJTU-SY,3,40Hz10kN,2400,10.0,Bearing3_2,2,228,40Hz10kN/Bearing3_2/228.csv,train,32768,25600,1.28,1,2268
XJTU-SY,3,40Hz10kN,2400,10.0,Bearing3_2,2,229,40Hz10kN/Bearing3_2/229.csv,train,32768,25600,1.28,1,2267
XJTU-SY,3,40Hz10kN,2400,10.0,Bearing3_2,2,230,40Hz10kN/Bearing3_2/230.csv,train,32768,25600,1.28,1,2266
XJTU-SY,3,40Hz10kN,2400,10.0,Bearing3_2,2,231,40Hz10kN/Bearing3_2/231.csv,train,32768,25600,1.28,1,2265
XJTU-SY,3,40Hz10kN,2400,10.0,Bearing3_2,2,232,40Hz10kN/Bearing3_2/232.csv,train,32768,25600,1.28,1,2264
XJTU-SY,3,40Hz10kN,2400,10.0,Bearing3_2,2,233,40Hz10kN/Bearing3_2/233.csv,train,32768,25600,1.28,1,2263
XJTU-SY,3,40Hz10kN,2400,10.0,Bearing3_2,2,234,40Hz10kN/Bearing3_2/234.csv,train,32768,25600,1.28,1,2262
XJTU-SY,3,40Hz10kN,2400,10.0,Bearing3_2,2,235,40Hz10kN/Bearing3_2/235.csv,train,32768,25600,1.28,1,2261
XJTU-SY,3,40Hz10kN,2400,10.0,Bearing3_2,2,236,40Hz10kN/Bearing3_2/236.csv,train,32768,25600,1.28,1,2260
XJTU-SY,3,40Hz10kN,2400,10.0,Bearing3_2,2,237,40Hz10kN/Bearing3_2/237.csv,train,32768,25600,1.28,1,2259
XJTU-SY,3,40Hz10kN,2400,10.0,Bearing3_2,2,238,40Hz10kN/Bearing3_2/238.csv,train,32768,25600,1.28,1,2258
XJTU-SY,3,40Hz10kN,2400,10.0,Bearing3_2,2,239,40Hz10kN/Bearing3_2/239.csv,train,32768,25600,1.28,1,2257
XJTU-SY,3,40Hz10kN,2400,10.0,Bearing3_2,2,240,40Hz10kN/Bearing3_2/240.csv,train,32768,25600,1.28,1,2256
XJTU-SY,3,40Hz10kN,2400,10.0,Bearing3_2,2,241,40Hz10kN/Bearing3_2/241.csv,train,32768,25600,1.28,1,2255
XJTU-SY,3,40Hz10kN,2400,10.0,Bearing3_2,2,242,40Hz10kN/Bearing3_2/242.csv,train,32768,25600,1.28,1,2254
XJTU-SY,3,40Hz10kN,2400,10.0,Bearing3_2,2,243,40Hz10kN/Bearing3_2/243.csv,train,32768,25600,1.28,1,2253
XJTU-SY,3,40Hz10kN,2400,10.0,Bearing3_2,2,244,40Hz10kN/Bearing3_2/244.csv,train,32768,25600,1.28,1,2252
XJTU-SY,3,40Hz10kN,2400,10.0,Bearing3_2,2,245,40Hz10kN/Bearing3_2/245.csv,train,32768,25600,1.28,1,2251
XJTU-SY,3,40Hz10kN,2400,10.0,Bearing3_2,2,246,40Hz10kN/Bearing3_2/246.csv,train,32768,25600,1.28,1,2250
XJTU-SY,3,40Hz10kN,2400,10.0,Bearing3_2,2,247,40Hz10kN/Bearing3_2/247.csv,train,32768,25600,1.28,1,2249
XJTU-SY,3,40Hz10kN,2400,10.0,Bearing3_2,2,248,40Hz10kN/Bearing3_2/248.csv,train,32768,25600,1.28,1,2248
XJTU-SY,3,40Hz10kN,2400,10.0,Bearing3_2,2,249,40Hz10kN/Bearing3_2/249.csv,train,32768,25600,1.28,1,2247
XJTU-SY,3,40Hz10kN,2400,10.0,Bearing3_2,2,250,40Hz10kN/Bearing3_2/250.csv,train,32768,25600,1.28,1,2246
XJTU-SY,3,40Hz10kN,2400,10.0,Bearing3_2,2,251,40Hz10kN/Bearing3_2/251.csv,train,32768,25600,1.28,1,2245
XJTU-SY,3,40Hz10kN,2400,10.0,Bearing3_2,2,252,40Hz10kN/Bearing3_2/252.csv,train,32768,25600,1.28,1,2244
XJTU-SY,3,40Hz10kN,2400,10.0,Bearing3_2,2,253,40Hz10kN/Bearing3_2/253.csv,train,32768,25600,1.28,1,2243
XJTU-SY,3,40Hz10kN,2400,10.0,Bearing3_2,2,254,40Hz10kN/Bearing3_2/254.csv,train,32768,25600,1.28,1,2242
XJTU-SY,3,40Hz10kN,2400,10.0,Bearing3_2,2,255,40Hz10kN/Bearing3_2/255.csv,train,32768,25600,1.28,1,2241
XJTU-SY,3,40Hz10kN,2400,10.0,Bearing3_2,2,256,40Hz10kN/Bearing3_2/256.csv,train,32768,25600,1.28,1,2240
XJTU-SY,3,40Hz10kN,2400,10.0,Bearing3_2,2,257,40Hz10kN/Bearing3_2/257.csv,train,32768,25600,1.28,1,2239
XJTU-SY,3,40Hz10kN,2400,10.0,Bearing3_2,2,258,40Hz10kN/Bearing3_2/258.csv,train,32768,25600,1.28,1,2238
XJTU-SY,3,40Hz10kN,2400,10.0,Bearing3_2,2,259,40Hz10kN/Bearing3_2/259.csv,train,32768,25600,1.28,1,2237
XJTU-SY,3,40Hz10kN,2400,10.0,Bearing3_2,2,260,40Hz10kN/Bearing3_2/260.csv,train,32768,25600,1.28,1,2236
XJTU-SY,3,40Hz10kN,2400,10.0,Bearing3_2,2,261,40Hz10kN/Bearing3_2/261.csv,train,32768,25600,1.28,1,2235
XJTU-SY,3,40Hz10kN,2400,10.0,Bearing3_2,2,262,40Hz10kN/Bearing3_2/262.csv,train,32768,25600,1.28,1,2234
XJTU-SY,3,40Hz10kN,2400,10.0,Bearing3_2,2,263,40Hz10kN/Bearing3_2/263.csv,train,32768,25600,1.28,1,2233
XJTU-SY,3,40Hz10kN,2400,10.0,Bearing3_2,2,264,40Hz10kN/Bearing3_2/264.csv,train,32768,25600,1.28,1,2232
XJTU-SY,3,40Hz10kN,2400,10.0,Bearing3_2,2,265,40Hz10kN/Bearing3_2/265.csv,train,32768,25600,1.28,1,2231
XJTU-SY,3,40Hz10kN,2400,10.0,Bearing3_2,2,266,40Hz10kN/Bearing3_2/266.csv,train,32768,25600,1.28,1,2230
XJTU-SY,3,40Hz10kN,2400,10.0,Bearing3_2,2,267,40Hz10kN/Bearing3_2/267.csv,train,32768,25600,1.28,1,2229
XJTU-SY,3,40Hz10kN,2400,10.0,Bearing3_2,2,268,40Hz10kN/Bearing3_2/268.csv,train,32768,25600,1.28,1,2228
XJTU-SY,3,40Hz10kN,2400,10.0,Bearing3_2,2,269,40Hz10kN/Bearing3_2/269.csv,train,32768,25600,1.28,1,2227
XJTU-SY,3,40Hz10kN,2400,10.0,Bearing3_2,2,270,40Hz10kN/Bearing3_2/270.csv,train,32768,25600,1.28,1,2226
XJTU-SY,3,40Hz10kN,2400,10.0,Bearing3_2,2,271,40Hz10kN/Bearing3_2/271.csv,train,32768,25600,1.28,1,2225
XJTU-SY,3,40Hz10kN,2400,10.0,Bearing3_2,2,272,40Hz10kN/Bearing3_2/272.csv,train,32768,25600,1.28,1,2224
XJTU-SY,3,40Hz10kN,2400,10.0,Bearing3_2,2,273,40Hz10kN/Bearing3_2/273.csv,train,32768,25600,1.28,1,2223
XJTU-SY,3,40Hz10kN,2400,10.0,Bearing3_2,2,274,40Hz10kN/Bearing3_2/274.csv,train,32768,25600,1.28,1,2222
XJTU-SY,3,40Hz10kN,2400,10.0,Bearing3_2,2,275,40Hz10kN/Bearing3_2/275.csv,train,32768,25600,1.28,1,2221
XJTU-SY,3,40Hz10kN,2400,10.0,Bearing3_2,2,276,40Hz10kN/Bearing3_2/276.csv,train,32768,25600,1.28,1,2220
XJTU-SY,3,40Hz10kN,2400,10.0,Bearing3_2,2,277,40Hz10kN/Bearing3_2/277.csv,train,32768,25600,1.28,1,2219
XJTU-SY,3,40Hz10kN,2400,10.0,Bearing3_2,2,278,40Hz10kN/Bearing3_2/278.csv,train,32768,25600,1.28,1,2218
XJTU-SY,3,40Hz10kN,2400,10.0,Bearing3_2,2,279,40Hz10kN/Bearing3_2/279.csv,train,32768,25600,1.28,1,2217
XJTU-SY,3,40Hz10kN,2400,10.0,Bearing3_2,2,280,40Hz10kN/Bearing3_2/280.csv,train,32768,25600,1.28,1,2216
XJTU-SY,3,40Hz10kN,2400,10.0,Bearing3_2,2,281,40Hz10kN/Bearing3_2/281.csv,train,32768,25600,1.28,1,2215
XJTU-SY,3,40Hz10kN,2400,10.0,Bearing3_2,2,282,40Hz10kN/Bearing3_2/282.csv,train,32768,25600,1.28,1,2214
XJTU-SY,3,40Hz10kN,2400,10.0,Bearing3_2,2,283,40Hz10kN/Bearing3_2/283.csv,train,32768,25600,1.28,1,2213
XJTU-SY,3,40Hz10kN,2400,10.0,Bearing3_2,2,284,40Hz10kN/Bearing3_2/284.csv,train,32768,25600,1.28,1,2212
XJTU-SY,3,40Hz10kN,2400,10.0,Bearing3_2,2,285,40Hz10kN/Bearing3_2/285.csv,train,32768,25600,1.28,1,2211
XJTU-SY,3,40Hz10kN,2400,10.0,Bearing3_2,2,286,40Hz10kN/Bearing3_2/286.csv,train,32768,25600,1.28,1,2210
XJTU-SY,3,40Hz10kN,2400,10.0,Bearing3_2,2,287,40Hz10kN/Bearing3_2/287.csv,train,32768,25600,1.28,1,2209
XJTU-SY,3,40Hz10kN,2400,10.0,Bearing3_2,2,288,40Hz10kN/Bearing3_2/288.csv,train,32768,25600,1.28,1,2208
XJTU-SY,3,40Hz10kN,2400,10.0,Bearing3_2,2,289,40Hz10kN/Bearing3_2/289.csv,train,32768,25600,1.28,1,2207
XJTU-SY,3,40Hz10kN,2400,10.0,Bearing3_2,2,290,40Hz10kN/Bearing3_2/290.csv,train,32768,25600,1.28,1,2206
XJTU-SY,3,40Hz10kN,2400,10.0,Bearing3_2,2,291,40Hz10kN/Bearing3_2/291.csv,train,32768,25600,1.28,1,2205
XJTU-SY,3,40Hz10kN,2400,10.0,Bearing3_2,2,292,40Hz10kN/Bearing3_2/292.csv,train,32768,25600,1.28,1,2204
XJTU-SY,3,40Hz10kN,2400,10.0,Bearing3_2,2,293,40Hz10kN/Bearing3_2/293.csv,train,32768,25600,1.28,1,2203
XJTU-SY,3,40Hz10kN,2400,10.0,Bearing3_2,2,294,40Hz10kN/Bearing3_2/294.csv,train,32768,25600,1.28,1,2202
XJTU-SY,3,40Hz10kN,2400,10.0,Bearing3_2,2,295,40Hz10kN/Bearing3_2/295.csv,train,32768,25600,1.28,1,2201
XJTU-SY,3,40Hz10kN,2400,10.0,Bearing3_2,2,296,40Hz10kN/Bearing3_2/296.csv,train,32768,25600,1.28,1,2200
XJTU-SY,3,40Hz10kN,2400,10.0,Bearing3_2,2,297,40Hz10kN/Bearing3_2/297.csv,train,32768,25600,1.28,1,2199
XJTU-SY,3,40Hz10kN,2400,10.0,Bearing3_2,2,298,40Hz10kN/Bearing3_2/298.csv,train,32768,25600,1.28,1,2198
XJTU-SY,3,40Hz10kN,2400,10.0,Bearing3_2,2,299,40Hz10kN/Bearing3_2/299.csv,train,32768,25600,1.28,1,2197
XJTU-SY,3,40Hz10kN,2400,10.0,Bearing3_2,2,300,40Hz10kN/Bearing3_2/300.csv,train,32768,25600,1.28,1,2196
XJTU-SY,3,40Hz10kN,2400,10.0,Bearing3_2,2,301,40Hz10kN/Bearing3_2/301.csv,train,32768,25600,1.28,1,2195
XJTU-SY,3,40Hz10kN,2400,10.0,Bearing3_2,2,302,40Hz10kN/Bearing3_2/302.csv,train,32768,25600,1.28,1,2194
XJTU-SY,3,40Hz10kN,2400,10.0,Bearing3_2,2,303,40Hz10kN/Bearing3_2/303.csv,train,32768,25600,1.28,1,2193
XJTU-SY,3,40Hz10kN,2400,10.0,Bearing3_2,2,304,40Hz10kN/Bearing3_2/304.csv,train,32768,25600,1.28,1,2192
XJTU-SY,3,40Hz10kN,2400,10.0,Bearing3_2,2,305,40Hz10kN/Bearing3_2/305.csv,train,32768,25600,1.28,1,2191
XJTU-SY,3,40Hz10kN,2400,10.0,Bearing3_2,2,306,40Hz10kN/Bearing3_2/306.csv,train,32768,25600,1.28,1,2190
XJTU-SY,3,40Hz10kN,2400,10.0,Bearing3_2,2,307,40Hz10kN/Bearing3_2/307.csv,train,32768,25600,1.28,1,2189
XJTU-SY,3,40Hz10kN,2400,10.0,Bearing3_2,2,308,40Hz10kN/Bearing3_2/308.csv,train,32768,25600,1.28,1,2188
XJTU-SY,3,40Hz10kN,2400,10.0,Bearing3_2,2,309,40Hz10kN/Bearing3_2/309.csv,train,32768,25600,1.28,1,2187
XJTU-SY,3,40Hz10kN,2400,10.0,Bearing3_2,2,310,40Hz10kN/Bearing3_2/310.csv,train,32768,25600,1.28,1,2186
XJTU-SY,3,40Hz10kN,2400,10.0,Bearing3_2,2,311,40Hz10kN/Bearing3_2/311.csv,train,32768,25600,1.28,1,2185
XJTU-SY,3,40Hz10kN,2400,10.0,Bearing3_2,2,312,40Hz10kN/Bearing3_2/312.csv,train,32768,25600,1.28,1,2184
XJTU-SY,3,40Hz10kN,2400,10.0,Bearing3_2,2,313,40Hz10kN/Bearing3_2/313.csv,train,32768,25600,1.28,1,2183
XJTU-SY,3,40Hz10kN,2400,10.0,Bearing3_2,2,314,40Hz10kN/Bearing3_2/314.csv,train,32768,25600,1.28,1,2182
XJTU-SY,3,40Hz10kN,2400,10.0,Bearing3_2,2,315,40Hz10kN/Bearing3_2/315.csv,train,32768,25600,1.28,1,2181
XJTU-SY,3,40Hz10kN,2400,10.0,Bearing3_2,2,316,40Hz10kN/Bearing3_2/316.csv,train,32768,25600,1.28,1,2180
XJTU-SY,3,40Hz10kN,2400,10.0,Bearing3_2,2,317,40Hz10kN/Bearing3_2/317.csv,train,32768,25600,1.28,1,2179
XJTU-SY,3,40Hz10kN,2400,10.0,Bearing3_2,2,318,40Hz10kN/Bearing3_2/318.csv,train,32768,25600,1.28,1,2178
XJTU-SY,3,40Hz10kN,2400,10.0,Bearing3_2,2,319,40Hz10kN/Bearing3_2/319.csv,train,32768,25600,1.28,1,2177
XJTU-SY,3,40Hz10kN,2400,10.0,Bearing3_2,2,320,40Hz10kN/Bearing3_2/320.csv,train,32768,25600,1.28,1,2176
XJTU-SY,3,40Hz10kN,2400,10.0,Bearing3_2,2,321,40Hz10kN/Bearing3_2/321.csv,train,32768,25600,1.28,1,2175
XJTU-SY,3,40Hz10kN,2400,10.0,Bearing3_2,2,322,40Hz10kN/Bearing3_2/322.csv,train,32768,25600,1.28,1,2174
XJTU-SY,3,40Hz10kN,2400,10.0,Bearing3_2,2,323,40Hz10kN/Bearing3_2/323.csv,train,32768,25600,1.28,1,2173
XJTU-SY,3,40Hz10kN,2400,10.0,Bearing3_2,2,324,40Hz10kN/Bearing3_2/324.csv,train,32768,25600,1.28,1,2172
XJTU-SY,3,40Hz10kN,2400,10.0,Bearing3_2,2,325,40Hz10kN/Bearing3_2/325.csv,train,32768,25600,1.28,1,2171
XJTU-SY,3,40Hz10kN,2400,10.0,Bearing3_2,2,326,40Hz10kN/Bearing3_2/326.csv,train,32768,25600,1.28,1,2170
XJTU-SY,3,40Hz10kN,2400,10.0,Bearing3_2,2,327,40Hz10kN/Bearing3_2/327.csv,train,32768,25600,1.28,1,2169
XJTU-SY,3,40Hz10kN,2400,10.0,Bearing3_2,2,328,40Hz10kN/Bearing3_2/328.csv,train,32768,25600,1.28,1,2168
XJTU-SY,3,40Hz10kN,2400,10.0,Bearing3_2,2,329,40Hz10kN/Bearing3_2/329.csv,train,32768,25600,1.28,1,2167
XJTU-SY,3,40Hz10kN,2400,10.0,Bearing3_2,2,330,40Hz10kN/Bearing3_2/330.csv,train,32768,25600,1.28,1,2166
XJTU-SY,3,40Hz10kN,2400,10.0,Bearing3_2,2,331,40Hz10kN/Bearing3_2/331.csv,train,32768,25600,1.28,1,2165
XJTU-SY,3,40Hz10kN,2400,10.0,Bearing3_2,2,332,40Hz10kN/Bearing3_2/332.csv,train,32768,25600,1.28,1,2164
XJTU-SY,3,40Hz10kN,2400,10.0,Bearing3_2,2,333,40Hz10kN/Bearing3_2/333.csv,train,32768,25600,1.28,1,2163
XJTU-SY,3,40Hz10kN,2400,10.0,Bearing3_2,2,334,40Hz10kN/Bearing3_2/334.csv,train,32768,25600,1.28,1,2162
XJTU-SY,3,40Hz10kN,2400,10.0,Bearing3_2,2,335,40Hz10kN/Bearing3_2/335.csv,train,32768,25600,1.28,1,2161
XJTU-SY,3,40Hz10kN,2400,10.0,Bearing3_2,2,336,40Hz10kN/Bearing3_2/336.csv,train,32768,25600,1.28,1,2160
XJTU-SY,3,40Hz10kN,2400,10.0,Bearing3_2,2,337,40Hz10kN/Bearing3_2/337.csv,train,32768,25600,1.28,1,2159
XJTU-SY,3,40Hz10kN,2400,10.0,Bearing3_2,2,338,40Hz10kN/Bearing3_2/338.csv,train,32768,25600,1.28,1,2158
XJTU-SY,3,40Hz10kN,2400,10.0,Bearing3_2,2,339,40Hz10kN/Bearing3_2/339.csv,train,32768,25600,1.28,1,2157
XJTU-SY,3,40Hz10kN,2400,10.0,Bearing3_2,2,340,40Hz10kN/Bearing3_2/340.csv,train,32768,25600,1.28,1,2156
XJTU-SY,3,40Hz10kN,2400,10.0,Bearing3_2,2,341,40Hz10kN/Bearing3_2/341.csv,train,32768,25600,1.28,1,2155
XJTU-SY,3,40Hz10kN,2400,10.0,Bearing3_2,2,342,40Hz10kN/Bearing3_2/342.csv,train,32768,25600,1.28,1,2154
XJTU-SY,3,40Hz10kN,2400,10.0,Bearing3_2,2,343,40Hz10kN/Bearing3_2/343.csv,train,32768,25600,1.28,1,2153
XJTU-SY,3,40Hz10kN,2400,10.0,Bearing3_2,2,344,40Hz10kN/Bearing3_2/344.csv,train,32768,25600,1.28,1,2152
XJTU-SY,3,40Hz10kN,2400,10.0,Bearing3_2,2,345,40Hz10kN/Bearing3_2/345.csv,train,32768,25600,1.28,1,2151
XJTU-SY,3,40Hz10kN,2400,10.0,Bearing3_2,2,346,40Hz10kN/Bearing3_2/346.csv,train,32768,25600,1.28,1,2150
XJTU-SY,3,40Hz10kN,2400,10.0,Bearing3_2,2,347,40Hz10kN/Bearing3_2/347.csv,train,32768,25600,1.28,1,2149
XJTU-SY,3,40Hz10kN,2400,10.0,Bearing3_2,2,348,40Hz10kN/Bearing3_2/348.csv,train,32768,25600,1.28,1,2148
XJTU-SY,3,40Hz10kN,2400,10.0,Bearing3_2,2,349,40Hz10kN/Bearing3_2/349.csv,train,32768,25600,1.28,1,2147
XJTU-SY,3,40Hz10kN,2400,10.0,Bearing3_2,2,350,40Hz10kN/Bearing3_2/350.csv,train,32768,25600,1.28,1,2146
XJTU-SY,3,40Hz10kN,2400,10.0,Bearing3_2,2,351,40Hz10kN/Bearing3_2/351.csv,train,32768,25600,1.28,1,2145
XJTU-SY,3,40Hz10kN,2400,10.0,Bearing3_2,2,352,40Hz10kN/Bearing3_2/352.csv,train,32768,25600,1.28,1,2144
XJTU-SY,3,40Hz10kN,2400,10.0,Bearing3_2,2,353,40Hz10kN/Bearing3_2/353.csv,train,32768,25600,1.28,1,2143
XJTU-SY,3,40Hz10kN,2400,10.0,Bearing3_2,2,354,40Hz10kN/Bearing3_2/354.csv,train,32768,25600,1.28,1,2142
XJTU-SY,3,40Hz10kN,2400,10.0,Bearing3_2,2,355,40Hz10kN/Bearing3_2/355.csv,train,32768,25600,1.28,1,2141
XJTU-SY,3,40Hz10kN,2400,10.0,Bearing3_2,2,356,40Hz10kN/Bearing3_2/356.csv,train,32768,25600,1.28,1,2140
XJTU-SY,3,40Hz10kN,2400,10.0,Bearing3_2,2,357,40Hz10kN/Bearing3_2/357.csv,train,32768,25600,1.28,1,2139
XJTU-SY,3,40Hz10kN,2400,10.0,Bearing3_2,2,358,40Hz10kN/Bearing3_2/358.csv,train,32768,25600,1.28,1,2138
XJTU-SY,3,40Hz10kN,2400,10.0,Bearing3_2,2,359,40Hz10kN/Bearing3_2/359.csv,train,32768,25600,1.28,1,2137
XJTU-SY,3,40Hz10kN,2400,10.0,Bearing3_2,2,360,40Hz10kN/Bearing3_2/360.csv,train,32768,25600,1.28,1,2136
XJTU-SY,3,40Hz10kN,2400,10.0,Bearing3_2,2,361,40Hz10kN/Bearing3_2/361.csv,train,32768,25600,1.28,1,2135
XJTU-SY,3,40Hz10kN,2400,10.0,Bearing3_2,2,362,40Hz10kN/Bearing3_2/362.csv,train,32768,25600,1.28,1,2134
XJTU-SY,3,40Hz10kN,2400,10.0,Bearing3_2,2,363,40Hz10kN/Bearing3_2/363.csv,train,32768,25600,1.28,1,2133
XJTU-SY,3,40Hz10kN,2400,10.0,Bearing3_2,2,364,40Hz10kN/Bearing3_2/364.csv,train,32768,25600,1.28,1,2132
XJTU-SY,3,40Hz10kN,2400,10.0,Bearing3_2,2,365,40Hz10kN/Bearing3_2/365.csv,train,32768,25600,1.28,1,2131
XJTU-SY,3,40Hz10kN,2400,10.0,Bearing3_2,2,366,40Hz10kN/Bearing3_2/366.csv,train,32768,25600,1.28,1,2130
XJTU-SY,3,40Hz10kN,2400,10.0,Bearing3_2,2,367,40Hz10kN/Bearing3_2/367.csv,train,32768,25600,1.28,1,2129
XJTU-SY,3,40Hz10kN,2400,10.0,Bearing3_2,2,368,40Hz10kN/Bearing3_2/368.csv,train,32768,25600,1.28,1,2128
XJTU-SY,3,40Hz10kN,2400,10.0,Bearing3_2,2,369,40Hz10kN/Bearing3_2/369.csv,train,32768,25600,1.28,1,2127
XJTU-SY,3,40Hz10kN,2400,10.0,Bearing3_2,2,370,40Hz10kN/Bearing3_2/370.csv,train,32768,25600,1.28,1,2126
XJTU-SY,3,40Hz10kN,2400,10.0,Bearing3_2,2,371,40Hz10kN/Bearing3_2/371.csv,train,32768,25600,1.28,1,2125
XJTU-SY,3,40Hz10kN,2400,10.0,Bearing3_2,2,372,40Hz10kN/Bearing3_2/372.csv,train,32768,25600,1.28,1,2124
XJTU-SY,3,40Hz10kN,2400,10.0,Bearing3_2,2,373,40Hz10kN/Bearing3_2/373.csv,train,32768,25600,1.28,1,2123
XJTU-SY,3,40Hz10kN,2400,10.0,Bearing3_2,2,374,40Hz10kN/Bearing3_2/374.csv,train,32768,25600,1.28,1,2122
XJTU-SY,3,40Hz10kN,2400,10.0,Bearing3_2,2,375,40Hz10kN/Bearing3_2/375.csv,train,32768,25600,1.28,1,2121
XJTU-SY,3,40Hz10kN,2400,10.0,Bearing3_2,2,376,40Hz10kN/Bearing3_2/376.csv,train,32768,25600,1.28,1,2120
XJTU-SY,3,40Hz10kN,2400,10.0,Bearing3_2,2,377,40Hz10kN/Bearing3_2/377.csv,train,32768,25600,1.28,1,2119
XJTU-SY,3,40Hz10kN,2400,10.0,Bearing3_2,2,378,40Hz10kN/Bearing3_2/378.csv,train,32768,25600,1.28,1,2118
XJTU-SY,3,40Hz10kN,2400,10.0,Bearing3_2,2,379,40Hz10kN/Bearing3_2/379.csv,train,32768,25600,1.28,1,2117
XJTU-SY,3,40Hz10kN,2400,10.0,Bearing3_2,2,380,40Hz10kN/Bearing3_2/380.csv,train,32768,25600,1.28,1,2116
XJTU-SY,3,40Hz10kN,2400,10.0,Bearing3_2,2,381,40Hz10kN/Bearing3_2/381.csv,train,32768,25600,1.28,1,2115
XJTU-SY,3,40Hz10kN,2400,10.0,Bearing3_2,2,382,40Hz10kN/Bearing3_2/382.csv,train,32768,25600,1.28,1,2114
XJTU-SY,3,40Hz10kN,2400,10.0,Bearing3_2,2,383,40Hz10kN/Bearing3_2/383.csv,train,32768,25600,1.28,1,2113
XJTU-SY,3,40Hz10kN,2400,10.0,Bearing3_2,2,384,40Hz10kN/Bearing3_2/384.csv,train,32768,25600,1.28,1,2112
XJTU-SY,3,40Hz10kN,2400,10.0,Bearing3_2,2,385,40Hz10kN/Bearing3_2/385.csv,train,32768,25600,1.28,1,2111
XJTU-SY,3,40Hz10kN,2400,10.0,Bearing3_2,2,386,40Hz10kN/Bearing3_2/386.csv,train,32768,25600,1.28,1,2110
XJTU-SY,3,40Hz10kN,2400,10.0,Bearing3_2,2,387,40Hz10kN/Bearing3_2/387.csv,train,32768,25600,1.28,1,2109
XJTU-SY,3,40Hz10kN,2400,10.0,Bearing3_2,2,388,40Hz10kN/Bearing3_2/388.csv,train,32768,25600,1.28,1,2108
XJTU-SY,3,40Hz10kN,2400,10.0,Bearing3_2,2,389,40Hz10kN/Bearing3_2/389.csv,train,32768,25600,1.28,1,2107
XJTU-SY,3,40Hz10kN,2400,10.0,Bearing3_2,2,390,40Hz10kN/Bearing3_2/390.csv,train,32768,25600,1.28,1,2106
XJTU-SY,3,40Hz10kN,2400,10.0,Bearing3_2,2,391,40Hz10kN/Bearing3_2/391.csv,train,32768,25600,1.28,1,2105
XJTU-SY,3,40Hz10kN,2400,10.0,Bearing3_2,2,392,40Hz10kN/Bearing3_2/392.csv,train,32768,25600,1.28,1,2104
XJTU-SY,3,40Hz10kN,2400,10.0,Bearing3_2,2,393,40Hz10kN/Bearing3_2/393.csv,train,32768,25600,1.28,1,2103
XJTU-SY,3,40Hz10kN,2400,10.0,Bearing3_2,2,394,40Hz10kN/Bearing3_2/394.csv,train,32768,25600,1.28,1,2102
XJTU-SY,3,40Hz10kN,2400,10.0,Bearing3_2,2,395,40Hz10kN/Bearing3_2/395.csv,train,32768,25600,1.28,1,2101
XJTU-SY,3,40Hz10kN,2400,10.0,Bearing3_2,2,396,40Hz10kN/Bearing3_2/396.csv,train,32768,25600,1.28,1,2100
XJTU-SY,3,40Hz10kN,2400,10.0,Bearing3_2,2,397,40Hz10kN/Bearing3_2/397.csv,train,32768,25600,1.28,1,2099
XJTU-SY,3,40Hz10kN,2400,10.0,Bearing3_2,2,398,40Hz10kN/Bearing3_2/398.csv,train,32768,25600,1.28,1,2098
XJTU-SY,3,40Hz10kN,2400,10.0,Bearing3_2,2,399,40Hz10kN/Bearing3_2/399.csv,train,32768,25600,1.28,1,2097
XJTU-SY,3,40Hz10kN,2400,10.0,Bearing3_2,2,400,40Hz10kN/Bearing3_2/400.csv,train,32768,25600,1.28,1,2096
XJTU-SY,3,40Hz10kN,2400,10.0,Bearing3_2,2,401,40Hz10kN/Bearing3_2/401.csv,train,32768,25600,1.28,1,2095
XJTU-SY,3,40Hz10kN,2400,10.0,Bearing3_2,2,402,40Hz10kN/Bearing3_2/402.csv,train,32768,25600,1.28,1,2094
XJTU-SY,3,40Hz10kN,2400,10.0,Bearing3_2,2,403,40Hz10kN/Bearing3_2/403.csv,train,32768,25600,1.28,1,2093
XJTU-SY,3,40Hz10kN,2400,10.0,Bearing3_2,2,404,40Hz10kN/Bearing3_2/404.csv,train,32768,25600,1.28,1,2092
XJTU-SY,3,40Hz10kN,2400,10.0,Bearing3_2,2,405,40Hz10kN/Bearing3_2/405.csv,train,32768,25600,1.28,1,2091
XJTU-SY,3,40Hz10kN,2400,10.0,Bearing3_2,2,406,40Hz10kN/Bearing3_2/406.csv,train,32768,25600,1.28,1,2090
XJTU-SY,3,40Hz10kN,2400,10.0,Bearing3_2,2,407,40Hz10kN/Bearing3_2/407.csv,train,32768,25600,1.28,1,2089
XJTU-SY,3,40Hz10kN,2400,10.0,Bearing3_2,2,408,40Hz10kN/Bearing3_2/408.csv,train,32768,25600,1.28,1,2088
XJTU-SY,3,40Hz10kN,2400,10.0,Bearing3_2,2,409,40Hz10kN/Bearing3_2/409.csv,train,32768,25600,1.28,1,2087
XJTU-SY,3,40Hz10kN,2400,10.0,Bearing3_2,2,410,40Hz10kN/Bearing3_2/410.csv,train,32768,25600,1.28,1,2086
XJTU-SY,3,40Hz10kN,2400,10.0,Bearing3_2,2,411,40Hz10kN/Bearing3_2/411.csv,train,32768,25600,1.28,1,2085
XJTU-SY,3,40Hz10kN,2400,10.0,Bearing3_2,2,412,40Hz10kN/Bearing3_2/412.csv,train,32768,25600,1.28,1,2084
XJTU-SY,3,40Hz10kN,2400,10.0,Bearing3_2,2,413,40Hz10kN/Bearing3_2/413.csv,train,32768,25600,1.28,1,2083
XJTU-SY,3,40Hz10kN,2400,10.0,Bearing3_2,2,414,40Hz10kN/Bearing3_2/414.csv,train,32768,25600,1.28,1,2082
XJTU-SY,3,40Hz10kN,2400,10.0,Bearing3_2,2,415,40Hz10kN/Bearing3_2/415.csv,train,32768,25600,1.28,1,2081
XJTU-SY,3,40Hz10kN,2400,10.0,Bearing3_2,2,416,40Hz10kN/Bearing3_2/416.csv,train,32768,25600,1.28,1,2080
XJTU-SY,3,40Hz10kN,2400,10.0,Bearing3_2,2,417,40Hz10kN/Bearing3_2/417.csv,train,32768,25600,1.28,1,2079
XJTU-SY,3,40Hz10kN,2400,10.0,Bearing3_2,2,418,40Hz10kN/Bearing3_2/418.csv,train,32768,25600,1.28,1,2078
XJTU-SY,3,40Hz10kN,2400,10.0,Bearing3_2,2,419,40Hz10kN/Bearing3_2/419.csv,train,32768,25600,1.28,1,2077
XJTU-SY,3,40Hz10kN,2400,10.0,Bearing3_2,2,420,40Hz10kN/Bearing3_2/420.csv,train,32768,25600,1.28,1,2076
XJTU-SY,3,40Hz10kN,2400,10.0,Bearing3_2,2,421,40Hz10kN/Bearing3_2/421.csv,train,32768,25600,1.28,1,2075
XJTU-SY,3,40Hz10kN,2400,10.0,Bearing3_2,2,422,40Hz10kN/Bearing3_2/422.csv,train,32768,25600,1.28,1,2074
XJTU-SY,3,40Hz10kN,2400,10.0,Bearing3_2,2,423,40Hz10kN/Bearing3_2/423.csv,train,32768,25600,1.28,1,2073
XJTU-SY,3,40Hz10kN,2400,10.0,Bearing3_2,2,424,40Hz10kN/Bearing3_2/424.csv,train,32768,25600,1.28,1,2072
XJTU-SY,3,40Hz10kN,2400,10.0,Bearing3_2,2,425,40Hz10kN/Bearing3_2/425.csv,train,32768,25600,1.28,1,2071
XJTU-SY,3,40Hz10kN,2400,10.0,Bearing3_2,2,426,40Hz10kN/Bearing3_2/426.csv,train,32768,25600,1.28,1,2070
XJTU-SY,3,40Hz10kN,2400,10.0,Bearing3_2,2,427,40Hz10kN/Bearing3_2/427.csv,train,32768,25600,1.28,1,2069
XJTU-SY,3,40Hz10kN,2400,10.0,Bearing3_2,2,428,40Hz10kN/Bearing3_2/428.csv,train,32768,25600,1.28,1,2068
XJTU-SY,3,40Hz10kN,2400,10.0,Bearing3_2,2,429,40Hz10kN/Bearing3_2/429.csv,train,32768,25600,1.28,1,2067
XJTU-SY,3,40Hz10kN,2400,10.0,Bearing3_2,2,430,40Hz10kN/Bearing3_2/430.csv,train,32768,25600,1.28,1,2066
XJTU-SY,3,40Hz10kN,2400,10.0,Bearing3_2,2,431,40Hz10kN/Bearing3_2/431.csv,train,32768,25600,1.28,1,2065
XJTU-SY,3,40Hz10kN,2400,10.0,Bearing3_2,2,432,40Hz10kN/Bearing3_2/432.csv,train,32768,25600,1.28,1,2064
XJTU-SY,3,40Hz10kN,2400,10.0,Bearing3_2,2,433,40Hz10kN/Bearing3_2/433.csv,train,32768,25600,1.28,1,2063
XJTU-SY,3,40Hz10kN,2400,10.0,Bearing3_2,2,434,40Hz10kN/Bearing3_2/434.csv,train,32768,25600,1.28,1,2062
XJTU-SY,3,40Hz10kN,2400,10.0,Bearing3_2,2,435,40Hz10kN/Bearing3_2/435.csv,train,32768,25600,1.28,1,2061
XJTU-SY,3,40Hz10kN,2400,10.0,Bearing3_2,2,436,40Hz10kN/Bearing3_2/436.csv,train,32768,25600,1.28,1,2060
XJTU-SY,3,40Hz10kN,2400,10.0,Bearing3_2,2,437,40Hz10kN/Bearing3_2/437.csv,train,32768,25600,1.28,1,2059
XJTU-SY,3,40Hz10kN,2400,10.0,Bearing3_2,2,438,40Hz10kN/Bearing3_2/438.csv,train,32768,25600,1.28,1,2058
XJTU-SY,3,40Hz10kN,2400,10.0,Bearing3_2,2,439,40Hz10kN/Bearing3_2/439.csv,train,32768,25600,1.28,1,2057
XJTU-SY,3,40Hz10kN,2400,10.0,Bearing3_2,2,440,40Hz10kN/Bearing3_2/440.csv,train,32768,25600,1.28,1,2056
XJTU-SY,3,40Hz10kN,2400,10.0,Bearing3_2,2,441,40Hz10kN/Bearing3_2/441.csv,train,32768,25600,1.28,1,2055
XJTU-SY,3,40Hz10kN,2400,10.0,Bearing3_2,2,442,40Hz10kN/Bearing3_2/442.csv,train,32768,25600,1.28,1,2054
XJTU-SY,3,40Hz10kN,2400,10.0,Bearing3_2,2,443,40Hz10kN/Bearing3_2/443.csv,train,32768,25600,1.28,1,2053
XJTU-SY,3,40Hz10kN,2400,10.0,Bearing3_2,2,444,40Hz10kN/Bearing3_2/444.csv,train,32768,25600,1.28,1,2052
XJTU-SY,3,40Hz10kN,2400,10.0,Bearing3_2,2,445,40Hz10kN/Bearing3_2/445.csv,train,32768,25600,1.28,1,2051
XJTU-SY,3,40Hz10kN,2400,10.0,Bearing3_2,2,446,40Hz10kN/Bearing3_2/446.csv,train,32768,25600,1.28,1,2050
XJTU-SY,3,40Hz10kN,2400,10.0,Bearing3_2,2,447,40Hz10kN/Bearing3_2/447.csv,train,32768,25600,1.28,1,2049
XJTU-SY,3,40Hz10kN,2400,10.0,Bearing3_2,2,448,40Hz10kN/Bearing3_2/448.csv,train,32768,25600,1.28,1,2048
XJTU-SY,3,40Hz10kN,2400,10.0,Bearing3_2,2,449,40Hz10kN/Bearing3_2/449.csv,train,32768,25600,1.28,1,2047
XJTU-SY,3,40Hz10kN,2400,10.0,Bearing3_2,2,450,40Hz10kN/Bearing3_2/450.csv,train,32768,25600,1.28,1,2046
XJTU-SY,3,40Hz10kN,2400,10.0,Bearing3_2,2,451,40Hz10kN/Bearing3_2/451.csv,train,32768,25600,1.28,1,2045
XJTU-SY,3,40Hz10kN,2400,10.0,Bearing3_2,2,452,40Hz10kN/Bearing3_2/452.csv,train,32768,25600,1.28,1,2044
XJTU-SY,3,40Hz10kN,2400,10.0,Bearing3_2,2,453,40Hz10kN/Bearing3_2/453.csv,train,32768,25600,1.28,1,2043
XJTU-SY,3,40Hz10kN,2400,10.0,Bearing3_2,2,454,40Hz10kN/Bearing3_2/454.csv,train,32768,25600,1.28,1,2042
XJTU-SY,3,40Hz10kN,2400,10.0,Bearing3_2,2,455,40Hz10kN/Bearing3_2/455.csv,train,32768,25600,1.28,1,2041
XJTU-SY,3,40Hz10kN,2400,10.0,Bearing3_2,2,456,40Hz10kN/Bearing3_2/456.csv,train,32768,25600,1.28,1,2040
XJTU-SY,3,40Hz10kN,2400,10.0,Bearing3_2,2,457,40Hz10kN/Bearing3_2/457.csv,train,32768,25600,1.28,1,2039
XJTU-SY,3,40Hz10kN,2400,10.0,Bearing3_2,2,458,40Hz10kN/Bearing3_2/458.csv,train,32768,25600,1.28,1,2038
XJTU-SY,3,40Hz10kN,2400,10.0,Bearing3_2,2,459,40Hz10kN/Bearing3_2/459.csv,train,32768,25600,1.28,1,2037
XJTU-SY,3,40Hz10kN,2400,10.0,Bearing3_2,2,460,40Hz10kN/Bearing3_2/460.csv,train,32768,25600,1.28,1,2036
XJTU-SY,3,40Hz10kN,2400,10.0,Bearing3_2,2,461,40Hz10kN/Bearing3_2/461.csv,train,32768,25600,1.28,1,2035
XJTU-SY,3,40Hz10kN,2400,10.0,Bearing3_2,2,462,40Hz10kN/Bearing3_2/462.csv,train,32768,25600,1.28,1,2034
XJTU-SY,3,40Hz10kN,2400,10.0,Bearing3_2,2,463,40Hz10kN/Bearing3_2/463.csv,train,32768,25600,1.28,1,2033
XJTU-SY,3,40Hz10kN,2400,10.0,Bearing3_2,2,464,40Hz10kN/Bearing3_2/464.csv,train,32768,25600,1.28,1,2032
XJTU-SY,3,40Hz10kN,2400,10.0,Bearing3_2,2,465,40Hz10kN/Bearing3_2/465.csv,train,32768,25600,1.28,1,2031
XJTU-SY,3,40Hz10kN,2400,10.0,Bearing3_2,2,466,40Hz10kN/Bearing3_2/466.csv,train,32768,25600,1.28,1,2030
XJTU-SY,3,40Hz10kN,2400,10.0,Bearing3_2,2,467,40Hz10kN/Bearing3_2/467.csv,train,32768,25600,1.28,1,2029
XJTU-SY,3,40Hz10kN,2400,10.0,Bearing3_2,2,468,40Hz10kN/Bearing3_2/468.csv,train,32768,25600,1.28,1,2028
XJTU-SY,3,40Hz10kN,2400,10.0,Bearing3_2,2,469,40Hz10kN/Bearing3_2/469.csv,train,32768,25600,1.28,1,2027
XJTU-SY,3,40Hz10kN,2400,10.0,Bearing3_2,2,470,40Hz10kN/Bearing3_2/470.csv,train,32768,25600,1.28,1,2026
XJTU-SY,3,40Hz10kN,2400,10.0,Bearing3_2,2,471,40Hz10kN/Bearing3_2/471.csv,train,32768,25600,1.28,1,2025
XJTU-SY,3,40Hz10kN,2400,10.0,Bearing3_2,2,472,40Hz10kN/Bearing3_2/472.csv,train,32768,25600,1.28,1,2024
XJTU-SY,3,40Hz10kN,2400,10.0,Bearing3_2,2,473,40Hz10kN/Bearing3_2/473.csv,train,32768,25600,1.28,1,2023
XJTU-SY,3,40Hz10kN,2400,10.0,Bearing3_2,2,474,40Hz10kN/Bearing3_2/474.csv,train,32768,25600,1.28,1,2022
XJTU-SY,3,40Hz10kN,2400,10.0,Bearing3_2,2,475,40Hz10kN/Bearing3_2/475.csv,train,32768,25600,1.28,1,2021
XJTU-SY,3,40Hz10kN,2400,10.0,Bearing3_2,2,476,40Hz10kN/Bearing3_2/476.csv,train,32768,25600,1.28,1,2020
XJTU-SY,3,40Hz10kN,2400,10.0,Bearing3_2,2,477,40Hz10kN/Bearing3_2/477.csv,train,32768,25600,1.28,1,2019
XJTU-SY,3,40Hz10kN,2400,10.0,Bearing3_2,2,478,40Hz10kN/Bearing3_2/478.csv,train,32768,25600,1.28,1,2018
XJTU-SY,3,40Hz10kN,2400,10.0,Bearing3_2,2,479,40Hz10kN/Bearing3_2/479.csv,train,32768,25600,1.28,1,2017
XJTU-SY,3,40Hz10kN,2400,10.0,Bearing3_2,2,480,40Hz10kN/Bearing3_2/480.csv,train,32768,25600,1.28,1,2016
XJTU-SY,3,40Hz10kN,2400,10.0,Bearing3_2,2,481,40Hz10kN/Bearing3_2/481.csv,train,32768,25600,1.28,1,2015
XJTU-SY,3,40Hz10kN,2400,10.0,Bearing3_2,2,482,40Hz10kN/Bearing3_2/482.csv,train,32768,25600,1.28,1,2014
XJTU-SY,3,40Hz10kN,2400,10.0,Bearing3_2,2,483,40Hz10kN/Bearing3_2/483.csv,train,32768,25600,1.28,1,2013
XJTU-SY,3,40Hz10kN,2400,10.0,Bearing3_2,2,484,40Hz10kN/Bearing3_2/484.csv,train,32768,25600,1.28,1,2012
XJTU-SY,3,40Hz10kN,2400,10.0,Bearing3_2,2,485,40Hz10kN/Bearing3_2/485.csv,train,32768,25600,1.28,1,2011
XJTU-SY,3,40Hz10kN,2400,10.0,Bearing3_2,2,486,40Hz10kN/Bearing3_2/486.csv,train,32768,25600,1.28,1,2010
XJTU-SY,3,40Hz10kN,2400,10.0,Bearing3_2,2,487,40Hz10kN/Bearing3_2/487.csv,train,32768,25600,1.28,1,2009
XJTU-SY,3,40Hz10kN,2400,10.0,Bearing3_2,2,488,40Hz10kN/Bearing3_2/488.csv,train,32768,25600,1.28,1,2008
XJTU-SY,3,40Hz10kN,2400,10.0,Bearing3_2,2,489,40Hz10kN/Bearing3_2/489.csv,train,32768,25600,1.28,1,2007
XJTU-SY,3,40Hz10kN,2400,10.0,Bearing3_2,2,490,40Hz10kN/Bearing3_2/490.csv,train,32768,25600,1.28,1,2006
XJTU-SY,3,40Hz10kN,2400,10.0,Bearing3_2,2,491,40Hz10kN/Bearing3_2/491.csv,train,32768,25600,1.28,1,2005
XJTU-SY,3,40Hz10kN,2400,10.0,Bearing3_2,2,492,40Hz10kN/Bearing3_2/492.csv,train,32768,25600,1.28,1,2004
XJTU-SY,3,40Hz10kN,2400,10.0,Bearing3_2,2,493,40Hz10kN/Bearing3_2/493.csv,train,32768,25600,1.28,1,2003
XJTU-SY,3,40Hz10kN,2400,10.0,Bearing3_2,2,494,40Hz10kN/Bearing3_2/494.csv,train,32768,25600,1.28,1,2002
XJTU-SY,3,40Hz10kN,2400,10.0,Bearing3_2,2,495,40Hz10kN/Bearing3_2/495.csv,train,32768,25600,1.28,1,2001
XJTU-SY,3,40Hz10kN,2400,10.0,Bearing3_2,2,496,40Hz10kN/Bearing3_2/496.csv,train,32768,25600,1.28,1,2000
XJTU-SY,3,40Hz10kN,2400,10.0,Bearing3_2,2,497,40Hz10kN/Bearing3_2/497.csv,train,32768,25600,1.28,1,1999
XJTU-SY,3,40Hz10kN,2400,10.0,Bearing3_2,2,498,40Hz10kN/Bearing3_2/498.csv,train,32768,25600,1.28,1,1998
XJTU-SY,3,40Hz10kN,2400,10.0,Bearing3_2,2,499,40Hz10kN/Bearing3_2/499.csv,train,32768,25600,1.28,1,1997
XJTU-SY,3,40Hz10kN,2400,10.0,Bearing3_2,2,500,40Hz10kN/Bearing3_2/500.csv,train,32768,25600,1.28,1,1996
XJTU-SY,3,40Hz10kN,2400,10.0,Bearing3_2,2,501,40Hz10kN/Bearing3_2/501.csv,train,32768,25600,1.28,1,1995
XJTU-SY,3,40Hz10kN,2400,10.0,Bearing3_2,2,502,40Hz10kN/Bearing3_2/502.csv,train,32768,25600,1.28,1,1994
XJTU-SY,3,40Hz10kN,2400,10.0,Bearing3_2,2,503,40Hz10kN/Bearing3_2/503.csv,train,32768,25600,1.28,1,1993
XJTU-SY,3,40Hz10kN,2400,10.0,Bearing3_2,2,504,40Hz10kN/Bearing3_2/504.csv,train,32768,25600,1.28,1,1992
XJTU-SY,3,40Hz10kN,2400,10.0,Bearing3_2,2,505,40Hz10kN/Bearing3_2/505.csv,train,32768,25600,1.28,1,1991
XJTU-SY,3,40Hz10kN,2400,10.0,Bearing3_2,2,506,40Hz10kN/Bearing3_2/506.csv,train,32768,25600,1.28,1,1990
XJTU-SY,3,40Hz10kN,2400,10.0,Bearing3_2,2,507,40Hz10kN/Bearing3_2/507.csv,train,32768,25600,1.28,1,1989
XJTU-SY,3,40Hz10kN,2400,10.0,Bearing3_2,2,508,40Hz10kN/Bearing3_2/508.csv,train,32768,25600,1.28,1,1988
XJTU-SY,3,40Hz10kN,2400,10.0,Bearing3_2,2,509,40Hz10kN/Bearing3_2/509.csv,train,32768,25600,1.28,1,1987
XJTU-SY,3,40Hz10kN,2400,10.0,Bearing3_2,2,510,40Hz10kN/Bearing3_2/510.csv,train,32768,25600,1.28,1,1986
XJTU-SY,3,40Hz10kN,2400,10.0,Bearing3_2,2,511,40Hz10kN/Bearing3_2/511.csv,train,32768,25600,1.28,1,1985
XJTU-SY,3,40Hz10kN,2400,10.0,Bearing3_2,2,512,40Hz10kN/Bearing3_2/512.csv,train,32768,25600,1.28,1,1984
XJTU-SY,3,40Hz10kN,2400,10.0,Bearing3_2,2,513,40Hz10kN/Bearing3_2/513.csv,train,32768,25600,1.28,1,1983
XJTU-SY,3,40Hz10kN,2400,10.0,Bearing3_2,2,514,40Hz10kN/Bearing3_2/514.csv,train,32768,25600,1.28,1,1982
XJTU-SY,3,40Hz10kN,2400,10.0,Bearing3_2,2,515,40Hz10kN/Bearing3_2/515.csv,train,32768,25600,1.28,1,1981
XJTU-SY,3,40Hz10kN,2400,10.0,Bearing3_2,2,516,40Hz10kN/Bearing3_2/516.csv,train,32768,25600,1.28,1,1980
XJTU-SY,3,40Hz10kN,2400,10.0,Bearing3_2,2,517,40Hz10kN/Bearing3_2/517.csv,train,32768,25600,1.28,1,1979
XJTU-SY,3,40Hz10kN,2400,10.0,Bearing3_2,2,518,40Hz10kN/Bearing3_2/518.csv,train,32768,25600,1.28,1,1978
XJTU-SY,3,40Hz10kN,2400,10.0,Bearing3_2,2,519,40Hz10kN/Bearing3_2/519.csv,train,32768,25600,1.28,1,1977
XJTU-SY,3,40Hz10kN,2400,10.0,Bearing3_2,2,520,40Hz10kN/Bearing3_2/520.csv,train,32768,25600,1.28,1,1976
XJTU-SY,3,40Hz10kN,2400,10.0,Bearing3_2,2,521,40Hz10kN/Bearing3_2/521.csv,train,32768,25600,1.28,1,1975
XJTU-SY,3,40Hz10kN,2400,10.0,Bearing3_2,2,522,40Hz10kN/Bearing3_2/522.csv,train,32768,25600,1.28,1,1974
XJTU-SY,3,40Hz10kN,2400,10.0,Bearing3_2,2,523,40Hz10kN/Bearing3_2/523.csv,train,32768,25600,1.28,1,1973
XJTU-SY,3,40Hz10kN,2400,10.0,Bearing3_2,2,524,40Hz10kN/Bearing3_2/524.csv,train,32768,25600,1.28,1,1972
XJTU-SY,3,40Hz10kN,2400,10.0,Bearing3_2,2,525,40Hz10kN/Bearing3_2/525.csv,train,32768,25600,1.28,1,1971
XJTU-SY,3,40Hz10kN,2400,10.0,Bearing3_2,2,526,40Hz10kN/Bearing3_2/526.csv,train,32768,25600,1.28,1,1970
XJTU-SY,3,40Hz10kN,2400,10.0,Bearing3_2,2,527,40Hz10kN/Bearing3_2/527.csv,train,32768,25600,1.28,1,1969
XJTU-SY,3,40Hz10kN,2400,10.0,Bearing3_2,2,528,40Hz10kN/Bearing3_2/528.csv,train,32768,25600,1.28,1,1968
XJTU-SY,3,40Hz10kN,2400,10.0,Bearing3_2,2,529,40Hz10kN/Bearing3_2/529.csv,train,32768,25600,1.28,1,1967
XJTU-SY,3,40Hz10kN,2400,10.0,Bearing3_2,2,530,40Hz10kN/Bearing3_2/530.csv,train,32768,25600,1.28,1,1966
XJTU-SY,3,40Hz10kN,2400,10.0,Bearing3_2,2,531,40Hz10kN/Bearing3_2/531.csv,train,32768,25600,1.28,1,1965
XJTU-SY,3,40Hz10kN,2400,10.0,Bearing3_2,2,532,40Hz10kN/Bearing3_2/532.csv,train,32768,25600,1.28,1,1964
XJTU-SY,3,40Hz10kN,2400,10.0,Bearing3_2,2,533,40Hz10kN/Bearing3_2/533.csv,train,32768,25600,1.28,1,1963
XJTU-SY,3,40Hz10kN,2400,10.0,Bearing3_2,2,534,40Hz10kN/Bearing3_2/534.csv,train,32768,25600,1.28,1,1962
XJTU-SY,3,40Hz10kN,2400,10.0,Bearing3_2,2,535,40Hz10kN/Bearing3_2/535.csv,train,32768,25600,1.28,1,1961
XJTU-SY,3,40Hz10kN,2400,10.0,Bearing3_2,2,536,40Hz10kN/Bearing3_2/536.csv,train,32768,25600,1.28,1,1960
XJTU-SY,3,40Hz10kN,2400,10.0,Bearing3_2,2,537,40Hz10kN/Bearing3_2/537.csv,train,32768,25600,1.28,1,1959
XJTU-SY,3,40Hz10kN,2400,10.0,Bearing3_2,2,538,40Hz10kN/Bearing3_2/538.csv,train,32768,25600,1.28,1,1958
XJTU-SY,3,40Hz10kN,2400,10.0,Bearing3_2,2,539,40Hz10kN/Bearing3_2/539.csv,train,32768,25600,1.28,1,1957
XJTU-SY,3,40Hz10kN,2400,10.0,Bearing3_2,2,540,40Hz10kN/Bearing3_2/540.csv,train,32768,25600,1.28,1,1956
XJTU-SY,3,40Hz10kN,2400,10.0,Bearing3_2,2,541,40Hz10kN/Bearing3_2/541.csv,train,32768,25600,1.28,1,1955
XJTU-SY,3,40Hz10kN,2400,10.0,Bearing3_2,2,542,40Hz10kN/Bearing3_2/542.csv,train,32768,25600,1.28,1,1954
XJTU-SY,3,40Hz10kN,2400,10.0,Bearing3_2,2,543,40Hz10kN/Bearing3_2/543.csv,train,32768,25600,1.28,1,1953
XJTU-SY,3,40Hz10kN,2400,10.0,Bearing3_2,2,544,40Hz10kN/Bearing3_2/544.csv,train,32768,25600,1.28,1,1952
XJTU-SY,3,40Hz10kN,2400,10.0,Bearing3_2,2,545,40Hz10kN/Bearing3_2/545.csv,train,32768,25600,1.28,1,1951
XJTU-SY,3,40Hz10kN,2400,10.0,Bearing3_2,2,546,40Hz10kN/Bearing3_2/546.csv,train,32768,25600,1.28,1,1950
XJTU-SY,3,40Hz10kN,2400,10.0,Bearing3_2,2,547,40Hz10kN/Bearing3_2/547.csv,train,32768,25600,1.28,1,1949
XJTU-SY,3,40Hz10kN,2400,10.0,Bearing3_2,2,548,40Hz10kN/Bearing3_2/548.csv,train,32768,25600,1.28,1,1948
XJTU-SY,3,40Hz10kN,2400,10.0,Bearing3_2,2,549,40Hz10kN/Bearing3_2/549.csv,train,32768,25600,1.28,1,1947
XJTU-SY,3,40Hz10kN,2400,10.0,Bearing3_2,2,550,40Hz10kN/Bearing3_2/550.csv,train,32768,25600,1.28,1,1946
XJTU-SY,3,40Hz10kN,2400,10.0,Bearing3_2,2,551,40Hz10kN/Bearing3_2/551.csv,train,32768,25600,1.28,1,1945
XJTU-SY,3,40Hz10kN,2400,10.0,Bearing3_2,2,552,40Hz10kN/Bearing3_2/552.csv,train,32768,25600,1.28,1,1944
XJTU-SY,3,40Hz10kN,2400,10.0,Bearing3_2,2,553,40Hz10kN/Bearing3_2/553.csv,train,32768,25600,1.28,1,1943
XJTU-SY,3,40Hz10kN,2400,10.0,Bearing3_2,2,554,40Hz10kN/Bearing3_2/554.csv,train,32768,25600,1.28,1,1942
XJTU-SY,3,40Hz10kN,2400,10.0,Bearing3_2,2,555,40Hz10kN/Bearing3_2/555.csv,train,32768,25600,1.28,1,1941
XJTU-SY,3,40Hz10kN,2400,10.0,Bearing3_2,2,556,40Hz10kN/Bearing3_2/556.csv,train,32768,25600,1.28,1,1940
XJTU-SY,3,40Hz10kN,2400,10.0,Bearing3_2,2,557,40Hz10kN/Bearing3_2/557.csv,train,32768,25600,1.28,1,1939
XJTU-SY,3,40Hz10kN,2400,10.0,Bearing3_2,2,558,40Hz10kN/Bearing3_2/558.csv,train,32768,25600,1.28,1,1938
XJTU-SY,3,40Hz10kN,2400,10.0,Bearing3_2,2,559,40Hz10kN/Bearing3_2/559.csv,train,32768,25600,1.28,1,1937
XJTU-SY,3,40Hz10kN,2400,10.0,Bearing3_2,2,560,40Hz10kN/Bearing3_2/560.csv,train,32768,25600,1.28,1,1936
XJTU-SY,3,40Hz10kN,2400,10.0,Bearing3_2,2,561,40Hz10kN/Bearing3_2/561.csv,train,32768,25600,1.28,1,1935
XJTU-SY,3,40Hz10kN,2400,10.0,Bearing3_2,2,562,40Hz10kN/Bearing3_2/562.csv,train,32768,25600,1.28,1,1934
XJTU-SY,3,40Hz10kN,2400,10.0,Bearing3_2,2,563,40Hz10kN/Bearing3_2/563.csv,train,32768,25600,1.28,1,1933
XJTU-SY,3,40Hz10kN,2400,10.0,Bearing3_2,2,564,40Hz10kN/Bearing3_2/564.csv,train,32768,25600,1.28,1,1932
XJTU-SY,3,40Hz10kN,2400,10.0,Bearing3_2,2,565,40Hz10kN/Bearing3_2/565.csv,train,32768,25600,1.28,1,1931
XJTU-SY,3,40Hz10kN,2400,10.0,Bearing3_2,2,566,40Hz10kN/Bearing3_2/566.csv,train,32768,25600,1.28,1,1930
XJTU-SY,3,40Hz10kN,2400,10.0,Bearing3_2,2,567,40Hz10kN/Bearing3_2/567.csv,train,32768,25600,1.28,1,1929
XJTU-SY,3,40Hz10kN,2400,10.0,Bearing3_2,2,568,40Hz10kN/Bearing3_2/568.csv,train,32768,25600,1.28,1,1928
XJTU-SY,3,40Hz10kN,2400,10.0,Bearing3_2,2,569,40Hz10kN/Bearing3_2/569.csv,train,32768,25600,1.28,1,1927
XJTU-SY,3,40Hz10kN,2400,10.0,Bearing3_2,2,570,40Hz10kN/Bearing3_2/570.csv,train,32768,25600,1.28,1,1926
XJTU-SY,3,40Hz10kN,2400,10.0,Bearing3_2,2,571,40Hz10kN/Bearing3_2/571.csv,train,32768,25600,1.28,1,1925
XJTU-SY,3,40Hz10kN,2400,10.0,Bearing3_2,2,572,40Hz10kN/Bearing3_2/572.csv,train,32768,25600,1.28,1,1924
XJTU-SY,3,40Hz10kN,2400,10.0,Bearing3_2,2,573,40Hz10kN/Bearing3_2/573.csv,train,32768,25600,1.28,1,1923
XJTU-SY,3,40Hz10kN,2400,10.0,Bearing3_2,2,574,40Hz10kN/Bearing3_2/574.csv,train,32768,25600,1.28,1,1922
XJTU-SY,3,40Hz10kN,2400,10.0,Bearing3_2,2,575,40Hz10kN/Bearing3_2/575.csv,train,32768,25600,1.28,1,1921
XJTU-SY,3,40Hz10kN,2400,10.0,Bearing3_2,2,576,40Hz10kN/Bearing3_2/576.csv,train,32768,25600,1.28,1,1920
XJTU-SY,3,40Hz10kN,2400,10.0,Bearing3_2,2,577,40Hz10kN/Bearing3_2/577.csv,train,32768,25600,1.28,1,1919
XJTU-SY,3,40Hz10kN,2400,10.0,Bearing3_2,2,578,40Hz10kN/Bearing3_2/578.csv,train,32768,25600,1.28,1,1918
XJTU-SY,3,40Hz10kN,2400,10.0,Bearing3_2,2,579,40Hz10kN/Bearing3_2/579.csv,train,32768,25600,1.28,1,1917
XJTU-SY,3,40Hz10kN,2400,10.0,Bearing3_2,2,580,40Hz10kN/Bearing3_2/580.csv,train,32768,25600,1.28,1,1916
XJTU-SY,3,40Hz10kN,2400,10.0,Bearing3_2,2,581,40Hz10kN/Bearing3_2/581.csv,train,32768,25600,1.28,1,1915
XJTU-SY,3,40Hz10kN,2400,10.0,Bearing3_2,2,582,40Hz10kN/Bearing3_2/582.csv,train,32768,25600,1.28,1,1914
XJTU-SY,3,40Hz10kN,2400,10.0,Bearing3_2,2,583,40Hz10kN/Bearing3_2/583.csv,train,32768,25600,1.28,1,1913
XJTU-SY,3,40Hz10kN,2400,10.0,Bearing3_2,2,584,40Hz10kN/Bearing3_2/584.csv,train,32768,25600,1.28,1,1912
XJTU-SY,3,40Hz10kN,2400,10.0,Bearing3_2,2,585,40Hz10kN/Bearing3_2/585.csv,train,32768,25600,1.28,1,1911
XJTU-SY,3,40Hz10kN,2400,10.0,Bearing3_2,2,586,40Hz10kN/Bearing3_2/586.csv,train,32768,25600,1.28,1,1910
XJTU-SY,3,40Hz10kN,2400,10.0,Bearing3_2,2,587,40Hz10kN/Bearing3_2/587.csv,train,32768,25600,1.28,1,1909
XJTU-SY,3,40Hz10kN,2400,10.0,Bearing3_2,2,588,40Hz10kN/Bearing3_2/588.csv,train,32768,25600,1.28,1,1908
XJTU-SY,3,40Hz10kN,2400,10.0,Bearing3_2,2,589,40Hz10kN/Bearing3_2/589.csv,train,32768,25600,1.28,1,1907
XJTU-SY,3,40Hz10kN,2400,10.0,Bearing3_2,2,590,40Hz10kN/Bearing3_2/590.csv,train,32768,25600,1.28,1,1906
XJTU-SY,3,40Hz10kN,2400,10.0,Bearing3_2,2,591,40Hz10kN/Bearing3_2/591.csv,train,32768,25600,1.28,1,1905
XJTU-SY,3,40Hz10kN,2400,10.0,Bearing3_2,2,592,40Hz10kN/Bearing3_2/592.csv,train,32768,25600,1.28,1,1904
XJTU-SY,3,40Hz10kN,2400,10.0,Bearing3_2,2,593,40Hz10kN/Bearing3_2/593.csv,train,32768,25600,1.28,1,1903
XJTU-SY,3,40Hz10kN,2400,10.0,Bearing3_2,2,594,40Hz10kN/Bearing3_2/594.csv,train,32768,25600,1.28,1,1902
XJTU-SY,3,40Hz10kN,2400,10.0,Bearing3_2,2,595,40Hz10kN/Bearing3_2/595.csv,train,32768,25600,1.28,1,1901
XJTU-SY,3,40Hz10kN,2400,10.0,Bearing3_2,2,596,40Hz10kN/Bearing3_2/596.csv,train,32768,25600,1.28,1,1900
XJTU-SY,3,40Hz10kN,2400,10.0,Bearing3_2,2,597,40Hz10kN/Bearing3_2/597.csv,train,32768,25600,1.28,1,1899
XJTU-SY,3,40Hz10kN,2400,10.0,Bearing3_2,2,598,40Hz10kN/Bearing3_2/598.csv,train,32768,25600,1.28,1,1898
XJTU-SY,3,40Hz10kN,2400,10.0,Bearing3_2,2,599,40Hz10kN/Bearing3_2/599.csv,train,32768,25600,1.28,1,1897
XJTU-SY,3,40Hz10kN,2400,10.0,Bearing3_2,2,600,40Hz10kN/Bearing3_2/600.csv,train,32768,25600,1.28,1,1896
XJTU-SY,3,40Hz10kN,2400,10.0,Bearing3_2,2,601,40Hz10kN/Bearing3_2/601.csv,train,32768,25600,1.28,1,1895
XJTU-SY,3,40Hz10kN,2400,10.0,Bearing3_2,2,602,40Hz10kN/Bearing3_2/602.csv,train,32768,25600,1.28,1,1894
XJTU-SY,3,40Hz10kN,2400,10.0,Bearing3_2,2,603,40Hz10kN/Bearing3_2/603.csv,train,32768,25600,1.28,1,1893
XJTU-SY,3,40Hz10kN,2400,10.0,Bearing3_2,2,604,40Hz10kN/Bearing3_2/604.csv,train,32768,25600,1.28,1,1892
XJTU-SY,3,40Hz10kN,2400,10.0,Bearing3_2,2,605,40Hz10kN/Bearing3_2/605.csv,train,32768,25600,1.28,1,1891
XJTU-SY,3,40Hz10kN,2400,10.0,Bearing3_2,2,606,40Hz10kN/Bearing3_2/606.csv,train,32768,25600,1.28,1,1890
XJTU-SY,3,40Hz10kN,2400,10.0,Bearing3_2,2,607,40Hz10kN/Bearing3_2/607.csv,train,32768,25600,1.28,1,1889
XJTU-SY,3,40Hz10kN,2400,10.0,Bearing3_2,2,608,40Hz10kN/Bearing3_2/608.csv,train,32768,25600,1.28,1,1888
XJTU-SY,3,40Hz10kN,2400,10.0,Bearing3_2,2,609,40Hz10kN/Bearing3_2/609.csv,train,32768,25600,1.28,1,1887
XJTU-SY,3,40Hz10kN,2400,10.0,Bearing3_2,2,610,40Hz10kN/Bearing3_2/610.csv,train,32768,25600,1.28,1,1886
XJTU-SY,3,40Hz10kN,2400,10.0,Bearing3_2,2,611,40Hz10kN/Bearing3_2/611.csv,train,32768,25600,1.28,1,1885
XJTU-SY,3,40Hz10kN,2400,10.0,Bearing3_2,2,612,40Hz10kN/Bearing3_2/612.csv,train,32768,25600,1.28,1,1884
XJTU-SY,3,40Hz10kN,2400,10.0,Bearing3_2,2,613,40Hz10kN/Bearing3_2/613.csv,train,32768,25600,1.28,1,1883
XJTU-SY,3,40Hz10kN,2400,10.0,Bearing3_2,2,614,40Hz10kN/Bearing3_2/614.csv,train,32768,25600,1.28,1,1882
XJTU-SY,3,40Hz10kN,2400,10.0,Bearing3_2,2,615,40Hz10kN/Bearing3_2/615.csv,train,32768,25600,1.28,1,1881
XJTU-SY,3,40Hz10kN,2400,10.0,Bearing3_2,2,616,40Hz10kN/Bearing3_2/616.csv,train,32768,25600,1.28,1,1880
XJTU-SY,3,40Hz10kN,2400,10.0,Bearing3_2,2,617,40Hz10kN/Bearing3_2/617.csv,train,32768,25600,1.28,1,1879
XJTU-SY,3,40Hz10kN,2400,10.0,Bearing3_2,2,618,40Hz10kN/Bearing3_2/618.csv,train,32768,25600,1.28,1,1878
XJTU-SY,3,40Hz10kN,2400,10.0,Bearing3_2,2,619,40Hz10kN/Bearing3_2/619.csv,train,32768,25600,1.28,1,1877
XJTU-SY,3,40Hz10kN,2400,10.0,Bearing3_2,2,620,40Hz10kN/Bearing3_2/620.csv,train,32768,25600,1.28,1,1876
XJTU-SY,3,40Hz10kN,2400,10.0,Bearing3_2,2,621,40Hz10kN/Bearing3_2/621.csv,train,32768,25600,1.28,1,1875
XJTU-SY,3,40Hz10kN,2400,10.0,Bearing3_2,2,622,40Hz10kN/Bearing3_2/622.csv,train,32768,25600,1.28,1,1874
XJTU-SY,3,40Hz10kN,2400,10.0,Bearing3_2,2,623,40Hz10kN/Bearing3_2/623.csv,train,32768,25600,1.28,1,1873
XJTU-SY,3,40Hz10kN,2400,10.0,Bearing3_2,2,624,40Hz10kN/Bearing3_2/624.csv,train,32768,25600,1.28,1,1872
XJTU-SY,3,40Hz10kN,2400,10.0,Bearing3_2,2,625,40Hz10kN/Bearing3_2/625.csv,train,32768,25600,1.28,1,1871
XJTU-SY,3,40Hz10kN,2400,10.0,Bearing3_2,2,626,40Hz10kN/Bearing3_2/626.csv,train,32768,25600,1.28,1,1870
XJTU-SY,3,40Hz10kN,2400,10.0,Bearing3_2,2,627,40Hz10kN/Bearing3_2/627.csv,train,32768,25600,1.28,1,1869
XJTU-SY,3,40Hz10kN,2400,10.0,Bearing3_2,2,628,40Hz10kN/Bearing3_2/628.csv,train,32768,25600,1.28,1,1868
XJTU-SY,3,40Hz10kN,2400,10.0,Bearing3_2,2,629,40Hz10kN/Bearing3_2/629.csv,train,32768,25600,1.28,1,1867
XJTU-SY,3,40Hz10kN,2400,10.0,Bearing3_2,2,630,40Hz10kN/Bearing3_2/630.csv,train,32768,25600,1.28,1,1866
XJTU-SY,3,40Hz10kN,2400,10.0,Bearing3_2,2,631,40Hz10kN/Bearing3_2/631.csv,train,32768,25600,1.28,1,1865
XJTU-SY,3,40Hz10kN,2400,10.0,Bearing3_2,2,632,40Hz10kN/Bearing3_2/632.csv,train,32768,25600,1.28,1,1864
XJTU-SY,3,40Hz10kN,2400,10.0,Bearing3_2,2,633,40Hz10kN/Bearing3_2/633.csv,train,32768,25600,1.28,1,1863
XJTU-SY,3,40Hz10kN,2400,10.0,Bearing3_2,2,634,40Hz10kN/Bearing3_2/634.csv,train,32768,25600,1.28,1,1862
XJTU-SY,3,40Hz10kN,2400,10.0,Bearing3_2,2,635,40Hz10kN/Bearing3_2/635.csv,train,32768,25600,1.28,1,1861
XJTU-SY,3,40Hz10kN,2400,10.0,Bearing3_2,2,636,40Hz10kN/Bearing3_2/636.csv,train,32768,25600,1.28,1,1860
XJTU-SY,3,40Hz10kN,2400,10.0,Bearing3_2,2,637,40Hz10kN/Bearing3_2/637.csv,train,32768,25600,1.28,1,1859
XJTU-SY,3,40Hz10kN,2400,10.0,Bearing3_2,2,638,40Hz10kN/Bearing3_2/638.csv,train,32768,25600,1.28,1,1858
XJTU-SY,3,40Hz10kN,2400,10.0,Bearing3_2,2,639,40Hz10kN/Bearing3_2/639.csv,train,32768,25600,1.28,1,1857
XJTU-SY,3,40Hz10kN,2400,10.0,Bearing3_2,2,640,40Hz10kN/Bearing3_2/640.csv,train,32768,25600,1.28,1,1856
XJTU-SY,3,40Hz10kN,2400,10.0,Bearing3_2,2,641,40Hz10kN/Bearing3_2/641.csv,train,32768,25600,1.28,1,1855
XJTU-SY,3,40Hz10kN,2400,10.0,Bearing3_2,2,642,40Hz10kN/Bearing3_2/642.csv,train,32768,25600,1.28,1,1854
XJTU-SY,3,40Hz10kN,2400,10.0,Bearing3_2,2,643,40Hz10kN/Bearing3_2/643.csv,train,32768,25600,1.28,1,1853
XJTU-SY,3,40Hz10kN,2400,10.0,Bearing3_2,2,644,40Hz10kN/Bearing3_2/644.csv,train,32768,25600,1.28,1,1852
XJTU-SY,3,40Hz10kN,2400,10.0,Bearing3_2,2,645,40Hz10kN/Bearing3_2/645.csv,train,32768,25600,1.28,1,1851
XJTU-SY,3,40Hz10kN,2400,10.0,Bearing3_2,2,646,40Hz10kN/Bearing3_2/646.csv,train,32768,25600,1.28,1,1850
XJTU-SY,3,40Hz10kN,2400,10.0,Bearing3_2,2,647,40Hz10kN/Bearing3_2/647.csv,train,32768,25600,1.28,1,1849
XJTU-SY,3,40Hz10kN,2400,10.0,Bearing3_2,2,648,40Hz10kN/Bearing3_2/648.csv,train,32768,25600,1.28,1,1848
XJTU-SY,3,40Hz10kN,2400,10.0,Bearing3_2,2,649,40Hz10kN/Bearing3_2/649.csv,train,32768,25600,1.28,1,1847
XJTU-SY,3,40Hz10kN,2400,10.0,Bearing3_2,2,650,40Hz10kN/Bearing3_2/650.csv,train,32768,25600,1.28,1,1846
XJTU-SY,3,40Hz10kN,2400,10.0,Bearing3_2,2,651,40Hz10kN/Bearing3_2/651.csv,train,32768,25600,1.28,1,1845
XJTU-SY,3,40Hz10kN,2400,10.0,Bearing3_2,2,652,40Hz10kN/Bearing3_2/652.csv,train,32768,25600,1.28,1,1844
XJTU-SY,3,40Hz10kN,2400,10.0,Bearing3_2,2,653,40Hz10kN/Bearing3_2/653.csv,train,32768,25600,1.28,1,1843
XJTU-SY,3,40Hz10kN,2400,10.0,Bearing3_2,2,654,40Hz10kN/Bearing3_2/654.csv,train,32768,25600,1.28,1,1842
XJTU-SY,3,40Hz10kN,2400,10.0,Bearing3_2,2,655,40Hz10kN/Bearing3_2/655.csv,train,32768,25600,1.28,1,1841
XJTU-SY,3,40Hz10kN,2400,10.0,Bearing3_2,2,656,40Hz10kN/Bearing3_2/656.csv,train,32768,25600,1.28,1,1840
XJTU-SY,3,40Hz10kN,2400,10.0,Bearing3_2,2,657,40Hz10kN/Bearing3_2/657.csv,train,32768,25600,1.28,1,1839
XJTU-SY,3,40Hz10kN,2400,10.0,Bearing3_2,2,658,40Hz10kN/Bearing3_2/658.csv,train,32768,25600,1.28,1,1838
XJTU-SY,3,40Hz10kN,2400,10.0,Bearing3_2,2,659,40Hz10kN/Bearing3_2/659.csv,train,32768,25600,1.28,1,1837
XJTU-SY,3,40Hz10kN,2400,10.0,Bearing3_2,2,660,40Hz10kN/Bearing3_2/660.csv,train,32768,25600,1.28,1,1836
XJTU-SY,3,40Hz10kN,2400,10.0,Bearing3_2,2,661,40Hz10kN/Bearing3_2/661.csv,train,32768,25600,1.28,1,1835
XJTU-SY,3,40Hz10kN,2400,10.0,Bearing3_2,2,662,40Hz10kN/Bearing3_2/662.csv,train,32768,25600,1.28,1,1834
XJTU-SY,3,40Hz10kN,2400,10.0,Bearing3_2,2,663,40Hz10kN/Bearing3_2/663.csv,train,32768,25600,1.28,1,1833
XJTU-SY,3,40Hz10kN,2400,10.0,Bearing3_2,2,664,40Hz10kN/Bearing3_2/664.csv,train,32768,25600,1.28,1,1832
XJTU-SY,3,40Hz10kN,2400,10.0,Bearing3_2,2,665,40Hz10kN/Bearing3_2/665.csv,train,32768,25600,1.28,1,1831
XJTU-SY,3,40Hz10kN,2400,10.0,Bearing3_2,2,666,40Hz10kN/Bearing3_2/666.csv,train,32768,25600,1.28,1,1830
XJTU-SY,3,40Hz10kN,2400,10.0,Bearing3_2,2,667,40Hz10kN/Bearing3_2/667.csv,train,32768,25600,1.28,1,1829
XJTU-SY,3,40Hz10kN,2400,10.0,Bearing3_2,2,668,40Hz10kN/Bearing3_2/668.csv,train,32768,25600,1.28,1,1828
XJTU-SY,3,40Hz10kN,2400,10.0,Bearing3_2,2,669,40Hz10kN/Bearing3_2/669.csv,train,32768,25600,1.28,1,1827
XJTU-SY,3,40Hz10kN,2400,10.0,Bearing3_2,2,670,40Hz10kN/Bearing3_2/670.csv,train,32768,25600,1.28,1,1826
XJTU-SY,3,40Hz10kN,2400,10.0,Bearing3_2,2,671,40Hz10kN/Bearing3_2/671.csv,train,32768,25600,1.28,1,1825
XJTU-SY,3,40Hz10kN,2400,10.0,Bearing3_2,2,672,40Hz10kN/Bearing3_2/672.csv,train,32768,25600,1.28,1,1824
XJTU-SY,3,40Hz10kN,2400,10.0,Bearing3_2,2,673,40Hz10kN/Bearing3_2/673.csv,train,32768,25600,1.28,1,1823
XJTU-SY,3,40Hz10kN,2400,10.0,Bearing3_2,2,674,40Hz10kN/Bearing3_2/674.csv,train,32768,25600,1.28,1,1822
XJTU-SY,3,40Hz10kN,2400,10.0,Bearing3_2,2,675,40Hz10kN/Bearing3_2/675.csv,train,32768,25600,1.28,1,1821
XJTU-SY,3,40Hz10kN,2400,10.0,Bearing3_2,2,676,40Hz10kN/Bearing3_2/676.csv,train,32768,25600,1.28,1,1820
XJTU-SY,3,40Hz10kN,2400,10.0,Bearing3_2,2,677,40Hz10kN/Bearing3_2/677.csv,train,32768,25600,1.28,1,1819
XJTU-SY,3,40Hz10kN,2400,10.0,Bearing3_2,2,678,40Hz10kN/Bearing3_2/678.csv,train,32768,25600,1.28,1,1818
XJTU-SY,3,40Hz10kN,2400,10.0,Bearing3_2,2,679,40Hz10kN/Bearing3_2/679.csv,train,32768,25600,1.28,1,1817
XJTU-SY,3,40Hz10kN,2400,10.0,Bearing3_2,2,680,40Hz10kN/Bearing3_2/680.csv,train,32768,25600,1.28,1,1816
XJTU-SY,3,40Hz10kN,2400,10.0,Bearing3_2,2,681,40Hz10kN/Bearing3_2/681.csv,train,32768,25600,1.28,1,1815
XJTU-SY,3,40Hz10kN,2400,10.0,Bearing3_2,2,682,40Hz10kN/Bearing3_2/682.csv,train,32768,25600,1.28,1,1814
XJTU-SY,3,40Hz10kN,2400,10.0,Bearing3_2,2,683,40Hz10kN/Bearing3_2/683.csv,train,32768,25600,1.28,1,1813
XJTU-SY,3,40Hz10kN,2400,10.0,Bearing3_2,2,684,40Hz10kN/Bearing3_2/684.csv,train,32768,25600,1.28,1,1812
XJTU-SY,3,40Hz10kN,2400,10.0,Bearing3_2,2,685,40Hz10kN/Bearing3_2/685.csv,train,32768,25600,1.28,1,1811
XJTU-SY,3,40Hz10kN,2400,10.0,Bearing3_2,2,686,40Hz10kN/Bearing3_2/686.csv,train,32768,25600,1.28,1,1810
XJTU-SY,3,40Hz10kN,2400,10.0,Bearing3_2,2,687,40Hz10kN/Bearing3_2/687.csv,train,32768,25600,1.28,1,1809
XJTU-SY,3,40Hz10kN,2400,10.0,Bearing3_2,2,688,40Hz10kN/Bearing3_2/688.csv,train,32768,25600,1.28,1,1808
XJTU-SY,3,40Hz10kN,2400,10.0,Bearing3_2,2,689,40Hz10kN/Bearing3_2/689.csv,train,32768,25600,1.28,1,1807
XJTU-SY,3,40Hz10kN,2400,10.0,Bearing3_2,2,690,40Hz10kN/Bearing3_2/690.csv,train,32768,25600,1.28,1,1806
XJTU-SY,3,40Hz10kN,2400,10.0,Bearing3_2,2,691,40Hz10kN/Bearing3_2/691.csv,train,32768,25600,1.28,1,1805
XJTU-SY,3,40Hz10kN,2400,10.0,Bearing3_2,2,692,40Hz10kN/Bearing3_2/692.csv,train,32768,25600,1.28,1,1804
XJTU-SY,3,40Hz10kN,2400,10.0,Bearing3_2,2,693,40Hz10kN/Bearing3_2/693.csv,train,32768,25600,1.28,1,1803
XJTU-SY,3,40Hz10kN,2400,10.0,Bearing3_2,2,694,40Hz10kN/Bearing3_2/694.csv,train,32768,25600,1.28,1,1802
XJTU-SY,3,40Hz10kN,2400,10.0,Bearing3_2,2,695,40Hz10kN/Bearing3_2/695.csv,train,32768,25600,1.28,1,1801
XJTU-SY,3,40Hz10kN,2400,10.0,Bearing3_2,2,696,40Hz10kN/Bearing3_2/696.csv,train,32768,25600,1.28,1,1800
XJTU-SY,3,40Hz10kN,2400,10.0,Bearing3_2,2,697,40Hz10kN/Bearing3_2/697.csv,train,32768,25600,1.28,1,1799
XJTU-SY,3,40Hz10kN,2400,10.0,Bearing3_2,2,698,40Hz10kN/Bearing3_2/698.csv,train,32768,25600,1.28,1,1798
XJTU-SY,3,40Hz10kN,2400,10.0,Bearing3_2,2,699,40Hz10kN/Bearing3_2/699.csv,train,32768,25600,1.28,1,1797
XJTU-SY,3,40Hz10kN,2400,10.0,Bearing3_2,2,700,40Hz10kN/Bearing3_2/700.csv,train,32768,25600,1.28,1,1796
XJTU-SY,3,40Hz10kN,2400,10.0,Bearing3_2,2,701,40Hz10kN/Bearing3_2/701.csv,train,32768,25600,1.28,1,1795
XJTU-SY,3,40Hz10kN,2400,10.0,Bearing3_2,2,702,40Hz10kN/Bearing3_2/702.csv,train,32768,25600,1.28,1,1794
XJTU-SY,3,40Hz10kN,2400,10.0,Bearing3_2,2,703,40Hz10kN/Bearing3_2/703.csv,train,32768,25600,1.28,1,1793
XJTU-SY,3,40Hz10kN,2400,10.0,Bearing3_2,2,704,40Hz10kN/Bearing3_2/704.csv,train,32768,25600,1.28,1,1792
XJTU-SY,3,40Hz10kN,2400,10.0,Bearing3_2,2,705,40Hz10kN/Bearing3_2/705.csv,train,32768,25600,1.28,1,1791
XJTU-SY,3,40Hz10kN,2400,10.0,Bearing3_2,2,706,40Hz10kN/Bearing3_2/706.csv,train,32768,25600,1.28,1,1790
XJTU-SY,3,40Hz10kN,2400,10.0,Bearing3_2,2,707,40Hz10kN/Bearing3_2/707.csv,train,32768,25600,1.28,1,1789
XJTU-SY,3,40Hz10kN,2400,10.0,Bearing3_2,2,708,40Hz10kN/Bearing3_2/708.csv,train,32768,25600,1.28,1,1788
XJTU-SY,3,40Hz10kN,2400,10.0,Bearing3_2,2,709,40Hz10kN/Bearing3_2/709.csv,train,32768,25600,1.28,1,1787
XJTU-SY,3,40Hz10kN,2400,10.0,Bearing3_2,2,710,40Hz10kN/Bearing3_2/710.csv,train,32768,25600,1.28,1,1786
XJTU-SY,3,40Hz10kN,2400,10.0,Bearing3_2,2,711,40Hz10kN/Bearing3_2/711.csv,train,32768,25600,1.28,1,1785
XJTU-SY,3,40Hz10kN,2400,10.0,Bearing3_2,2,712,40Hz10kN/Bearing3_2/712.csv,train,32768,25600,1.28,1,1784
XJTU-SY,3,40Hz10kN,2400,10.0,Bearing3_2,2,713,40Hz10kN/Bearing3_2/713.csv,train,32768,25600,1.28,1,1783
XJTU-SY,3,40Hz10kN,2400,10.0,Bearing3_2,2,714,40Hz10kN/Bearing3_2/714.csv,train,32768,25600,1.28,1,1782
XJTU-SY,3,40Hz10kN,2400,10.0,Bearing3_2,2,715,40Hz10kN/Bearing3_2/715.csv,train,32768,25600,1.28,1,1781
XJTU-SY,3,40Hz10kN,2400,10.0,Bearing3_2,2,716,40Hz10kN/Bearing3_2/716.csv,train,32768,25600,1.28,1,1780
XJTU-SY,3,40Hz10kN,2400,10.0,Bearing3_2,2,717,40Hz10kN/Bearing3_2/717.csv,train,32768,25600,1.28,1,1779
XJTU-SY,3,40Hz10kN,2400,10.0,Bearing3_2,2,718,40Hz10kN/Bearing3_2/718.csv,train,32768,25600,1.28,1,1778
XJTU-SY,3,40Hz10kN,2400,10.0,Bearing3_2,2,719,40Hz10kN/Bearing3_2/719.csv,train,32768,25600,1.28,1,1777
XJTU-SY,3,40Hz10kN,2400,10.0,Bearing3_2,2,720,40Hz10kN/Bearing3_2/720.csv,train,32768,25600,1.28,1,1776
XJTU-SY,3,40Hz10kN,2400,10.0,Bearing3_2,2,721,40Hz10kN/Bearing3_2/721.csv,train,32768,25600,1.28,1,1775
XJTU-SY,3,40Hz10kN,2400,10.0,Bearing3_2,2,722,40Hz10kN/Bearing3_2/722.csv,train,32768,25600,1.28,1,1774
XJTU-SY,3,40Hz10kN,2400,10.0,Bearing3_2,2,723,40Hz10kN/Bearing3_2/723.csv,train,32768,25600,1.28,1,1773
XJTU-SY,3,40Hz10kN,2400,10.0,Bearing3_2,2,724,40Hz10kN/Bearing3_2/724.csv,train,32768,25600,1.28,1,1772
XJTU-SY,3,40Hz10kN,2400,10.0,Bearing3_2,2,725,40Hz10kN/Bearing3_2/725.csv,train,32768,25600,1.28,1,1771
XJTU-SY,3,40Hz10kN,2400,10.0,Bearing3_2,2,726,40Hz10kN/Bearing3_2/726.csv,train,32768,25600,1.28,1,1770
XJTU-SY,3,40Hz10kN,2400,10.0,Bearing3_2,2,727,40Hz10kN/Bearing3_2/727.csv,train,32768,25600,1.28,1,1769
XJTU-SY,3,40Hz10kN,2400,10.0,Bearing3_2,2,728,40Hz10kN/Bearing3_2/728.csv,train,32768,25600,1.28,1,1768
XJTU-SY,3,40Hz10kN,2400,10.0,Bearing3_2,2,729,40Hz10kN/Bearing3_2/729.csv,train,32768,25600,1.28,1,1767
XJTU-SY,3,40Hz10kN,2400,10.0,Bearing3_2,2,730,40Hz10kN/Bearing3_2/730.csv,train,32768,25600,1.28,1,1766
XJTU-SY,3,40Hz10kN,2400,10.0,Bearing3_2,2,731,40Hz10kN/Bearing3_2/731.csv,train,32768,25600,1.28,1,1765
XJTU-SY,3,40Hz10kN,2400,10.0,Bearing3_2,2,732,40Hz10kN/Bearing3_2/732.csv,train,32768,25600,1.28,1,1764
XJTU-SY,3,40Hz10kN,2400,10.0,Bearing3_2,2,733,40Hz10kN/Bearing3_2/733.csv,train,32768,25600,1.28,1,1763
XJTU-SY,3,40Hz10kN,2400,10.0,Bearing3_2,2,734,40Hz10kN/Bearing3_2/734.csv,train,32768,25600,1.28,1,1762
XJTU-SY,3,40Hz10kN,2400,10.0,Bearing3_2,2,735,40Hz10kN/Bearing3_2/735.csv,train,32768,25600,1.28,1,1761
XJTU-SY,3,40Hz10kN,2400,10.0,Bearing3_2,2,736,40Hz10kN/Bearing3_2/736.csv,train,32768,25600,1.28,1,1760
XJTU-SY,3,40Hz10kN,2400,10.0,Bearing3_2,2,737,40Hz10kN/Bearing3_2/737.csv,train,32768,25600,1.28,1,1759
XJTU-SY,3,40Hz10kN,2400,10.0,Bearing3_2,2,738,40Hz10kN/Bearing3_2/738.csv,train,32768,25600,1.28,1,1758
XJTU-SY,3,40Hz10kN,2400,10.0,Bearing3_2,2,739,40Hz10kN/Bearing3_2/739.csv,train,32768,25600,1.28,1,1757
XJTU-SY,3,40Hz10kN,2400,10.0,Bearing3_2,2,740,40Hz10kN/Bearing3_2/740.csv,train,32768,25600,1.28,1,1756
XJTU-SY,3,40Hz10kN,2400,10.0,Bearing3_2,2,741,40Hz10kN/Bearing3_2/741.csv,train,32768,25600,1.28,1,1755
XJTU-SY,3,40Hz10kN,2400,10.0,Bearing3_2,2,742,40Hz10kN/Bearing3_2/742.csv,train,32768,25600,1.28,1,1754
XJTU-SY,3,40Hz10kN,2400,10.0,Bearing3_2,2,743,40Hz10kN/Bearing3_2/743.csv,train,32768,25600,1.28,1,1753
XJTU-SY,3,40Hz10kN,2400,10.0,Bearing3_2,2,744,40Hz10kN/Bearing3_2/744.csv,train,32768,25600,1.28,1,1752
XJTU-SY,3,40Hz10kN,2400,10.0,Bearing3_2,2,745,40Hz10kN/Bearing3_2/745.csv,train,32768,25600,1.28,1,1751
XJTU-SY,3,40Hz10kN,2400,10.0,Bearing3_2,2,746,40Hz10kN/Bearing3_2/746.csv,train,32768,25600,1.28,1,1750
XJTU-SY,3,40Hz10kN,2400,10.0,Bearing3_2,2,747,40Hz10kN/Bearing3_2/747.csv,train,32768,25600,1.28,1,1749
XJTU-SY,3,40Hz10kN,2400,10.0,Bearing3_2,2,748,40Hz10kN/Bearing3_2/748.csv,train,32768,25600,1.28,1,1748
XJTU-SY,3,40Hz10kN,2400,10.0,Bearing3_2,2,749,40Hz10kN/Bearing3_2/749.csv,train,32768,25600,1.28,1,1747
XJTU-SY,3,40Hz10kN,2400,10.0,Bearing3_2,2,750,40Hz10kN/Bearing3_2/750.csv,train,32768,25600,1.28,1,1746
XJTU-SY,3,40Hz10kN,2400,10.0,Bearing3_2,2,751,40Hz10kN/Bearing3_2/751.csv,train,32768,25600,1.28,1,1745
XJTU-SY,3,40Hz10kN,2400,10.0,Bearing3_2,2,752,40Hz10kN/Bearing3_2/752.csv,train,32768,25600,1.28,1,1744
XJTU-SY,3,40Hz10kN,2400,10.0,Bearing3_2,2,753,40Hz10kN/Bearing3_2/753.csv,train,32768,25600,1.28,1,1743
XJTU-SY,3,40Hz10kN,2400,10.0,Bearing3_2,2,754,40Hz10kN/Bearing3_2/754.csv,train,32768,25600,1.28,1,1742
XJTU-SY,3,40Hz10kN,2400,10.0,Bearing3_2,2,755,40Hz10kN/Bearing3_2/755.csv,train,32768,25600,1.28,1,1741
XJTU-SY,3,40Hz10kN,2400,10.0,Bearing3_2,2,756,40Hz10kN/Bearing3_2/756.csv,train,32768,25600,1.28,1,1740
XJTU-SY,3,40Hz10kN,2400,10.0,Bearing3_2,2,757,40Hz10kN/Bearing3_2/757.csv,train,32768,25600,1.28,1,1739
XJTU-SY,3,40Hz10kN,2400,10.0,Bearing3_2,2,758,40Hz10kN/Bearing3_2/758.csv,train,32768,25600,1.28,1,1738
XJTU-SY,3,40Hz10kN,2400,10.0,Bearing3_2,2,759,40Hz10kN/Bearing3_2/759.csv,train,32768,25600,1.28,1,1737
XJTU-SY,3,40Hz10kN,2400,10.0,Bearing3_2,2,760,40Hz10kN/Bearing3_2/760.csv,train,32768,25600,1.28,1,1736
XJTU-SY,3,40Hz10kN,2400,10.0,Bearing3_2,2,761,40Hz10kN/Bearing3_2/761.csv,train,32768,25600,1.28,1,1735
XJTU-SY,3,40Hz10kN,2400,10.0,Bearing3_2,2,762,40Hz10kN/Bearing3_2/762.csv,train,32768,25600,1.28,1,1734
XJTU-SY,3,40Hz10kN,2400,10.0,Bearing3_2,2,763,40Hz10kN/Bearing3_2/763.csv,train,32768,25600,1.28,1,1733
XJTU-SY,3,40Hz10kN,2400,10.0,Bearing3_2,2,764,40Hz10kN/Bearing3_2/764.csv,train,32768,25600,1.28,1,1732
XJTU-SY,3,40Hz10kN,2400,10.0,Bearing3_2,2,765,40Hz10kN/Bearing3_2/765.csv,train,32768,25600,1.28,1,1731
XJTU-SY,3,40Hz10kN,2400,10.0,Bearing3_2,2,766,40Hz10kN/Bearing3_2/766.csv,train,32768,25600,1.28,1,1730
XJTU-SY,3,40Hz10kN,2400,10.0,Bearing3_2,2,767,40Hz10kN/Bearing3_2/767.csv,train,32768,25600,1.28,1,1729
XJTU-SY,3,40Hz10kN,2400,10.0,Bearing3_2,2,768,40Hz10kN/Bearing3_2/768.csv,train,32768,25600,1.28,1,1728
XJTU-SY,3,40Hz10kN,2400,10.0,Bearing3_2,2,769,40Hz10kN/Bearing3_2/769.csv,train,32768,25600,1.28,1,1727
XJTU-SY,3,40Hz10kN,2400,10.0,Bearing3_2,2,770,40Hz10kN/Bearing3_2/770.csv,train,32768,25600,1.28,1,1726
XJTU-SY,3,40Hz10kN,2400,10.0,Bearing3_2,2,771,40Hz10kN/Bearing3_2/771.csv,train,32768,25600,1.28,1,1725
XJTU-SY,3,40Hz10kN,2400,10.0,Bearing3_2,2,772,40Hz10kN/Bearing3_2/772.csv,train,32768,25600,1.28,1,1724
XJTU-SY,3,40Hz10kN,2400,10.0,Bearing3_2,2,773,40Hz10kN/Bearing3_2/773.csv,train,32768,25600,1.28,1,1723
XJTU-SY,3,40Hz10kN,2400,10.0,Bearing3_2,2,774,40Hz10kN/Bearing3_2/774.csv,train,32768,25600,1.28,1,1722
XJTU-SY,3,40Hz10kN,2400,10.0,Bearing3_2,2,775,40Hz10kN/Bearing3_2/775.csv,train,32768,25600,1.28,1,1721
XJTU-SY,3,40Hz10kN,2400,10.0,Bearing3_2,2,776,40Hz10kN/Bearing3_2/776.csv,train,32768,25600,1.28,1,1720
XJTU-SY,3,40Hz10kN,2400,10.0,Bearing3_2,2,777,40Hz10kN/Bearing3_2/777.csv,train,32768,25600,1.28,1,1719
XJTU-SY,3,40Hz10kN,2400,10.0,Bearing3_2,2,778,40Hz10kN/Bearing3_2/778.csv,train,32768,25600,1.28,1,1718
XJTU-SY,3,40Hz10kN,2400,10.0,Bearing3_2,2,779,40Hz10kN/Bearing3_2/779.csv,train,32768,25600,1.28,1,1717
XJTU-SY,3,40Hz10kN,2400,10.0,Bearing3_2,2,780,40Hz10kN/Bearing3_2/780.csv,train,32768,25600,1.28,1,1716
XJTU-SY,3,40Hz10kN,2400,10.0,Bearing3_2,2,781,40Hz10kN/Bearing3_2/781.csv,train,32768,25600,1.28,1,1715
XJTU-SY,3,40Hz10kN,2400,10.0,Bearing3_2,2,782,40Hz10kN/Bearing3_2/782.csv,train,32768,25600,1.28,1,1714
XJTU-SY,3,40Hz10kN,2400,10.0,Bearing3_2,2,783,40Hz10kN/Bearing3_2/783.csv,train,32768,25600,1.28,1,1713
XJTU-SY,3,40Hz10kN,2400,10.0,Bearing3_2,2,784,40Hz10kN/Bearing3_2/784.csv,train,32768,25600,1.28,1,1712
XJTU-SY,3,40Hz10kN,2400,10.0,Bearing3_2,2,785,40Hz10kN/Bearing3_2/785.csv,train,32768,25600,1.28,1,1711
XJTU-SY,3,40Hz10kN,2400,10.0,Bearing3_2,2,786,40Hz10kN/Bearing3_2/786.csv,train,32768,25600,1.28,1,1710
XJTU-SY,3,40Hz10kN,2400,10.0,Bearing3_2,2,787,40Hz10kN/Bearing3_2/787.csv,train,32768,25600,1.28,1,1709
XJTU-SY,3,40Hz10kN,2400,10.0,Bearing3_2,2,788,40Hz10kN/Bearing3_2/788.csv,train,32768,25600,1.28,1,1708
XJTU-SY,3,40Hz10kN,2400,10.0,Bearing3_2,2,789,40Hz10kN/Bearing3_2/789.csv,train,32768,25600,1.28,1,1707
XJTU-SY,3,40Hz10kN,2400,10.0,Bearing3_2,2,790,40Hz10kN/Bearing3_2/790.csv,train,32768,25600,1.28,1,1706
XJTU-SY,3,40Hz10kN,2400,10.0,Bearing3_2,2,791,40Hz10kN/Bearing3_2/791.csv,train,32768,25600,1.28,1,1705
XJTU-SY,3,40Hz10kN,2400,10.0,Bearing3_2,2,792,40Hz10kN/Bearing3_2/792.csv,train,32768,25600,1.28,1,1704
XJTU-SY,3,40Hz10kN,2400,10.0,Bearing3_2,2,793,40Hz10kN/Bearing3_2/793.csv,train,32768,25600,1.28,1,1703
XJTU-SY,3,40Hz10kN,2400,10.0,Bearing3_2,2,794,40Hz10kN/Bearing3_2/794.csv,train,32768,25600,1.28,1,1702
XJTU-SY,3,40Hz10kN,2400,10.0,Bearing3_2,2,795,40Hz10kN/Bearing3_2/795.csv,train,32768,25600,1.28,1,1701
XJTU-SY,3,40Hz10kN,2400,10.0,Bearing3_2,2,796,40Hz10kN/Bearing3_2/796.csv,train,32768,25600,1.28,1,1700
XJTU-SY,3,40Hz10kN,2400,10.0,Bearing3_2,2,797,40Hz10kN/Bearing3_2/797.csv,train,32768,25600,1.28,1,1699
XJTU-SY,3,40Hz10kN,2400,10.0,Bearing3_2,2,798,40Hz10kN/Bearing3_2/798.csv,train,32768,25600,1.28,1,1698
XJTU-SY,3,40Hz10kN,2400,10.0,Bearing3_2,2,799,40Hz10kN/Bearing3_2/799.csv,train,32768,25600,1.28,1,1697
XJTU-SY,3,40Hz10kN,2400,10.0,Bearing3_2,2,800,40Hz10kN/Bearing3_2/800.csv,train,32768,25600,1.28,1,1696
XJTU-SY,3,40Hz10kN,2400,10.0,Bearing3_2,2,801,40Hz10kN/Bearing3_2/801.csv,train,32768,25600,1.28,1,1695
XJTU-SY,3,40Hz10kN,2400,10.0,Bearing3_2,2,802,40Hz10kN/Bearing3_2/802.csv,train,32768,25600,1.28,1,1694
XJTU-SY,3,40Hz10kN,2400,10.0,Bearing3_2,2,803,40Hz10kN/Bearing3_2/803.csv,train,32768,25600,1.28,1,1693
XJTU-SY,3,40Hz10kN,2400,10.0,Bearing3_2,2,804,40Hz10kN/Bearing3_2/804.csv,train,32768,25600,1.28,1,1692
XJTU-SY,3,40Hz10kN,2400,10.0,Bearing3_2,2,805,40Hz10kN/Bearing3_2/805.csv,train,32768,25600,1.28,1,1691
XJTU-SY,3,40Hz10kN,2400,10.0,Bearing3_2,2,806,40Hz10kN/Bearing3_2/806.csv,train,32768,25600,1.28,1,1690
XJTU-SY,3,40Hz10kN,2400,10.0,Bearing3_2,2,807,40Hz10kN/Bearing3_2/807.csv,train,32768,25600,1.28,1,1689
XJTU-SY,3,40Hz10kN,2400,10.0,Bearing3_2,2,808,40Hz10kN/Bearing3_2/808.csv,train,32768,25600,1.28,1,1688
XJTU-SY,3,40Hz10kN,2400,10.0,Bearing3_2,2,809,40Hz10kN/Bearing3_2/809.csv,train,32768,25600,1.28,1,1687
XJTU-SY,3,40Hz10kN,2400,10.0,Bearing3_2,2,810,40Hz10kN/Bearing3_2/810.csv,train,32768,25600,1.28,1,1686
XJTU-SY,3,40Hz10kN,2400,10.0,Bearing3_2,2,811,40Hz10kN/Bearing3_2/811.csv,train,32768,25600,1.28,1,1685
XJTU-SY,3,40Hz10kN,2400,10.0,Bearing3_2,2,812,40Hz10kN/Bearing3_2/812.csv,train,32768,25600,1.28,1,1684
XJTU-SY,3,40Hz10kN,2400,10.0,Bearing3_2,2,813,40Hz10kN/Bearing3_2/813.csv,train,32768,25600,1.28,1,1683
XJTU-SY,3,40Hz10kN,2400,10.0,Bearing3_2,2,814,40Hz10kN/Bearing3_2/814.csv,train,32768,25600,1.28,1,1682
XJTU-SY,3,40Hz10kN,2400,10.0,Bearing3_2,2,815,40Hz10kN/Bearing3_2/815.csv,train,32768,25600,1.28,1,1681
XJTU-SY,3,40Hz10kN,2400,10.0,Bearing3_2,2,816,40Hz10kN/Bearing3_2/816.csv,train,32768,25600,1.28,1,1680
XJTU-SY,3,40Hz10kN,2400,10.0,Bearing3_2,2,817,40Hz10kN/Bearing3_2/817.csv,train,32768,25600,1.28,1,1679
XJTU-SY,3,40Hz10kN,2400,10.0,Bearing3_2,2,818,40Hz10kN/Bearing3_2/818.csv,train,32768,25600,1.28,1,1678
XJTU-SY,3,40Hz10kN,2400,10.0,Bearing3_2,2,819,40Hz10kN/Bearing3_2/819.csv,train,32768,25600,1.28,1,1677
XJTU-SY,3,40Hz10kN,2400,10.0,Bearing3_2,2,820,40Hz10kN/Bearing3_2/820.csv,train,32768,25600,1.28,1,1676
XJTU-SY,3,40Hz10kN,2400,10.0,Bearing3_2,2,821,40Hz10kN/Bearing3_2/821.csv,train,32768,25600,1.28,1,1675
XJTU-SY,3,40Hz10kN,2400,10.0,Bearing3_2,2,822,40Hz10kN/Bearing3_2/822.csv,train,32768,25600,1.28,1,1674
XJTU-SY,3,40Hz10kN,2400,10.0,Bearing3_2,2,823,40Hz10kN/Bearing3_2/823.csv,train,32768,25600,1.28,1,1673
XJTU-SY,3,40Hz10kN,2400,10.0,Bearing3_2,2,824,40Hz10kN/Bearing3_2/824.csv,train,32768,25600,1.28,1,1672
XJTU-SY,3,40Hz10kN,2400,10.0,Bearing3_2,2,825,40Hz10kN/Bearing3_2/825.csv,train,32768,25600,1.28,1,1671
XJTU-SY,3,40Hz10kN,2400,10.0,Bearing3_2,2,826,40Hz10kN/Bearing3_2/826.csv,train,32768,25600,1.28,1,1670
XJTU-SY,3,40Hz10kN,2400,10.0,Bearing3_2,2,827,40Hz10kN/Bearing3_2/827.csv,train,32768,25600,1.28,1,1669
XJTU-SY,3,40Hz10kN,2400,10.0,Bearing3_2,2,828,40Hz10kN/Bearing3_2/828.csv,train,32768,25600,1.28,1,1668
XJTU-SY,3,40Hz10kN,2400,10.0,Bearing3_2,2,829,40Hz10kN/Bearing3_2/829.csv,train,32768,25600,1.28,1,1667
XJTU-SY,3,40Hz10kN,2400,10.0,Bearing3_2,2,830,40Hz10kN/Bearing3_2/830.csv,train,32768,25600,1.28,1,1666
XJTU-SY,3,40Hz10kN,2400,10.0,Bearing3_2,2,831,40Hz10kN/Bearing3_2/831.csv,train,32768,25600,1.28,1,1665
XJTU-SY,3,40Hz10kN,2400,10.0,Bearing3_2,2,832,40Hz10kN/Bearing3_2/832.csv,train,32768,25600,1.28,1,1664
XJTU-SY,3,40Hz10kN,2400,10.0,Bearing3_2,2,833,40Hz10kN/Bearing3_2/833.csv,train,32768,25600,1.28,1,1663
XJTU-SY,3,40Hz10kN,2400,10.0,Bearing3_2,2,834,40Hz10kN/Bearing3_2/834.csv,train,32768,25600,1.28,1,1662
XJTU-SY,3,40Hz10kN,2400,10.0,Bearing3_2,2,835,40Hz10kN/Bearing3_2/835.csv,train,32768,25600,1.28,1,1661
XJTU-SY,3,40Hz10kN,2400,10.0,Bearing3_2,2,836,40Hz10kN/Bearing3_2/836.csv,train,32768,25600,1.28,1,1660
XJTU-SY,3,40Hz10kN,2400,10.0,Bearing3_2,2,837,40Hz10kN/Bearing3_2/837.csv,train,32768,25600,1.28,1,1659
XJTU-SY,3,40Hz10kN,2400,10.0,Bearing3_2,2,838,40Hz10kN/Bearing3_2/838.csv,train,32768,25600,1.28,1,1658
XJTU-SY,3,40Hz10kN,2400,10.0,Bearing3_2,2,839,40Hz10kN/Bearing3_2/839.csv,train,32768,25600,1.28,1,1657
XJTU-SY,3,40Hz10kN,2400,10.0,Bearing3_2,2,840,40Hz10kN/Bearing3_2/840.csv,train,32768,25600,1.28,1,1656
XJTU-SY,3,40Hz10kN,2400,10.0,Bearing3_2,2,841,40Hz10kN/Bearing3_2/841.csv,train,32768,25600,1.28,1,1655
XJTU-SY,3,40Hz10kN,2400,10.0,Bearing3_2,2,842,40Hz10kN/Bearing3_2/842.csv,train,32768,25600,1.28,1,1654
XJTU-SY,3,40Hz10kN,2400,10.0,Bearing3_2,2,843,40Hz10kN/Bearing3_2/843.csv,train,32768,25600,1.28,1,1653
XJTU-SY,3,40Hz10kN,2400,10.0,Bearing3_2,2,844,40Hz10kN/Bearing3_2/844.csv,train,32768,25600,1.28,1,1652
XJTU-SY,3,40Hz10kN,2400,10.0,Bearing3_2,2,845,40Hz10kN/Bearing3_2/845.csv,train,32768,25600,1.28,1,1651
XJTU-SY,3,40Hz10kN,2400,10.0,Bearing3_2,2,846,40Hz10kN/Bearing3_2/846.csv,train,32768,25600,1.28,1,1650
XJTU-SY,3,40Hz10kN,2400,10.0,Bearing3_2,2,847,40Hz10kN/Bearing3_2/847.csv,train,32768,25600,1.28,1,1649
XJTU-SY,3,40Hz10kN,2400,10.0,Bearing3_2,2,848,40Hz10kN/Bearing3_2/848.csv,train,32768,25600,1.28,1,1648
XJTU-SY,3,40Hz10kN,2400,10.0,Bearing3_2,2,849,40Hz10kN/Bearing3_2/849.csv,train,32768,25600,1.28,1,1647
XJTU-SY,3,40Hz10kN,2400,10.0,Bearing3_2,2,850,40Hz10kN/Bearing3_2/850.csv,train,32768,25600,1.28,1,1646
XJTU-SY,3,40Hz10kN,2400,10.0,Bearing3_2,2,851,40Hz10kN/Bearing3_2/851.csv,train,32768,25600,1.28,1,1645
XJTU-SY,3,40Hz10kN,2400,10.0,Bearing3_2,2,852,40Hz10kN/Bearing3_2/852.csv,train,32768,25600,1.28,1,1644
XJTU-SY,3,40Hz10kN,2400,10.0,Bearing3_2,2,853,40Hz10kN/Bearing3_2/853.csv,train,32768,25600,1.28,1,1643
XJTU-SY,3,40Hz10kN,2400,10.0,Bearing3_2,2,854,40Hz10kN/Bearing3_2/854.csv,train,32768,25600,1.28,1,1642
XJTU-SY,3,40Hz10kN,2400,10.0,Bearing3_2,2,855,40Hz10kN/Bearing3_2/855.csv,train,32768,25600,1.28,1,1641
XJTU-SY,3,40Hz10kN,2400,10.0,Bearing3_2,2,856,40Hz10kN/Bearing3_2/856.csv,train,32768,25600,1.28,1,1640
XJTU-SY,3,40Hz10kN,2400,10.0,Bearing3_2,2,857,40Hz10kN/Bearing3_2/857.csv,train,32768,25600,1.28,1,1639
XJTU-SY,3,40Hz10kN,2400,10.0,Bearing3_2,2,858,40Hz10kN/Bearing3_2/858.csv,train,32768,25600,1.28,1,1638
XJTU-SY,3,40Hz10kN,2400,10.0,Bearing3_2,2,859,40Hz10kN/Bearing3_2/859.csv,train,32768,25600,1.28,1,1637
XJTU-SY,3,40Hz10kN,2400,10.0,Bearing3_2,2,860,40Hz10kN/Bearing3_2/860.csv,train,32768,25600,1.28,1,1636
XJTU-SY,3,40Hz10kN,2400,10.0,Bearing3_2,2,861,40Hz10kN/Bearing3_2/861.csv,train,32768,25600,1.28,1,1635
XJTU-SY,3,40Hz10kN,2400,10.0,Bearing3_2,2,862,40Hz10kN/Bearing3_2/862.csv,train,32768,25600,1.28,1,1634
XJTU-SY,3,40Hz10kN,2400,10.0,Bearing3_2,2,863,40Hz10kN/Bearing3_2/863.csv,train,32768,25600,1.28,1,1633
XJTU-SY,3,40Hz10kN,2400,10.0,Bearing3_2,2,864,40Hz10kN/Bearing3_2/864.csv,train,32768,25600,1.28,1,1632
XJTU-SY,3,40Hz10kN,2400,10.0,Bearing3_2,2,865,40Hz10kN/Bearing3_2/865.csv,train,32768,25600,1.28,1,1631
XJTU-SY,3,40Hz10kN,2400,10.0,Bearing3_2,2,866,40Hz10kN/Bearing3_2/866.csv,train,32768,25600,1.28,1,1630
XJTU-SY,3,40Hz10kN,2400,10.0,Bearing3_2,2,867,40Hz10kN/Bearing3_2/867.csv,train,32768,25600,1.28,1,1629
XJTU-SY,3,40Hz10kN,2400,10.0,Bearing3_2,2,868,40Hz10kN/Bearing3_2/868.csv,train,32768,25600,1.28,1,1628
XJTU-SY,3,40Hz10kN,2400,10.0,Bearing3_2,2,869,40Hz10kN/Bearing3_2/869.csv,train,32768,25600,1.28,1,1627
XJTU-SY,3,40Hz10kN,2400,10.0,Bearing3_2,2,870,40Hz10kN/Bearing3_2/870.csv,train,32768,25600,1.28,1,1626
XJTU-SY,3,40Hz10kN,2400,10.0,Bearing3_2,2,871,40Hz10kN/Bearing3_2/871.csv,train,32768,25600,1.28,1,1625
XJTU-SY,3,40Hz10kN,2400,10.0,Bearing3_2,2,872,40Hz10kN/Bearing3_2/872.csv,train,32768,25600,1.28,1,1624
XJTU-SY,3,40Hz10kN,2400,10.0,Bearing3_2,2,873,40Hz10kN/Bearing3_2/873.csv,train,32768,25600,1.28,1,1623
XJTU-SY,3,40Hz10kN,2400,10.0,Bearing3_2,2,874,40Hz10kN/Bearing3_2/874.csv,train,32768,25600,1.28,1,1622
XJTU-SY,3,40Hz10kN,2400,10.0,Bearing3_2,2,875,40Hz10kN/Bearing3_2/875.csv,train,32768,25600,1.28,1,1621
XJTU-SY,3,40Hz10kN,2400,10.0,Bearing3_2,2,876,40Hz10kN/Bearing3_2/876.csv,train,32768,25600,1.28,1,1620
XJTU-SY,3,40Hz10kN,2400,10.0,Bearing3_2,2,877,40Hz10kN/Bearing3_2/877.csv,train,32768,25600,1.28,1,1619
XJTU-SY,3,40Hz10kN,2400,10.0,Bearing3_2,2,878,40Hz10kN/Bearing3_2/878.csv,train,32768,25600,1.28,1,1618
XJTU-SY,3,40Hz10kN,2400,10.0,Bearing3_2,2,879,40Hz10kN/Bearing3_2/879.csv,train,32768,25600,1.28,1,1617
XJTU-SY,3,40Hz10kN,2400,10.0,Bearing3_2,2,880,40Hz10kN/Bearing3_2/880.csv,train,32768,25600,1.28,1,1616
XJTU-SY,3,40Hz10kN,2400,10.0,Bearing3_2,2,881,40Hz10kN/Bearing3_2/881.csv,train,32768,25600,1.28,1,1615
XJTU-SY,3,40Hz10kN,2400,10.0,Bearing3_2,2,882,40Hz10kN/Bearing3_2/882.csv,train,32768,25600,1.28,1,1614
XJTU-SY,3,40Hz10kN,2400,10.0,Bearing3_2,2,883,40Hz10kN/Bearing3_2/883.csv,train,32768,25600,1.28,1,1613
XJTU-SY,3,40Hz10kN,2400,10.0,Bearing3_2,2,884,40Hz10kN/Bearing3_2/884.csv,train,32768,25600,1.28,1,1612
XJTU-SY,3,40Hz10kN,2400,10.0,Bearing3_2,2,885,40Hz10kN/Bearing3_2/885.csv,train,32768,25600,1.28,1,1611
XJTU-SY,3,40Hz10kN,2400,10.0,Bearing3_2,2,886,40Hz10kN/Bearing3_2/886.csv,train,32768,25600,1.28,1,1610
XJTU-SY,3,40Hz10kN,2400,10.0,Bearing3_2,2,887,40Hz10kN/Bearing3_2/887.csv,train,32768,25600,1.28,1,1609
XJTU-SY,3,40Hz10kN,2400,10.0,Bearing3_2,2,888,40Hz10kN/Bearing3_2/888.csv,train,32768,25600,1.28,1,1608
XJTU-SY,3,40Hz10kN,2400,10.0,Bearing3_2,2,889,40Hz10kN/Bearing3_2/889.csv,train,32768,25600,1.28,1,1607
XJTU-SY,3,40Hz10kN,2400,10.0,Bearing3_2,2,890,40Hz10kN/Bearing3_2/890.csv,train,32768,25600,1.28,1,1606
XJTU-SY,3,40Hz10kN,2400,10.0,Bearing3_2,2,891,40Hz10kN/Bearing3_2/891.csv,train,32768,25600,1.28,1,1605
XJTU-SY,3,40Hz10kN,2400,10.0,Bearing3_2,2,892,40Hz10kN/Bearing3_2/892.csv,train,32768,25600,1.28,1,1604
XJTU-SY,3,40Hz10kN,2400,10.0,Bearing3_2,2,893,40Hz10kN/Bearing3_2/893.csv,train,32768,25600,1.28,1,1603
XJTU-SY,3,40Hz10kN,2400,10.0,Bearing3_2,2,894,40Hz10kN/Bearing3_2/894.csv,train,32768,25600,1.28,1,1602
XJTU-SY,3,40Hz10kN,2400,10.0,Bearing3_2,2,895,40Hz10kN/Bearing3_2/895.csv,train,32768,25600,1.28,1,1601
XJTU-SY,3,40Hz10kN,2400,10.0,Bearing3_2,2,896,40Hz10kN/Bearing3_2/896.csv,train,32768,25600,1.28,1,1600
XJTU-SY,3,40Hz10kN,2400,10.0,Bearing3_2,2,897,40Hz10kN/Bearing3_2/897.csv,train,32768,25600,1.28,1,1599
XJTU-SY,3,40Hz10kN,2400,10.0,Bearing3_2,2,898,40Hz10kN/Bearing3_2/898.csv,train,32768,25600,1.28,1,1598
XJTU-SY,3,40Hz10kN,2400,10.0,Bearing3_2,2,899,40Hz10kN/Bearing3_2/899.csv,train,32768,25600,1.28,1,1597
XJTU-SY,3,40Hz10kN,2400,10.0,Bearing3_2,2,900,40Hz10kN/Bearing3_2/900.csv,train,32768,25600,1.28,1,1596
XJTU-SY,3,40Hz10kN,2400,10.0,Bearing3_2,2,901,40Hz10kN/Bearing3_2/901.csv,train,32768,25600,1.28,1,1595
XJTU-SY,3,40Hz10kN,2400,10.0,Bearing3_2,2,902,40Hz10kN/Bearing3_2/902.csv,train,32768,25600,1.28,1,1594
XJTU-SY,3,40Hz10kN,2400,10.0,Bearing3_2,2,903,40Hz10kN/Bearing3_2/903.csv,train,32768,25600,1.28,1,1593
XJTU-SY,3,40Hz10kN,2400,10.0,Bearing3_2,2,904,40Hz10kN/Bearing3_2/904.csv,train,32768,25600,1.28,1,1592
XJTU-SY,3,40Hz10kN,2400,10.0,Bearing3_2,2,905,40Hz10kN/Bearing3_2/905.csv,train,32768,25600,1.28,1,1591
XJTU-SY,3,40Hz10kN,2400,10.0,Bearing3_2,2,906,40Hz10kN/Bearing3_2/906.csv,train,32768,25600,1.28,1,1590
XJTU-SY,3,40Hz10kN,2400,10.0,Bearing3_2,2,907,40Hz10kN/Bearing3_2/907.csv,train,32768,25600,1.28,1,1589
XJTU-SY,3,40Hz10kN,2400,10.0,Bearing3_2,2,908,40Hz10kN/Bearing3_2/908.csv,train,32768,25600,1.28,1,1588
XJTU-SY,3,40Hz10kN,2400,10.0,Bearing3_2,2,909,40Hz10kN/Bearing3_2/909.csv,train,32768,25600,1.28,1,1587
XJTU-SY,3,40Hz10kN,2400,10.0,Bearing3_2,2,910,40Hz10kN/Bearing3_2/910.csv,train,32768,25600,1.28,1,1586
XJTU-SY,3,40Hz10kN,2400,10.0,Bearing3_2,2,911,40Hz10kN/Bearing3_2/911.csv,train,32768,25600,1.28,1,1585
XJTU-SY,3,40Hz10kN,2400,10.0,Bearing3_2,2,912,40Hz10kN/Bearing3_2/912.csv,train,32768,25600,1.28,1,1584
XJTU-SY,3,40Hz10kN,2400,10.0,Bearing3_2,2,913,40Hz10kN/Bearing3_2/913.csv,train,32768,25600,1.28,1,1583
XJTU-SY,3,40Hz10kN,2400,10.0,Bearing3_2,2,914,40Hz10kN/Bearing3_2/914.csv,train,32768,25600,1.28,1,1582
XJTU-SY,3,40Hz10kN,2400,10.0,Bearing3_2,2,915,40Hz10kN/Bearing3_2/915.csv,train,32768,25600,1.28,1,1581
XJTU-SY,3,40Hz10kN,2400,10.0,Bearing3_2,2,916,40Hz10kN/Bearing3_2/916.csv,train,32768,25600,1.28,1,1580
XJTU-SY,3,40Hz10kN,2400,10.0,Bearing3_2,2,917,40Hz10kN/Bearing3_2/917.csv,train,32768,25600,1.28,1,1579
XJTU-SY,3,40Hz10kN,2400,10.0,Bearing3_2,2,918,40Hz10kN/Bearing3_2/918.csv,train,32768,25600,1.28,1,1578
XJTU-SY,3,40Hz10kN,2400,10.0,Bearing3_2,2,919,40Hz10kN/Bearing3_2/919.csv,train,32768,25600,1.28,1,1577
XJTU-SY,3,40Hz10kN,2400,10.0,Bearing3_2,2,920,40Hz10kN/Bearing3_2/920.csv,train,32768,25600,1.28,1,1576
XJTU-SY,3,40Hz10kN,2400,10.0,Bearing3_2,2,921,40Hz10kN/Bearing3_2/921.csv,train,32768,25600,1.28,1,1575
XJTU-SY,3,40Hz10kN,2400,10.0,Bearing3_2,2,922,40Hz10kN/Bearing3_2/922.csv,train,32768,25600,1.28,1,1574
XJTU-SY,3,40Hz10kN,2400,10.0,Bearing3_2,2,923,40Hz10kN/Bearing3_2/923.csv,train,32768,25600,1.28,1,1573
XJTU-SY,3,40Hz10kN,2400,10.0,Bearing3_2,2,924,40Hz10kN/Bearing3_2/924.csv,train,32768,25600,1.28,1,1572
XJTU-SY,3,40Hz10kN,2400,10.0,Bearing3_2,2,925,40Hz10kN/Bearing3_2/925.csv,train,32768,25600,1.28,1,1571
XJTU-SY,3,40Hz10kN,2400,10.0,Bearing3_2,2,926,40Hz10kN/Bearing3_2/926.csv,train,32768,25600,1.28,1,1570
XJTU-SY,3,40Hz10kN,2400,10.0,Bearing3_2,2,927,40Hz10kN/Bearing3_2/927.csv,train,32768,25600,1.28,1,1569
XJTU-SY,3,40Hz10kN,2400,10.0,Bearing3_2,2,928,40Hz10kN/Bearing3_2/928.csv,train,32768,25600,1.28,1,1568
XJTU-SY,3,40Hz10kN,2400,10.0,Bearing3_2,2,929,40Hz10kN/Bearing3_2/929.csv,train,32768,25600,1.28,1,1567
XJTU-SY,3,40Hz10kN,2400,10.0,Bearing3_2,2,930,40Hz10kN/Bearing3_2/930.csv,train,32768,25600,1.28,1,1566
XJTU-SY,3,40Hz10kN,2400,10.0,Bearing3_2,2,931,40Hz10kN/Bearing3_2/931.csv,train,32768,25600,1.28,1,1565
XJTU-SY,3,40Hz10kN,2400,10.0,Bearing3_2,2,932,40Hz10kN/Bearing3_2/932.csv,train,32768,25600,1.28,1,1564
XJTU-SY,3,40Hz10kN,2400,10.0,Bearing3_2,2,933,40Hz10kN/Bearing3_2/933.csv,train,32768,25600,1.28,1,1563
XJTU-SY,3,40Hz10kN,2400,10.0,Bearing3_2,2,934,40Hz10kN/Bearing3_2/934.csv,train,32768,25600,1.28,1,1562
XJTU-SY,3,40Hz10kN,2400,10.0,Bearing3_2,2,935,40Hz10kN/Bearing3_2/935.csv,train,32768,25600,1.28,1,1561
XJTU-SY,3,40Hz10kN,2400,10.0,Bearing3_2,2,936,40Hz10kN/Bearing3_2/936.csv,train,32768,25600,1.28,1,1560
XJTU-SY,3,40Hz10kN,2400,10.0,Bearing3_2,2,937,40Hz10kN/Bearing3_2/937.csv,train,32768,25600,1.28,1,1559
XJTU-SY,3,40Hz10kN,2400,10.0,Bearing3_2,2,938,40Hz10kN/Bearing3_2/938.csv,train,32768,25600,1.28,1,1558
XJTU-SY,3,40Hz10kN,2400,10.0,Bearing3_2,2,939,40Hz10kN/Bearing3_2/939.csv,train,32768,25600,1.28,1,1557
XJTU-SY,3,40Hz10kN,2400,10.0,Bearing3_2,2,940,40Hz10kN/Bearing3_2/940.csv,train,32768,25600,1.28,1,1556
XJTU-SY,3,40Hz10kN,2400,10.0,Bearing3_2,2,941,40Hz10kN/Bearing3_2/941.csv,train,32768,25600,1.28,1,1555
XJTU-SY,3,40Hz10kN,2400,10.0,Bearing3_2,2,942,40Hz10kN/Bearing3_2/942.csv,train,32768,25600,1.28,1,1554
XJTU-SY,3,40Hz10kN,2400,10.0,Bearing3_2,2,943,40Hz10kN/Bearing3_2/943.csv,train,32768,25600,1.28,1,1553
XJTU-SY,3,40Hz10kN,2400,10.0,Bearing3_2,2,944,40Hz10kN/Bearing3_2/944.csv,train,32768,25600,1.28,1,1552
XJTU-SY,3,40Hz10kN,2400,10.0,Bearing3_2,2,945,40Hz10kN/Bearing3_2/945.csv,train,32768,25600,1.28,1,1551
XJTU-SY,3,40Hz10kN,2400,10.0,Bearing3_2,2,946,40Hz10kN/Bearing3_2/946.csv,train,32768,25600,1.28,1,1550
XJTU-SY,3,40Hz10kN,2400,10.0,Bearing3_2,2,947,40Hz10kN/Bearing3_2/947.csv,train,32768,25600,1.28,1,1549
XJTU-SY,3,40Hz10kN,2400,10.0,Bearing3_2,2,948,40Hz10kN/Bearing3_2/948.csv,train,32768,25600,1.28,1,1548
XJTU-SY,3,40Hz10kN,2400,10.0,Bearing3_2,2,949,40Hz10kN/Bearing3_2/949.csv,train,32768,25600,1.28,1,1547
XJTU-SY,3,40Hz10kN,2400,10.0,Bearing3_2,2,950,40Hz10kN/Bearing3_2/950.csv,train,32768,25600,1.28,1,1546
XJTU-SY,3,40Hz10kN,2400,10.0,Bearing3_2,2,951,40Hz10kN/Bearing3_2/951.csv,train,32768,25600,1.28,1,1545
XJTU-SY,3,40Hz10kN,2400,10.0,Bearing3_2,2,952,40Hz10kN/Bearing3_2/952.csv,train,32768,25600,1.28,1,1544
XJTU-SY,3,40Hz10kN,2400,10.0,Bearing3_2,2,953,40Hz10kN/Bearing3_2/953.csv,train,32768,25600,1.28,1,1543
XJTU-SY,3,40Hz10kN,2400,10.0,Bearing3_2,2,954,40Hz10kN/Bearing3_2/954.csv,train,32768,25600,1.28,1,1542
XJTU-SY,3,40Hz10kN,2400,10.0,Bearing3_2,2,955,40Hz10kN/Bearing3_2/955.csv,train,32768,25600,1.28,1,1541
XJTU-SY,3,40Hz10kN,2400,10.0,Bearing3_2,2,956,40Hz10kN/Bearing3_2/956.csv,train,32768,25600,1.28,1,1540
XJTU-SY,3,40Hz10kN,2400,10.0,Bearing3_2,2,957,40Hz10kN/Bearing3_2/957.csv,train,32768,25600,1.28,1,1539
XJTU-SY,3,40Hz10kN,2400,10.0,Bearing3_2,2,958,40Hz10kN/Bearing3_2/958.csv,train,32768,25600,1.28,1,1538
XJTU-SY,3,40Hz10kN,2400,10.0,Bearing3_2,2,959,40Hz10kN/Bearing3_2/959.csv,train,32768,25600,1.28,1,1537
XJTU-SY,3,40Hz10kN,2400,10.0,Bearing3_2,2,960,40Hz10kN/Bearing3_2/960.csv,train,32768,25600,1.28,1,1536
XJTU-SY,3,40Hz10kN,2400,10.0,Bearing3_2,2,961,40Hz10kN/Bearing3_2/961.csv,train,32768,25600,1.28,1,1535
XJTU-SY,3,40Hz10kN,2400,10.0,Bearing3_2,2,962,40Hz10kN/Bearing3_2/962.csv,train,32768,25600,1.28,1,1534
XJTU-SY,3,40Hz10kN,2400,10.0,Bearing3_2,2,963,40Hz10kN/Bearing3_2/963.csv,train,32768,25600,1.28,1,1533
XJTU-SY,3,40Hz10kN,2400,10.0,Bearing3_2,2,964,40Hz10kN/Bearing3_2/964.csv,train,32768,25600,1.28,1,1532
XJTU-SY,3,40Hz10kN,2400,10.0,Bearing3_2,2,965,40Hz10kN/Bearing3_2/965.csv,train,32768,25600,1.28,1,1531
XJTU-SY,3,40Hz10kN,2400,10.0,Bearing3_2,2,966,40Hz10kN/Bearing3_2/966.csv,train,32768,25600,1.28,1,1530
XJTU-SY,3,40Hz10kN,2400,10.0,Bearing3_2,2,967,40Hz10kN/Bearing3_2/967.csv,train,32768,25600,1.28,1,1529
XJTU-SY,3,40Hz10kN,2400,10.0,Bearing3_2,2,968,40Hz10kN/Bearing3_2/968.csv,train,32768,25600,1.28,1,1528
XJTU-SY,3,40Hz10kN,2400,10.0,Bearing3_2,2,969,40Hz10kN/Bearing3_2/969.csv,train,32768,25600,1.28,1,1527
XJTU-SY,3,40Hz10kN,2400,10.0,Bearing3_2,2,970,40Hz10kN/Bearing3_2/970.csv,train,32768,25600,1.28,1,1526
XJTU-SY,3,40Hz10kN,2400,10.0,Bearing3_2,2,971,40Hz10kN/Bearing3_2/971.csv,train,32768,25600,1.28,1,1525
XJTU-SY,3,40Hz10kN,2400,10.0,Bearing3_2,2,972,40Hz10kN/Bearing3_2/972.csv,train,32768,25600,1.28,1,1524
XJTU-SY,3,40Hz10kN,2400,10.0,Bearing3_2,2,973,40Hz10kN/Bearing3_2/973.csv,train,32768,25600,1.28,1,1523
XJTU-SY,3,40Hz10kN,2400,10.0,Bearing3_2,2,974,40Hz10kN/Bearing3_2/974.csv,train,32768,25600,1.28,1,1522
XJTU-SY,3,40Hz10kN,2400,10.0,Bearing3_2,2,975,40Hz10kN/Bearing3_2/975.csv,train,32768,25600,1.28,1,1521
XJTU-SY,3,40Hz10kN,2400,10.0,Bearing3_2,2,976,40Hz10kN/Bearing3_2/976.csv,train,32768,25600,1.28,1,1520
XJTU-SY,3,40Hz10kN,2400,10.0,Bearing3_2,2,977,40Hz10kN/Bearing3_2/977.csv,train,32768,25600,1.28,1,1519
XJTU-SY,3,40Hz10kN,2400,10.0,Bearing3_2,2,978,40Hz10kN/Bearing3_2/978.csv,train,32768,25600,1.28,1,1518
XJTU-SY,3,40Hz10kN,2400,10.0,Bearing3_2,2,979,40Hz10kN/Bearing3_2/979.csv,train,32768,25600,1.28,1,1517
XJTU-SY,3,40Hz10kN,2400,10.0,Bearing3_2,2,980,40Hz10kN/Bearing3_2/980.csv,train,32768,25600,1.28,1,1516
XJTU-SY,3,40Hz10kN,2400,10.0,Bearing3_2,2,981,40Hz10kN/Bearing3_2/981.csv,train,32768,25600,1.28,1,1515
XJTU-SY,3,40Hz10kN,2400,10.0,Bearing3_2,2,982,40Hz10kN/Bearing3_2/982.csv,train,32768,25600,1.28,1,1514
XJTU-SY,3,40Hz10kN,2400,10.0,Bearing3_2,2,983,40Hz10kN/Bearing3_2/983.csv,train,32768,25600,1.28,1,1513
XJTU-SY,3,40Hz10kN,2400,10.0,Bearing3_2,2,984,40Hz10kN/Bearing3_2/984.csv,train,32768,25600,1.28,1,1512
XJTU-SY,3,40Hz10kN,2400,10.0,Bearing3_2,2,985,40Hz10kN/Bearing3_2/985.csv,train,32768,25600,1.28,1,1511
XJTU-SY,3,40Hz10kN,2400,10.0,Bearing3_2,2,986,40Hz10kN/Bearing3_2/986.csv,train,32768,25600,1.28,1,1510
XJTU-SY,3,40Hz10kN,2400,10.0,Bearing3_2,2,987,40Hz10kN/Bearing3_2/987.csv,train,32768,25600,1.28,1,1509
XJTU-SY,3,40Hz10kN,2400,10.0,Bearing3_2,2,988,40Hz10kN/Bearing3_2/988.csv,train,32768,25600,1.28,1,1508
XJTU-SY,3,40Hz10kN,2400,10.0,Bearing3_2,2,989,40Hz10kN/Bearing3_2/989.csv,train,32768,25600,1.28,1,1507
XJTU-SY,3,40Hz10kN,2400,10.0,Bearing3_2,2,990,40Hz10kN/Bearing3_2/990.csv,train,32768,25600,1.28,1,1506
XJTU-SY,3,40Hz10kN,2400,10.0,Bearing3_2,2,991,40Hz10kN/Bearing3_2/991.csv,train,32768,25600,1.28,1,1505
XJTU-SY,3,40Hz10kN,2400,10.0,Bearing3_2,2,992,40Hz10kN/Bearing3_2/992.csv,train,32768,25600,1.28,1,1504
XJTU-SY,3,40Hz10kN,2400,10.0,Bearing3_2,2,993,40Hz10kN/Bearing3_2/993.csv,train,32768,25600,1.28,1,1503
XJTU-SY,3,40Hz10kN,2400,10.0,Bearing3_2,2,994,40Hz10kN/Bearing3_2/994.csv,train,32768,25600,1.28,1,1502
XJTU-SY,3,40Hz10kN,2400,10.0,Bearing3_2,2,995,40Hz10kN/Bearing3_2/995.csv,train,32768,25600,1.28,1,1501
XJTU-SY,3,40Hz10kN,2400,10.0,Bearing3_2,2,996,40Hz10kN/Bearing3_2/996.csv,train,32768,25600,1.28,1,1500
XJTU-SY,3,40Hz10kN,2400,10.0,Bearing3_2,2,997,40Hz10kN/Bearing3_2/997.csv,train,32768,25600,1.28,1,1499
XJTU-SY,3,40Hz10kN,2400,10.0,Bearing3_2,2,998,40Hz10kN/Bearing3_2/998.csv,train,32768,25600,1.28,1,1498
XJTU-SY,3,40Hz10kN,2400,10.0,Bearing3_2,2,999,40Hz10kN/Bearing3_2/999.csv,train,32768,25600,1.28,1,1497
XJTU-SY,3,40Hz10kN,2400,10.0,Bearing3_2,2,1000,40Hz10kN/Bearing3_2/1000.csv,train,32768,25600,1.28,1,1496
XJTU-SY,3,40Hz10kN,2400,10.0,Bearing3_2,2,1001,40Hz10kN/Bearing3_2/1001.csv,train,32768,25600,1.28,1,1495
XJTU-SY,3,40Hz10kN,2400,10.0,Bearing3_2,2,1002,40Hz10kN/Bearing3_2/1002.csv,train,32768,25600,1.28,1,1494
XJTU-SY,3,40Hz10kN,2400,10.0,Bearing3_2,2,1003,40Hz10kN/Bearing3_2/1003.csv,train,32768,25600,1.28,1,1493
XJTU-SY,3,40Hz10kN,2400,10.0,Bearing3_2,2,1004,40Hz10kN/Bearing3_2/1004.csv,train,32768,25600,1.28,1,1492
XJTU-SY,3,40Hz10kN,2400,10.0,Bearing3_2,2,1005,40Hz10kN/Bearing3_2/1005.csv,train,32768,25600,1.28,1,1491
XJTU-SY,3,40Hz10kN,2400,10.0,Bearing3_2,2,1006,40Hz10kN/Bearing3_2/1006.csv,train,32768,25600,1.28,1,1490
XJTU-SY,3,40Hz10kN,2400,10.0,Bearing3_2,2,1007,40Hz10kN/Bearing3_2/1007.csv,train,32768,25600,1.28,1,1489
XJTU-SY,3,40Hz10kN,2400,10.0,Bearing3_2,2,1008,40Hz10kN/Bearing3_2/1008.csv,train,32768,25600,1.28,1,1488
XJTU-SY,3,40Hz10kN,2400,10.0,Bearing3_2,2,1009,40Hz10kN/Bearing3_2/1009.csv,train,32768,25600,1.28,1,1487
XJTU-SY,3,40Hz10kN,2400,10.0,Bearing3_2,2,1010,40Hz10kN/Bearing3_2/1010.csv,train,32768,25600,1.28,1,1486
XJTU-SY,3,40Hz10kN,2400,10.0,Bearing3_2,2,1011,40Hz10kN/Bearing3_2/1011.csv,train,32768,25600,1.28,1,1485
XJTU-SY,3,40Hz10kN,2400,10.0,Bearing3_2,2,1012,40Hz10kN/Bearing3_2/1012.csv,train,32768,25600,1.28,1,1484
XJTU-SY,3,40Hz10kN,2400,10.0,Bearing3_2,2,1013,40Hz10kN/Bearing3_2/1013.csv,train,32768,25600,1.28,1,1483
XJTU-SY,3,40Hz10kN,2400,10.0,Bearing3_2,2,1014,40Hz10kN/Bearing3_2/1014.csv,train,32768,25600,1.28,1,1482
XJTU-SY,3,40Hz10kN,2400,10.0,Bearing3_2,2,1015,40Hz10kN/Bearing3_2/1015.csv,train,32768,25600,1.28,1,1481
XJTU-SY,3,40Hz10kN,2400,10.0,Bearing3_2,2,1016,40Hz10kN/Bearing3_2/1016.csv,train,32768,25600,1.28,1,1480
XJTU-SY,3,40Hz10kN,2400,10.0,Bearing3_2,2,1017,40Hz10kN/Bearing3_2/1017.csv,train,32768,25600,1.28,1,1479
XJTU-SY,3,40Hz10kN,2400,10.0,Bearing3_2,2,1018,40Hz10kN/Bearing3_2/1018.csv,train,32768,25600,1.28,1,1478
XJTU-SY,3,40Hz10kN,2400,10.0,Bearing3_2,2,1019,40Hz10kN/Bearing3_2/1019.csv,train,32768,25600,1.28,1,1477
XJTU-SY,3,40Hz10kN,2400,10.0,Bearing3_2,2,1020,40Hz10kN/Bearing3_2/1020.csv,train,32768,25600,1.28,1,1476
XJTU-SY,3,40Hz10kN,2400,10.0,Bearing3_2,2,1021,40Hz10kN/Bearing3_2/1021.csv,train,32768,25600,1.28,1,1475
XJTU-SY,3,40Hz10kN,2400,10.0,Bearing3_2,2,1022,40Hz10kN/Bearing3_2/1022.csv,train,32768,25600,1.28,1,1474
XJTU-SY,3,40Hz10kN,2400,10.0,Bearing3_2,2,1023,40Hz10kN/Bearing3_2/1023.csv,train,32768,25600,1.28,1,1473
XJTU-SY,3,40Hz10kN,2400,10.0,Bearing3_2,2,1024,40Hz10kN/Bearing3_2/1024.csv,train,32768,25600,1.28,1,1472
XJTU-SY,3,40Hz10kN,2400,10.0,Bearing3_2,2,1025,40Hz10kN/Bearing3_2/1025.csv,train,32768,25600,1.28,1,1471
XJTU-SY,3,40Hz10kN,2400,10.0,Bearing3_2,2,1026,40Hz10kN/Bearing3_2/1026.csv,train,32768,25600,1.28,1,1470
XJTU-SY,3,40Hz10kN,2400,10.0,Bearing3_2,2,1027,40Hz10kN/Bearing3_2/1027.csv,train,32768,25600,1.28,1,1469
XJTU-SY,3,40Hz10kN,2400,10.0,Bearing3_2,2,1028,40Hz10kN/Bearing3_2/1028.csv,train,32768,25600,1.28,1,1468
XJTU-SY,3,40Hz10kN,2400,10.0,Bearing3_2,2,1029,40Hz10kN/Bearing3_2/1029.csv,train,32768,25600,1.28,1,1467
XJTU-SY,3,40Hz10kN,2400,10.0,Bearing3_2,2,1030,40Hz10kN/Bearing3_2/1030.csv,train,32768,25600,1.28,1,1466
XJTU-SY,3,40Hz10kN,2400,10.0,Bearing3_2,2,1031,40Hz10kN/Bearing3_2/1031.csv,train,32768,25600,1.28,1,1465
XJTU-SY,3,40Hz10kN,2400,10.0,Bearing3_2,2,1032,40Hz10kN/Bearing3_2/1032.csv,train,32768,25600,1.28,1,1464
XJTU-SY,3,40Hz10kN,2400,10.0,Bearing3_2,2,1033,40Hz10kN/Bearing3_2/1033.csv,train,32768,25600,1.28,1,1463
XJTU-SY,3,40Hz10kN,2400,10.0,Bearing3_2,2,1034,40Hz10kN/Bearing3_2/1034.csv,train,32768,25600,1.28,1,1462
XJTU-SY,3,40Hz10kN,2400,10.0,Bearing3_2,2,1035,40Hz10kN/Bearing3_2/1035.csv,train,32768,25600,1.28,1,1461
XJTU-SY,3,40Hz10kN,2400,10.0,Bearing3_2,2,1036,40Hz10kN/Bearing3_2/1036.csv,train,32768,25600,1.28,1,1460
XJTU-SY,3,40Hz10kN,2400,10.0,Bearing3_2,2,1037,40Hz10kN/Bearing3_2/1037.csv,train,32768,25600,1.28,1,1459
XJTU-SY,3,40Hz10kN,2400,10.0,Bearing3_2,2,1038,40Hz10kN/Bearing3_2/1038.csv,train,32768,25600,1.28,1,1458
XJTU-SY,3,40Hz10kN,2400,10.0,Bearing3_2,2,1039,40Hz10kN/Bearing3_2/1039.csv,train,32768,25600,1.28,1,1457
XJTU-SY,3,40Hz10kN,2400,10.0,Bearing3_2,2,1040,40Hz10kN/Bearing3_2/1040.csv,train,32768,25600,1.28,1,1456
XJTU-SY,3,40Hz10kN,2400,10.0,Bearing3_2,2,1041,40Hz10kN/Bearing3_2/1041.csv,train,32768,25600,1.28,1,1455
XJTU-SY,3,40Hz10kN,2400,10.0,Bearing3_2,2,1042,40Hz10kN/Bearing3_2/1042.csv,train,32768,25600,1.28,1,1454
XJTU-SY,3,40Hz10kN,2400,10.0,Bearing3_2,2,1043,40Hz10kN/Bearing3_2/1043.csv,train,32768,25600,1.28,1,1453
XJTU-SY,3,40Hz10kN,2400,10.0,Bearing3_2,2,1044,40Hz10kN/Bearing3_2/1044.csv,train,32768,25600,1.28,1,1452
XJTU-SY,3,40Hz10kN,2400,10.0,Bearing3_2,2,1045,40Hz10kN/Bearing3_2/1045.csv,train,32768,25600,1.28,1,1451
XJTU-SY,3,40Hz10kN,2400,10.0,Bearing3_2,2,1046,40Hz10kN/Bearing3_2/1046.csv,train,32768,25600,1.28,1,1450
XJTU-SY,3,40Hz10kN,2400,10.0,Bearing3_2,2,1047,40Hz10kN/Bearing3_2/1047.csv,train,32768,25600,1.28,1,1449
XJTU-SY,3,40Hz10kN,2400,10.0,Bearing3_2,2,1048,40Hz10kN/Bearing3_2/1048.csv,train,32768,25600,1.28,1,1448
XJTU-SY,3,40Hz10kN,2400,10.0,Bearing3_2,2,1049,40Hz10kN/Bearing3_2/1049.csv,train,32768,25600,1.28,1,1447
XJTU-SY,3,40Hz10kN,2400,10.0,Bearing3_2,2,1050,40Hz10kN/Bearing3_2/1050.csv,train,32768,25600,1.28,1,1446
XJTU-SY,3,40Hz10kN,2400,10.0,Bearing3_2,2,1051,40Hz10kN/Bearing3_2/1051.csv,train,32768,25600,1.28,1,1445
XJTU-SY,3,40Hz10kN,2400,10.0,Bearing3_2,2,1052,40Hz10kN/Bearing3_2/1052.csv,train,32768,25600,1.28,1,1444
XJTU-SY,3,40Hz10kN,2400,10.0,Bearing3_2,2,1053,40Hz10kN/Bearing3_2/1053.csv,train,32768,25600,1.28,1,1443
XJTU-SY,3,40Hz10kN,2400,10.0,Bearing3_2,2,1054,40Hz10kN/Bearing3_2/1054.csv,train,32768,25600,1.28,1,1442
XJTU-SY,3,40Hz10kN,2400,10.0,Bearing3_2,2,1055,40Hz10kN/Bearing3_2/1055.csv,train,32768,25600,1.28,1,1441
XJTU-SY,3,40Hz10kN,2400,10.0,Bearing3_2,2,1056,40Hz10kN/Bearing3_2/1056.csv,train,32768,25600,1.28,1,1440
XJTU-SY,3,40Hz10kN,2400,10.0,Bearing3_2,2,1057,40Hz10kN/Bearing3_2/1057.csv,train,32768,25600,1.28,1,1439
XJTU-SY,3,40Hz10kN,2400,10.0,Bearing3_2,2,1058,40Hz10kN/Bearing3_2/1058.csv,train,32768,25600,1.28,1,1438
XJTU-SY,3,40Hz10kN,2400,10.0,Bearing3_2,2,1059,40Hz10kN/Bearing3_2/1059.csv,train,32768,25600,1.28,1,1437
XJTU-SY,3,40Hz10kN,2400,10.0,Bearing3_2,2,1060,40Hz10kN/Bearing3_2/1060.csv,train,32768,25600,1.28,1,1436
XJTU-SY,3,40Hz10kN,2400,10.0,Bearing3_2,2,1061,40Hz10kN/Bearing3_2/1061.csv,train,32768,25600,1.28,1,1435
XJTU-SY,3,40Hz10kN,2400,10.0,Bearing3_2,2,1062,40Hz10kN/Bearing3_2/1062.csv,train,32768,25600,1.28,1,1434
XJTU-SY,3,40Hz10kN,2400,10.0,Bearing3_2,2,1063,40Hz10kN/Bearing3_2/1063.csv,train,32768,25600,1.28,1,1433
XJTU-SY,3,40Hz10kN,2400,10.0,Bearing3_2,2,1064,40Hz10kN/Bearing3_2/1064.csv,train,32768,25600,1.28,1,1432
XJTU-SY,3,40Hz10kN,2400,10.0,Bearing3_2,2,1065,40Hz10kN/Bearing3_2/1065.csv,train,32768,25600,1.28,1,1431
XJTU-SY,3,40Hz10kN,2400,10.0,Bearing3_2,2,1066,40Hz10kN/Bearing3_2/1066.csv,train,32768,25600,1.28,1,1430
XJTU-SY,3,40Hz10kN,2400,10.0,Bearing3_2,2,1067,40Hz10kN/Bearing3_2/1067.csv,train,32768,25600,1.28,1,1429
XJTU-SY,3,40Hz10kN,2400,10.0,Bearing3_2,2,1068,40Hz10kN/Bearing3_2/1068.csv,train,32768,25600,1.28,1,1428
XJTU-SY,3,40Hz10kN,2400,10.0,Bearing3_2,2,1069,40Hz10kN/Bearing3_2/1069.csv,train,32768,25600,1.28,1,1427
XJTU-SY,3,40Hz10kN,2400,10.0,Bearing3_2,2,1070,40Hz10kN/Bearing3_2/1070.csv,train,32768,25600,1.28,1,1426
XJTU-SY,3,40Hz10kN,2400,10.0,Bearing3_2,2,1071,40Hz10kN/Bearing3_2/1071.csv,train,32768,25600,1.28,1,1425
XJTU-SY,3,40Hz10kN,2400,10.0,Bearing3_2,2,1072,40Hz10kN/Bearing3_2/1072.csv,train,32768,25600,1.28,1,1424
XJTU-SY,3,40Hz10kN,2400,10.0,Bearing3_2,2,1073,40Hz10kN/Bearing3_2/1073.csv,train,32768,25600,1.28,1,1423
XJTU-SY,3,40Hz10kN,2400,10.0,Bearing3_2,2,1074,40Hz10kN/Bearing3_2/1074.csv,train,32768,25600,1.28,1,1422
XJTU-SY,3,40Hz10kN,2400,10.0,Bearing3_2,2,1075,40Hz10kN/Bearing3_2/1075.csv,train,32768,25600,1.28,1,1421
XJTU-SY,3,40Hz10kN,2400,10.0,Bearing3_2,2,1076,40Hz10kN/Bearing3_2/1076.csv,train,32768,25600,1.28,1,1420
XJTU-SY,3,40Hz10kN,2400,10.0,Bearing3_2,2,1077,40Hz10kN/Bearing3_2/1077.csv,train,32768,25600,1.28,1,1419
XJTU-SY,3,40Hz10kN,2400,10.0,Bearing3_2,2,1078,40Hz10kN/Bearing3_2/1078.csv,train,32768,25600,1.28,1,1418
XJTU-SY,3,40Hz10kN,2400,10.0,Bearing3_2,2,1079,40Hz10kN/Bearing3_2/1079.csv,train,32768,25600,1.28,1,1417
XJTU-SY,3,40Hz10kN,2400,10.0,Bearing3_2,2,1080,40Hz10kN/Bearing3_2/1080.csv,train,32768,25600,1.28,1,1416
XJTU-SY,3,40Hz10kN,2400,10.0,Bearing3_2,2,1081,40Hz10kN/Bearing3_2/1081.csv,train,32768,25600,1.28,1,1415
XJTU-SY,3,40Hz10kN,2400,10.0,Bearing3_2,2,1082,40Hz10kN/Bearing3_2/1082.csv,train,32768,25600,1.28,1,1414
XJTU-SY,3,40Hz10kN,2400,10.0,Bearing3_2,2,1083,40Hz10kN/Bearing3_2/1083.csv,train,32768,25600,1.28,1,1413
XJTU-SY,3,40Hz10kN,2400,10.0,Bearing3_2,2,1084,40Hz10kN/Bearing3_2/1084.csv,train,32768,25600,1.28,1,1412
XJTU-SY,3,40Hz10kN,2400,10.0,Bearing3_2,2,1085,40Hz10kN/Bearing3_2/1085.csv,train,32768,25600,1.28,1,1411
XJTU-SY,3,40Hz10kN,2400,10.0,Bearing3_2,2,1086,40Hz10kN/Bearing3_2/1086.csv,train,32768,25600,1.28,1,1410
XJTU-SY,3,40Hz10kN,2400,10.0,Bearing3_2,2,1087,40Hz10kN/Bearing3_2/1087.csv,train,32768,25600,1.28,1,1409
XJTU-SY,3,40Hz10kN,2400,10.0,Bearing3_2,2,1088,40Hz10kN/Bearing3_2/1088.csv,train,32768,25600,1.28,1,1408
XJTU-SY,3,40Hz10kN,2400,10.0,Bearing3_2,2,1089,40Hz10kN/Bearing3_2/1089.csv,train,32768,25600,1.28,1,1407
XJTU-SY,3,40Hz10kN,2400,10.0,Bearing3_2,2,1090,40Hz10kN/Bearing3_2/1090.csv,train,32768,25600,1.28,1,1406
XJTU-SY,3,40Hz10kN,2400,10.0,Bearing3_2,2,1091,40Hz10kN/Bearing3_2/1091.csv,train,32768,25600,1.28,1,1405
XJTU-SY,3,40Hz10kN,2400,10.0,Bearing3_2,2,1092,40Hz10kN/Bearing3_2/1092.csv,train,32768,25600,1.28,1,1404
XJTU-SY,3,40Hz10kN,2400,10.0,Bearing3_2,2,1093,40Hz10kN/Bearing3_2/1093.csv,train,32768,25600,1.28,1,1403
XJTU-SY,3,40Hz10kN,2400,10.0,Bearing3_2,2,1094,40Hz10kN/Bearing3_2/1094.csv,train,32768,25600,1.28,1,1402
XJTU-SY,3,40Hz10kN,2400,10.0,Bearing3_2,2,1095,40Hz10kN/Bearing3_2/1095.csv,train,32768,25600,1.28,1,1401
XJTU-SY,3,40Hz10kN,2400,10.0,Bearing3_2,2,1096,40Hz10kN/Bearing3_2/1096.csv,train,32768,25600,1.28,1,1400
XJTU-SY,3,40Hz10kN,2400,10.0,Bearing3_2,2,1097,40Hz10kN/Bearing3_2/1097.csv,train,32768,25600,1.28,1,1399
XJTU-SY,3,40Hz10kN,2400,10.0,Bearing3_2,2,1098,40Hz10kN/Bearing3_2/1098.csv,train,32768,25600,1.28,1,1398
XJTU-SY,3,40Hz10kN,2400,10.0,Bearing3_2,2,1099,40Hz10kN/Bearing3_2/1099.csv,train,32768,25600,1.28,1,1397
XJTU-SY,3,40Hz10kN,2400,10.0,Bearing3_2,2,1100,40Hz10kN/Bearing3_2/1100.csv,train,32768,25600,1.28,1,1396
XJTU-SY,3,40Hz10kN,2400,10.0,Bearing3_2,2,1101,40Hz10kN/Bearing3_2/1101.csv,train,32768,25600,1.28,1,1395
XJTU-SY,3,40Hz10kN,2400,10.0,Bearing3_2,2,1102,40Hz10kN/Bearing3_2/1102.csv,train,32768,25600,1.28,1,1394
XJTU-SY,3,40Hz10kN,2400,10.0,Bearing3_2,2,1103,40Hz10kN/Bearing3_2/1103.csv,train,32768,25600,1.28,1,1393
XJTU-SY,3,40Hz10kN,2400,10.0,Bearing3_2,2,1104,40Hz10kN/Bearing3_2/1104.csv,train,32768,25600,1.28,1,1392
XJTU-SY,3,40Hz10kN,2400,10.0,Bearing3_2,2,1105,40Hz10kN/Bearing3_2/1105.csv,train,32768,25600,1.28,1,1391
XJTU-SY,3,40Hz10kN,2400,10.0,Bearing3_2,2,1106,40Hz10kN/Bearing3_2/1106.csv,train,32768,25600,1.28,1,1390
XJTU-SY,3,40Hz10kN,2400,10.0,Bearing3_2,2,1107,40Hz10kN/Bearing3_2/1107.csv,train,32768,25600,1.28,1,1389
XJTU-SY,3,40Hz10kN,2400,10.0,Bearing3_2,2,1108,40Hz10kN/Bearing3_2/1108.csv,train,32768,25600,1.28,1,1388
XJTU-SY,3,40Hz10kN,2400,10.0,Bearing3_2,2,1109,40Hz10kN/Bearing3_2/1109.csv,train,32768,25600,1.28,1,1387
XJTU-SY,3,40Hz10kN,2400,10.0,Bearing3_2,2,1110,40Hz10kN/Bearing3_2/1110.csv,train,32768,25600,1.28,1,1386
XJTU-SY,3,40Hz10kN,2400,10.0,Bearing3_2,2,1111,40Hz10kN/Bearing3_2/1111.csv,train,32768,25600,1.28,1,1385
XJTU-SY,3,40Hz10kN,2400,10.0,Bearing3_2,2,1112,40Hz10kN/Bearing3_2/1112.csv,train,32768,25600,1.28,1,1384
XJTU-SY,3,40Hz10kN,2400,10.0,Bearing3_2,2,1113,40Hz10kN/Bearing3_2/1113.csv,train,32768,25600,1.28,1,1383
XJTU-SY,3,40Hz10kN,2400,10.0,Bearing3_2,2,1114,40Hz10kN/Bearing3_2/1114.csv,train,32768,25600,1.28,1,1382
XJTU-SY,3,40Hz10kN,2400,10.0,Bearing3_2,2,1115,40Hz10kN/Bearing3_2/1115.csv,train,32768,25600,1.28,1,1381
XJTU-SY,3,40Hz10kN,2400,10.0,Bearing3_2,2,1116,40Hz10kN/Bearing3_2/1116.csv,train,32768,25600,1.28,1,1380
XJTU-SY,3,40Hz10kN,2400,10.0,Bearing3_2,2,1117,40Hz10kN/Bearing3_2/1117.csv,train,32768,25600,1.28,1,1379
XJTU-SY,3,40Hz10kN,2400,10.0,Bearing3_2,2,1118,40Hz10kN/Bearing3_2/1118.csv,train,32768,25600,1.28,1,1378
XJTU-SY,3,40Hz10kN,2400,10.0,Bearing3_2,2,1119,40Hz10kN/Bearing3_2/1119.csv,train,32768,25600,1.28,1,1377
XJTU-SY,3,40Hz10kN,2400,10.0,Bearing3_2,2,1120,40Hz10kN/Bearing3_2/1120.csv,train,32768,25600,1.28,1,1376
XJTU-SY,3,40Hz10kN,2400,10.0,Bearing3_2,2,1121,40Hz10kN/Bearing3_2/1121.csv,train,32768,25600,1.28,1,1375
XJTU-SY,3,40Hz10kN,2400,10.0,Bearing3_2,2,1122,40Hz10kN/Bearing3_2/1122.csv,train,32768,25600,1.28,1,1374
XJTU-SY,3,40Hz10kN,2400,10.0,Bearing3_2,2,1123,40Hz10kN/Bearing3_2/1123.csv,train,32768,25600,1.28,1,1373
XJTU-SY,3,40Hz10kN,2400,10.0,Bearing3_2,2,1124,40Hz10kN/Bearing3_2/1124.csv,train,32768,25600,1.28,1,1372
XJTU-SY,3,40Hz10kN,2400,10.0,Bearing3_2,2,1125,40Hz10kN/Bearing3_2/1125.csv,train,32768,25600,1.28,1,1371
XJTU-SY,3,40Hz10kN,2400,10.0,Bearing3_2,2,1126,40Hz10kN/Bearing3_2/1126.csv,train,32768,25600,1.28,1,1370
XJTU-SY,3,40Hz10kN,2400,10.0,Bearing3_2,2,1127,40Hz10kN/Bearing3_2/1127.csv,train,32768,25600,1.28,1,1369
XJTU-SY,3,40Hz10kN,2400,10.0,Bearing3_2,2,1128,40Hz10kN/Bearing3_2/1128.csv,train,32768,25600,1.28,1,1368
XJTU-SY,3,40Hz10kN,2400,10.0,Bearing3_2,2,1129,40Hz10kN/Bearing3_2/1129.csv,train,32768,25600,1.28,1,1367
XJTU-SY,3,40Hz10kN,2400,10.0,Bearing3_2,2,1130,40Hz10kN/Bearing3_2/1130.csv,train,32768,25600,1.28,1,1366
XJTU-SY,3,40Hz10kN,2400,10.0,Bearing3_2,2,1131,40Hz10kN/Bearing3_2/1131.csv,train,32768,25600,1.28,1,1365
XJTU-SY,3,40Hz10kN,2400,10.0,Bearing3_2,2,1132,40Hz10kN/Bearing3_2/1132.csv,train,32768,25600,1.28,1,1364
XJTU-SY,3,40Hz10kN,2400,10.0,Bearing3_2,2,1133,40Hz10kN/Bearing3_2/1133.csv,train,32768,25600,1.28,1,1363
XJTU-SY,3,40Hz10kN,2400,10.0,Bearing3_2,2,1134,40Hz10kN/Bearing3_2/1134.csv,train,32768,25600,1.28,1,1362
XJTU-SY,3,40Hz10kN,2400,10.0,Bearing3_2,2,1135,40Hz10kN/Bearing3_2/1135.csv,train,32768,25600,1.28,1,1361
XJTU-SY,3,40Hz10kN,2400,10.0,Bearing3_2,2,1136,40Hz10kN/Bearing3_2/1136.csv,train,32768,25600,1.28,1,1360
XJTU-SY,3,40Hz10kN,2400,10.0,Bearing3_2,2,1137,40Hz10kN/Bearing3_2/1137.csv,train,32768,25600,1.28,1,1359
XJTU-SY,3,40Hz10kN,2400,10.0,Bearing3_2,2,1138,40Hz10kN/Bearing3_2/1138.csv,train,32768,25600,1.28,1,1358
XJTU-SY,3,40Hz10kN,2400,10.0,Bearing3_2,2,1139,40Hz10kN/Bearing3_2/1139.csv,train,32768,25600,1.28,1,1357
XJTU-SY,3,40Hz10kN,2400,10.0,Bearing3_2,2,1140,40Hz10kN/Bearing3_2/1140.csv,train,32768,25600,1.28,1,1356
XJTU-SY,3,40Hz10kN,2400,10.0,Bearing3_2,2,1141,40Hz10kN/Bearing3_2/1141.csv,train,32768,25600,1.28,1,1355
XJTU-SY,3,40Hz10kN,2400,10.0,Bearing3_2,2,1142,40Hz10kN/Bearing3_2/1142.csv,train,32768,25600,1.28,1,1354
XJTU-SY,3,40Hz10kN,2400,10.0,Bearing3_2,2,1143,40Hz10kN/Bearing3_2/1143.csv,train,32768,25600,1.28,1,1353
XJTU-SY,3,40Hz10kN,2400,10.0,Bearing3_2,2,1144,40Hz10kN/Bearing3_2/1144.csv,train,32768,25600,1.28,1,1352
XJTU-SY,3,40Hz10kN,2400,10.0,Bearing3_2,2,1145,40Hz10kN/Bearing3_2/1145.csv,train,32768,25600,1.28,1,1351
XJTU-SY,3,40Hz10kN,2400,10.0,Bearing3_2,2,1146,40Hz10kN/Bearing3_2/1146.csv,train,32768,25600,1.28,1,1350
XJTU-SY,3,40Hz10kN,2400,10.0,Bearing3_2,2,1147,40Hz10kN/Bearing3_2/1147.csv,train,32768,25600,1.28,1,1349
XJTU-SY,3,40Hz10kN,2400,10.0,Bearing3_2,2,1148,40Hz10kN/Bearing3_2/1148.csv,train,32768,25600,1.28,1,1348
XJTU-SY,3,40Hz10kN,2400,10.0,Bearing3_2,2,1149,40Hz10kN/Bearing3_2/1149.csv,train,32768,25600,1.28,1,1347
XJTU-SY,3,40Hz10kN,2400,10.0,Bearing3_2,2,1150,40Hz10kN/Bearing3_2/1150.csv,train,32768,25600,1.28,1,1346
XJTU-SY,3,40Hz10kN,2400,10.0,Bearing3_2,2,1151,40Hz10kN/Bearing3_2/1151.csv,train,32768,25600,1.28,1,1345
XJTU-SY,3,40Hz10kN,2400,10.0,Bearing3_2,2,1152,40Hz10kN/Bearing3_2/1152.csv,train,32768,25600,1.28,1,1344
XJTU-SY,3,40Hz10kN,2400,10.0,Bearing3_2,2,1153,40Hz10kN/Bearing3_2/1153.csv,train,32768,25600,1.28,1,1343
XJTU-SY,3,40Hz10kN,2400,10.0,Bearing3_2,2,1154,40Hz10kN/Bearing3_2/1154.csv,train,32768,25600,1.28,1,1342
XJTU-SY,3,40Hz10kN,2400,10.0,Bearing3_2,2,1155,40Hz10kN/Bearing3_2/1155.csv,train,32768,25600,1.28,1,1341
XJTU-SY,3,40Hz10kN,2400,10.0,Bearing3_2,2,1156,40Hz10kN/Bearing3_2/1156.csv,train,32768,25600,1.28,1,1340
XJTU-SY,3,40Hz10kN,2400,10.0,Bearing3_2,2,1157,40Hz10kN/Bearing3_2/1157.csv,train,32768,25600,1.28,1,1339
XJTU-SY,3,40Hz10kN,2400,10.0,Bearing3_2,2,1158,40Hz10kN/Bearing3_2/1158.csv,train,32768,25600,1.28,1,1338
XJTU-SY,3,40Hz10kN,2400,10.0,Bearing3_2,2,1159,40Hz10kN/Bearing3_2/1159.csv,train,32768,25600,1.28,1,1337
XJTU-SY,3,40Hz10kN,2400,10.0,Bearing3_2,2,1160,40Hz10kN/Bearing3_2/1160.csv,train,32768,25600,1.28,1,1336
XJTU-SY,3,40Hz10kN,2400,10.0,Bearing3_2,2,1161,40Hz10kN/Bearing3_2/1161.csv,train,32768,25600,1.28,1,1335
XJTU-SY,3,40Hz10kN,2400,10.0,Bearing3_2,2,1162,40Hz10kN/Bearing3_2/1162.csv,train,32768,25600,1.28,1,1334
XJTU-SY,3,40Hz10kN,2400,10.0,Bearing3_2,2,1163,40Hz10kN/Bearing3_2/1163.csv,train,32768,25600,1.28,1,1333
XJTU-SY,3,40Hz10kN,2400,10.0,Bearing3_2,2,1164,40Hz10kN/Bearing3_2/1164.csv,train,32768,25600,1.28,1,1332
XJTU-SY,3,40Hz10kN,2400,10.0,Bearing3_2,2,1165,40Hz10kN/Bearing3_2/1165.csv,train,32768,25600,1.28,1,1331
XJTU-SY,3,40Hz10kN,2400,10.0,Bearing3_2,2,1166,40Hz10kN/Bearing3_2/1166.csv,train,32768,25600,1.28,1,1330
XJTU-SY,3,40Hz10kN,2400,10.0,Bearing3_2,2,1167,40Hz10kN/Bearing3_2/1167.csv,train,32768,25600,1.28,1,1329
XJTU-SY,3,40Hz10kN,2400,10.0,Bearing3_2,2,1168,40Hz10kN/Bearing3_2/1168.csv,train,32768,25600,1.28,1,1328
XJTU-SY,3,40Hz10kN,2400,10.0,Bearing3_2,2,1169,40Hz10kN/Bearing3_2/1169.csv,train,32768,25600,1.28,1,1327
XJTU-SY,3,40Hz10kN,2400,10.0,Bearing3_2,2,1170,40Hz10kN/Bearing3_2/1170.csv,train,32768,25600,1.28,1,1326
XJTU-SY,3,40Hz10kN,2400,10.0,Bearing3_2,2,1171,40Hz10kN/Bearing3_2/1171.csv,train,32768,25600,1.28,1,1325
XJTU-SY,3,40Hz10kN,2400,10.0,Bearing3_2,2,1172,40Hz10kN/Bearing3_2/1172.csv,train,32768,25600,1.28,1,1324
XJTU-SY,3,40Hz10kN,2400,10.0,Bearing3_2,2,1173,40Hz10kN/Bearing3_2/1173.csv,train,32768,25600,1.28,1,1323
XJTU-SY,3,40Hz10kN,2400,10.0,Bearing3_2,2,1174,40Hz10kN/Bearing3_2/1174.csv,train,32768,25600,1.28,1,1322
XJTU-SY,3,40Hz10kN,2400,10.0,Bearing3_2,2,1175,40Hz10kN/Bearing3_2/1175.csv,train,32768,25600,1.28,1,1321
XJTU-SY,3,40Hz10kN,2400,10.0,Bearing3_2,2,1176,40Hz10kN/Bearing3_2/1176.csv,train,32768,25600,1.28,1,1320
XJTU-SY,3,40Hz10kN,2400,10.0,Bearing3_2,2,1177,40Hz10kN/Bearing3_2/1177.csv,train,32768,25600,1.28,1,1319
XJTU-SY,3,40Hz10kN,2400,10.0,Bearing3_2,2,1178,40Hz10kN/Bearing3_2/1178.csv,train,32768,25600,1.28,1,1318
XJTU-SY,3,40Hz10kN,2400,10.0,Bearing3_2,2,1179,40Hz10kN/Bearing3_2/1179.csv,train,32768,25600,1.28,1,1317
XJTU-SY,3,40Hz10kN,2400,10.0,Bearing3_2,2,1180,40Hz10kN/Bearing3_2/1180.csv,train,32768,25600,1.28,1,1316
XJTU-SY,3,40Hz10kN,2400,10.0,Bearing3_2,2,1181,40Hz10kN/Bearing3_2/1181.csv,train,32768,25600,1.28,1,1315
XJTU-SY,3,40Hz10kN,2400,10.0,Bearing3_2,2,1182,40Hz10kN/Bearing3_2/1182.csv,train,32768,25600,1.28,1,1314
XJTU-SY,3,40Hz10kN,2400,10.0,Bearing3_2,2,1183,40Hz10kN/Bearing3_2/1183.csv,train,32768,25600,1.28,1,1313
XJTU-SY,3,40Hz10kN,2400,10.0,Bearing3_2,2,1184,40Hz10kN/Bearing3_2/1184.csv,train,32768,25600,1.28,1,1312
XJTU-SY,3,40Hz10kN,2400,10.0,Bearing3_2,2,1185,40Hz10kN/Bearing3_2/1185.csv,train,32768,25600,1.28,1,1311
XJTU-SY,3,40Hz10kN,2400,10.0,Bearing3_2,2,1186,40Hz10kN/Bearing3_2/1186.csv,train,32768,25600,1.28,1,1310
XJTU-SY,3,40Hz10kN,2400,10.0,Bearing3_2,2,1187,40Hz10kN/Bearing3_2/1187.csv,train,32768,25600,1.28,1,1309
XJTU-SY,3,40Hz10kN,2400,10.0,Bearing3_2,2,1188,40Hz10kN/Bearing3_2/1188.csv,train,32768,25600,1.28,1,1308
XJTU-SY,3,40Hz10kN,2400,10.0,Bearing3_2,2,1189,40Hz10kN/Bearing3_2/1189.csv,train,32768,25600,1.28,1,1307
XJTU-SY,3,40Hz10kN,2400,10.0,Bearing3_2,2,1190,40Hz10kN/Bearing3_2/1190.csv,train,32768,25600,1.28,1,1306
XJTU-SY,3,40Hz10kN,2400,10.0,Bearing3_2,2,1191,40Hz10kN/Bearing3_2/1191.csv,train,32768,25600,1.28,1,1305
XJTU-SY,3,40Hz10kN,2400,10.0,Bearing3_2,2,1192,40Hz10kN/Bearing3_2/1192.csv,train,32768,25600,1.28,1,1304
XJTU-SY,3,40Hz10kN,2400,10.0,Bearing3_2,2,1193,40Hz10kN/Bearing3_2/1193.csv,train,32768,25600,1.28,1,1303
XJTU-SY,3,40Hz10kN,2400,10.0,Bearing3_2,2,1194,40Hz10kN/Bearing3_2/1194.csv,train,32768,25600,1.28,1,1302
XJTU-SY,3,40Hz10kN,2400,10.0,Bearing3_2,2,1195,40Hz10kN/Bearing3_2/1195.csv,train,32768,25600,1.28,1,1301
XJTU-SY,3,40Hz10kN,2400,10.0,Bearing3_2,2,1196,40Hz10kN/Bearing3_2/1196.csv,train,32768,25600,1.28,1,1300
XJTU-SY,3,40Hz10kN,2400,10.0,Bearing3_2,2,1197,40Hz10kN/Bearing3_2/1197.csv,train,32768,25600,1.28,1,1299
XJTU-SY,3,40Hz10kN,2400,10.0,Bearing3_2,2,1198,40Hz10kN/Bearing3_2/1198.csv,train,32768,25600,1.28,1,1298
XJTU-SY,3,40Hz10kN,2400,10.0,Bearing3_2,2,1199,40Hz10kN/Bearing3_2/1199.csv,train,32768,25600,1.28,1,1297
XJTU-SY,3,40Hz10kN,2400,10.0,Bearing3_2,2,1200,40Hz10kN/Bearing3_2/1200.csv,train,32768,25600,1.28,1,1296
XJTU-SY,3,40Hz10kN,2400,10.0,Bearing3_2,2,1201,40Hz10kN/Bearing3_2/1201.csv,train,32768,25600,1.28,1,1295
XJTU-SY,3,40Hz10kN,2400,10.0,Bearing3_2,2,1202,40Hz10kN/Bearing3_2/1202.csv,train,32768,25600,1.28,1,1294
XJTU-SY,3,40Hz10kN,2400,10.0,Bearing3_2,2,1203,40Hz10kN/Bearing3_2/1203.csv,train,32768,25600,1.28,1,1293
XJTU-SY,3,40Hz10kN,2400,10.0,Bearing3_2,2,1204,40Hz10kN/Bearing3_2/1204.csv,train,32768,25600,1.28,1,1292
XJTU-SY,3,40Hz10kN,2400,10.0,Bearing3_2,2,1205,40Hz10kN/Bearing3_2/1205.csv,train,32768,25600,1.28,1,1291
XJTU-SY,3,40Hz10kN,2400,10.0,Bearing3_2,2,1206,40Hz10kN/Bearing3_2/1206.csv,train,32768,25600,1.28,1,1290
XJTU-SY,3,40Hz10kN,2400,10.0,Bearing3_2,2,1207,40Hz10kN/Bearing3_2/1207.csv,train,32768,25600,1.28,1,1289
XJTU-SY,3,40Hz10kN,2400,10.0,Bearing3_2,2,1208,40Hz10kN/Bearing3_2/1208.csv,train,32768,25600,1.28,1,1288
XJTU-SY,3,40Hz10kN,2400,10.0,Bearing3_2,2,1209,40Hz10kN/Bearing3_2/1209.csv,train,32768,25600,1.28,1,1287
XJTU-SY,3,40Hz10kN,2400,10.0,Bearing3_2,2,1210,40Hz10kN/Bearing3_2/1210.csv,train,32768,25600,1.28,1,1286
XJTU-SY,3,40Hz10kN,2400,10.0,Bearing3_2,2,1211,40Hz10kN/Bearing3_2/1211.csv,train,32768,25600,1.28,1,1285
XJTU-SY,3,40Hz10kN,2400,10.0,Bearing3_2,2,1212,40Hz10kN/Bearing3_2/1212.csv,train,32768,25600,1.28,1,1284
XJTU-SY,3,40Hz10kN,2400,10.0,Bearing3_2,2,1213,40Hz10kN/Bearing3_2/1213.csv,train,32768,25600,1.28,1,1283
XJTU-SY,3,40Hz10kN,2400,10.0,Bearing3_2,2,1214,40Hz10kN/Bearing3_2/1214.csv,train,32768,25600,1.28,1,1282
XJTU-SY,3,40Hz10kN,2400,10.0,Bearing3_2,2,1215,40Hz10kN/Bearing3_2/1215.csv,train,32768,25600,1.28,1,1281
XJTU-SY,3,40Hz10kN,2400,10.0,Bearing3_2,2,1216,40Hz10kN/Bearing3_2/1216.csv,train,32768,25600,1.28,1,1280
XJTU-SY,3,40Hz10kN,2400,10.0,Bearing3_2,2,1217,40Hz10kN/Bearing3_2/1217.csv,train,32768,25600,1.28,1,1279
XJTU-SY,3,40Hz10kN,2400,10.0,Bearing3_2,2,1218,40Hz10kN/Bearing3_2/1218.csv,train,32768,25600,1.28,1,1278
XJTU-SY,3,40Hz10kN,2400,10.0,Bearing3_2,2,1219,40Hz10kN/Bearing3_2/1219.csv,train,32768,25600,1.28,1,1277
XJTU-SY,3,40Hz10kN,2400,10.0,Bearing3_2,2,1220,40Hz10kN/Bearing3_2/1220.csv,train,32768,25600,1.28,1,1276
XJTU-SY,3,40Hz10kN,2400,10.0,Bearing3_2,2,1221,40Hz10kN/Bearing3_2/1221.csv,train,32768,25600,1.28,1,1275
XJTU-SY,3,40Hz10kN,2400,10.0,Bearing3_2,2,1222,40Hz10kN/Bearing3_2/1222.csv,train,32768,25600,1.28,1,1274
XJTU-SY,3,40Hz10kN,2400,10.0,Bearing3_2,2,1223,40Hz10kN/Bearing3_2/1223.csv,train,32768,25600,1.28,1,1273
XJTU-SY,3,40Hz10kN,2400,10.0,Bearing3_2,2,1224,40Hz10kN/Bearing3_2/1224.csv,train,32768,25600,1.28,1,1272
XJTU-SY,3,40Hz10kN,2400,10.0,Bearing3_2,2,1225,40Hz10kN/Bearing3_2/1225.csv,train,32768,25600,1.28,1,1271
XJTU-SY,3,40Hz10kN,2400,10.0,Bearing3_2,2,1226,40Hz10kN/Bearing3_2/1226.csv,train,32768,25600,1.28,1,1270
XJTU-SY,3,40Hz10kN,2400,10.0,Bearing3_2,2,1227,40Hz10kN/Bearing3_2/1227.csv,train,32768,25600,1.28,1,1269
XJTU-SY,3,40Hz10kN,2400,10.0,Bearing3_2,2,1228,40Hz10kN/Bearing3_2/1228.csv,train,32768,25600,1.28,1,1268
XJTU-SY,3,40Hz10kN,2400,10.0,Bearing3_2,2,1229,40Hz10kN/Bearing3_2/1229.csv,train,32768,25600,1.28,1,1267
XJTU-SY,3,40Hz10kN,2400,10.0,Bearing3_2,2,1230,40Hz10kN/Bearing3_2/1230.csv,train,32768,25600,1.28,1,1266
XJTU-SY,3,40Hz10kN,2400,10.0,Bearing3_2,2,1231,40Hz10kN/Bearing3_2/1231.csv,train,32768,25600,1.28,1,1265
XJTU-SY,3,40Hz10kN,2400,10.0,Bearing3_2,2,1232,40Hz10kN/Bearing3_2/1232.csv,train,32768,25600,1.28,1,1264
XJTU-SY,3,40Hz10kN,2400,10.0,Bearing3_2,2,1233,40Hz10kN/Bearing3_2/1233.csv,train,32768,25600,1.28,1,1263
XJTU-SY,3,40Hz10kN,2400,10.0,Bearing3_2,2,1234,40Hz10kN/Bearing3_2/1234.csv,train,32768,25600,1.28,1,1262
XJTU-SY,3,40Hz10kN,2400,10.0,Bearing3_2,2,1235,40Hz10kN/Bearing3_2/1235.csv,train,32768,25600,1.28,1,1261
XJTU-SY,3,40Hz10kN,2400,10.0,Bearing3_2,2,1236,40Hz10kN/Bearing3_2/1236.csv,train,32768,25600,1.28,1,1260
XJTU-SY,3,40Hz10kN,2400,10.0,Bearing3_2,2,1237,40Hz10kN/Bearing3_2/1237.csv,train,32768,25600,1.28,1,1259
XJTU-SY,3,40Hz10kN,2400,10.0,Bearing3_2,2,1238,40Hz10kN/Bearing3_2/1238.csv,train,32768,25600,1.28,1,1258
XJTU-SY,3,40Hz10kN,2400,10.0,Bearing3_2,2,1239,40Hz10kN/Bearing3_2/1239.csv,train,32768,25600,1.28,1,1257
XJTU-SY,3,40Hz10kN,2400,10.0,Bearing3_2,2,1240,40Hz10kN/Bearing3_2/1240.csv,train,32768,25600,1.28,1,1256
XJTU-SY,3,40Hz10kN,2400,10.0,Bearing3_2,2,1241,40Hz10kN/Bearing3_2/1241.csv,train,32768,25600,1.28,1,1255
XJTU-SY,3,40Hz10kN,2400,10.0,Bearing3_2,2,1242,40Hz10kN/Bearing3_2/1242.csv,train,32768,25600,1.28,1,1254
XJTU-SY,3,40Hz10kN,2400,10.0,Bearing3_2,2,1243,40Hz10kN/Bearing3_2/1243.csv,train,32768,25600,1.28,1,1253
XJTU-SY,3,40Hz10kN,2400,10.0,Bearing3_2,2,1244,40Hz10kN/Bearing3_2/1244.csv,train,32768,25600,1.28,1,1252
XJTU-SY,3,40Hz10kN,2400,10.0,Bearing3_2,2,1245,40Hz10kN/Bearing3_2/1245.csv,train,32768,25600,1.28,1,1251
XJTU-SY,3,40Hz10kN,2400,10.0,Bearing3_2,2,1246,40Hz10kN/Bearing3_2/1246.csv,train,32768,25600,1.28,1,1250
XJTU-SY,3,40Hz10kN,2400,10.0,Bearing3_2,2,1247,40Hz10kN/Bearing3_2/1247.csv,train,32768,25600,1.28,1,1249
XJTU-SY,3,40Hz10kN,2400,10.0,Bearing3_2,2,1248,40Hz10kN/Bearing3_2/1248.csv,train,32768,25600,1.28,1,1248
XJTU-SY,3,40Hz10kN,2400,10.0,Bearing3_2,2,1249,40Hz10kN/Bearing3_2/1249.csv,train,32768,25600,1.28,1,1247
XJTU-SY,3,40Hz10kN,2400,10.0,Bearing3_2,2,1250,40Hz10kN/Bearing3_2/1250.csv,train,32768,25600,1.28,1,1246
XJTU-SY,3,40Hz10kN,2400,10.0,Bearing3_2,2,1251,40Hz10kN/Bearing3_2/1251.csv,train,32768,25600,1.28,1,1245
XJTU-SY,3,40Hz10kN,2400,10.0,Bearing3_2,2,1252,40Hz10kN/Bearing3_2/1252.csv,train,32768,25600,1.28,1,1244
XJTU-SY,3,40Hz10kN,2400,10.0,Bearing3_2,2,1253,40Hz10kN/Bearing3_2/1253.csv,train,32768,25600,1.28,1,1243
XJTU-SY,3,40Hz10kN,2400,10.0,Bearing3_2,2,1254,40Hz10kN/Bearing3_2/1254.csv,train,32768,25600,1.28,1,1242
XJTU-SY,3,40Hz10kN,2400,10.0,Bearing3_2,2,1255,40Hz10kN/Bearing3_2/1255.csv,train,32768,25600,1.28,1,1241
XJTU-SY,3,40Hz10kN,2400,10.0,Bearing3_2,2,1256,40Hz10kN/Bearing3_2/1256.csv,train,32768,25600,1.28,1,1240
XJTU-SY,3,40Hz10kN,2400,10.0,Bearing3_2,2,1257,40Hz10kN/Bearing3_2/1257.csv,train,32768,25600,1.28,1,1239
XJTU-SY,3,40Hz10kN,2400,10.0,Bearing3_2,2,1258,40Hz10kN/Bearing3_2/1258.csv,train,32768,25600,1.28,1,1238
XJTU-SY,3,40Hz10kN,2400,10.0,Bearing3_2,2,1259,40Hz10kN/Bearing3_2/1259.csv,train,32768,25600,1.28,1,1237
XJTU-SY,3,40Hz10kN,2400,10.0,Bearing3_2,2,1260,40Hz10kN/Bearing3_2/1260.csv,train,32768,25600,1.28,1,1236
XJTU-SY,3,40Hz10kN,2400,10.0,Bearing3_2,2,1261,40Hz10kN/Bearing3_2/1261.csv,train,32768,25600,1.28,1,1235
XJTU-SY,3,40Hz10kN,2400,10.0,Bearing3_2,2,1262,40Hz10kN/Bearing3_2/1262.csv,train,32768,25600,1.28,1,1234
XJTU-SY,3,40Hz10kN,2400,10.0,Bearing3_2,2,1263,40Hz10kN/Bearing3_2/1263.csv,train,32768,25600,1.28,1,1233
XJTU-SY,3,40Hz10kN,2400,10.0,Bearing3_2,2,1264,40Hz10kN/Bearing3_2/1264.csv,train,32768,25600,1.28,1,1232
XJTU-SY,3,40Hz10kN,2400,10.0,Bearing3_2,2,1265,40Hz10kN/Bearing3_2/1265.csv,train,32768,25600,1.28,1,1231
XJTU-SY,3,40Hz10kN,2400,10.0,Bearing3_2,2,1266,40Hz10kN/Bearing3_2/1266.csv,train,32768,25600,1.28,1,1230
XJTU-SY,3,40Hz10kN,2400,10.0,Bearing3_2,2,1267,40Hz10kN/Bearing3_2/1267.csv,train,32768,25600,1.28,1,1229
XJTU-SY,3,40Hz10kN,2400,10.0,Bearing3_2,2,1268,40Hz10kN/Bearing3_2/1268.csv,train,32768,25600,1.28,1,1228
XJTU-SY,3,40Hz10kN,2400,10.0,Bearing3_2,2,1269,40Hz10kN/Bearing3_2/1269.csv,train,32768,25600,1.28,1,1227
XJTU-SY,3,40Hz10kN,2400,10.0,Bearing3_2,2,1270,40Hz10kN/Bearing3_2/1270.csv,train,32768,25600,1.28,1,1226
XJTU-SY,3,40Hz10kN,2400,10.0,Bearing3_2,2,1271,40Hz10kN/Bearing3_2/1271.csv,train,32768,25600,1.28,1,1225
XJTU-SY,3,40Hz10kN,2400,10.0,Bearing3_2,2,1272,40Hz10kN/Bearing3_2/1272.csv,train,32768,25600,1.28,1,1224
XJTU-SY,3,40Hz10kN,2400,10.0,Bearing3_2,2,1273,40Hz10kN/Bearing3_2/1273.csv,train,32768,25600,1.28,1,1223
XJTU-SY,3,40Hz10kN,2400,10.0,Bearing3_2,2,1274,40Hz10kN/Bearing3_2/1274.csv,train,32768,25600,1.28,1,1222
XJTU-SY,3,40Hz10kN,2400,10.0,Bearing3_2,2,1275,40Hz10kN/Bearing3_2/1275.csv,train,32768,25600,1.28,1,1221
XJTU-SY,3,40Hz10kN,2400,10.0,Bearing3_2,2,1276,40Hz10kN/Bearing3_2/1276.csv,train,32768,25600,1.28,1,1220
XJTU-SY,3,40Hz10kN,2400,10.0,Bearing3_2,2,1277,40Hz10kN/Bearing3_2/1277.csv,train,32768,25600,1.28,1,1219
XJTU-SY,3,40Hz10kN,2400,10.0,Bearing3_2,2,1278,40Hz10kN/Bearing3_2/1278.csv,train,32768,25600,1.28,1,1218
XJTU-SY,3,40Hz10kN,2400,10.0,Bearing3_2,2,1279,40Hz10kN/Bearing3_2/1279.csv,train,32768,25600,1.28,1,1217
XJTU-SY,3,40Hz10kN,2400,10.0,Bearing3_2,2,1280,40Hz10kN/Bearing3_2/1280.csv,train,32768,25600,1.28,1,1216
XJTU-SY,3,40Hz10kN,2400,10.0,Bearing3_2,2,1281,40Hz10kN/Bearing3_2/1281.csv,train,32768,25600,1.28,1,1215
XJTU-SY,3,40Hz10kN,2400,10.0,Bearing3_2,2,1282,40Hz10kN/Bearing3_2/1282.csv,train,32768,25600,1.28,1,1214
XJTU-SY,3,40Hz10kN,2400,10.0,Bearing3_2,2,1283,40Hz10kN/Bearing3_2/1283.csv,train,32768,25600,1.28,1,1213
XJTU-SY,3,40Hz10kN,2400,10.0,Bearing3_2,2,1284,40Hz10kN/Bearing3_2/1284.csv,train,32768,25600,1.28,1,1212
XJTU-SY,3,40Hz10kN,2400,10.0,Bearing3_2,2,1285,40Hz10kN/Bearing3_2/1285.csv,train,32768,25600,1.28,1,1211
XJTU-SY,3,40Hz10kN,2400,10.0,Bearing3_2,2,1286,40Hz10kN/Bearing3_2/1286.csv,train,32768,25600,1.28,1,1210
XJTU-SY,3,40Hz10kN,2400,10.0,Bearing3_2,2,1287,40Hz10kN/Bearing3_2/1287.csv,train,32768,25600,1.28,1,1209
XJTU-SY,3,40Hz10kN,2400,10.0,Bearing3_2,2,1288,40Hz10kN/Bearing3_2/1288.csv,train,32768,25600,1.28,1,1208
XJTU-SY,3,40Hz10kN,2400,10.0,Bearing3_2,2,1289,40Hz10kN/Bearing3_2/1289.csv,train,32768,25600,1.28,1,1207
XJTU-SY,3,40Hz10kN,2400,10.0,Bearing3_2,2,1290,40Hz10kN/Bearing3_2/1290.csv,train,32768,25600,1.28,1,1206
XJTU-SY,3,40Hz10kN,2400,10.0,Bearing3_2,2,1291,40Hz10kN/Bearing3_2/1291.csv,train,32768,25600,1.28,1,1205
XJTU-SY,3,40Hz10kN,2400,10.0,Bearing3_2,2,1292,40Hz10kN/Bearing3_2/1292.csv,train,32768,25600,1.28,1,1204
XJTU-SY,3,40Hz10kN,2400,10.0,Bearing3_2,2,1293,40Hz10kN/Bearing3_2/1293.csv,train,32768,25600,1.28,1,1203
XJTU-SY,3,40Hz10kN,2400,10.0,Bearing3_2,2,1294,40Hz10kN/Bearing3_2/1294.csv,train,32768,25600,1.28,1,1202
XJTU-SY,3,40Hz10kN,2400,10.0,Bearing3_2,2,1295,40Hz10kN/Bearing3_2/1295.csv,train,32768,25600,1.28,1,1201
XJTU-SY,3,40Hz10kN,2400,10.0,Bearing3_2,2,1296,40Hz10kN/Bearing3_2/1296.csv,train,32768,25600,1.28,1,1200
XJTU-SY,3,40Hz10kN,2400,10.0,Bearing3_2,2,1297,40Hz10kN/Bearing3_2/1297.csv,train,32768,25600,1.28,1,1199
XJTU-SY,3,40Hz10kN,2400,10.0,Bearing3_2,2,1298,40Hz10kN/Bearing3_2/1298.csv,train,32768,25600,1.28,1,1198
XJTU-SY,3,40Hz10kN,2400,10.0,Bearing3_2,2,1299,40Hz10kN/Bearing3_2/1299.csv,train,32768,25600,1.28,1,1197
XJTU-SY,3,40Hz10kN,2400,10.0,Bearing3_2,2,1300,40Hz10kN/Bearing3_2/1300.csv,train,32768,25600,1.28,1,1196
XJTU-SY,3,40Hz10kN,2400,10.0,Bearing3_2,2,1301,40Hz10kN/Bearing3_2/1301.csv,train,32768,25600,1.28,1,1195
XJTU-SY,3,40Hz10kN,2400,10.0,Bearing3_2,2,1302,40Hz10kN/Bearing3_2/1302.csv,train,32768,25600,1.28,1,1194
XJTU-SY,3,40Hz10kN,2400,10.0,Bearing3_2,2,1303,40Hz10kN/Bearing3_2/1303.csv,train,32768,25600,1.28,1,1193
XJTU-SY,3,40Hz10kN,2400,10.0,Bearing3_2,2,1304,40Hz10kN/Bearing3_2/1304.csv,train,32768,25600,1.28,1,1192
XJTU-SY,3,40Hz10kN,2400,10.0,Bearing3_2,2,1305,40Hz10kN/Bearing3_2/1305.csv,train,32768,25600,1.28,1,1191
XJTU-SY,3,40Hz10kN,2400,10.0,Bearing3_2,2,1306,40Hz10kN/Bearing3_2/1306.csv,train,32768,25600,1.28,1,1190
XJTU-SY,3,40Hz10kN,2400,10.0,Bearing3_2,2,1307,40Hz10kN/Bearing3_2/1307.csv,train,32768,25600,1.28,1,1189
XJTU-SY,3,40Hz10kN,2400,10.0,Bearing3_2,2,1308,40Hz10kN/Bearing3_2/1308.csv,train,32768,25600,1.28,1,1188
XJTU-SY,3,40Hz10kN,2400,10.0,Bearing3_2,2,1309,40Hz10kN/Bearing3_2/1309.csv,train,32768,25600,1.28,1,1187
XJTU-SY,3,40Hz10kN,2400,10.0,Bearing3_2,2,1310,40Hz10kN/Bearing3_2/1310.csv,train,32768,25600,1.28,1,1186
XJTU-SY,3,40Hz10kN,2400,10.0,Bearing3_2,2,1311,40Hz10kN/Bearing3_2/1311.csv,train,32768,25600,1.28,1,1185
XJTU-SY,3,40Hz10kN,2400,10.0,Bearing3_2,2,1312,40Hz10kN/Bearing3_2/1312.csv,train,32768,25600,1.28,1,1184
XJTU-SY,3,40Hz10kN,2400,10.0,Bearing3_2,2,1313,40Hz10kN/Bearing3_2/1313.csv,train,32768,25600,1.28,1,1183
XJTU-SY,3,40Hz10kN,2400,10.0,Bearing3_2,2,1314,40Hz10kN/Bearing3_2/1314.csv,train,32768,25600,1.28,1,1182
XJTU-SY,3,40Hz10kN,2400,10.0,Bearing3_2,2,1315,40Hz10kN/Bearing3_2/1315.csv,train,32768,25600,1.28,1,1181
XJTU-SY,3,40Hz10kN,2400,10.0,Bearing3_2,2,1316,40Hz10kN/Bearing3_2/1316.csv,train,32768,25600,1.28,1,1180
XJTU-SY,3,40Hz10kN,2400,10.0,Bearing3_2,2,1317,40Hz10kN/Bearing3_2/1317.csv,train,32768,25600,1.28,1,1179
XJTU-SY,3,40Hz10kN,2400,10.0,Bearing3_2,2,1318,40Hz10kN/Bearing3_2/1318.csv,train,32768,25600,1.28,1,1178
XJTU-SY,3,40Hz10kN,2400,10.0,Bearing3_2,2,1319,40Hz10kN/Bearing3_2/1319.csv,train,32768,25600,1.28,1,1177
XJTU-SY,3,40Hz10kN,2400,10.0,Bearing3_2,2,1320,40Hz10kN/Bearing3_2/1320.csv,train,32768,25600,1.28,1,1176
XJTU-SY,3,40Hz10kN,2400,10.0,Bearing3_2,2,1321,40Hz10kN/Bearing3_2/1321.csv,train,32768,25600,1.28,1,1175
XJTU-SY,3,40Hz10kN,2400,10.0,Bearing3_2,2,1322,40Hz10kN/Bearing3_2/1322.csv,train,32768,25600,1.28,1,1174
XJTU-SY,3,40Hz10kN,2400,10.0,Bearing3_2,2,1323,40Hz10kN/Bearing3_2/1323.csv,train,32768,25600,1.28,1,1173
XJTU-SY,3,40Hz10kN,2400,10.0,Bearing3_2,2,1324,40Hz10kN/Bearing3_2/1324.csv,train,32768,25600,1.28,1,1172
XJTU-SY,3,40Hz10kN,2400,10.0,Bearing3_2,2,1325,40Hz10kN/Bearing3_2/1325.csv,train,32768,25600,1.28,1,1171
XJTU-SY,3,40Hz10kN,2400,10.0,Bearing3_2,2,1326,40Hz10kN/Bearing3_2/1326.csv,train,32768,25600,1.28,1,1170
XJTU-SY,3,40Hz10kN,2400,10.0,Bearing3_2,2,1327,40Hz10kN/Bearing3_2/1327.csv,train,32768,25600,1.28,1,1169
XJTU-SY,3,40Hz10kN,2400,10.0,Bearing3_2,2,1328,40Hz10kN/Bearing3_2/1328.csv,train,32768,25600,1.28,1,1168
XJTU-SY,3,40Hz10kN,2400,10.0,Bearing3_2,2,1329,40Hz10kN/Bearing3_2/1329.csv,train,32768,25600,1.28,1,1167
XJTU-SY,3,40Hz10kN,2400,10.0,Bearing3_2,2,1330,40Hz10kN/Bearing3_2/1330.csv,train,32768,25600,1.28,1,1166
XJTU-SY,3,40Hz10kN,2400,10.0,Bearing3_2,2,1331,40Hz10kN/Bearing3_2/1331.csv,train,32768,25600,1.28,1,1165
XJTU-SY,3,40Hz10kN,2400,10.0,Bearing3_2,2,1332,40Hz10kN/Bearing3_2/1332.csv,train,32768,25600,1.28,1,1164
XJTU-SY,3,40Hz10kN,2400,10.0,Bearing3_2,2,1333,40Hz10kN/Bearing3_2/1333.csv,train,32768,25600,1.28,1,1163
XJTU-SY,3,40Hz10kN,2400,10.0,Bearing3_2,2,1334,40Hz10kN/Bearing3_2/1334.csv,train,32768,25600,1.28,1,1162
XJTU-SY,3,40Hz10kN,2400,10.0,Bearing3_2,2,1335,40Hz10kN/Bearing3_2/1335.csv,train,32768,25600,1.28,1,1161
XJTU-SY,3,40Hz10kN,2400,10.0,Bearing3_2,2,1336,40Hz10kN/Bearing3_2/1336.csv,train,32768,25600,1.28,1,1160
XJTU-SY,3,40Hz10kN,2400,10.0,Bearing3_2,2,1337,40Hz10kN/Bearing3_2/1337.csv,train,32768,25600,1.28,1,1159
XJTU-SY,3,40Hz10kN,2400,10.0,Bearing3_2,2,1338,40Hz10kN/Bearing3_2/1338.csv,train,32768,25600,1.28,1,1158
XJTU-SY,3,40Hz10kN,2400,10.0,Bearing3_2,2,1339,40Hz10kN/Bearing3_2/1339.csv,train,32768,25600,1.28,1,1157
XJTU-SY,3,40Hz10kN,2400,10.0,Bearing3_2,2,1340,40Hz10kN/Bearing3_2/1340.csv,train,32768,25600,1.28,1,1156
XJTU-SY,3,40Hz10kN,2400,10.0,Bearing3_2,2,1341,40Hz10kN/Bearing3_2/1341.csv,train,32768,25600,1.28,1,1155
XJTU-SY,3,40Hz10kN,2400,10.0,Bearing3_2,2,1342,40Hz10kN/Bearing3_2/1342.csv,train,32768,25600,1.28,1,1154
XJTU-SY,3,40Hz10kN,2400,10.0,Bearing3_2,2,1343,40Hz10kN/Bearing3_2/1343.csv,train,32768,25600,1.28,1,1153
XJTU-SY,3,40Hz10kN,2400,10.0,Bearing3_2,2,1344,40Hz10kN/Bearing3_2/1344.csv,train,32768,25600,1.28,1,1152
XJTU-SY,3,40Hz10kN,2400,10.0,Bearing3_2,2,1345,40Hz10kN/Bearing3_2/1345.csv,train,32768,25600,1.28,1,1151
XJTU-SY,3,40Hz10kN,2400,10.0,Bearing3_2,2,1346,40Hz10kN/Bearing3_2/1346.csv,train,32768,25600,1.28,1,1150
XJTU-SY,3,40Hz10kN,2400,10.0,Bearing3_2,2,1347,40Hz10kN/Bearing3_2/1347.csv,train,32768,25600,1.28,1,1149
XJTU-SY,3,40Hz10kN,2400,10.0,Bearing3_2,2,1348,40Hz10kN/Bearing3_2/1348.csv,train,32768,25600,1.28,1,1148
XJTU-SY,3,40Hz10kN,2400,10.0,Bearing3_2,2,1349,40Hz10kN/Bearing3_2/1349.csv,train,32768,25600,1.28,1,1147
XJTU-SY,3,40Hz10kN,2400,10.0,Bearing3_2,2,1350,40Hz10kN/Bearing3_2/1350.csv,train,32768,25600,1.28,1,1146
XJTU-SY,3,40Hz10kN,2400,10.0,Bearing3_2,2,1351,40Hz10kN/Bearing3_2/1351.csv,train,32768,25600,1.28,1,1145
XJTU-SY,3,40Hz10kN,2400,10.0,Bearing3_2,2,1352,40Hz10kN/Bearing3_2/1352.csv,train,32768,25600,1.28,1,1144
XJTU-SY,3,40Hz10kN,2400,10.0,Bearing3_2,2,1353,40Hz10kN/Bearing3_2/1353.csv,train,32768,25600,1.28,1,1143
XJTU-SY,3,40Hz10kN,2400,10.0,Bearing3_2,2,1354,40Hz10kN/Bearing3_2/1354.csv,train,32768,25600,1.28,1,1142
XJTU-SY,3,40Hz10kN,2400,10.0,Bearing3_2,2,1355,40Hz10kN/Bearing3_2/1355.csv,train,32768,25600,1.28,1,1141
XJTU-SY,3,40Hz10kN,2400,10.0,Bearing3_2,2,1356,40Hz10kN/Bearing3_2/1356.csv,train,32768,25600,1.28,1,1140
XJTU-SY,3,40Hz10kN,2400,10.0,Bearing3_2,2,1357,40Hz10kN/Bearing3_2/1357.csv,train,32768,25600,1.28,1,1139
XJTU-SY,3,40Hz10kN,2400,10.0,Bearing3_2,2,1358,40Hz10kN/Bearing3_2/1358.csv,train,32768,25600,1.28,1,1138
XJTU-SY,3,40Hz10kN,2400,10.0,Bearing3_2,2,1359,40Hz10kN/Bearing3_2/1359.csv,train,32768,25600,1.28,1,1137
XJTU-SY,3,40Hz10kN,2400,10.0,Bearing3_2,2,1360,40Hz10kN/Bearing3_2/1360.csv,train,32768,25600,1.28,1,1136
XJTU-SY,3,40Hz10kN,2400,10.0,Bearing3_2,2,1361,40Hz10kN/Bearing3_2/1361.csv,train,32768,25600,1.28,1,1135
XJTU-SY,3,40Hz10kN,2400,10.0,Bearing3_2,2,1362,40Hz10kN/Bearing3_2/1362.csv,train,32768,25600,1.28,1,1134
XJTU-SY,3,40Hz10kN,2400,10.0,Bearing3_2,2,1363,40Hz10kN/Bearing3_2/1363.csv,train,32768,25600,1.28,1,1133
XJTU-SY,3,40Hz10kN,2400,10.0,Bearing3_2,2,1364,40Hz10kN/Bearing3_2/1364.csv,train,32768,25600,1.28,1,1132
XJTU-SY,3,40Hz10kN,2400,10.0,Bearing3_2,2,1365,40Hz10kN/Bearing3_2/1365.csv,train,32768,25600,1.28,1,1131
XJTU-SY,3,40Hz10kN,2400,10.0,Bearing3_2,2,1366,40Hz10kN/Bearing3_2/1366.csv,train,32768,25600,1.28,1,1130
XJTU-SY,3,40Hz10kN,2400,10.0,Bearing3_2,2,1367,40Hz10kN/Bearing3_2/1367.csv,train,32768,25600,1.28,1,1129
XJTU-SY,3,40Hz10kN,2400,10.0,Bearing3_2,2,1368,40Hz10kN/Bearing3_2/1368.csv,train,32768,25600,1.28,1,1128
XJTU-SY,3,40Hz10kN,2400,10.0,Bearing3_2,2,1369,40Hz10kN/Bearing3_2/1369.csv,train,32768,25600,1.28,1,1127
XJTU-SY,3,40Hz10kN,2400,10.0,Bearing3_2,2,1370,40Hz10kN/Bearing3_2/1370.csv,train,32768,25600,1.28,1,1126
XJTU-SY,3,40Hz10kN,2400,10.0,Bearing3_2,2,1371,40Hz10kN/Bearing3_2/1371.csv,train,32768,25600,1.28,1,1125
XJTU-SY,3,40Hz10kN,2400,10.0,Bearing3_2,2,1372,40Hz10kN/Bearing3_2/1372.csv,train,32768,25600,1.28,1,1124
XJTU-SY,3,40Hz10kN,2400,10.0,Bearing3_2,2,1373,40Hz10kN/Bearing3_2/1373.csv,train,32768,25600,1.28,1,1123
XJTU-SY,3,40Hz10kN,2400,10.0,Bearing3_2,2,1374,40Hz10kN/Bearing3_2/1374.csv,train,32768,25600,1.28,1,1122
XJTU-SY,3,40Hz10kN,2400,10.0,Bearing3_2,2,1375,40Hz10kN/Bearing3_2/1375.csv,train,32768,25600,1.28,1,1121
XJTU-SY,3,40Hz10kN,2400,10.0,Bearing3_2,2,1376,40Hz10kN/Bearing3_2/1376.csv,train,32768,25600,1.28,1,1120
XJTU-SY,3,40Hz10kN,2400,10.0,Bearing3_2,2,1377,40Hz10kN/Bearing3_2/1377.csv,train,32768,25600,1.28,1,1119
XJTU-SY,3,40Hz10kN,2400,10.0,Bearing3_2,2,1378,40Hz10kN/Bearing3_2/1378.csv,train,32768,25600,1.28,1,1118
XJTU-SY,3,40Hz10kN,2400,10.0,Bearing3_2,2,1379,40Hz10kN/Bearing3_2/1379.csv,train,32768,25600,1.28,1,1117
XJTU-SY,3,40Hz10kN,2400,10.0,Bearing3_2,2,1380,40Hz10kN/Bearing3_2/1380.csv,train,32768,25600,1.28,1,1116
XJTU-SY,3,40Hz10kN,2400,10.0,Bearing3_2,2,1381,40Hz10kN/Bearing3_2/1381.csv,train,32768,25600,1.28,1,1115
XJTU-SY,3,40Hz10kN,2400,10.0,Bearing3_2,2,1382,40Hz10kN/Bearing3_2/1382.csv,train,32768,25600,1.28,1,1114
XJTU-SY,3,40Hz10kN,2400,10.0,Bearing3_2,2,1383,40Hz10kN/Bearing3_2/1383.csv,train,32768,25600,1.28,1,1113
XJTU-SY,3,40Hz10kN,2400,10.0,Bearing3_2,2,1384,40Hz10kN/Bearing3_2/1384.csv,train,32768,25600,1.28,1,1112
XJTU-SY,3,40Hz10kN,2400,10.0,Bearing3_2,2,1385,40Hz10kN/Bearing3_2/1385.csv,train,32768,25600,1.28,1,1111
XJTU-SY,3,40Hz10kN,2400,10.0,Bearing3_2,2,1386,40Hz10kN/Bearing3_2/1386.csv,train,32768,25600,1.28,1,1110
XJTU-SY,3,40Hz10kN,2400,10.0,Bearing3_2,2,1387,40Hz10kN/Bearing3_2/1387.csv,train,32768,25600,1.28,1,1109
XJTU-SY,3,40Hz10kN,2400,10.0,Bearing3_2,2,1388,40Hz10kN/Bearing3_2/1388.csv,train,32768,25600,1.28,1,1108
XJTU-SY,3,40Hz10kN,2400,10.0,Bearing3_2,2,1389,40Hz10kN/Bearing3_2/1389.csv,train,32768,25600,1.28,1,1107
XJTU-SY,3,40Hz10kN,2400,10.0,Bearing3_2,2,1390,40Hz10kN/Bearing3_2/1390.csv,train,32768,25600,1.28,1,1106
XJTU-SY,3,40Hz10kN,2400,10.0,Bearing3_2,2,1391,40Hz10kN/Bearing3_2/1391.csv,train,32768,25600,1.28,1,1105
XJTU-SY,3,40Hz10kN,2400,10.0,Bearing3_2,2,1392,40Hz10kN/Bearing3_2/1392.csv,train,32768,25600,1.28,1,1104
XJTU-SY,3,40Hz10kN,2400,10.0,Bearing3_2,2,1393,40Hz10kN/Bearing3_2/1393.csv,train,32768,25600,1.28,1,1103
XJTU-SY,3,40Hz10kN,2400,10.0,Bearing3_2,2,1394,40Hz10kN/Bearing3_2/1394.csv,train,32768,25600,1.28,1,1102
XJTU-SY,3,40Hz10kN,2400,10.0,Bearing3_2,2,1395,40Hz10kN/Bearing3_2/1395.csv,train,32768,25600,1.28,1,1101
XJTU-SY,3,40Hz10kN,2400,10.0,Bearing3_2,2,1396,40Hz10kN/Bearing3_2/1396.csv,train,32768,25600,1.28,1,1100
XJTU-SY,3,40Hz10kN,2400,10.0,Bearing3_2,2,1397,40Hz10kN/Bearing3_2/1397.csv,train,32768,25600,1.28,1,1099
XJTU-SY,3,40Hz10kN,2400,10.0,Bearing3_2,2,1398,40Hz10kN/Bearing3_2/1398.csv,train,32768,25600,1.28,1,1098
XJTU-SY,3,40Hz10kN,2400,10.0,Bearing3_2,2,1399,40Hz10kN/Bearing3_2/1399.csv,train,32768,25600,1.28,1,1097
XJTU-SY,3,40Hz10kN,2400,10.0,Bearing3_2,2,1400,40Hz10kN/Bearing3_2/1400.csv,train,32768,25600,1.28,1,1096
XJTU-SY,3,40Hz10kN,2400,10.0,Bearing3_2,2,1401,40Hz10kN/Bearing3_2/1401.csv,train,32768,25600,1.28,1,1095
XJTU-SY,3,40Hz10kN,2400,10.0,Bearing3_2,2,1402,40Hz10kN/Bearing3_2/1402.csv,train,32768,25600,1.28,1,1094
XJTU-SY,3,40Hz10kN,2400,10.0,Bearing3_2,2,1403,40Hz10kN/Bearing3_2/1403.csv,train,32768,25600,1.28,1,1093
XJTU-SY,3,40Hz10kN,2400,10.0,Bearing3_2,2,1404,40Hz10kN/Bearing3_2/1404.csv,train,32768,25600,1.28,1,1092
XJTU-SY,3,40Hz10kN,2400,10.0,Bearing3_2,2,1405,40Hz10kN/Bearing3_2/1405.csv,train,32768,25600,1.28,1,1091
XJTU-SY,3,40Hz10kN,2400,10.0,Bearing3_2,2,1406,40Hz10kN/Bearing3_2/1406.csv,train,32768,25600,1.28,1,1090
XJTU-SY,3,40Hz10kN,2400,10.0,Bearing3_2,2,1407,40Hz10kN/Bearing3_2/1407.csv,train,32768,25600,1.28,1,1089
XJTU-SY,3,40Hz10kN,2400,10.0,Bearing3_2,2,1408,40Hz10kN/Bearing3_2/1408.csv,train,32768,25600,1.28,1,1088
XJTU-SY,3,40Hz10kN,2400,10.0,Bearing3_2,2,1409,40Hz10kN/Bearing3_2/1409.csv,train,32768,25600,1.28,1,1087
XJTU-SY,3,40Hz10kN,2400,10.0,Bearing3_2,2,1410,40Hz10kN/Bearing3_2/1410.csv,train,32768,25600,1.28,1,1086
XJTU-SY,3,40Hz10kN,2400,10.0,Bearing3_2,2,1411,40Hz10kN/Bearing3_2/1411.csv,train,32768,25600,1.28,1,1085
XJTU-SY,3,40Hz10kN,2400,10.0,Bearing3_2,2,1412,40Hz10kN/Bearing3_2/1412.csv,train,32768,25600,1.28,1,1084
XJTU-SY,3,40Hz10kN,2400,10.0,Bearing3_2,2,1413,40Hz10kN/Bearing3_2/1413.csv,train,32768,25600,1.28,1,1083
XJTU-SY,3,40Hz10kN,2400,10.0,Bearing3_2,2,1414,40Hz10kN/Bearing3_2/1414.csv,train,32768,25600,1.28,1,1082
XJTU-SY,3,40Hz10kN,2400,10.0,Bearing3_2,2,1415,40Hz10kN/Bearing3_2/1415.csv,train,32768,25600,1.28,1,1081
XJTU-SY,3,40Hz10kN,2400,10.0,Bearing3_2,2,1416,40Hz10kN/Bearing3_2/1416.csv,train,32768,25600,1.28,1,1080
XJTU-SY,3,40Hz10kN,2400,10.0,Bearing3_2,2,1417,40Hz10kN/Bearing3_2/1417.csv,train,32768,25600,1.28,1,1079
XJTU-SY,3,40Hz10kN,2400,10.0,Bearing3_2,2,1418,40Hz10kN/Bearing3_2/1418.csv,train,32768,25600,1.28,1,1078
XJTU-SY,3,40Hz10kN,2400,10.0,Bearing3_2,2,1419,40Hz10kN/Bearing3_2/1419.csv,train,32768,25600,1.28,1,1077
XJTU-SY,3,40Hz10kN,2400,10.0,Bearing3_2,2,1420,40Hz10kN/Bearing3_2/1420.csv,train,32768,25600,1.28,1,1076
XJTU-SY,3,40Hz10kN,2400,10.0,Bearing3_2,2,1421,40Hz10kN/Bearing3_2/1421.csv,train,32768,25600,1.28,1,1075
XJTU-SY,3,40Hz10kN,2400,10.0,Bearing3_2,2,1422,40Hz10kN/Bearing3_2/1422.csv,train,32768,25600,1.28,1,1074
XJTU-SY,3,40Hz10kN,2400,10.0,Bearing3_2,2,1423,40Hz10kN/Bearing3_2/1423.csv,train,32768,25600,1.28,1,1073
XJTU-SY,3,40Hz10kN,2400,10.0,Bearing3_2,2,1424,40Hz10kN/Bearing3_2/1424.csv,train,32768,25600,1.28,1,1072
XJTU-SY,3,40Hz10kN,2400,10.0,Bearing3_2,2,1425,40Hz10kN/Bearing3_2/1425.csv,train,32768,25600,1.28,1,1071
XJTU-SY,3,40Hz10kN,2400,10.0,Bearing3_2,2,1426,40Hz10kN/Bearing3_2/1426.csv,train,32768,25600,1.28,1,1070
XJTU-SY,3,40Hz10kN,2400,10.0,Bearing3_2,2,1427,40Hz10kN/Bearing3_2/1427.csv,train,32768,25600,1.28,1,1069
XJTU-SY,3,40Hz10kN,2400,10.0,Bearing3_2,2,1428,40Hz10kN/Bearing3_2/1428.csv,train,32768,25600,1.28,1,1068
XJTU-SY,3,40Hz10kN,2400,10.0,Bearing3_2,2,1429,40Hz10kN/Bearing3_2/1429.csv,train,32768,25600,1.28,1,1067
XJTU-SY,3,40Hz10kN,2400,10.0,Bearing3_2,2,1430,40Hz10kN/Bearing3_2/1430.csv,train,32768,25600,1.28,1,1066
XJTU-SY,3,40Hz10kN,2400,10.0,Bearing3_2,2,1431,40Hz10kN/Bearing3_2/1431.csv,train,32768,25600,1.28,1,1065
XJTU-SY,3,40Hz10kN,2400,10.0,Bearing3_2,2,1432,40Hz10kN/Bearing3_2/1432.csv,train,32768,25600,1.28,1,1064
XJTU-SY,3,40Hz10kN,2400,10.0,Bearing3_2,2,1433,40Hz10kN/Bearing3_2/1433.csv,train,32768,25600,1.28,1,1063
XJTU-SY,3,40Hz10kN,2400,10.0,Bearing3_2,2,1434,40Hz10kN/Bearing3_2/1434.csv,train,32768,25600,1.28,1,1062
XJTU-SY,3,40Hz10kN,2400,10.0,Bearing3_2,2,1435,40Hz10kN/Bearing3_2/1435.csv,train,32768,25600,1.28,1,1061
XJTU-SY,3,40Hz10kN,2400,10.0,Bearing3_2,2,1436,40Hz10kN/Bearing3_2/1436.csv,train,32768,25600,1.28,1,1060
XJTU-SY,3,40Hz10kN,2400,10.0,Bearing3_2,2,1437,40Hz10kN/Bearing3_2/1437.csv,train,32768,25600,1.28,1,1059
XJTU-SY,3,40Hz10kN,2400,10.0,Bearing3_2,2,1438,40Hz10kN/Bearing3_2/1438.csv,train,32768,25600,1.28,1,1058
XJTU-SY,3,40Hz10kN,2400,10.0,Bearing3_2,2,1439,40Hz10kN/Bearing3_2/1439.csv,train,32768,25600,1.28,1,1057
XJTU-SY,3,40Hz10kN,2400,10.0,Bearing3_2,2,1440,40Hz10kN/Bearing3_2/1440.csv,train,32768,25600,1.28,1,1056
XJTU-SY,3,40Hz10kN,2400,10.0,Bearing3_2,2,1441,40Hz10kN/Bearing3_2/1441.csv,train,32768,25600,1.28,1,1055
XJTU-SY,3,40Hz10kN,2400,10.0,Bearing3_2,2,1442,40Hz10kN/Bearing3_2/1442.csv,train,32768,25600,1.28,1,1054
XJTU-SY,3,40Hz10kN,2400,10.0,Bearing3_2,2,1443,40Hz10kN/Bearing3_2/1443.csv,train,32768,25600,1.28,1,1053
XJTU-SY,3,40Hz10kN,2400,10.0,Bearing3_2,2,1444,40Hz10kN/Bearing3_2/1444.csv,train,32768,25600,1.28,1,1052
XJTU-SY,3,40Hz10kN,2400,10.0,Bearing3_2,2,1445,40Hz10kN/Bearing3_2/1445.csv,train,32768,25600,1.28,1,1051
XJTU-SY,3,40Hz10kN,2400,10.0,Bearing3_2,2,1446,40Hz10kN/Bearing3_2/1446.csv,train,32768,25600,1.28,1,1050
XJTU-SY,3,40Hz10kN,2400,10.0,Bearing3_2,2,1447,40Hz10kN/Bearing3_2/1447.csv,train,32768,25600,1.28,1,1049
XJTU-SY,3,40Hz10kN,2400,10.0,Bearing3_2,2,1448,40Hz10kN/Bearing3_2/1448.csv,train,32768,25600,1.28,1,1048
XJTU-SY,3,40Hz10kN,2400,10.0,Bearing3_2,2,1449,40Hz10kN/Bearing3_2/1449.csv,train,32768,25600,1.28,1,1047
XJTU-SY,3,40Hz10kN,2400,10.0,Bearing3_2,2,1450,40Hz10kN/Bearing3_2/1450.csv,train,32768,25600,1.28,1,1046
XJTU-SY,3,40Hz10kN,2400,10.0,Bearing3_2,2,1451,40Hz10kN/Bearing3_2/1451.csv,train,32768,25600,1.28,1,1045
XJTU-SY,3,40Hz10kN,2400,10.0,Bearing3_2,2,1452,40Hz10kN/Bearing3_2/1452.csv,train,32768,25600,1.28,1,1044
XJTU-SY,3,40Hz10kN,2400,10.0,Bearing3_2,2,1453,40Hz10kN/Bearing3_2/1453.csv,train,32768,25600,1.28,1,1043
XJTU-SY,3,40Hz10kN,2400,10.0,Bearing3_2,2,1454,40Hz10kN/Bearing3_2/1454.csv,train,32768,25600,1.28,1,1042
XJTU-SY,3,40Hz10kN,2400,10.0,Bearing3_2,2,1455,40Hz10kN/Bearing3_2/1455.csv,train,32768,25600,1.28,1,1041
XJTU-SY,3,40Hz10kN,2400,10.0,Bearing3_2,2,1456,40Hz10kN/Bearing3_2/1456.csv,train,32768,25600,1.28,1,1040
XJTU-SY,3,40Hz10kN,2400,10.0,Bearing3_2,2,1457,40Hz10kN/Bearing3_2/1457.csv,train,32768,25600,1.28,1,1039
XJTU-SY,3,40Hz10kN,2400,10.0,Bearing3_2,2,1458,40Hz10kN/Bearing3_2/1458.csv,train,32768,25600,1.28,1,1038
XJTU-SY,3,40Hz10kN,2400,10.0,Bearing3_2,2,1459,40Hz10kN/Bearing3_2/1459.csv,train,32768,25600,1.28,1,1037
XJTU-SY,3,40Hz10kN,2400,10.0,Bearing3_2,2,1460,40Hz10kN/Bearing3_2/1460.csv,train,32768,25600,1.28,1,1036
XJTU-SY,3,40Hz10kN,2400,10.0,Bearing3_2,2,1461,40Hz10kN/Bearing3_2/1461.csv,train,32768,25600,1.28,1,1035
XJTU-SY,3,40Hz10kN,2400,10.0,Bearing3_2,2,1462,40Hz10kN/Bearing3_2/1462.csv,train,32768,25600,1.28,1,1034
XJTU-SY,3,40Hz10kN,2400,10.0,Bearing3_2,2,1463,40Hz10kN/Bearing3_2/1463.csv,train,32768,25600,1.28,1,1033
XJTU-SY,3,40Hz10kN,2400,10.0,Bearing3_2,2,1464,40Hz10kN/Bearing3_2/1464.csv,train,32768,25600,1.28,1,1032
XJTU-SY,3,40Hz10kN,2400,10.0,Bearing3_2,2,1465,40Hz10kN/Bearing3_2/1465.csv,train,32768,25600,1.28,1,1031
XJTU-SY,3,40Hz10kN,2400,10.0,Bearing3_2,2,1466,40Hz10kN/Bearing3_2/1466.csv,train,32768,25600,1.28,1,1030
XJTU-SY,3,40Hz10kN,2400,10.0,Bearing3_2,2,1467,40Hz10kN/Bearing3_2/1467.csv,train,32768,25600,1.28,1,1029
XJTU-SY,3,40Hz10kN,2400,10.0,Bearing3_2,2,1468,40Hz10kN/Bearing3_2/1468.csv,train,32768,25600,1.28,1,1028
XJTU-SY,3,40Hz10kN,2400,10.0,Bearing3_2,2,1469,40Hz10kN/Bearing3_2/1469.csv,train,32768,25600,1.28,1,1027
XJTU-SY,3,40Hz10kN,2400,10.0,Bearing3_2,2,1470,40Hz10kN/Bearing3_2/1470.csv,train,32768,25600,1.28,1,1026
XJTU-SY,3,40Hz10kN,2400,10.0,Bearing3_2,2,1471,40Hz10kN/Bearing3_2/1471.csv,train,32768,25600,1.28,1,1025
XJTU-SY,3,40Hz10kN,2400,10.0,Bearing3_2,2,1472,40Hz10kN/Bearing3_2/1472.csv,train,32768,25600,1.28,1,1024
XJTU-SY,3,40Hz10kN,2400,10.0,Bearing3_2,2,1473,40Hz10kN/Bearing3_2/1473.csv,train,32768,25600,1.28,1,1023
XJTU-SY,3,40Hz10kN,2400,10.0,Bearing3_2,2,1474,40Hz10kN/Bearing3_2/1474.csv,train,32768,25600,1.28,1,1022
XJTU-SY,3,40Hz10kN,2400,10.0,Bearing3_2,2,1475,40Hz10kN/Bearing3_2/1475.csv,train,32768,25600,1.28,1,1021
XJTU-SY,3,40Hz10kN,2400,10.0,Bearing3_2,2,1476,40Hz10kN/Bearing3_2/1476.csv,train,32768,25600,1.28,1,1020
XJTU-SY,3,40Hz10kN,2400,10.0,Bearing3_2,2,1477,40Hz10kN/Bearing3_2/1477.csv,train,32768,25600,1.28,1,1019
XJTU-SY,3,40Hz10kN,2400,10.0,Bearing3_2,2,1478,40Hz10kN/Bearing3_2/1478.csv,train,32768,25600,1.28,1,1018
XJTU-SY,3,40Hz10kN,2400,10.0,Bearing3_2,2,1479,40Hz10kN/Bearing3_2/1479.csv,train,32768,25600,1.28,1,1017
XJTU-SY,3,40Hz10kN,2400,10.0,Bearing3_2,2,1480,40Hz10kN/Bearing3_2/1480.csv,train,32768,25600,1.28,1,1016
XJTU-SY,3,40Hz10kN,2400,10.0,Bearing3_2,2,1481,40Hz10kN/Bearing3_2/1481.csv,train,32768,25600,1.28,1,1015
XJTU-SY,3,40Hz10kN,2400,10.0,Bearing3_2,2,1482,40Hz10kN/Bearing3_2/1482.csv,train,32768,25600,1.28,1,1014
XJTU-SY,3,40Hz10kN,2400,10.0,Bearing3_2,2,1483,40Hz10kN/Bearing3_2/1483.csv,train,32768,25600,1.28,1,1013
XJTU-SY,3,40Hz10kN,2400,10.0,Bearing3_2,2,1484,40Hz10kN/Bearing3_2/1484.csv,train,32768,25600,1.28,1,1012
XJTU-SY,3,40Hz10kN,2400,10.0,Bearing3_2,2,1485,40Hz10kN/Bearing3_2/1485.csv,train,32768,25600,1.28,1,1011
XJTU-SY,3,40Hz10kN,2400,10.0,Bearing3_2,2,1486,40Hz10kN/Bearing3_2/1486.csv,train,32768,25600,1.28,1,1010
XJTU-SY,3,40Hz10kN,2400,10.0,Bearing3_2,2,1487,40Hz10kN/Bearing3_2/1487.csv,train,32768,25600,1.28,1,1009
XJTU-SY,3,40Hz10kN,2400,10.0,Bearing3_2,2,1488,40Hz10kN/Bearing3_2/1488.csv,train,32768,25600,1.28,1,1008
XJTU-SY,3,40Hz10kN,2400,10.0,Bearing3_2,2,1489,40Hz10kN/Bearing3_2/1489.csv,train,32768,25600,1.28,1,1007
XJTU-SY,3,40Hz10kN,2400,10.0,Bearing3_2,2,1490,40Hz10kN/Bearing3_2/1490.csv,train,32768,25600,1.28,1,1006
XJTU-SY,3,40Hz10kN,2400,10.0,Bearing3_2,2,1491,40Hz10kN/Bearing3_2/1491.csv,train,32768,25600,1.28,1,1005
XJTU-SY,3,40Hz10kN,2400,10.0,Bearing3_2,2,1492,40Hz10kN/Bearing3_2/1492.csv,train,32768,25600,1.28,1,1004
XJTU-SY,3,40Hz10kN,2400,10.0,Bearing3_2,2,1493,40Hz10kN/Bearing3_2/1493.csv,train,32768,25600,1.28,1,1003
XJTU-SY,3,40Hz10kN,2400,10.0,Bearing3_2,2,1494,40Hz10kN/Bearing3_2/1494.csv,train,32768,25600,1.28,1,1002
XJTU-SY,3,40Hz10kN,2400,10.0,Bearing3_2,2,1495,40Hz10kN/Bearing3_2/1495.csv,train,32768,25600,1.28,1,1001
XJTU-SY,3,40Hz10kN,2400,10.0,Bearing3_2,2,1496,40Hz10kN/Bearing3_2/1496.csv,train,32768,25600,1.28,1,1000
XJTU-SY,3,40Hz10kN,2400,10.0,Bearing3_2,2,1497,40Hz10kN/Bearing3_2/1497.csv,train,32768,25600,1.28,1,999
XJTU-SY,3,40Hz10kN,2400,10.0,Bearing3_2,2,1498,40Hz10kN/Bearing3_2/1498.csv,train,32768,25600,1.28,1,998
XJTU-SY,3,40Hz10kN,2400,10.0,Bearing3_2,2,1499,40Hz10kN/Bearing3_2/1499.csv,train,32768,25600,1.28,1,997
XJTU-SY,3,40Hz10kN,2400,10.0,Bearing3_2,2,1500,40Hz10kN/Bearing3_2/1500.csv,train,32768,25600,1.28,1,996
XJTU-SY,3,40Hz10kN,2400,10.0,Bearing3_2,2,1501,40Hz10kN/Bearing3_2/1501.csv,train,32768,25600,1.28,1,995
XJTU-SY,3,40Hz10kN,2400,10.0,Bearing3_2,2,1502,40Hz10kN/Bearing3_2/1502.csv,train,32768,25600,1.28,1,994
XJTU-SY,3,40Hz10kN,2400,10.0,Bearing3_2,2,1503,40Hz10kN/Bearing3_2/1503.csv,train,32768,25600,1.28,1,993
XJTU-SY,3,40Hz10kN,2400,10.0,Bearing3_2,2,1504,40Hz10kN/Bearing3_2/1504.csv,train,32768,25600,1.28,1,992
XJTU-SY,3,40Hz10kN,2400,10.0,Bearing3_2,2,1505,40Hz10kN/Bearing3_2/1505.csv,train,32768,25600,1.28,1,991
XJTU-SY,3,40Hz10kN,2400,10.0,Bearing3_2,2,1506,40Hz10kN/Bearing3_2/1506.csv,train,32768,25600,1.28,1,990
XJTU-SY,3,40Hz10kN,2400,10.0,Bearing3_2,2,1507,40Hz10kN/Bearing3_2/1507.csv,train,32768,25600,1.28,1,989
XJTU-SY,3,40Hz10kN,2400,10.0,Bearing3_2,2,1508,40Hz10kN/Bearing3_2/1508.csv,train,32768,25600,1.28,1,988
XJTU-SY,3,40Hz10kN,2400,10.0,Bearing3_2,2,1509,40Hz10kN/Bearing3_2/1509.csv,train,32768,25600,1.28,1,987
XJTU-SY,3,40Hz10kN,2400,10.0,Bearing3_2,2,1510,40Hz10kN/Bearing3_2/1510.csv,train,32768,25600,1.28,1,986
XJTU-SY,3,40Hz10kN,2400,10.0,Bearing3_2,2,1511,40Hz10kN/Bearing3_2/1511.csv,train,32768,25600,1.28,1,985
XJTU-SY,3,40Hz10kN,2400,10.0,Bearing3_2,2,1512,40Hz10kN/Bearing3_2/1512.csv,train,32768,25600,1.28,1,984
XJTU-SY,3,40Hz10kN,2400,10.0,Bearing3_2,2,1513,40Hz10kN/Bearing3_2/1513.csv,train,32768,25600,1.28,1,983
XJTU-SY,3,40Hz10kN,2400,10.0,Bearing3_2,2,1514,40Hz10kN/Bearing3_2/1514.csv,train,32768,25600,1.28,1,982
XJTU-SY,3,40Hz10kN,2400,10.0,Bearing3_2,2,1515,40Hz10kN/Bearing3_2/1515.csv,train,32768,25600,1.28,1,981
XJTU-SY,3,40Hz10kN,2400,10.0,Bearing3_2,2,1516,40Hz10kN/Bearing3_2/1516.csv,train,32768,25600,1.28,1,980
XJTU-SY,3,40Hz10kN,2400,10.0,Bearing3_2,2,1517,40Hz10kN/Bearing3_2/1517.csv,train,32768,25600,1.28,1,979
XJTU-SY,3,40Hz10kN,2400,10.0,Bearing3_2,2,1518,40Hz10kN/Bearing3_2/1518.csv,train,32768,25600,1.28,1,978
XJTU-SY,3,40Hz10kN,2400,10.0,Bearing3_2,2,1519,40Hz10kN/Bearing3_2/1519.csv,train,32768,25600,1.28,1,977
XJTU-SY,3,40Hz10kN,2400,10.0,Bearing3_2,2,1520,40Hz10kN/Bearing3_2/1520.csv,train,32768,25600,1.28,1,976
XJTU-SY,3,40Hz10kN,2400,10.0,Bearing3_2,2,1521,40Hz10kN/Bearing3_2/1521.csv,train,32768,25600,1.28,1,975
XJTU-SY,3,40Hz10kN,2400,10.0,Bearing3_2,2,1522,40Hz10kN/Bearing3_2/1522.csv,train,32768,25600,1.28,1,974
XJTU-SY,3,40Hz10kN,2400,10.0,Bearing3_2,2,1523,40Hz10kN/Bearing3_2/1523.csv,train,32768,25600,1.28,1,973
XJTU-SY,3,40Hz10kN,2400,10.0,Bearing3_2,2,1524,40Hz10kN/Bearing3_2/1524.csv,train,32768,25600,1.28,1,972
XJTU-SY,3,40Hz10kN,2400,10.0,Bearing3_2,2,1525,40Hz10kN/Bearing3_2/1525.csv,train,32768,25600,1.28,1,971
XJTU-SY,3,40Hz10kN,2400,10.0,Bearing3_2,2,1526,40Hz10kN/Bearing3_2/1526.csv,train,32768,25600,1.28,1,970
XJTU-SY,3,40Hz10kN,2400,10.0,Bearing3_2,2,1527,40Hz10kN/Bearing3_2/1527.csv,train,32768,25600,1.28,1,969
XJTU-SY,3,40Hz10kN,2400,10.0,Bearing3_2,2,1528,40Hz10kN/Bearing3_2/1528.csv,train,32768,25600,1.28,1,968
XJTU-SY,3,40Hz10kN,2400,10.0,Bearing3_2,2,1529,40Hz10kN/Bearing3_2/1529.csv,train,32768,25600,1.28,1,967
XJTU-SY,3,40Hz10kN,2400,10.0,Bearing3_2,2,1530,40Hz10kN/Bearing3_2/1530.csv,train,32768,25600,1.28,1,966
XJTU-SY,3,40Hz10kN,2400,10.0,Bearing3_2,2,1531,40Hz10kN/Bearing3_2/1531.csv,train,32768,25600,1.28,1,965
XJTU-SY,3,40Hz10kN,2400,10.0,Bearing3_2,2,1532,40Hz10kN/Bearing3_2/1532.csv,train,32768,25600,1.28,1,964
XJTU-SY,3,40Hz10kN,2400,10.0,Bearing3_2,2,1533,40Hz10kN/Bearing3_2/1533.csv,train,32768,25600,1.28,1,963
XJTU-SY,3,40Hz10kN,2400,10.0,Bearing3_2,2,1534,40Hz10kN/Bearing3_2/1534.csv,train,32768,25600,1.28,1,962
XJTU-SY,3,40Hz10kN,2400,10.0,Bearing3_2,2,1535,40Hz10kN/Bearing3_2/1535.csv,train,32768,25600,1.28,1,961
XJTU-SY,3,40Hz10kN,2400,10.0,Bearing3_2,2,1536,40Hz10kN/Bearing3_2/1536.csv,train,32768,25600,1.28,1,960
XJTU-SY,3,40Hz10kN,2400,10.0,Bearing3_2,2,1537,40Hz10kN/Bearing3_2/1537.csv,train,32768,25600,1.28,1,959
XJTU-SY,3,40Hz10kN,2400,10.0,Bearing3_2,2,1538,40Hz10kN/Bearing3_2/1538.csv,train,32768,25600,1.28,1,958
XJTU-SY,3,40Hz10kN,2400,10.0,Bearing3_2,2,1539,40Hz10kN/Bearing3_2/1539.csv,train,32768,25600,1.28,1,957
XJTU-SY,3,40Hz10kN,2400,10.0,Bearing3_2,2,1540,40Hz10kN/Bearing3_2/1540.csv,train,32768,25600,1.28,1,956
XJTU-SY,3,40Hz10kN,2400,10.0,Bearing3_2,2,1541,40Hz10kN/Bearing3_2/1541.csv,train,32768,25600,1.28,1,955
XJTU-SY,3,40Hz10kN,2400,10.0,Bearing3_2,2,1542,40Hz10kN/Bearing3_2/1542.csv,train,32768,25600,1.28,1,954
XJTU-SY,3,40Hz10kN,2400,10.0,Bearing3_2,2,1543,40Hz10kN/Bearing3_2/1543.csv,train,32768,25600,1.28,1,953
XJTU-SY,3,40Hz10kN,2400,10.0,Bearing3_2,2,1544,40Hz10kN/Bearing3_2/1544.csv,train,32768,25600,1.28,1,952
XJTU-SY,3,40Hz10kN,2400,10.0,Bearing3_2,2,1545,40Hz10kN/Bearing3_2/1545.csv,train,32768,25600,1.28,1,951
XJTU-SY,3,40Hz10kN,2400,10.0,Bearing3_2,2,1546,40Hz10kN/Bearing3_2/1546.csv,train,32768,25600,1.28,1,950
XJTU-SY,3,40Hz10kN,2400,10.0,Bearing3_2,2,1547,40Hz10kN/Bearing3_2/1547.csv,train,32768,25600,1.28,1,949
XJTU-SY,3,40Hz10kN,2400,10.0,Bearing3_2,2,1548,40Hz10kN/Bearing3_2/1548.csv,train,32768,25600,1.28,1,948
XJTU-SY,3,40Hz10kN,2400,10.0,Bearing3_2,2,1549,40Hz10kN/Bearing3_2/1549.csv,train,32768,25600,1.28,1,947
XJTU-SY,3,40Hz10kN,2400,10.0,Bearing3_2,2,1550,40Hz10kN/Bearing3_2/1550.csv,train,32768,25600,1.28,1,946
XJTU-SY,3,40Hz10kN,2400,10.0,Bearing3_2,2,1551,40Hz10kN/Bearing3_2/1551.csv,train,32768,25600,1.28,1,945
XJTU-SY,3,40Hz10kN,2400,10.0,Bearing3_2,2,1552,40Hz10kN/Bearing3_2/1552.csv,train,32768,25600,1.28,1,944
XJTU-SY,3,40Hz10kN,2400,10.0,Bearing3_2,2,1553,40Hz10kN/Bearing3_2/1553.csv,train,32768,25600,1.28,1,943
XJTU-SY,3,40Hz10kN,2400,10.0,Bearing3_2,2,1554,40Hz10kN/Bearing3_2/1554.csv,train,32768,25600,1.28,1,942
XJTU-SY,3,40Hz10kN,2400,10.0,Bearing3_2,2,1555,40Hz10kN/Bearing3_2/1555.csv,train,32768,25600,1.28,1,941
XJTU-SY,3,40Hz10kN,2400,10.0,Bearing3_2,2,1556,40Hz10kN/Bearing3_2/1556.csv,train,32768,25600,1.28,1,940
XJTU-SY,3,40Hz10kN,2400,10.0,Bearing3_2,2,1557,40Hz10kN/Bearing3_2/1557.csv,train,32768,25600,1.28,1,939
XJTU-SY,3,40Hz10kN,2400,10.0,Bearing3_2,2,1558,40Hz10kN/Bearing3_2/1558.csv,train,32768,25600,1.28,1,938
XJTU-SY,3,40Hz10kN,2400,10.0,Bearing3_2,2,1559,40Hz10kN/Bearing3_2/1559.csv,train,32768,25600,1.28,1,937
XJTU-SY,3,40Hz10kN,2400,10.0,Bearing3_2,2,1560,40Hz10kN/Bearing3_2/1560.csv,train,32768,25600,1.28,1,936
XJTU-SY,3,40Hz10kN,2400,10.0,Bearing3_2,2,1561,40Hz10kN/Bearing3_2/1561.csv,train,32768,25600,1.28,1,935
XJTU-SY,3,40Hz10kN,2400,10.0,Bearing3_2,2,1562,40Hz10kN/Bearing3_2/1562.csv,train,32768,25600,1.28,1,934
XJTU-SY,3,40Hz10kN,2400,10.0,Bearing3_2,2,1563,40Hz10kN/Bearing3_2/1563.csv,train,32768,25600,1.28,1,933
XJTU-SY,3,40Hz10kN,2400,10.0,Bearing3_2,2,1564,40Hz10kN/Bearing3_2/1564.csv,train,32768,25600,1.28,1,932
XJTU-SY,3,40Hz10kN,2400,10.0,Bearing3_2,2,1565,40Hz10kN/Bearing3_2/1565.csv,train,32768,25600,1.28,1,931
XJTU-SY,3,40Hz10kN,2400,10.0,Bearing3_2,2,1566,40Hz10kN/Bearing3_2/1566.csv,train,32768,25600,1.28,1,930
XJTU-SY,3,40Hz10kN,2400,10.0,Bearing3_2,2,1567,40Hz10kN/Bearing3_2/1567.csv,train,32768,25600,1.28,1,929
XJTU-SY,3,40Hz10kN,2400,10.0,Bearing3_2,2,1568,40Hz10kN/Bearing3_2/1568.csv,train,32768,25600,1.28,1,928
XJTU-SY,3,40Hz10kN,2400,10.0,Bearing3_2,2,1569,40Hz10kN/Bearing3_2/1569.csv,train,32768,25600,1.28,1,927
XJTU-SY,3,40Hz10kN,2400,10.0,Bearing3_2,2,1570,40Hz10kN/Bearing3_2/1570.csv,train,32768,25600,1.28,1,926
XJTU-SY,3,40Hz10kN,2400,10.0,Bearing3_2,2,1571,40Hz10kN/Bearing3_2/1571.csv,train,32768,25600,1.28,1,925
XJTU-SY,3,40Hz10kN,2400,10.0,Bearing3_2,2,1572,40Hz10kN/Bearing3_2/1572.csv,train,32768,25600,1.28,1,924
XJTU-SY,3,40Hz10kN,2400,10.0,Bearing3_2,2,1573,40Hz10kN/Bearing3_2/1573.csv,train,32768,25600,1.28,1,923
XJTU-SY,3,40Hz10kN,2400,10.0,Bearing3_2,2,1574,40Hz10kN/Bearing3_2/1574.csv,train,32768,25600,1.28,1,922
XJTU-SY,3,40Hz10kN,2400,10.0,Bearing3_2,2,1575,40Hz10kN/Bearing3_2/1575.csv,train,32768,25600,1.28,1,921
XJTU-SY,3,40Hz10kN,2400,10.0,Bearing3_2,2,1576,40Hz10kN/Bearing3_2/1576.csv,train,32768,25600,1.28,1,920
XJTU-SY,3,40Hz10kN,2400,10.0,Bearing3_2,2,1577,40Hz10kN/Bearing3_2/1577.csv,train,32768,25600,1.28,1,919
XJTU-SY,3,40Hz10kN,2400,10.0,Bearing3_2,2,1578,40Hz10kN/Bearing3_2/1578.csv,train,32768,25600,1.28,1,918
XJTU-SY,3,40Hz10kN,2400,10.0,Bearing3_2,2,1579,40Hz10kN/Bearing3_2/1579.csv,train,32768,25600,1.28,1,917
XJTU-SY,3,40Hz10kN,2400,10.0,Bearing3_2,2,1580,40Hz10kN/Bearing3_2/1580.csv,train,32768,25600,1.28,1,916
XJTU-SY,3,40Hz10kN,2400,10.0,Bearing3_2,2,1581,40Hz10kN/Bearing3_2/1581.csv,train,32768,25600,1.28,1,915
XJTU-SY,3,40Hz10kN,2400,10.0,Bearing3_2,2,1582,40Hz10kN/Bearing3_2/1582.csv,train,32768,25600,1.28,1,914
XJTU-SY,3,40Hz10kN,2400,10.0,Bearing3_2,2,1583,40Hz10kN/Bearing3_2/1583.csv,train,32768,25600,1.28,1,913
XJTU-SY,3,40Hz10kN,2400,10.0,Bearing3_2,2,1584,40Hz10kN/Bearing3_2/1584.csv,train,32768,25600,1.28,1,912
XJTU-SY,3,40Hz10kN,2400,10.0,Bearing3_2,2,1585,40Hz10kN/Bearing3_2/1585.csv,train,32768,25600,1.28,1,911
XJTU-SY,3,40Hz10kN,2400,10.0,Bearing3_2,2,1586,40Hz10kN/Bearing3_2/1586.csv,train,32768,25600,1.28,1,910
XJTU-SY,3,40Hz10kN,2400,10.0,Bearing3_2,2,1587,40Hz10kN/Bearing3_2/1587.csv,train,32768,25600,1.28,1,909
XJTU-SY,3,40Hz10kN,2400,10.0,Bearing3_2,2,1588,40Hz10kN/Bearing3_2/1588.csv,train,32768,25600,1.28,1,908
XJTU-SY,3,40Hz10kN,2400,10.0,Bearing3_2,2,1589,40Hz10kN/Bearing3_2/1589.csv,train,32768,25600,1.28,1,907
XJTU-SY,3,40Hz10kN,2400,10.0,Bearing3_2,2,1590,40Hz10kN/Bearing3_2/1590.csv,train,32768,25600,1.28,1,906
XJTU-SY,3,40Hz10kN,2400,10.0,Bearing3_2,2,1591,40Hz10kN/Bearing3_2/1591.csv,train,32768,25600,1.28,1,905
XJTU-SY,3,40Hz10kN,2400,10.0,Bearing3_2,2,1592,40Hz10kN/Bearing3_2/1592.csv,train,32768,25600,1.28,1,904
XJTU-SY,3,40Hz10kN,2400,10.0,Bearing3_2,2,1593,40Hz10kN/Bearing3_2/1593.csv,train,32768,25600,1.28,1,903
XJTU-SY,3,40Hz10kN,2400,10.0,Bearing3_2,2,1594,40Hz10kN/Bearing3_2/1594.csv,train,32768,25600,1.28,1,902
XJTU-SY,3,40Hz10kN,2400,10.0,Bearing3_2,2,1595,40Hz10kN/Bearing3_2/1595.csv,train,32768,25600,1.28,1,901
XJTU-SY,3,40Hz10kN,2400,10.0,Bearing3_2,2,1596,40Hz10kN/Bearing3_2/1596.csv,train,32768,25600,1.28,1,900
XJTU-SY,3,40Hz10kN,2400,10.0,Bearing3_2,2,1597,40Hz10kN/Bearing3_2/1597.csv,train,32768,25600,1.28,1,899
XJTU-SY,3,40Hz10kN,2400,10.0,Bearing3_2,2,1598,40Hz10kN/Bearing3_2/1598.csv,train,32768,25600,1.28,1,898
XJTU-SY,3,40Hz10kN,2400,10.0,Bearing3_2,2,1599,40Hz10kN/Bearing3_2/1599.csv,train,32768,25600,1.28,1,897
XJTU-SY,3,40Hz10kN,2400,10.0,Bearing3_2,2,1600,40Hz10kN/Bearing3_2/1600.csv,train,32768,25600,1.28,1,896
XJTU-SY,3,40Hz10kN,2400,10.0,Bearing3_2,2,1601,40Hz10kN/Bearing3_2/1601.csv,train,32768,25600,1.28,1,895
XJTU-SY,3,40Hz10kN,2400,10.0,Bearing3_2,2,1602,40Hz10kN/Bearing3_2/1602.csv,train,32768,25600,1.28,1,894
XJTU-SY,3,40Hz10kN,2400,10.0,Bearing3_2,2,1603,40Hz10kN/Bearing3_2/1603.csv,train,32768,25600,1.28,1,893
XJTU-SY,3,40Hz10kN,2400,10.0,Bearing3_2,2,1604,40Hz10kN/Bearing3_2/1604.csv,train,32768,25600,1.28,1,892
XJTU-SY,3,40Hz10kN,2400,10.0,Bearing3_2,2,1605,40Hz10kN/Bearing3_2/1605.csv,train,32768,25600,1.28,1,891
XJTU-SY,3,40Hz10kN,2400,10.0,Bearing3_2,2,1606,40Hz10kN/Bearing3_2/1606.csv,train,32768,25600,1.28,1,890
XJTU-SY,3,40Hz10kN,2400,10.0,Bearing3_2,2,1607,40Hz10kN/Bearing3_2/1607.csv,train,32768,25600,1.28,1,889
XJTU-SY,3,40Hz10kN,2400,10.0,Bearing3_2,2,1608,40Hz10kN/Bearing3_2/1608.csv,train,32768,25600,1.28,1,888
XJTU-SY,3,40Hz10kN,2400,10.0,Bearing3_2,2,1609,40Hz10kN/Bearing3_2/1609.csv,train,32768,25600,1.28,1,887
XJTU-SY,3,40Hz10kN,2400,10.0,Bearing3_2,2,1610,40Hz10kN/Bearing3_2/1610.csv,train,32768,25600,1.28,1,886
XJTU-SY,3,40Hz10kN,2400,10.0,Bearing3_2,2,1611,40Hz10kN/Bearing3_2/1611.csv,train,32768,25600,1.28,1,885
XJTU-SY,3,40Hz10kN,2400,10.0,Bearing3_2,2,1612,40Hz10kN/Bearing3_2/1612.csv,train,32768,25600,1.28,1,884
XJTU-SY,3,40Hz10kN,2400,10.0,Bearing3_2,2,1613,40Hz10kN/Bearing3_2/1613.csv,train,32768,25600,1.28,1,883
XJTU-SY,3,40Hz10kN,2400,10.0,Bearing3_2,2,1614,40Hz10kN/Bearing3_2/1614.csv,train,32768,25600,1.28,1,882
XJTU-SY,3,40Hz10kN,2400,10.0,Bearing3_2,2,1615,40Hz10kN/Bearing3_2/1615.csv,train,32768,25600,1.28,1,881
XJTU-SY,3,40Hz10kN,2400,10.0,Bearing3_2,2,1616,40Hz10kN/Bearing3_2/1616.csv,train,32768,25600,1.28,1,880
XJTU-SY,3,40Hz10kN,2400,10.0,Bearing3_2,2,1617,40Hz10kN/Bearing3_2/1617.csv,train,32768,25600,1.28,1,879
XJTU-SY,3,40Hz10kN,2400,10.0,Bearing3_2,2,1618,40Hz10kN/Bearing3_2/1618.csv,train,32768,25600,1.28,1,878
XJTU-SY,3,40Hz10kN,2400,10.0,Bearing3_2,2,1619,40Hz10kN/Bearing3_2/1619.csv,train,32768,25600,1.28,1,877
XJTU-SY,3,40Hz10kN,2400,10.0,Bearing3_2,2,1620,40Hz10kN/Bearing3_2/1620.csv,train,32768,25600,1.28,1,876
XJTU-SY,3,40Hz10kN,2400,10.0,Bearing3_2,2,1621,40Hz10kN/Bearing3_2/1621.csv,train,32768,25600,1.28,1,875
XJTU-SY,3,40Hz10kN,2400,10.0,Bearing3_2,2,1622,40Hz10kN/Bearing3_2/1622.csv,train,32768,25600,1.28,1,874
XJTU-SY,3,40Hz10kN,2400,10.0,Bearing3_2,2,1623,40Hz10kN/Bearing3_2/1623.csv,train,32768,25600,1.28,1,873
XJTU-SY,3,40Hz10kN,2400,10.0,Bearing3_2,2,1624,40Hz10kN/Bearing3_2/1624.csv,train,32768,25600,1.28,1,872
XJTU-SY,3,40Hz10kN,2400,10.0,Bearing3_2,2,1625,40Hz10kN/Bearing3_2/1625.csv,train,32768,25600,1.28,1,871
XJTU-SY,3,40Hz10kN,2400,10.0,Bearing3_2,2,1626,40Hz10kN/Bearing3_2/1626.csv,train,32768,25600,1.28,1,870
XJTU-SY,3,40Hz10kN,2400,10.0,Bearing3_2,2,1627,40Hz10kN/Bearing3_2/1627.csv,train,32768,25600,1.28,1,869
XJTU-SY,3,40Hz10kN,2400,10.0,Bearing3_2,2,1628,40Hz10kN/Bearing3_2/1628.csv,train,32768,25600,1.28,1,868
XJTU-SY,3,40Hz10kN,2400,10.0,Bearing3_2,2,1629,40Hz10kN/Bearing3_2/1629.csv,train,32768,25600,1.28,1,867
XJTU-SY,3,40Hz10kN,2400,10.0,Bearing3_2,2,1630,40Hz10kN/Bearing3_2/1630.csv,train,32768,25600,1.28,1,866
XJTU-SY,3,40Hz10kN,2400,10.0,Bearing3_2,2,1631,40Hz10kN/Bearing3_2/1631.csv,train,32768,25600,1.28,1,865
XJTU-SY,3,40Hz10kN,2400,10.0,Bearing3_2,2,1632,40Hz10kN/Bearing3_2/1632.csv,train,32768,25600,1.28,1,864
XJTU-SY,3,40Hz10kN,2400,10.0,Bearing3_2,2,1633,40Hz10kN/Bearing3_2/1633.csv,train,32768,25600,1.28,1,863
XJTU-SY,3,40Hz10kN,2400,10.0,Bearing3_2,2,1634,40Hz10kN/Bearing3_2/1634.csv,train,32768,25600,1.28,1,862
XJTU-SY,3,40Hz10kN,2400,10.0,Bearing3_2,2,1635,40Hz10kN/Bearing3_2/1635.csv,train,32768,25600,1.28,1,861
XJTU-SY,3,40Hz10kN,2400,10.0,Bearing3_2,2,1636,40Hz10kN/Bearing3_2/1636.csv,train,32768,25600,1.28,1,860
XJTU-SY,3,40Hz10kN,2400,10.0,Bearing3_2,2,1637,40Hz10kN/Bearing3_2/1637.csv,train,32768,25600,1.28,1,859
XJTU-SY,3,40Hz10kN,2400,10.0,Bearing3_2,2,1638,40Hz10kN/Bearing3_2/1638.csv,train,32768,25600,1.28,1,858
XJTU-SY,3,40Hz10kN,2400,10.0,Bearing3_2,2,1639,40Hz10kN/Bearing3_2/1639.csv,train,32768,25600,1.28,1,857
XJTU-SY,3,40Hz10kN,2400,10.0,Bearing3_2,2,1640,40Hz10kN/Bearing3_2/1640.csv,train,32768,25600,1.28,1,856
XJTU-SY,3,40Hz10kN,2400,10.0,Bearing3_2,2,1641,40Hz10kN/Bearing3_2/1641.csv,train,32768,25600,1.28,1,855
XJTU-SY,3,40Hz10kN,2400,10.0,Bearing3_2,2,1642,40Hz10kN/Bearing3_2/1642.csv,train,32768,25600,1.28,1,854
XJTU-SY,3,40Hz10kN,2400,10.0,Bearing3_2,2,1643,40Hz10kN/Bearing3_2/1643.csv,train,32768,25600,1.28,1,853
XJTU-SY,3,40Hz10kN,2400,10.0,Bearing3_2,2,1644,40Hz10kN/Bearing3_2/1644.csv,train,32768,25600,1.28,1,852
XJTU-SY,3,40Hz10kN,2400,10.0,Bearing3_2,2,1645,40Hz10kN/Bearing3_2/1645.csv,train,32768,25600,1.28,1,851
XJTU-SY,3,40Hz10kN,2400,10.0,Bearing3_2,2,1646,40Hz10kN/Bearing3_2/1646.csv,train,32768,25600,1.28,1,850
XJTU-SY,3,40Hz10kN,2400,10.0,Bearing3_2,2,1647,40Hz10kN/Bearing3_2/1647.csv,train,32768,25600,1.28,1,849
XJTU-SY,3,40Hz10kN,2400,10.0,Bearing3_2,2,1648,40Hz10kN/Bearing3_2/1648.csv,train,32768,25600,1.28,1,848
XJTU-SY,3,40Hz10kN,2400,10.0,Bearing3_2,2,1649,40Hz10kN/Bearing3_2/1649.csv,train,32768,25600,1.28,1,847
XJTU-SY,3,40Hz10kN,2400,10.0,Bearing3_2,2,1650,40Hz10kN/Bearing3_2/1650.csv,train,32768,25600,1.28,1,846
XJTU-SY,3,40Hz10kN,2400,10.0,Bearing3_2,2,1651,40Hz10kN/Bearing3_2/1651.csv,train,32768,25600,1.28,1,845
XJTU-SY,3,40Hz10kN,2400,10.0,Bearing3_2,2,1652,40Hz10kN/Bearing3_2/1652.csv,train,32768,25600,1.28,1,844
XJTU-SY,3,40Hz10kN,2400,10.0,Bearing3_2,2,1653,40Hz10kN/Bearing3_2/1653.csv,train,32768,25600,1.28,1,843
XJTU-SY,3,40Hz10kN,2400,10.0,Bearing3_2,2,1654,40Hz10kN/Bearing3_2/1654.csv,train,32768,25600,1.28,1,842
XJTU-SY,3,40Hz10kN,2400,10.0,Bearing3_2,2,1655,40Hz10kN/Bearing3_2/1655.csv,train,32768,25600,1.28,1,841
XJTU-SY,3,40Hz10kN,2400,10.0,Bearing3_2,2,1656,40Hz10kN/Bearing3_2/1656.csv,train,32768,25600,1.28,1,840
XJTU-SY,3,40Hz10kN,2400,10.0,Bearing3_2,2,1657,40Hz10kN/Bearing3_2/1657.csv,train,32768,25600,1.28,1,839
XJTU-SY,3,40Hz10kN,2400,10.0,Bearing3_2,2,1658,40Hz10kN/Bearing3_2/1658.csv,train,32768,25600,1.28,1,838
XJTU-SY,3,40Hz10kN,2400,10.0,Bearing3_2,2,1659,40Hz10kN/Bearing3_2/1659.csv,train,32768,25600,1.28,1,837
XJTU-SY,3,40Hz10kN,2400,10.0,Bearing3_2,2,1660,40Hz10kN/Bearing3_2/1660.csv,train,32768,25600,1.28,1,836
XJTU-SY,3,40Hz10kN,2400,10.0,Bearing3_2,2,1661,40Hz10kN/Bearing3_2/1661.csv,train,32768,25600,1.28,1,835
XJTU-SY,3,40Hz10kN,2400,10.0,Bearing3_2,2,1662,40Hz10kN/Bearing3_2/1662.csv,train,32768,25600,1.28,1,834
XJTU-SY,3,40Hz10kN,2400,10.0,Bearing3_2,2,1663,40Hz10kN/Bearing3_2/1663.csv,train,32768,25600,1.28,1,833
XJTU-SY,3,40Hz10kN,2400,10.0,Bearing3_2,2,1664,40Hz10kN/Bearing3_2/1664.csv,train,32768,25600,1.28,1,832
XJTU-SY,3,40Hz10kN,2400,10.0,Bearing3_2,2,1665,40Hz10kN/Bearing3_2/1665.csv,train,32768,25600,1.28,1,831
XJTU-SY,3,40Hz10kN,2400,10.0,Bearing3_2,2,1666,40Hz10kN/Bearing3_2/1666.csv,train,32768,25600,1.28,1,830
XJTU-SY,3,40Hz10kN,2400,10.0,Bearing3_2,2,1667,40Hz10kN/Bearing3_2/1667.csv,train,32768,25600,1.28,1,829
XJTU-SY,3,40Hz10kN,2400,10.0,Bearing3_2,2,1668,40Hz10kN/Bearing3_2/1668.csv,train,32768,25600,1.28,1,828
XJTU-SY,3,40Hz10kN,2400,10.0,Bearing3_2,2,1669,40Hz10kN/Bearing3_2/1669.csv,train,32768,25600,1.28,1,827
XJTU-SY,3,40Hz10kN,2400,10.0,Bearing3_2,2,1670,40Hz10kN/Bearing3_2/1670.csv,train,32768,25600,1.28,1,826
XJTU-SY,3,40Hz10kN,2400,10.0,Bearing3_2,2,1671,40Hz10kN/Bearing3_2/1671.csv,train,32768,25600,1.28,1,825
XJTU-SY,3,40Hz10kN,2400,10.0,Bearing3_2,2,1672,40Hz10kN/Bearing3_2/1672.csv,train,32768,25600,1.28,1,824
XJTU-SY,3,40Hz10kN,2400,10.0,Bearing3_2,2,1673,40Hz10kN/Bearing3_2/1673.csv,train,32768,25600,1.28,1,823
XJTU-SY,3,40Hz10kN,2400,10.0,Bearing3_2,2,1674,40Hz10kN/Bearing3_2/1674.csv,train,32768,25600,1.28,1,822
XJTU-SY,3,40Hz10kN,2400,10.0,Bearing3_2,2,1675,40Hz10kN/Bearing3_2/1675.csv,train,32768,25600,1.28,1,821
XJTU-SY,3,40Hz10kN,2400,10.0,Bearing3_2,2,1676,40Hz10kN/Bearing3_2/1676.csv,train,32768,25600,1.28,1,820
XJTU-SY,3,40Hz10kN,2400,10.0,Bearing3_2,2,1677,40Hz10kN/Bearing3_2/1677.csv,train,32768,25600,1.28,1,819
XJTU-SY,3,40Hz10kN,2400,10.0,Bearing3_2,2,1678,40Hz10kN/Bearing3_2/1678.csv,train,32768,25600,1.28,1,818
XJTU-SY,3,40Hz10kN,2400,10.0,Bearing3_2,2,1679,40Hz10kN/Bearing3_2/1679.csv,train,32768,25600,1.28,1,817
XJTU-SY,3,40Hz10kN,2400,10.0,Bearing3_2,2,1680,40Hz10kN/Bearing3_2/1680.csv,train,32768,25600,1.28,1,816
XJTU-SY,3,40Hz10kN,2400,10.0,Bearing3_2,2,1681,40Hz10kN/Bearing3_2/1681.csv,train,32768,25600,1.28,1,815
XJTU-SY,3,40Hz10kN,2400,10.0,Bearing3_2,2,1682,40Hz10kN/Bearing3_2/1682.csv,train,32768,25600,1.28,1,814
XJTU-SY,3,40Hz10kN,2400,10.0,Bearing3_2,2,1683,40Hz10kN/Bearing3_2/1683.csv,train,32768,25600,1.28,1,813
XJTU-SY,3,40Hz10kN,2400,10.0,Bearing3_2,2,1684,40Hz10kN/Bearing3_2/1684.csv,train,32768,25600,1.28,1,812
XJTU-SY,3,40Hz10kN,2400,10.0,Bearing3_2,2,1685,40Hz10kN/Bearing3_2/1685.csv,train,32768,25600,1.28,1,811
XJTU-SY,3,40Hz10kN,2400,10.0,Bearing3_2,2,1686,40Hz10kN/Bearing3_2/1686.csv,train,32768,25600,1.28,1,810
XJTU-SY,3,40Hz10kN,2400,10.0,Bearing3_2,2,1687,40Hz10kN/Bearing3_2/1687.csv,train,32768,25600,1.28,1,809
XJTU-SY,3,40Hz10kN,2400,10.0,Bearing3_2,2,1688,40Hz10kN/Bearing3_2/1688.csv,train,32768,25600,1.28,1,808
XJTU-SY,3,40Hz10kN,2400,10.0,Bearing3_2,2,1689,40Hz10kN/Bearing3_2/1689.csv,train,32768,25600,1.28,1,807
XJTU-SY,3,40Hz10kN,2400,10.0,Bearing3_2,2,1690,40Hz10kN/Bearing3_2/1690.csv,train,32768,25600,1.28,1,806
XJTU-SY,3,40Hz10kN,2400,10.0,Bearing3_2,2,1691,40Hz10kN/Bearing3_2/1691.csv,train,32768,25600,1.28,1,805
XJTU-SY,3,40Hz10kN,2400,10.0,Bearing3_2,2,1692,40Hz10kN/Bearing3_2/1692.csv,train,32768,25600,1.28,1,804
XJTU-SY,3,40Hz10kN,2400,10.0,Bearing3_2,2,1693,40Hz10kN/Bearing3_2/1693.csv,train,32768,25600,1.28,1,803
XJTU-SY,3,40Hz10kN,2400,10.0,Bearing3_2,2,1694,40Hz10kN/Bearing3_2/1694.csv,train,32768,25600,1.28,1,802
XJTU-SY,3,40Hz10kN,2400,10.0,Bearing3_2,2,1695,40Hz10kN/Bearing3_2/1695.csv,train,32768,25600,1.28,1,801
XJTU-SY,3,40Hz10kN,2400,10.0,Bearing3_2,2,1696,40Hz10kN/Bearing3_2/1696.csv,train,32768,25600,1.28,1,800
XJTU-SY,3,40Hz10kN,2400,10.0,Bearing3_2,2,1697,40Hz10kN/Bearing3_2/1697.csv,train,32768,25600,1.28,1,799
XJTU-SY,3,40Hz10kN,2400,10.0,Bearing3_2,2,1698,40Hz10kN/Bearing3_2/1698.csv,train,32768,25600,1.28,1,798
XJTU-SY,3,40Hz10kN,2400,10.0,Bearing3_2,2,1699,40Hz10kN/Bearing3_2/1699.csv,train,32768,25600,1.28,1,797
XJTU-SY,3,40Hz10kN,2400,10.0,Bearing3_2,2,1700,40Hz10kN/Bearing3_2/1700.csv,train,32768,25600,1.28,1,796
XJTU-SY,3,40Hz10kN,2400,10.0,Bearing3_2,2,1701,40Hz10kN/Bearing3_2/1701.csv,train,32768,25600,1.28,1,795
XJTU-SY,3,40Hz10kN,2400,10.0,Bearing3_2,2,1702,40Hz10kN/Bearing3_2/1702.csv,train,32768,25600,1.28,1,794
XJTU-SY,3,40Hz10kN,2400,10.0,Bearing3_2,2,1703,40Hz10kN/Bearing3_2/1703.csv,train,32768,25600,1.28,1,793
XJTU-SY,3,40Hz10kN,2400,10.0,Bearing3_2,2,1704,40Hz10kN/Bearing3_2/1704.csv,train,32768,25600,1.28,1,792
XJTU-SY,3,40Hz10kN,2400,10.0,Bearing3_2,2,1705,40Hz10kN/Bearing3_2/1705.csv,train,32768,25600,1.28,1,791
XJTU-SY,3,40Hz10kN,2400,10.0,Bearing3_2,2,1706,40Hz10kN/Bearing3_2/1706.csv,train,32768,25600,1.28,1,790
XJTU-SY,3,40Hz10kN,2400,10.0,Bearing3_2,2,1707,40Hz10kN/Bearing3_2/1707.csv,train,32768,25600,1.28,1,789
XJTU-SY,3,40Hz10kN,2400,10.0,Bearing3_2,2,1708,40Hz10kN/Bearing3_2/1708.csv,train,32768,25600,1.28,1,788
XJTU-SY,3,40Hz10kN,2400,10.0,Bearing3_2,2,1709,40Hz10kN/Bearing3_2/1709.csv,train,32768,25600,1.28,1,787
XJTU-SY,3,40Hz10kN,2400,10.0,Bearing3_2,2,1710,40Hz10kN/Bearing3_2/1710.csv,train,32768,25600,1.28,1,786
XJTU-SY,3,40Hz10kN,2400,10.0,Bearing3_2,2,1711,40Hz10kN/Bearing3_2/1711.csv,train,32768,25600,1.28,1,785
XJTU-SY,3,40Hz10kN,2400,10.0,Bearing3_2,2,1712,40Hz10kN/Bearing3_2/1712.csv,train,32768,25600,1.28,1,784
XJTU-SY,3,40Hz10kN,2400,10.0,Bearing3_2,2,1713,40Hz10kN/Bearing3_2/1713.csv,train,32768,25600,1.28,1,783
XJTU-SY,3,40Hz10kN,2400,10.0,Bearing3_2,2,1714,40Hz10kN/Bearing3_2/1714.csv,train,32768,25600,1.28,1,782
XJTU-SY,3,40Hz10kN,2400,10.0,Bearing3_2,2,1715,40Hz10kN/Bearing3_2/1715.csv,train,32768,25600,1.28,1,781
XJTU-SY,3,40Hz10kN,2400,10.0,Bearing3_2,2,1716,40Hz10kN/Bearing3_2/1716.csv,train,32768,25600,1.28,1,780
XJTU-SY,3,40Hz10kN,2400,10.0,Bearing3_2,2,1717,40Hz10kN/Bearing3_2/1717.csv,train,32768,25600,1.28,1,779
XJTU-SY,3,40Hz10kN,2400,10.0,Bearing3_2,2,1718,40Hz10kN/Bearing3_2/1718.csv,train,32768,25600,1.28,1,778
XJTU-SY,3,40Hz10kN,2400,10.0,Bearing3_2,2,1719,40Hz10kN/Bearing3_2/1719.csv,train,32768,25600,1.28,1,777
XJTU-SY,3,40Hz10kN,2400,10.0,Bearing3_2,2,1720,40Hz10kN/Bearing3_2/1720.csv,train,32768,25600,1.28,1,776
XJTU-SY,3,40Hz10kN,2400,10.0,Bearing3_2,2,1721,40Hz10kN/Bearing3_2/1721.csv,train,32768,25600,1.28,1,775
XJTU-SY,3,40Hz10kN,2400,10.0,Bearing3_2,2,1722,40Hz10kN/Bearing3_2/1722.csv,train,32768,25600,1.28,1,774
XJTU-SY,3,40Hz10kN,2400,10.0,Bearing3_2,2,1723,40Hz10kN/Bearing3_2/1723.csv,train,32768,25600,1.28,1,773
XJTU-SY,3,40Hz10kN,2400,10.0,Bearing3_2,2,1724,40Hz10kN/Bearing3_2/1724.csv,train,32768,25600,1.28,1,772
XJTU-SY,3,40Hz10kN,2400,10.0,Bearing3_2,2,1725,40Hz10kN/Bearing3_2/1725.csv,train,32768,25600,1.28,1,771
XJTU-SY,3,40Hz10kN,2400,10.0,Bearing3_2,2,1726,40Hz10kN/Bearing3_2/1726.csv,train,32768,25600,1.28,1,770
XJTU-SY,3,40Hz10kN,2400,10.0,Bearing3_2,2,1727,40Hz10kN/Bearing3_2/1727.csv,train,32768,25600,1.28,1,769
XJTU-SY,3,40Hz10kN,2400,10.0,Bearing3_2,2,1728,40Hz10kN/Bearing3_2/1728.csv,train,32768,25600,1.28,1,768
XJTU-SY,3,40Hz10kN,2400,10.0,Bearing3_2,2,1729,40Hz10kN/Bearing3_2/1729.csv,train,32768,25600,1.28,1,767
XJTU-SY,3,40Hz10kN,2400,10.0,Bearing3_2,2,1730,40Hz10kN/Bearing3_2/1730.csv,train,32768,25600,1.28,1,766
XJTU-SY,3,40Hz10kN,2400,10.0,Bearing3_2,2,1731,40Hz10kN/Bearing3_2/1731.csv,train,32768,25600,1.28,1,765
XJTU-SY,3,40Hz10kN,2400,10.0,Bearing3_2,2,1732,40Hz10kN/Bearing3_2/1732.csv,train,32768,25600,1.28,1,764
XJTU-SY,3,40Hz10kN,2400,10.0,Bearing3_2,2,1733,40Hz10kN/Bearing3_2/1733.csv,train,32768,25600,1.28,1,763
XJTU-SY,3,40Hz10kN,2400,10.0,Bearing3_2,2,1734,40Hz10kN/Bearing3_2/1734.csv,train,32768,25600,1.28,1,762
XJTU-SY,3,40Hz10kN,2400,10.0,Bearing3_2,2,1735,40Hz10kN/Bearing3_2/1735.csv,train,32768,25600,1.28,1,761
XJTU-SY,3,40Hz10kN,2400,10.0,Bearing3_2,2,1736,40Hz10kN/Bearing3_2/1736.csv,train,32768,25600,1.28,1,760
XJTU-SY,3,40Hz10kN,2400,10.0,Bearing3_2,2,1737,40Hz10kN/Bearing3_2/1737.csv,train,32768,25600,1.28,1,759
XJTU-SY,3,40Hz10kN,2400,10.0,Bearing3_2,2,1738,40Hz10kN/Bearing3_2/1738.csv,train,32768,25600,1.28,1,758
XJTU-SY,3,40Hz10kN,2400,10.0,Bearing3_2,2,1739,40Hz10kN/Bearing3_2/1739.csv,train,32768,25600,1.28,1,757
XJTU-SY,3,40Hz10kN,2400,10.0,Bearing3_2,2,1740,40Hz10kN/Bearing3_2/1740.csv,train,32768,25600,1.28,1,756
XJTU-SY,3,40Hz10kN,2400,10.0,Bearing3_2,2,1741,40Hz10kN/Bearing3_2/1741.csv,train,32768,25600,1.28,1,755
XJTU-SY,3,40Hz10kN,2400,10.0,Bearing3_2,2,1742,40Hz10kN/Bearing3_2/1742.csv,train,32768,25600,1.28,1,754
XJTU-SY,3,40Hz10kN,2400,10.0,Bearing3_2,2,1743,40Hz10kN/Bearing3_2/1743.csv,train,32768,25600,1.28,1,753
XJTU-SY,3,40Hz10kN,2400,10.0,Bearing3_2,2,1744,40Hz10kN/Bearing3_2/1744.csv,train,32768,25600,1.28,1,752
XJTU-SY,3,40Hz10kN,2400,10.0,Bearing3_2,2,1745,40Hz10kN/Bearing3_2/1745.csv,train,32768,25600,1.28,1,751
XJTU-SY,3,40Hz10kN,2400,10.0,Bearing3_2,2,1746,40Hz10kN/Bearing3_2/1746.csv,train,32768,25600,1.28,1,750
XJTU-SY,3,40Hz10kN,2400,10.0,Bearing3_2,2,1747,40Hz10kN/Bearing3_2/1747.csv,train,32768,25600,1.28,1,749
XJTU-SY,3,40Hz10kN,2400,10.0,Bearing3_2,2,1748,40Hz10kN/Bearing3_2/1748.csv,train,32768,25600,1.28,1,748
XJTU-SY,3,40Hz10kN,2400,10.0,Bearing3_2,2,1749,40Hz10kN/Bearing3_2/1749.csv,train,32768,25600,1.28,1,747
XJTU-SY,3,40Hz10kN,2400,10.0,Bearing3_2,2,1750,40Hz10kN/Bearing3_2/1750.csv,train,32768,25600,1.28,1,746
XJTU-SY,3,40Hz10kN,2400,10.0,Bearing3_2,2,1751,40Hz10kN/Bearing3_2/1751.csv,train,32768,25600,1.28,1,745
XJTU-SY,3,40Hz10kN,2400,10.0,Bearing3_2,2,1752,40Hz10kN/Bearing3_2/1752.csv,train,32768,25600,1.28,1,744
XJTU-SY,3,40Hz10kN,2400,10.0,Bearing3_2,2,1753,40Hz10kN/Bearing3_2/1753.csv,train,32768,25600,1.28,1,743
XJTU-SY,3,40Hz10kN,2400,10.0,Bearing3_2,2,1754,40Hz10kN/Bearing3_2/1754.csv,train,32768,25600,1.28,1,742
XJTU-SY,3,40Hz10kN,2400,10.0,Bearing3_2,2,1755,40Hz10kN/Bearing3_2/1755.csv,train,32768,25600,1.28,1,741
XJTU-SY,3,40Hz10kN,2400,10.0,Bearing3_2,2,1756,40Hz10kN/Bearing3_2/1756.csv,train,32768,25600,1.28,1,740
XJTU-SY,3,40Hz10kN,2400,10.0,Bearing3_2,2,1757,40Hz10kN/Bearing3_2/1757.csv,train,32768,25600,1.28,1,739
XJTU-SY,3,40Hz10kN,2400,10.0,Bearing3_2,2,1758,40Hz10kN/Bearing3_2/1758.csv,train,32768,25600,1.28,1,738
XJTU-SY,3,40Hz10kN,2400,10.0,Bearing3_2,2,1759,40Hz10kN/Bearing3_2/1759.csv,train,32768,25600,1.28,1,737
XJTU-SY,3,40Hz10kN,2400,10.0,Bearing3_2,2,1760,40Hz10kN/Bearing3_2/1760.csv,train,32768,25600,1.28,1,736
XJTU-SY,3,40Hz10kN,2400,10.0,Bearing3_2,2,1761,40Hz10kN/Bearing3_2/1761.csv,train,32768,25600,1.28,1,735
XJTU-SY,3,40Hz10kN,2400,10.0,Bearing3_2,2,1762,40Hz10kN/Bearing3_2/1762.csv,train,32768,25600,1.28,1,734
XJTU-SY,3,40Hz10kN,2400,10.0,Bearing3_2,2,1763,40Hz10kN/Bearing3_2/1763.csv,train,32768,25600,1.28,1,733
XJTU-SY,3,40Hz10kN,2400,10.0,Bearing3_2,2,1764,40Hz10kN/Bearing3_2/1764.csv,train,32768,25600,1.28,1,732
XJTU-SY,3,40Hz10kN,2400,10.0,Bearing3_2,2,1765,40Hz10kN/Bearing3_2/1765.csv,train,32768,25600,1.28,1,731
XJTU-SY,3,40Hz10kN,2400,10.0,Bearing3_2,2,1766,40Hz10kN/Bearing3_2/1766.csv,train,32768,25600,1.28,1,730
XJTU-SY,3,40Hz10kN,2400,10.0,Bearing3_2,2,1767,40Hz10kN/Bearing3_2/1767.csv,train,32768,25600,1.28,1,729
XJTU-SY,3,40Hz10kN,2400,10.0,Bearing3_2,2,1768,40Hz10kN/Bearing3_2/1768.csv,train,32768,25600,1.28,1,728
XJTU-SY,3,40Hz10kN,2400,10.0,Bearing3_2,2,1769,40Hz10kN/Bearing3_2/1769.csv,train,32768,25600,1.28,1,727
XJTU-SY,3,40Hz10kN,2400,10.0,Bearing3_2,2,1770,40Hz10kN/Bearing3_2/1770.csv,train,32768,25600,1.28,1,726
XJTU-SY,3,40Hz10kN,2400,10.0,Bearing3_2,2,1771,40Hz10kN/Bearing3_2/1771.csv,train,32768,25600,1.28,1,725
XJTU-SY,3,40Hz10kN,2400,10.0,Bearing3_2,2,1772,40Hz10kN/Bearing3_2/1772.csv,train,32768,25600,1.28,1,724
XJTU-SY,3,40Hz10kN,2400,10.0,Bearing3_2,2,1773,40Hz10kN/Bearing3_2/1773.csv,train,32768,25600,1.28,1,723
XJTU-SY,3,40Hz10kN,2400,10.0,Bearing3_2,2,1774,40Hz10kN/Bearing3_2/1774.csv,train,32768,25600,1.28,1,722
XJTU-SY,3,40Hz10kN,2400,10.0,Bearing3_2,2,1775,40Hz10kN/Bearing3_2/1775.csv,train,32768,25600,1.28,1,721
XJTU-SY,3,40Hz10kN,2400,10.0,Bearing3_2,2,1776,40Hz10kN/Bearing3_2/1776.csv,train,32768,25600,1.28,1,720
XJTU-SY,3,40Hz10kN,2400,10.0,Bearing3_2,2,1777,40Hz10kN/Bearing3_2/1777.csv,train,32768,25600,1.28,1,719
XJTU-SY,3,40Hz10kN,2400,10.0,Bearing3_2,2,1778,40Hz10kN/Bearing3_2/1778.csv,train,32768,25600,1.28,1,718
XJTU-SY,3,40Hz10kN,2400,10.0,Bearing3_2,2,1779,40Hz10kN/Bearing3_2/1779.csv,train,32768,25600,1.28,1,717
XJTU-SY,3,40Hz10kN,2400,10.0,Bearing3_2,2,1780,40Hz10kN/Bearing3_2/1780.csv,train,32768,25600,1.28,1,716
XJTU-SY,3,40Hz10kN,2400,10.0,Bearing3_2,2,1781,40Hz10kN/Bearing3_2/1781.csv,train,32768,25600,1.28,1,715
XJTU-SY,3,40Hz10kN,2400,10.0,Bearing3_2,2,1782,40Hz10kN/Bearing3_2/1782.csv,train,32768,25600,1.28,1,714
XJTU-SY,3,40Hz10kN,2400,10.0,Bearing3_2,2,1783,40Hz10kN/Bearing3_2/1783.csv,train,32768,25600,1.28,1,713
XJTU-SY,3,40Hz10kN,2400,10.0,Bearing3_2,2,1784,40Hz10kN/Bearing3_2/1784.csv,train,32768,25600,1.28,1,712
XJTU-SY,3,40Hz10kN,2400,10.0,Bearing3_2,2,1785,40Hz10kN/Bearing3_2/1785.csv,train,32768,25600,1.28,1,711
XJTU-SY,3,40Hz10kN,2400,10.0,Bearing3_2,2,1786,40Hz10kN/Bearing3_2/1786.csv,train,32768,25600,1.28,1,710
XJTU-SY,3,40Hz10kN,2400,10.0,Bearing3_2,2,1787,40Hz10kN/Bearing3_2/1787.csv,train,32768,25600,1.28,1,709
XJTU-SY,3,40Hz10kN,2400,10.0,Bearing3_2,2,1788,40Hz10kN/Bearing3_2/1788.csv,train,32768,25600,1.28,1,708
XJTU-SY,3,40Hz10kN,2400,10.0,Bearing3_2,2,1789,40Hz10kN/Bearing3_2/1789.csv,train,32768,25600,1.28,1,707
XJTU-SY,3,40Hz10kN,2400,10.0,Bearing3_2,2,1790,40Hz10kN/Bearing3_2/1790.csv,train,32768,25600,1.28,1,706
XJTU-SY,3,40Hz10kN,2400,10.0,Bearing3_2,2,1791,40Hz10kN/Bearing3_2/1791.csv,train,32768,25600,1.28,1,705
XJTU-SY,3,40Hz10kN,2400,10.0,Bearing3_2,2,1792,40Hz10kN/Bearing3_2/1792.csv,train,32768,25600,1.28,1,704
XJTU-SY,3,40Hz10kN,2400,10.0,Bearing3_2,2,1793,40Hz10kN/Bearing3_2/1793.csv,train,32768,25600,1.28,1,703
XJTU-SY,3,40Hz10kN,2400,10.0,Bearing3_2,2,1794,40Hz10kN/Bearing3_2/1794.csv,train,32768,25600,1.28,1,702
XJTU-SY,3,40Hz10kN,2400,10.0,Bearing3_2,2,1795,40Hz10kN/Bearing3_2/1795.csv,train,32768,25600,1.28,1,701
XJTU-SY,3,40Hz10kN,2400,10.0,Bearing3_2,2,1796,40Hz10kN/Bearing3_2/1796.csv,train,32768,25600,1.28,1,700
XJTU-SY,3,40Hz10kN,2400,10.0,Bearing3_2,2,1797,40Hz10kN/Bearing3_2/1797.csv,train,32768,25600,1.28,1,699
XJTU-SY,3,40Hz10kN,2400,10.0,Bearing3_2,2,1798,40Hz10kN/Bearing3_2/1798.csv,train,32768,25600,1.28,1,698
XJTU-SY,3,40Hz10kN,2400,10.0,Bearing3_2,2,1799,40Hz10kN/Bearing3_2/1799.csv,train,32768,25600,1.28,1,697
XJTU-SY,3,40Hz10kN,2400,10.0,Bearing3_2,2,1800,40Hz10kN/Bearing3_2/1800.csv,train,32768,25600,1.28,1,696
XJTU-SY,3,40Hz10kN,2400,10.0,Bearing3_2,2,1801,40Hz10kN/Bearing3_2/1801.csv,train,32768,25600,1.28,1,695
XJTU-SY,3,40Hz10kN,2400,10.0,Bearing3_2,2,1802,40Hz10kN/Bearing3_2/1802.csv,train,32768,25600,1.28,1,694
XJTU-SY,3,40Hz10kN,2400,10.0,Bearing3_2,2,1803,40Hz10kN/Bearing3_2/1803.csv,train,32768,25600,1.28,1,693
XJTU-SY,3,40Hz10kN,2400,10.0,Bearing3_2,2,1804,40Hz10kN/Bearing3_2/1804.csv,train,32768,25600,1.28,1,692
XJTU-SY,3,40Hz10kN,2400,10.0,Bearing3_2,2,1805,40Hz10kN/Bearing3_2/1805.csv,train,32768,25600,1.28,1,691
XJTU-SY,3,40Hz10kN,2400,10.0,Bearing3_2,2,1806,40Hz10kN/Bearing3_2/1806.csv,train,32768,25600,1.28,1,690
XJTU-SY,3,40Hz10kN,2400,10.0,Bearing3_2,2,1807,40Hz10kN/Bearing3_2/1807.csv,train,32768,25600,1.28,1,689
XJTU-SY,3,40Hz10kN,2400,10.0,Bearing3_2,2,1808,40Hz10kN/Bearing3_2/1808.csv,train,32768,25600,1.28,1,688
XJTU-SY,3,40Hz10kN,2400,10.0,Bearing3_2,2,1809,40Hz10kN/Bearing3_2/1809.csv,train,32768,25600,1.28,1,687
XJTU-SY,3,40Hz10kN,2400,10.0,Bearing3_2,2,1810,40Hz10kN/Bearing3_2/1810.csv,train,32768,25600,1.28,1,686
XJTU-SY,3,40Hz10kN,2400,10.0,Bearing3_2,2,1811,40Hz10kN/Bearing3_2/1811.csv,train,32768,25600,1.28,1,685
XJTU-SY,3,40Hz10kN,2400,10.0,Bearing3_2,2,1812,40Hz10kN/Bearing3_2/1812.csv,train,32768,25600,1.28,1,684
XJTU-SY,3,40Hz10kN,2400,10.0,Bearing3_2,2,1813,40Hz10kN/Bearing3_2/1813.csv,train,32768,25600,1.28,1,683
XJTU-SY,3,40Hz10kN,2400,10.0,Bearing3_2,2,1814,40Hz10kN/Bearing3_2/1814.csv,train,32768,25600,1.28,1,682
XJTU-SY,3,40Hz10kN,2400,10.0,Bearing3_2,2,1815,40Hz10kN/Bearing3_2/1815.csv,train,32768,25600,1.28,1,681
XJTU-SY,3,40Hz10kN,2400,10.0,Bearing3_2,2,1816,40Hz10kN/Bearing3_2/1816.csv,train,32768,25600,1.28,1,680
XJTU-SY,3,40Hz10kN,2400,10.0,Bearing3_2,2,1817,40Hz10kN/Bearing3_2/1817.csv,train,32768,25600,1.28,1,679
XJTU-SY,3,40Hz10kN,2400,10.0,Bearing3_2,2,1818,40Hz10kN/Bearing3_2/1818.csv,train,32768,25600,1.28,1,678
XJTU-SY,3,40Hz10kN,2400,10.0,Bearing3_2,2,1819,40Hz10kN/Bearing3_2/1819.csv,train,32768,25600,1.28,1,677
XJTU-SY,3,40Hz10kN,2400,10.0,Bearing3_2,2,1820,40Hz10kN/Bearing3_2/1820.csv,train,32768,25600,1.28,1,676
XJTU-SY,3,40Hz10kN,2400,10.0,Bearing3_2,2,1821,40Hz10kN/Bearing3_2/1821.csv,train,32768,25600,1.28,1,675
XJTU-SY,3,40Hz10kN,2400,10.0,Bearing3_2,2,1822,40Hz10kN/Bearing3_2/1822.csv,train,32768,25600,1.28,1,674
XJTU-SY,3,40Hz10kN,2400,10.0,Bearing3_2,2,1823,40Hz10kN/Bearing3_2/1823.csv,train,32768,25600,1.28,1,673
XJTU-SY,3,40Hz10kN,2400,10.0,Bearing3_2,2,1824,40Hz10kN/Bearing3_2/1824.csv,train,32768,25600,1.28,1,672
XJTU-SY,3,40Hz10kN,2400,10.0,Bearing3_2,2,1825,40Hz10kN/Bearing3_2/1825.csv,train,32768,25600,1.28,1,671
XJTU-SY,3,40Hz10kN,2400,10.0,Bearing3_2,2,1826,40Hz10kN/Bearing3_2/1826.csv,train,32768,25600,1.28,1,670
XJTU-SY,3,40Hz10kN,2400,10.0,Bearing3_2,2,1827,40Hz10kN/Bearing3_2/1827.csv,train,32768,25600,1.28,1,669
XJTU-SY,3,40Hz10kN,2400,10.0,Bearing3_2,2,1828,40Hz10kN/Bearing3_2/1828.csv,train,32768,25600,1.28,1,668
XJTU-SY,3,40Hz10kN,2400,10.0,Bearing3_2,2,1829,40Hz10kN/Bearing3_2/1829.csv,train,32768,25600,1.28,1,667
XJTU-SY,3,40Hz10kN,2400,10.0,Bearing3_2,2,1830,40Hz10kN/Bearing3_2/1830.csv,train,32768,25600,1.28,1,666
XJTU-SY,3,40Hz10kN,2400,10.0,Bearing3_2,2,1831,40Hz10kN/Bearing3_2/1831.csv,train,32768,25600,1.28,1,665
XJTU-SY,3,40Hz10kN,2400,10.0,Bearing3_2,2,1832,40Hz10kN/Bearing3_2/1832.csv,train,32768,25600,1.28,1,664
XJTU-SY,3,40Hz10kN,2400,10.0,Bearing3_2,2,1833,40Hz10kN/Bearing3_2/1833.csv,train,32768,25600,1.28,1,663
XJTU-SY,3,40Hz10kN,2400,10.0,Bearing3_2,2,1834,40Hz10kN/Bearing3_2/1834.csv,train,32768,25600,1.28,1,662
XJTU-SY,3,40Hz10kN,2400,10.0,Bearing3_2,2,1835,40Hz10kN/Bearing3_2/1835.csv,train,32768,25600,1.28,1,661
XJTU-SY,3,40Hz10kN,2400,10.0,Bearing3_2,2,1836,40Hz10kN/Bearing3_2/1836.csv,train,32768,25600,1.28,1,660
XJTU-SY,3,40Hz10kN,2400,10.0,Bearing3_2,2,1837,40Hz10kN/Bearing3_2/1837.csv,train,32768,25600,1.28,1,659
XJTU-SY,3,40Hz10kN,2400,10.0,Bearing3_2,2,1838,40Hz10kN/Bearing3_2/1838.csv,train,32768,25600,1.28,1,658
XJTU-SY,3,40Hz10kN,2400,10.0,Bearing3_2,2,1839,40Hz10kN/Bearing3_2/1839.csv,train,32768,25600,1.28,1,657
XJTU-SY,3,40Hz10kN,2400,10.0,Bearing3_2,2,1840,40Hz10kN/Bearing3_2/1840.csv,train,32768,25600,1.28,1,656
XJTU-SY,3,40Hz10kN,2400,10.0,Bearing3_2,2,1841,40Hz10kN/Bearing3_2/1841.csv,train,32768,25600,1.28,1,655
XJTU-SY,3,40Hz10kN,2400,10.0,Bearing3_2,2,1842,40Hz10kN/Bearing3_2/1842.csv,train,32768,25600,1.28,1,654
XJTU-SY,3,40Hz10kN,2400,10.0,Bearing3_2,2,1843,40Hz10kN/Bearing3_2/1843.csv,train,32768,25600,1.28,1,653
XJTU-SY,3,40Hz10kN,2400,10.0,Bearing3_2,2,1844,40Hz10kN/Bearing3_2/1844.csv,train,32768,25600,1.28,1,652
XJTU-SY,3,40Hz10kN,2400,10.0,Bearing3_2,2,1845,40Hz10kN/Bearing3_2/1845.csv,train,32768,25600,1.28,1,651
XJTU-SY,3,40Hz10kN,2400,10.0,Bearing3_2,2,1846,40Hz10kN/Bearing3_2/1846.csv,train,32768,25600,1.28,1,650
XJTU-SY,3,40Hz10kN,2400,10.0,Bearing3_2,2,1847,40Hz10kN/Bearing3_2/1847.csv,train,32768,25600,1.28,1,649
XJTU-SY,3,40Hz10kN,2400,10.0,Bearing3_2,2,1848,40Hz10kN/Bearing3_2/1848.csv,train,32768,25600,1.28,1,648
XJTU-SY,3,40Hz10kN,2400,10.0,Bearing3_2,2,1849,40Hz10kN/Bearing3_2/1849.csv,train,32768,25600,1.28,1,647
XJTU-SY,3,40Hz10kN,2400,10.0,Bearing3_2,2,1850,40Hz10kN/Bearing3_2/1850.csv,train,32768,25600,1.28,1,646
XJTU-SY,3,40Hz10kN,2400,10.0,Bearing3_2,2,1851,40Hz10kN/Bearing3_2/1851.csv,train,32768,25600,1.28,1,645
XJTU-SY,3,40Hz10kN,2400,10.0,Bearing3_2,2,1852,40Hz10kN/Bearing3_2/1852.csv,train,32768,25600,1.28,1,644
XJTU-SY,3,40Hz10kN,2400,10.0,Bearing3_2,2,1853,40Hz10kN/Bearing3_2/1853.csv,train,32768,25600,1.28,1,643
XJTU-SY,3,40Hz10kN,2400,10.0,Bearing3_2,2,1854,40Hz10kN/Bearing3_2/1854.csv,train,32768,25600,1.28,1,642
XJTU-SY,3,40Hz10kN,2400,10.0,Bearing3_2,2,1855,40Hz10kN/Bearing3_2/1855.csv,train,32768,25600,1.28,1,641
XJTU-SY,3,40Hz10kN,2400,10.0,Bearing3_2,2,1856,40Hz10kN/Bearing3_2/1856.csv,train,32768,25600,1.28,1,640
XJTU-SY,3,40Hz10kN,2400,10.0,Bearing3_2,2,1857,40Hz10kN/Bearing3_2/1857.csv,train,32768,25600,1.28,1,639
XJTU-SY,3,40Hz10kN,2400,10.0,Bearing3_2,2,1858,40Hz10kN/Bearing3_2/1858.csv,train,32768,25600,1.28,1,638
XJTU-SY,3,40Hz10kN,2400,10.0,Bearing3_2,2,1859,40Hz10kN/Bearing3_2/1859.csv,train,32768,25600,1.28,1,637
XJTU-SY,3,40Hz10kN,2400,10.0,Bearing3_2,2,1860,40Hz10kN/Bearing3_2/1860.csv,train,32768,25600,1.28,1,636
XJTU-SY,3,40Hz10kN,2400,10.0,Bearing3_2,2,1861,40Hz10kN/Bearing3_2/1861.csv,train,32768,25600,1.28,1,635
XJTU-SY,3,40Hz10kN,2400,10.0,Bearing3_2,2,1862,40Hz10kN/Bearing3_2/1862.csv,train,32768,25600,1.28,1,634
XJTU-SY,3,40Hz10kN,2400,10.0,Bearing3_2,2,1863,40Hz10kN/Bearing3_2/1863.csv,train,32768,25600,1.28,1,633
XJTU-SY,3,40Hz10kN,2400,10.0,Bearing3_2,2,1864,40Hz10kN/Bearing3_2/1864.csv,train,32768,25600,1.28,1,632
XJTU-SY,3,40Hz10kN,2400,10.0,Bearing3_2,2,1865,40Hz10kN/Bearing3_2/1865.csv,train,32768,25600,1.28,1,631
XJTU-SY,3,40Hz10kN,2400,10.0,Bearing3_2,2,1866,40Hz10kN/Bearing3_2/1866.csv,train,32768,25600,1.28,1,630
XJTU-SY,3,40Hz10kN,2400,10.0,Bearing3_2,2,1867,40Hz10kN/Bearing3_2/1867.csv,train,32768,25600,1.28,1,629
XJTU-SY,3,40Hz10kN,2400,10.0,Bearing3_2,2,1868,40Hz10kN/Bearing3_2/1868.csv,train,32768,25600,1.28,1,628
XJTU-SY,3,40Hz10kN,2400,10.0,Bearing3_2,2,1869,40Hz10kN/Bearing3_2/1869.csv,train,32768,25600,1.28,1,627
XJTU-SY,3,40Hz10kN,2400,10.0,Bearing3_2,2,1870,40Hz10kN/Bearing3_2/1870.csv,train,32768,25600,1.28,1,626
XJTU-SY,3,40Hz10kN,2400,10.0,Bearing3_2,2,1871,40Hz10kN/Bearing3_2/1871.csv,train,32768,25600,1.28,1,625
XJTU-SY,3,40Hz10kN,2400,10.0,Bearing3_2,2,1872,40Hz10kN/Bearing3_2/1872.csv,train,32768,25600,1.28,1,624
XJTU-SY,3,40Hz10kN,2400,10.0,Bearing3_2,2,1873,40Hz10kN/Bearing3_2/1873.csv,train,32768,25600,1.28,1,623
XJTU-SY,3,40Hz10kN,2400,10.0,Bearing3_2,2,1874,40Hz10kN/Bearing3_2/1874.csv,train,32768,25600,1.28,1,622
XJTU-SY,3,40Hz10kN,2400,10.0,Bearing3_2,2,1875,40Hz10kN/Bearing3_2/1875.csv,train,32768,25600,1.28,1,621
XJTU-SY,3,40Hz10kN,2400,10.0,Bearing3_2,2,1876,40Hz10kN/Bearing3_2/1876.csv,train,32768,25600,1.28,1,620
XJTU-SY,3,40Hz10kN,2400,10.0,Bearing3_2,2,1877,40Hz10kN/Bearing3_2/1877.csv,train,32768,25600,1.28,1,619
XJTU-SY,3,40Hz10kN,2400,10.0,Bearing3_2,2,1878,40Hz10kN/Bearing3_2/1878.csv,train,32768,25600,1.28,1,618
XJTU-SY,3,40Hz10kN,2400,10.0,Bearing3_2,2,1879,40Hz10kN/Bearing3_2/1879.csv,train,32768,25600,1.28,1,617
XJTU-SY,3,40Hz10kN,2400,10.0,Bearing3_2,2,1880,40Hz10kN/Bearing3_2/1880.csv,train,32768,25600,1.28,1,616
XJTU-SY,3,40Hz10kN,2400,10.0,Bearing3_2,2,1881,40Hz10kN/Bearing3_2/1881.csv,train,32768,25600,1.28,1,615
XJTU-SY,3,40Hz10kN,2400,10.0,Bearing3_2,2,1882,40Hz10kN/Bearing3_2/1882.csv,train,32768,25600,1.28,1,614
XJTU-SY,3,40Hz10kN,2400,10.0,Bearing3_2,2,1883,40Hz10kN/Bearing3_2/1883.csv,train,32768,25600,1.28,1,613
XJTU-SY,3,40Hz10kN,2400,10.0,Bearing3_2,2,1884,40Hz10kN/Bearing3_2/1884.csv,train,32768,25600,1.28,1,612
XJTU-SY,3,40Hz10kN,2400,10.0,Bearing3_2,2,1885,40Hz10kN/Bearing3_2/1885.csv,train,32768,25600,1.28,1,611
XJTU-SY,3,40Hz10kN,2400,10.0,Bearing3_2,2,1886,40Hz10kN/Bearing3_2/1886.csv,train,32768,25600,1.28,1,610
XJTU-SY,3,40Hz10kN,2400,10.0,Bearing3_2,2,1887,40Hz10kN/Bearing3_2/1887.csv,train,32768,25600,1.28,1,609
XJTU-SY,3,40Hz10kN,2400,10.0,Bearing3_2,2,1888,40Hz10kN/Bearing3_2/1888.csv,train,32768,25600,1.28,1,608
XJTU-SY,3,40Hz10kN,2400,10.0,Bearing3_2,2,1889,40Hz10kN/Bearing3_2/1889.csv,train,32768,25600,1.28,1,607
XJTU-SY,3,40Hz10kN,2400,10.0,Bearing3_2,2,1890,40Hz10kN/Bearing3_2/1890.csv,train,32768,25600,1.28,1,606
XJTU-SY,3,40Hz10kN,2400,10.0,Bearing3_2,2,1891,40Hz10kN/Bearing3_2/1891.csv,train,32768,25600,1.28,1,605
XJTU-SY,3,40Hz10kN,2400,10.0,Bearing3_2,2,1892,40Hz10kN/Bearing3_2/1892.csv,train,32768,25600,1.28,1,604
XJTU-SY,3,40Hz10kN,2400,10.0,Bearing3_2,2,1893,40Hz10kN/Bearing3_2/1893.csv,train,32768,25600,1.28,1,603
XJTU-SY,3,40Hz10kN,2400,10.0,Bearing3_2,2,1894,40Hz10kN/Bearing3_2/1894.csv,train,32768,25600,1.28,1,602
XJTU-SY,3,40Hz10kN,2400,10.0,Bearing3_2,2,1895,40Hz10kN/Bearing3_2/1895.csv,train,32768,25600,1.28,1,601
XJTU-SY,3,40Hz10kN,2400,10.0,Bearing3_2,2,1896,40Hz10kN/Bearing3_2/1896.csv,train,32768,25600,1.28,1,600
XJTU-SY,3,40Hz10kN,2400,10.0,Bearing3_2,2,1897,40Hz10kN/Bearing3_2/1897.csv,train,32768,25600,1.28,1,599
XJTU-SY,3,40Hz10kN,2400,10.0,Bearing3_2,2,1898,40Hz10kN/Bearing3_2/1898.csv,train,32768,25600,1.28,1,598
XJTU-SY,3,40Hz10kN,2400,10.0,Bearing3_2,2,1899,40Hz10kN/Bearing3_2/1899.csv,train,32768,25600,1.28,1,597
XJTU-SY,3,40Hz10kN,2400,10.0,Bearing3_2,2,1900,40Hz10kN/Bearing3_2/1900.csv,train,32768,25600,1.28,1,596
XJTU-SY,3,40Hz10kN,2400,10.0,Bearing3_2,2,1901,40Hz10kN/Bearing3_2/1901.csv,train,32768,25600,1.28,1,595
XJTU-SY,3,40Hz10kN,2400,10.0,Bearing3_2,2,1902,40Hz10kN/Bearing3_2/1902.csv,train,32768,25600,1.28,1,594
XJTU-SY,3,40Hz10kN,2400,10.0,Bearing3_2,2,1903,40Hz10kN/Bearing3_2/1903.csv,train,32768,25600,1.28,1,593
XJTU-SY,3,40Hz10kN,2400,10.0,Bearing3_2,2,1904,40Hz10kN/Bearing3_2/1904.csv,train,32768,25600,1.28,1,592
XJTU-SY,3,40Hz10kN,2400,10.0,Bearing3_2,2,1905,40Hz10kN/Bearing3_2/1905.csv,train,32768,25600,1.28,1,591
XJTU-SY,3,40Hz10kN,2400,10.0,Bearing3_2,2,1906,40Hz10kN/Bearing3_2/1906.csv,train,32768,25600,1.28,1,590
XJTU-SY,3,40Hz10kN,2400,10.0,Bearing3_2,2,1907,40Hz10kN/Bearing3_2/1907.csv,train,32768,25600,1.28,1,589
XJTU-SY,3,40Hz10kN,2400,10.0,Bearing3_2,2,1908,40Hz10kN/Bearing3_2/1908.csv,train,32768,25600,1.28,1,588
XJTU-SY,3,40Hz10kN,2400,10.0,Bearing3_2,2,1909,40Hz10kN/Bearing3_2/1909.csv,train,32768,25600,1.28,1,587
XJTU-SY,3,40Hz10kN,2400,10.0,Bearing3_2,2,1910,40Hz10kN/Bearing3_2/1910.csv,train,32768,25600,1.28,1,586
XJTU-SY,3,40Hz10kN,2400,10.0,Bearing3_2,2,1911,40Hz10kN/Bearing3_2/1911.csv,train,32768,25600,1.28,1,585
XJTU-SY,3,40Hz10kN,2400,10.0,Bearing3_2,2,1912,40Hz10kN/Bearing3_2/1912.csv,train,32768,25600,1.28,1,584
XJTU-SY,3,40Hz10kN,2400,10.0,Bearing3_2,2,1913,40Hz10kN/Bearing3_2/1913.csv,train,32768,25600,1.28,1,583
XJTU-SY,3,40Hz10kN,2400,10.0,Bearing3_2,2,1914,40Hz10kN/Bearing3_2/1914.csv,train,32768,25600,1.28,1,582
XJTU-SY,3,40Hz10kN,2400,10.0,Bearing3_2,2,1915,40Hz10kN/Bearing3_2/1915.csv,train,32768,25600,1.28,1,581
XJTU-SY,3,40Hz10kN,2400,10.0,Bearing3_2,2,1916,40Hz10kN/Bearing3_2/1916.csv,train,32768,25600,1.28,1,580
XJTU-SY,3,40Hz10kN,2400,10.0,Bearing3_2,2,1917,40Hz10kN/Bearing3_2/1917.csv,train,32768,25600,1.28,1,579
XJTU-SY,3,40Hz10kN,2400,10.0,Bearing3_2,2,1918,40Hz10kN/Bearing3_2/1918.csv,train,32768,25600,1.28,1,578
XJTU-SY,3,40Hz10kN,2400,10.0,Bearing3_2,2,1919,40Hz10kN/Bearing3_2/1919.csv,train,32768,25600,1.28,1,577
XJTU-SY,3,40Hz10kN,2400,10.0,Bearing3_2,2,1920,40Hz10kN/Bearing3_2/1920.csv,train,32768,25600,1.28,1,576
XJTU-SY,3,40Hz10kN,2400,10.0,Bearing3_2,2,1921,40Hz10kN/Bearing3_2/1921.csv,train,32768,25600,1.28,1,575
XJTU-SY,3,40Hz10kN,2400,10.0,Bearing3_2,2,1922,40Hz10kN/Bearing3_2/1922.csv,train,32768,25600,1.28,1,574
XJTU-SY,3,40Hz10kN,2400,10.0,Bearing3_2,2,1923,40Hz10kN/Bearing3_2/1923.csv,train,32768,25600,1.28,1,573
XJTU-SY,3,40Hz10kN,2400,10.0,Bearing3_2,2,1924,40Hz10kN/Bearing3_2/1924.csv,train,32768,25600,1.28,1,572
XJTU-SY,3,40Hz10kN,2400,10.0,Bearing3_2,2,1925,40Hz10kN/Bearing3_2/1925.csv,train,32768,25600,1.28,1,571
XJTU-SY,3,40Hz10kN,2400,10.0,Bearing3_2,2,1926,40Hz10kN/Bearing3_2/1926.csv,train,32768,25600,1.28,1,570
XJTU-SY,3,40Hz10kN,2400,10.0,Bearing3_2,2,1927,40Hz10kN/Bearing3_2/1927.csv,train,32768,25600,1.28,1,569
XJTU-SY,3,40Hz10kN,2400,10.0,Bearing3_2,2,1928,40Hz10kN/Bearing3_2/1928.csv,train,32768,25600,1.28,1,568
XJTU-SY,3,40Hz10kN,2400,10.0,Bearing3_2,2,1929,40Hz10kN/Bearing3_2/1929.csv,train,32768,25600,1.28,1,567
XJTU-SY,3,40Hz10kN,2400,10.0,Bearing3_2,2,1930,40Hz10kN/Bearing3_2/1930.csv,train,32768,25600,1.28,1,566
XJTU-SY,3,40Hz10kN,2400,10.0,Bearing3_2,2,1931,40Hz10kN/Bearing3_2/1931.csv,train,32768,25600,1.28,1,565
XJTU-SY,3,40Hz10kN,2400,10.0,Bearing3_2,2,1932,40Hz10kN/Bearing3_2/1932.csv,train,32768,25600,1.28,1,564
XJTU-SY,3,40Hz10kN,2400,10.0,Bearing3_2,2,1933,40Hz10kN/Bearing3_2/1933.csv,train,32768,25600,1.28,1,563
XJTU-SY,3,40Hz10kN,2400,10.0,Bearing3_2,2,1934,40Hz10kN/Bearing3_2/1934.csv,train,32768,25600,1.28,1,562
XJTU-SY,3,40Hz10kN,2400,10.0,Bearing3_2,2,1935,40Hz10kN/Bearing3_2/1935.csv,train,32768,25600,1.28,1,561
XJTU-SY,3,40Hz10kN,2400,10.0,Bearing3_2,2,1936,40Hz10kN/Bearing3_2/1936.csv,train,32768,25600,1.28,1,560
XJTU-SY,3,40Hz10kN,2400,10.0,Bearing3_2,2,1937,40Hz10kN/Bearing3_2/1937.csv,train,32768,25600,1.28,1,559
XJTU-SY,3,40Hz10kN,2400,10.0,Bearing3_2,2,1938,40Hz10kN/Bearing3_2/1938.csv,train,32768,25600,1.28,1,558
XJTU-SY,3,40Hz10kN,2400,10.0,Bearing3_2,2,1939,40Hz10kN/Bearing3_2/1939.csv,train,32768,25600,1.28,1,557
XJTU-SY,3,40Hz10kN,2400,10.0,Bearing3_2,2,1940,40Hz10kN/Bearing3_2/1940.csv,train,32768,25600,1.28,1,556
XJTU-SY,3,40Hz10kN,2400,10.0,Bearing3_2,2,1941,40Hz10kN/Bearing3_2/1941.csv,train,32768,25600,1.28,1,555
XJTU-SY,3,40Hz10kN,2400,10.0,Bearing3_2,2,1942,40Hz10kN/Bearing3_2/1942.csv,train,32768,25600,1.28,1,554
XJTU-SY,3,40Hz10kN,2400,10.0,Bearing3_2,2,1943,40Hz10kN/Bearing3_2/1943.csv,train,32768,25600,1.28,1,553
XJTU-SY,3,40Hz10kN,2400,10.0,Bearing3_2,2,1944,40Hz10kN/Bearing3_2/1944.csv,train,32768,25600,1.28,1,552
XJTU-SY,3,40Hz10kN,2400,10.0,Bearing3_2,2,1945,40Hz10kN/Bearing3_2/1945.csv,train,32768,25600,1.28,1,551
XJTU-SY,3,40Hz10kN,2400,10.0,Bearing3_2,2,1946,40Hz10kN/Bearing3_2/1946.csv,train,32768,25600,1.28,1,550
XJTU-SY,3,40Hz10kN,2400,10.0,Bearing3_2,2,1947,40Hz10kN/Bearing3_2/1947.csv,train,32768,25600,1.28,1,549
XJTU-SY,3,40Hz10kN,2400,10.0,Bearing3_2,2,1948,40Hz10kN/Bearing3_2/1948.csv,train,32768,25600,1.28,1,548
XJTU-SY,3,40Hz10kN,2400,10.0,Bearing3_2,2,1949,40Hz10kN/Bearing3_2/1949.csv,train,32768,25600,1.28,1,547
XJTU-SY,3,40Hz10kN,2400,10.0,Bearing3_2,2,1950,40Hz10kN/Bearing3_2/1950.csv,train,32768,25600,1.28,1,546
XJTU-SY,3,40Hz10kN,2400,10.0,Bearing3_2,2,1951,40Hz10kN/Bearing3_2/1951.csv,train,32768,25600,1.28,1,545
XJTU-SY,3,40Hz10kN,2400,10.0,Bearing3_2,2,1952,40Hz10kN/Bearing3_2/1952.csv,train,32768,25600,1.28,1,544
XJTU-SY,3,40Hz10kN,2400,10.0,Bearing3_2,2,1953,40Hz10kN/Bearing3_2/1953.csv,train,32768,25600,1.28,1,543
XJTU-SY,3,40Hz10kN,2400,10.0,Bearing3_2,2,1954,40Hz10kN/Bearing3_2/1954.csv,train,32768,25600,1.28,1,542
XJTU-SY,3,40Hz10kN,2400,10.0,Bearing3_2,2,1955,40Hz10kN/Bearing3_2/1955.csv,train,32768,25600,1.28,1,541
XJTU-SY,3,40Hz10kN,2400,10.0,Bearing3_2,2,1956,40Hz10kN/Bearing3_2/1956.csv,train,32768,25600,1.28,1,540
XJTU-SY,3,40Hz10kN,2400,10.0,Bearing3_2,2,1957,40Hz10kN/Bearing3_2/1957.csv,train,32768,25600,1.28,1,539
XJTU-SY,3,40Hz10kN,2400,10.0,Bearing3_2,2,1958,40Hz10kN/Bearing3_2/1958.csv,train,32768,25600,1.28,1,538
XJTU-SY,3,40Hz10kN,2400,10.0,Bearing3_2,2,1959,40Hz10kN/Bearing3_2/1959.csv,train,32768,25600,1.28,1,537
XJTU-SY,3,40Hz10kN,2400,10.0,Bearing3_2,2,1960,40Hz10kN/Bearing3_2/1960.csv,train,32768,25600,1.28,1,536
XJTU-SY,3,40Hz10kN,2400,10.0,Bearing3_2,2,1961,40Hz10kN/Bearing3_2/1961.csv,train,32768,25600,1.28,1,535
XJTU-SY,3,40Hz10kN,2400,10.0,Bearing3_2,2,1962,40Hz10kN/Bearing3_2/1962.csv,train,32768,25600,1.28,1,534
XJTU-SY,3,40Hz10kN,2400,10.0,Bearing3_2,2,1963,40Hz10kN/Bearing3_2/1963.csv,train,32768,25600,1.28,1,533
XJTU-SY,3,40Hz10kN,2400,10.0,Bearing3_2,2,1964,40Hz10kN/Bearing3_2/1964.csv,train,32768,25600,1.28,1,532
XJTU-SY,3,40Hz10kN,2400,10.0,Bearing3_2,2,1965,40Hz10kN/Bearing3_2/1965.csv,train,32768,25600,1.28,1,531
XJTU-SY,3,40Hz10kN,2400,10.0,Bearing3_2,2,1966,40Hz10kN/Bearing3_2/1966.csv,train,32768,25600,1.28,1,530
XJTU-SY,3,40Hz10kN,2400,10.0,Bearing3_2,2,1967,40Hz10kN/Bearing3_2/1967.csv,train,32768,25600,1.28,1,529
XJTU-SY,3,40Hz10kN,2400,10.0,Bearing3_2,2,1968,40Hz10kN/Bearing3_2/1968.csv,train,32768,25600,1.28,1,528
XJTU-SY,3,40Hz10kN,2400,10.0,Bearing3_2,2,1969,40Hz10kN/Bearing3_2/1969.csv,train,32768,25600,1.28,1,527
XJTU-SY,3,40Hz10kN,2400,10.0,Bearing3_2,2,1970,40Hz10kN/Bearing3_2/1970.csv,train,32768,25600,1.28,1,526
XJTU-SY,3,40Hz10kN,2400,10.0,Bearing3_2,2,1971,40Hz10kN/Bearing3_2/1971.csv,train,32768,25600,1.28,1,525
XJTU-SY,3,40Hz10kN,2400,10.0,Bearing3_2,2,1972,40Hz10kN/Bearing3_2/1972.csv,train,32768,25600,1.28,1,524
XJTU-SY,3,40Hz10kN,2400,10.0,Bearing3_2,2,1973,40Hz10kN/Bearing3_2/1973.csv,train,32768,25600,1.28,1,523
XJTU-SY,3,40Hz10kN,2400,10.0,Bearing3_2,2,1974,40Hz10kN/Bearing3_2/1974.csv,train,32768,25600,1.28,1,522
XJTU-SY,3,40Hz10kN,2400,10.0,Bearing3_2,2,1975,40Hz10kN/Bearing3_2/1975.csv,train,32768,25600,1.28,1,521
XJTU-SY,3,40Hz10kN,2400,10.0,Bearing3_2,2,1976,40Hz10kN/Bearing3_2/1976.csv,train,32768,25600,1.28,1,520
XJTU-SY,3,40Hz10kN,2400,10.0,Bearing3_2,2,1977,40Hz10kN/Bearing3_2/1977.csv,train,32768,25600,1.28,1,519
XJTU-SY,3,40Hz10kN,2400,10.0,Bearing3_2,2,1978,40Hz10kN/Bearing3_2/1978.csv,train,32768,25600,1.28,1,518
XJTU-SY,3,40Hz10kN,2400,10.0,Bearing3_2,2,1979,40Hz10kN/Bearing3_2/1979.csv,train,32768,25600,1.28,1,517
XJTU-SY,3,40Hz10kN,2400,10.0,Bearing3_2,2,1980,40Hz10kN/Bearing3_2/1980.csv,train,32768,25600,1.28,1,516
XJTU-SY,3,40Hz10kN,2400,10.0,Bearing3_2,2,1981,40Hz10kN/Bearing3_2/1981.csv,train,32768,25600,1.28,1,515
XJTU-SY,3,40Hz10kN,2400,10.0,Bearing3_2,2,1982,40Hz10kN/Bearing3_2/1982.csv,train,32768,25600,1.28,1,514
XJTU-SY,3,40Hz10kN,2400,10.0,Bearing3_2,2,1983,40Hz10kN/Bearing3_2/1983.csv,train,32768,25600,1.28,1,513
XJTU-SY,3,40Hz10kN,2400,10.0,Bearing3_2,2,1984,40Hz10kN/Bearing3_2/1984.csv,train,32768,25600,1.28,1,512
XJTU-SY,3,40Hz10kN,2400,10.0,Bearing3_2,2,1985,40Hz10kN/Bearing3_2/1985.csv,train,32768,25600,1.28,1,511
XJTU-SY,3,40Hz10kN,2400,10.0,Bearing3_2,2,1986,40Hz10kN/Bearing3_2/1986.csv,train,32768,25600,1.28,1,510
XJTU-SY,3,40Hz10kN,2400,10.0,Bearing3_2,2,1987,40Hz10kN/Bearing3_2/1987.csv,train,32768,25600,1.28,1,509
XJTU-SY,3,40Hz10kN,2400,10.0,Bearing3_2,2,1988,40Hz10kN/Bearing3_2/1988.csv,train,32768,25600,1.28,1,508
XJTU-SY,3,40Hz10kN,2400,10.0,Bearing3_2,2,1989,40Hz10kN/Bearing3_2/1989.csv,train,32768,25600,1.28,1,507
XJTU-SY,3,40Hz10kN,2400,10.0,Bearing3_2,2,1990,40Hz10kN/Bearing3_2/1990.csv,train,32768,25600,1.28,1,506
XJTU-SY,3,40Hz10kN,2400,10.0,Bearing3_2,2,1991,40Hz10kN/Bearing3_2/1991.csv,train,32768,25600,1.28,1,505
XJTU-SY,3,40Hz10kN,2400,10.0,Bearing3_2,2,1992,40Hz10kN/Bearing3_2/1992.csv,train,32768,25600,1.28,1,504
XJTU-SY,3,40Hz10kN,2400,10.0,Bearing3_2,2,1993,40Hz10kN/Bearing3_2/1993.csv,train,32768,25600,1.28,1,503
XJTU-SY,3,40Hz10kN,2400,10.0,Bearing3_2,2,1994,40Hz10kN/Bearing3_2/1994.csv,train,32768,25600,1.28,1,502
XJTU-SY,3,40Hz10kN,2400,10.0,Bearing3_2,2,1995,40Hz10kN/Bearing3_2/1995.csv,train,32768,25600,1.28,1,501
XJTU-SY,3,40Hz10kN,2400,10.0,Bearing3_2,2,1996,40Hz10kN/Bearing3_2/1996.csv,train,32768,25600,1.28,1,500
XJTU-SY,3,40Hz10kN,2400,10.0,Bearing3_2,2,1997,40Hz10kN/Bearing3_2/1997.csv,train,32768,25600,1.28,1,499
XJTU-SY,3,40Hz10kN,2400,10.0,Bearing3_2,2,1998,40Hz10kN/Bearing3_2/1998.csv,train,32768,25600,1.28,1,498
XJTU-SY,3,40Hz10kN,2400,10.0,Bearing3_2,2,1999,40Hz10kN/Bearing3_2/1999.csv,train,32768,25600,1.28,1,497
XJTU-SY,3,40Hz10kN,2400,10.0,Bearing3_2,2,2000,40Hz10kN/Bearing3_2/2000.csv,train,32768,25600,1.28,1,496
XJTU-SY,3,40Hz10kN,2400,10.0,Bearing3_2,2,2001,40Hz10kN/Bearing3_2/2001.csv,train,32768,25600,1.28,1,495
XJTU-SY,3,40Hz10kN,2400,10.0,Bearing3_2,2,2002,40Hz10kN/Bearing3_2/2002.csv,train,32768,25600,1.28,1,494
XJTU-SY,3,40Hz10kN,2400,10.0,Bearing3_2,2,2003,40Hz10kN/Bearing3_2/2003.csv,train,32768,25600,1.28,1,493
XJTU-SY,3,40Hz10kN,2400,10.0,Bearing3_2,2,2004,40Hz10kN/Bearing3_2/2004.csv,train,32768,25600,1.28,1,492
XJTU-SY,3,40Hz10kN,2400,10.0,Bearing3_2,2,2005,40Hz10kN/Bearing3_2/2005.csv,train,32768,25600,1.28,1,491
XJTU-SY,3,40Hz10kN,2400,10.0,Bearing3_2,2,2006,40Hz10kN/Bearing3_2/2006.csv,train,32768,25600,1.28,1,490
XJTU-SY,3,40Hz10kN,2400,10.0,Bearing3_2,2,2007,40Hz10kN/Bearing3_2/2007.csv,train,32768,25600,1.28,1,489
XJTU-SY,3,40Hz10kN,2400,10.0,Bearing3_2,2,2008,40Hz10kN/Bearing3_2/2008.csv,train,32768,25600,1.28,1,488
XJTU-SY,3,40Hz10kN,2400,10.0,Bearing3_2,2,2009,40Hz10kN/Bearing3_2/2009.csv,train,32768,25600,1.28,1,487
XJTU-SY,3,40Hz10kN,2400,10.0,Bearing3_2,2,2010,40Hz10kN/Bearing3_2/2010.csv,train,32768,25600,1.28,1,486
XJTU-SY,3,40Hz10kN,2400,10.0,Bearing3_2,2,2011,40Hz10kN/Bearing3_2/2011.csv,train,32768,25600,1.28,1,485
XJTU-SY,3,40Hz10kN,2400,10.0,Bearing3_2,2,2012,40Hz10kN/Bearing3_2/2012.csv,train,32768,25600,1.28,1,484
XJTU-SY,3,40Hz10kN,2400,10.0,Bearing3_2,2,2013,40Hz10kN/Bearing3_2/2013.csv,train,32768,25600,1.28,1,483
XJTU-SY,3,40Hz10kN,2400,10.0,Bearing3_2,2,2014,40Hz10kN/Bearing3_2/2014.csv,train,32768,25600,1.28,1,482
XJTU-SY,3,40Hz10kN,2400,10.0,Bearing3_2,2,2015,40Hz10kN/Bearing3_2/2015.csv,train,32768,25600,1.28,1,481
XJTU-SY,3,40Hz10kN,2400,10.0,Bearing3_2,2,2016,40Hz10kN/Bearing3_2/2016.csv,train,32768,25600,1.28,1,480
XJTU-SY,3,40Hz10kN,2400,10.0,Bearing3_2,2,2017,40Hz10kN/Bearing3_2/2017.csv,train,32768,25600,1.28,1,479
XJTU-SY,3,40Hz10kN,2400,10.0,Bearing3_2,2,2018,40Hz10kN/Bearing3_2/2018.csv,train,32768,25600,1.28,1,478
XJTU-SY,3,40Hz10kN,2400,10.0,Bearing3_2,2,2019,40Hz10kN/Bearing3_2/2019.csv,train,32768,25600,1.28,1,477
XJTU-SY,3,40Hz10kN,2400,10.0,Bearing3_2,2,2020,40Hz10kN/Bearing3_2/2020.csv,train,32768,25600,1.28,1,476
XJTU-SY,3,40Hz10kN,2400,10.0,Bearing3_2,2,2021,40Hz10kN/Bearing3_2/2021.csv,train,32768,25600,1.28,1,475
XJTU-SY,3,40Hz10kN,2400,10.0,Bearing3_2,2,2022,40Hz10kN/Bearing3_2/2022.csv,train,32768,25600,1.28,1,474
XJTU-SY,3,40Hz10kN,2400,10.0,Bearing3_2,2,2023,40Hz10kN/Bearing3_2/2023.csv,train,32768,25600,1.28,1,473
XJTU-SY,3,40Hz10kN,2400,10.0,Bearing3_2,2,2024,40Hz10kN/Bearing3_2/2024.csv,train,32768,25600,1.28,1,472
XJTU-SY,3,40Hz10kN,2400,10.0,Bearing3_2,2,2025,40Hz10kN/Bearing3_2/2025.csv,train,32768,25600,1.28,1,471
XJTU-SY,3,40Hz10kN,2400,10.0,Bearing3_2,2,2026,40Hz10kN/Bearing3_2/2026.csv,train,32768,25600,1.28,1,470
XJTU-SY,3,40Hz10kN,2400,10.0,Bearing3_2,2,2027,40Hz10kN/Bearing3_2/2027.csv,train,32768,25600,1.28,1,469
XJTU-SY,3,40Hz10kN,2400,10.0,Bearing3_2,2,2028,40Hz10kN/Bearing3_2/2028.csv,train,32768,25600,1.28,1,468
XJTU-SY,3,40Hz10kN,2400,10.0,Bearing3_2,2,2029,40Hz10kN/Bearing3_2/2029.csv,train,32768,25600,1.28,1,467
XJTU-SY,3,40Hz10kN,2400,10.0,Bearing3_2,2,2030,40Hz10kN/Bearing3_2/2030.csv,train,32768,25600,1.28,1,466
XJTU-SY,3,40Hz10kN,2400,10.0,Bearing3_2,2,2031,40Hz10kN/Bearing3_2/2031.csv,train,32768,25600,1.28,1,465
XJTU-SY,3,40Hz10kN,2400,10.0,Bearing3_2,2,2032,40Hz10kN/Bearing3_2/2032.csv,train,32768,25600,1.28,1,464
XJTU-SY,3,40Hz10kN,2400,10.0,Bearing3_2,2,2033,40Hz10kN/Bearing3_2/2033.csv,train,32768,25600,1.28,1,463
XJTU-SY,3,40Hz10kN,2400,10.0,Bearing3_2,2,2034,40Hz10kN/Bearing3_2/2034.csv,train,32768,25600,1.28,1,462
XJTU-SY,3,40Hz10kN,2400,10.0,Bearing3_2,2,2035,40Hz10kN/Bearing3_2/2035.csv,train,32768,25600,1.28,1,461
XJTU-SY,3,40Hz10kN,2400,10.0,Bearing3_2,2,2036,40Hz10kN/Bearing3_2/2036.csv,train,32768,25600,1.28,1,460
XJTU-SY,3,40Hz10kN,2400,10.0,Bearing3_2,2,2037,40Hz10kN/Bearing3_2/2037.csv,train,32768,25600,1.28,1,459
XJTU-SY,3,40Hz10kN,2400,10.0,Bearing3_2,2,2038,40Hz10kN/Bearing3_2/2038.csv,train,32768,25600,1.28,1,458
XJTU-SY,3,40Hz10kN,2400,10.0,Bearing3_2,2,2039,40Hz10kN/Bearing3_2/2039.csv,train,32768,25600,1.28,1,457
XJTU-SY,3,40Hz10kN,2400,10.0,Bearing3_2,2,2040,40Hz10kN/Bearing3_2/2040.csv,train,32768,25600,1.28,1,456
XJTU-SY,3,40Hz10kN,2400,10.0,Bearing3_2,2,2041,40Hz10kN/Bearing3_2/2041.csv,train,32768,25600,1.28,1,455
XJTU-SY,3,40Hz10kN,2400,10.0,Bearing3_2,2,2042,40Hz10kN/Bearing3_2/2042.csv,train,32768,25600,1.28,1,454
XJTU-SY,3,40Hz10kN,2400,10.0,Bearing3_2,2,2043,40Hz10kN/Bearing3_2/2043.csv,train,32768,25600,1.28,1,453
XJTU-SY,3,40Hz10kN,2400,10.0,Bearing3_2,2,2044,40Hz10kN/Bearing3_2/2044.csv,train,32768,25600,1.28,1,452
XJTU-SY,3,40Hz10kN,2400,10.0,Bearing3_2,2,2045,40Hz10kN/Bearing3_2/2045.csv,train,32768,25600,1.28,1,451
XJTU-SY,3,40Hz10kN,2400,10.0,Bearing3_2,2,2046,40Hz10kN/Bearing3_2/2046.csv,train,32768,25600,1.28,1,450
XJTU-SY,3,40Hz10kN,2400,10.0,Bearing3_2,2,2047,40Hz10kN/Bearing3_2/2047.csv,train,32768,25600,1.28,1,449
XJTU-SY,3,40Hz10kN,2400,10.0,Bearing3_2,2,2048,40Hz10kN/Bearing3_2/2048.csv,train,32768,25600,1.28,1,448
XJTU-SY,3,40Hz10kN,2400,10.0,Bearing3_2,2,2049,40Hz10kN/Bearing3_2/2049.csv,train,32768,25600,1.28,1,447
XJTU-SY,3,40Hz10kN,2400,10.0,Bearing3_2,2,2050,40Hz10kN/Bearing3_2/2050.csv,train,32768,25600,1.28,1,446
XJTU-SY,3,40Hz10kN,2400,10.0,Bearing3_2,2,2051,40Hz10kN/Bearing3_2/2051.csv,train,32768,25600,1.28,1,445
XJTU-SY,3,40Hz10kN,2400,10.0,Bearing3_2,2,2052,40Hz10kN/Bearing3_2/2052.csv,train,32768,25600,1.28,1,444
XJTU-SY,3,40Hz10kN,2400,10.0,Bearing3_2,2,2053,40Hz10kN/Bearing3_2/2053.csv,train,32768,25600,1.28,1,443
XJTU-SY,3,40Hz10kN,2400,10.0,Bearing3_2,2,2054,40Hz10kN/Bearing3_2/2054.csv,train,32768,25600,1.28,1,442
XJTU-SY,3,40Hz10kN,2400,10.0,Bearing3_2,2,2055,40Hz10kN/Bearing3_2/2055.csv,train,32768,25600,1.28,1,441
XJTU-SY,3,40Hz10kN,2400,10.0,Bearing3_2,2,2056,40Hz10kN/Bearing3_2/2056.csv,train,32768,25600,1.28,1,440
XJTU-SY,3,40Hz10kN,2400,10.0,Bearing3_2,2,2057,40Hz10kN/Bearing3_2/2057.csv,train,32768,25600,1.28,1,439
XJTU-SY,3,40Hz10kN,2400,10.0,Bearing3_2,2,2058,40Hz10kN/Bearing3_2/2058.csv,train,32768,25600,1.28,1,438
XJTU-SY,3,40Hz10kN,2400,10.0,Bearing3_2,2,2059,40Hz10kN/Bearing3_2/2059.csv,train,32768,25600,1.28,1,437
XJTU-SY,3,40Hz10kN,2400,10.0,Bearing3_2,2,2060,40Hz10kN/Bearing3_2/2060.csv,train,32768,25600,1.28,1,436
XJTU-SY,3,40Hz10kN,2400,10.0,Bearing3_2,2,2061,40Hz10kN/Bearing3_2/2061.csv,train,32768,25600,1.28,1,435
XJTU-SY,3,40Hz10kN,2400,10.0,Bearing3_2,2,2062,40Hz10kN/Bearing3_2/2062.csv,train,32768,25600,1.28,1,434
XJTU-SY,3,40Hz10kN,2400,10.0,Bearing3_2,2,2063,40Hz10kN/Bearing3_2/2063.csv,train,32768,25600,1.28,1,433
XJTU-SY,3,40Hz10kN,2400,10.0,Bearing3_2,2,2064,40Hz10kN/Bearing3_2/2064.csv,train,32768,25600,1.28,1,432
XJTU-SY,3,40Hz10kN,2400,10.0,Bearing3_2,2,2065,40Hz10kN/Bearing3_2/2065.csv,train,32768,25600,1.28,1,431
XJTU-SY,3,40Hz10kN,2400,10.0,Bearing3_2,2,2066,40Hz10kN/Bearing3_2/2066.csv,train,32768,25600,1.28,1,430
XJTU-SY,3,40Hz10kN,2400,10.0,Bearing3_2,2,2067,40Hz10kN/Bearing3_2/2067.csv,train,32768,25600,1.28,1,429
XJTU-SY,3,40Hz10kN,2400,10.0,Bearing3_2,2,2068,40Hz10kN/Bearing3_2/2068.csv,train,32768,25600,1.28,1,428
XJTU-SY,3,40Hz10kN,2400,10.0,Bearing3_2,2,2069,40Hz10kN/Bearing3_2/2069.csv,train,32768,25600,1.28,1,427
XJTU-SY,3,40Hz10kN,2400,10.0,Bearing3_2,2,2070,40Hz10kN/Bearing3_2/2070.csv,train,32768,25600,1.28,1,426
XJTU-SY,3,40Hz10kN,2400,10.0,Bearing3_2,2,2071,40Hz10kN/Bearing3_2/2071.csv,train,32768,25600,1.28,1,425
XJTU-SY,3,40Hz10kN,2400,10.0,Bearing3_2,2,2072,40Hz10kN/Bearing3_2/2072.csv,train,32768,25600,1.28,1,424
XJTU-SY,3,40Hz10kN,2400,10.0,Bearing3_2,2,2073,40Hz10kN/Bearing3_2/2073.csv,train,32768,25600,1.28,1,423
XJTU-SY,3,40Hz10kN,2400,10.0,Bearing3_2,2,2074,40Hz10kN/Bearing3_2/2074.csv,train,32768,25600,1.28,1,422
XJTU-SY,3,40Hz10kN,2400,10.0,Bearing3_2,2,2075,40Hz10kN/Bearing3_2/2075.csv,train,32768,25600,1.28,1,421
XJTU-SY,3,40Hz10kN,2400,10.0,Bearing3_2,2,2076,40Hz10kN/Bearing3_2/2076.csv,train,32768,25600,1.28,1,420
XJTU-SY,3,40Hz10kN,2400,10.0,Bearing3_2,2,2077,40Hz10kN/Bearing3_2/2077.csv,train,32768,25600,1.28,1,419
XJTU-SY,3,40Hz10kN,2400,10.0,Bearing3_2,2,2078,40Hz10kN/Bearing3_2/2078.csv,train,32768,25600,1.28,1,418
XJTU-SY,3,40Hz10kN,2400,10.0,Bearing3_2,2,2079,40Hz10kN/Bearing3_2/2079.csv,train,32768,25600,1.28,1,417
XJTU-SY,3,40Hz10kN,2400,10.0,Bearing3_2,2,2080,40Hz10kN/Bearing3_2/2080.csv,train,32768,25600,1.28,1,416
XJTU-SY,3,40Hz10kN,2400,10.0,Bearing3_2,2,2081,40Hz10kN/Bearing3_2/2081.csv,train,32768,25600,1.28,1,415
XJTU-SY,3,40Hz10kN,2400,10.0,Bearing3_2,2,2082,40Hz10kN/Bearing3_2/2082.csv,train,32768,25600,1.28,1,414
XJTU-SY,3,40Hz10kN,2400,10.0,Bearing3_2,2,2083,40Hz10kN/Bearing3_2/2083.csv,train,32768,25600,1.28,1,413
XJTU-SY,3,40Hz10kN,2400,10.0,Bearing3_2,2,2084,40Hz10kN/Bearing3_2/2084.csv,train,32768,25600,1.28,1,412
XJTU-SY,3,40Hz10kN,2400,10.0,Bearing3_2,2,2085,40Hz10kN/Bearing3_2/2085.csv,train,32768,25600,1.28,1,411
XJTU-SY,3,40Hz10kN,2400,10.0,Bearing3_2,2,2086,40Hz10kN/Bearing3_2/2086.csv,train,32768,25600,1.28,1,410
XJTU-SY,3,40Hz10kN,2400,10.0,Bearing3_2,2,2087,40Hz10kN/Bearing3_2/2087.csv,train,32768,25600,1.28,1,409
XJTU-SY,3,40Hz10kN,2400,10.0,Bearing3_2,2,2088,40Hz10kN/Bearing3_2/2088.csv,train,32768,25600,1.28,1,408
XJTU-SY,3,40Hz10kN,2400,10.0,Bearing3_2,2,2089,40Hz10kN/Bearing3_2/2089.csv,train,32768,25600,1.28,1,407
XJTU-SY,3,40Hz10kN,2400,10.0,Bearing3_2,2,2090,40Hz10kN/Bearing3_2/2090.csv,train,32768,25600,1.28,1,406
XJTU-SY,3,40Hz10kN,2400,10.0,Bearing3_2,2,2091,40Hz10kN/Bearing3_2/2091.csv,train,32768,25600,1.28,1,405
XJTU-SY,3,40Hz10kN,2400,10.0,Bearing3_2,2,2092,40Hz10kN/Bearing3_2/2092.csv,train,32768,25600,1.28,1,404
XJTU-SY,3,40Hz10kN,2400,10.0,Bearing3_2,2,2093,40Hz10kN/Bearing3_2/2093.csv,train,32768,25600,1.28,1,403
XJTU-SY,3,40Hz10kN,2400,10.0,Bearing3_2,2,2094,40Hz10kN/Bearing3_2/2094.csv,train,32768,25600,1.28,1,402
XJTU-SY,3,40Hz10kN,2400,10.0,Bearing3_2,2,2095,40Hz10kN/Bearing3_2/2095.csv,train,32768,25600,1.28,1,401
XJTU-SY,3,40Hz10kN,2400,10.0,Bearing3_2,2,2096,40Hz10kN/Bearing3_2/2096.csv,train,32768,25600,1.28,1,400
XJTU-SY,3,40Hz10kN,2400,10.0,Bearing3_2,2,2097,40Hz10kN/Bearing3_2/2097.csv,train,32768,25600,1.28,1,399
XJTU-SY,3,40Hz10kN,2400,10.0,Bearing3_2,2,2098,40Hz10kN/Bearing3_2/2098.csv,train,32768,25600,1.28,1,398
XJTU-SY,3,40Hz10kN,2400,10.0,Bearing3_2,2,2099,40Hz10kN/Bearing3_2/2099.csv,train,32768,25600,1.28,1,397
XJTU-SY,3,40Hz10kN,2400,10.0,Bearing3_2,2,2100,40Hz10kN/Bearing3_2/2100.csv,train,32768,25600,1.28,1,396
XJTU-SY,3,40Hz10kN,2400,10.0,Bearing3_2,2,2101,40Hz10kN/Bearing3_2/2101.csv,train,32768,25600,1.28,1,395
XJTU-SY,3,40Hz10kN,2400,10.0,Bearing3_2,2,2102,40Hz10kN/Bearing3_2/2102.csv,train,32768,25600,1.28,1,394
XJTU-SY,3,40Hz10kN,2400,10.0,Bearing3_2,2,2103,40Hz10kN/Bearing3_2/2103.csv,train,32768,25600,1.28,1,393
XJTU-SY,3,40Hz10kN,2400,10.0,Bearing3_2,2,2104,40Hz10kN/Bearing3_2/2104.csv,train,32768,25600,1.28,1,392
XJTU-SY,3,40Hz10kN,2400,10.0,Bearing3_2,2,2105,40Hz10kN/Bearing3_2/2105.csv,train,32768,25600,1.28,1,391
XJTU-SY,3,40Hz10kN,2400,10.0,Bearing3_2,2,2106,40Hz10kN/Bearing3_2/2106.csv,train,32768,25600,1.28,1,390
XJTU-SY,3,40Hz10kN,2400,10.0,Bearing3_2,2,2107,40Hz10kN/Bearing3_2/2107.csv,train,32768,25600,1.28,1,389
XJTU-SY,3,40Hz10kN,2400,10.0,Bearing3_2,2,2108,40Hz10kN/Bearing3_2/2108.csv,train,32768,25600,1.28,1,388
XJTU-SY,3,40Hz10kN,2400,10.0,Bearing3_2,2,2109,40Hz10kN/Bearing3_2/2109.csv,train,32768,25600,1.28,1,387
XJTU-SY,3,40Hz10kN,2400,10.0,Bearing3_2,2,2110,40Hz10kN/Bearing3_2/2110.csv,train,32768,25600,1.28,1,386
XJTU-SY,3,40Hz10kN,2400,10.0,Bearing3_2,2,2111,40Hz10kN/Bearing3_2/2111.csv,train,32768,25600,1.28,1,385
XJTU-SY,3,40Hz10kN,2400,10.0,Bearing3_2,2,2112,40Hz10kN/Bearing3_2/2112.csv,train,32768,25600,1.28,1,384
XJTU-SY,3,40Hz10kN,2400,10.0,Bearing3_2,2,2113,40Hz10kN/Bearing3_2/2113.csv,train,32768,25600,1.28,1,383
XJTU-SY,3,40Hz10kN,2400,10.0,Bearing3_2,2,2114,40Hz10kN/Bearing3_2/2114.csv,train,32768,25600,1.28,1,382
XJTU-SY,3,40Hz10kN,2400,10.0,Bearing3_2,2,2115,40Hz10kN/Bearing3_2/2115.csv,train,32768,25600,1.28,1,381
XJTU-SY,3,40Hz10kN,2400,10.0,Bearing3_2,2,2116,40Hz10kN/Bearing3_2/2116.csv,train,32768,25600,1.28,1,380
XJTU-SY,3,40Hz10kN,2400,10.0,Bearing3_2,2,2117,40Hz10kN/Bearing3_2/2117.csv,train,32768,25600,1.28,1,379
XJTU-SY,3,40Hz10kN,2400,10.0,Bearing3_2,2,2118,40Hz10kN/Bearing3_2/2118.csv,train,32768,25600,1.28,1,378
XJTU-SY,3,40Hz10kN,2400,10.0,Bearing3_2,2,2119,40Hz10kN/Bearing3_2/2119.csv,train,32768,25600,1.28,1,377
XJTU-SY,3,40Hz10kN,2400,10.0,Bearing3_2,2,2120,40Hz10kN/Bearing3_2/2120.csv,train,32768,25600,1.28,1,376
XJTU-SY,3,40Hz10kN,2400,10.0,Bearing3_2,2,2121,40Hz10kN/Bearing3_2/2121.csv,train,32768,25600,1.28,1,375
XJTU-SY,3,40Hz10kN,2400,10.0,Bearing3_2,2,2122,40Hz10kN/Bearing3_2/2122.csv,train,32768,25600,1.28,1,374
XJTU-SY,3,40Hz10kN,2400,10.0,Bearing3_2,2,2123,40Hz10kN/Bearing3_2/2123.csv,train,32768,25600,1.28,1,373
XJTU-SY,3,40Hz10kN,2400,10.0,Bearing3_2,2,2124,40Hz10kN/Bearing3_2/2124.csv,train,32768,25600,1.28,1,372
XJTU-SY,3,40Hz10kN,2400,10.0,Bearing3_2,2,2125,40Hz10kN/Bearing3_2/2125.csv,train,32768,25600,1.28,1,371
XJTU-SY,3,40Hz10kN,2400,10.0,Bearing3_2,2,2126,40Hz10kN/Bearing3_2/2126.csv,train,32768,25600,1.28,1,370
XJTU-SY,3,40Hz10kN,2400,10.0,Bearing3_2,2,2127,40Hz10kN/Bearing3_2/2127.csv,train,32768,25600,1.28,1,369
XJTU-SY,3,40Hz10kN,2400,10.0,Bearing3_2,2,2128,40Hz10kN/Bearing3_2/2128.csv,train,32768,25600,1.28,1,368
XJTU-SY,3,40Hz10kN,2400,10.0,Bearing3_2,2,2129,40Hz10kN/Bearing3_2/2129.csv,train,32768,25600,1.28,1,367
XJTU-SY,3,40Hz10kN,2400,10.0,Bearing3_2,2,2130,40Hz10kN/Bearing3_2/2130.csv,train,32768,25600,1.28,1,366
XJTU-SY,3,40Hz10kN,2400,10.0,Bearing3_2,2,2131,40Hz10kN/Bearing3_2/2131.csv,train,32768,25600,1.28,1,365
XJTU-SY,3,40Hz10kN,2400,10.0,Bearing3_2,2,2132,40Hz10kN/Bearing3_2/2132.csv,train,32768,25600,1.28,1,364
XJTU-SY,3,40Hz10kN,2400,10.0,Bearing3_2,2,2133,40Hz10kN/Bearing3_2/2133.csv,train,32768,25600,1.28,1,363
XJTU-SY,3,40Hz10kN,2400,10.0,Bearing3_2,2,2134,40Hz10kN/Bearing3_2/2134.csv,train,32768,25600,1.28,1,362
XJTU-SY,3,40Hz10kN,2400,10.0,Bearing3_2,2,2135,40Hz10kN/Bearing3_2/2135.csv,train,32768,25600,1.28,1,361
XJTU-SY,3,40Hz10kN,2400,10.0,Bearing3_2,2,2136,40Hz10kN/Bearing3_2/2136.csv,train,32768,25600,1.28,1,360
XJTU-SY,3,40Hz10kN,2400,10.0,Bearing3_2,2,2137,40Hz10kN/Bearing3_2/2137.csv,train,32768,25600,1.28,1,359
XJTU-SY,3,40Hz10kN,2400,10.0,Bearing3_2,2,2138,40Hz10kN/Bearing3_2/2138.csv,train,32768,25600,1.28,1,358
XJTU-SY,3,40Hz10kN,2400,10.0,Bearing3_2,2,2139,40Hz10kN/Bearing3_2/2139.csv,train,32768,25600,1.28,1,357
XJTU-SY,3,40Hz10kN,2400,10.0,Bearing3_2,2,2140,40Hz10kN/Bearing3_2/2140.csv,train,32768,25600,1.28,1,356
XJTU-SY,3,40Hz10kN,2400,10.0,Bearing3_2,2,2141,40Hz10kN/Bearing3_2/2141.csv,train,32768,25600,1.28,1,355
XJTU-SY,3,40Hz10kN,2400,10.0,Bearing3_2,2,2142,40Hz10kN/Bearing3_2/2142.csv,train,32768,25600,1.28,1,354
XJTU-SY,3,40Hz10kN,2400,10.0,Bearing3_2,2,2143,40Hz10kN/Bearing3_2/2143.csv,train,32768,25600,1.28,1,353
XJTU-SY,3,40Hz10kN,2400,10.0,Bearing3_2,2,2144,40Hz10kN/Bearing3_2/2144.csv,train,32768,25600,1.28,1,352
XJTU-SY,3,40Hz10kN,2400,10.0,Bearing3_2,2,2145,40Hz10kN/Bearing3_2/2145.csv,train,32768,25600,1.28,1,351
XJTU-SY,3,40Hz10kN,2400,10.0,Bearing3_2,2,2146,40Hz10kN/Bearing3_2/2146.csv,train,32768,25600,1.28,1,350
XJTU-SY,3,40Hz10kN,2400,10.0,Bearing3_2,2,2147,40Hz10kN/Bearing3_2/2147.csv,train,32768,25600,1.28,1,349
XJTU-SY,3,40Hz10kN,2400,10.0,Bearing3_2,2,2148,40Hz10kN/Bearing3_2/2148.csv,train,32768,25600,1.28,1,348
XJTU-SY,3,40Hz10kN,2400,10.0,Bearing3_2,2,2149,40Hz10kN/Bearing3_2/2149.csv,train,32768,25600,1.28,1,347
XJTU-SY,3,40Hz10kN,2400,10.0,Bearing3_2,2,2150,40Hz10kN/Bearing3_2/2150.csv,train,32768,25600,1.28,1,346
XJTU-SY,3,40Hz10kN,2400,10.0,Bearing3_2,2,2151,40Hz10kN/Bearing3_2/2151.csv,train,32768,25600,1.28,1,345
XJTU-SY,3,40Hz10kN,2400,10.0,Bearing3_2,2,2152,40Hz10kN/Bearing3_2/2152.csv,train,32768,25600,1.28,1,344
XJTU-SY,3,40Hz10kN,2400,10.0,Bearing3_2,2,2153,40Hz10kN/Bearing3_2/2153.csv,train,32768,25600,1.28,1,343
XJTU-SY,3,40Hz10kN,2400,10.0,Bearing3_2,2,2154,40Hz10kN/Bearing3_2/2154.csv,train,32768,25600,1.28,1,342
XJTU-SY,3,40Hz10kN,2400,10.0,Bearing3_2,2,2155,40Hz10kN/Bearing3_2/2155.csv,train,32768,25600,1.28,1,341
XJTU-SY,3,40Hz10kN,2400,10.0,Bearing3_2,2,2156,40Hz10kN/Bearing3_2/2156.csv,train,32768,25600,1.28,1,340
XJTU-SY,3,40Hz10kN,2400,10.0,Bearing3_2,2,2157,40Hz10kN/Bearing3_2/2157.csv,train,32768,25600,1.28,1,339
XJTU-SY,3,40Hz10kN,2400,10.0,Bearing3_2,2,2158,40Hz10kN/Bearing3_2/2158.csv,train,32768,25600,1.28,1,338
XJTU-SY,3,40Hz10kN,2400,10.0,Bearing3_2,2,2159,40Hz10kN/Bearing3_2/2159.csv,train,32768,25600,1.28,1,337
XJTU-SY,3,40Hz10kN,2400,10.0,Bearing3_2,2,2160,40Hz10kN/Bearing3_2/2160.csv,train,32768,25600,1.28,1,336
XJTU-SY,3,40Hz10kN,2400,10.0,Bearing3_2,2,2161,40Hz10kN/Bearing3_2/2161.csv,train,32768,25600,1.28,1,335
XJTU-SY,3,40Hz10kN,2400,10.0,Bearing3_2,2,2162,40Hz10kN/Bearing3_2/2162.csv,train,32768,25600,1.28,1,334
XJTU-SY,3,40Hz10kN,2400,10.0,Bearing3_2,2,2163,40Hz10kN/Bearing3_2/2163.csv,train,32768,25600,1.28,1,333
XJTU-SY,3,40Hz10kN,2400,10.0,Bearing3_2,2,2164,40Hz10kN/Bearing3_2/2164.csv,train,32768,25600,1.28,1,332
XJTU-SY,3,40Hz10kN,2400,10.0,Bearing3_2,2,2165,40Hz10kN/Bearing3_2/2165.csv,train,32768,25600,1.28,1,331
XJTU-SY,3,40Hz10kN,2400,10.0,Bearing3_2,2,2166,40Hz10kN/Bearing3_2/2166.csv,train,32768,25600,1.28,1,330
XJTU-SY,3,40Hz10kN,2400,10.0,Bearing3_2,2,2167,40Hz10kN/Bearing3_2/2167.csv,train,32768,25600,1.28,1,329
XJTU-SY,3,40Hz10kN,2400,10.0,Bearing3_2,2,2168,40Hz10kN/Bearing3_2/2168.csv,train,32768,25600,1.28,1,328
XJTU-SY,3,40Hz10kN,2400,10.0,Bearing3_2,2,2169,40Hz10kN/Bearing3_2/2169.csv,train,32768,25600,1.28,1,327
XJTU-SY,3,40Hz10kN,2400,10.0,Bearing3_2,2,2170,40Hz10kN/Bearing3_2/2170.csv,train,32768,25600,1.28,1,326
XJTU-SY,3,40Hz10kN,2400,10.0,Bearing3_2,2,2171,40Hz10kN/Bearing3_2/2171.csv,train,32768,25600,1.28,1,325
XJTU-SY,3,40Hz10kN,2400,10.0,Bearing3_2,2,2172,40Hz10kN/Bearing3_2/2172.csv,train,32768,25600,1.28,1,324
XJTU-SY,3,40Hz10kN,2400,10.0,Bearing3_2,2,2173,40Hz10kN/Bearing3_2/2173.csv,train,32768,25600,1.28,1,323
XJTU-SY,3,40Hz10kN,2400,10.0,Bearing3_2,2,2174,40Hz10kN/Bearing3_2/2174.csv,train,32768,25600,1.28,1,322
XJTU-SY,3,40Hz10kN,2400,10.0,Bearing3_2,2,2175,40Hz10kN/Bearing3_2/2175.csv,train,32768,25600,1.28,1,321
XJTU-SY,3,40Hz10kN,2400,10.0,Bearing3_2,2,2176,40Hz10kN/Bearing3_2/2176.csv,train,32768,25600,1.28,1,320
XJTU-SY,3,40Hz10kN,2400,10.0,Bearing3_2,2,2177,40Hz10kN/Bearing3_2/2177.csv,train,32768,25600,1.28,1,319
XJTU-SY,3,40Hz10kN,2400,10.0,Bearing3_2,2,2178,40Hz10kN/Bearing3_2/2178.csv,train,32768,25600,1.28,1,318
XJTU-SY,3,40Hz10kN,2400,10.0,Bearing3_2,2,2179,40Hz10kN/Bearing3_2/2179.csv,train,32768,25600,1.28,1,317
XJTU-SY,3,40Hz10kN,2400,10.0,Bearing3_2,2,2180,40Hz10kN/Bearing3_2/2180.csv,train,32768,25600,1.28,1,316
XJTU-SY,3,40Hz10kN,2400,10.0,Bearing3_2,2,2181,40Hz10kN/Bearing3_2/2181.csv,train,32768,25600,1.28,1,315
XJTU-SY,3,40Hz10kN,2400,10.0,Bearing3_2,2,2182,40Hz10kN/Bearing3_2/2182.csv,train,32768,25600,1.28,1,314
XJTU-SY,3,40Hz10kN,2400,10.0,Bearing3_2,2,2183,40Hz10kN/Bearing3_2/2183.csv,train,32768,25600,1.28,1,313
XJTU-SY,3,40Hz10kN,2400,10.0,Bearing3_2,2,2184,40Hz10kN/Bearing3_2/2184.csv,train,32768,25600,1.28,1,312
XJTU-SY,3,40Hz10kN,2400,10.0,Bearing3_2,2,2185,40Hz10kN/Bearing3_2/2185.csv,train,32768,25600,1.28,1,311
XJTU-SY,3,40Hz10kN,2400,10.0,Bearing3_2,2,2186,40Hz10kN/Bearing3_2/2186.csv,train,32768,25600,1.28,1,310
XJTU-SY,3,40Hz10kN,2400,10.0,Bearing3_2,2,2187,40Hz10kN/Bearing3_2/2187.csv,train,32768,25600,1.28,1,309
XJTU-SY,3,40Hz10kN,2400,10.0,Bearing3_2,2,2188,40Hz10kN/Bearing3_2/2188.csv,train,32768,25600,1.28,1,308
XJTU-SY,3,40Hz10kN,2400,10.0,Bearing3_2,2,2189,40Hz10kN/Bearing3_2/2189.csv,train,32768,25600,1.28,1,307
XJTU-SY,3,40Hz10kN,2400,10.0,Bearing3_2,2,2190,40Hz10kN/Bearing3_2/2190.csv,train,32768,25600,1.28,1,306
XJTU-SY,3,40Hz10kN,2400,10.0,Bearing3_2,2,2191,40Hz10kN/Bearing3_2/2191.csv,train,32768,25600,1.28,1,305
XJTU-SY,3,40Hz10kN,2400,10.0,Bearing3_2,2,2192,40Hz10kN/Bearing3_2/2192.csv,train,32768,25600,1.28,1,304
XJTU-SY,3,40Hz10kN,2400,10.0,Bearing3_2,2,2193,40Hz10kN/Bearing3_2/2193.csv,train,32768,25600,1.28,1,303
XJTU-SY,3,40Hz10kN,2400,10.0,Bearing3_2,2,2194,40Hz10kN/Bearing3_2/2194.csv,train,32768,25600,1.28,1,302
XJTU-SY,3,40Hz10kN,2400,10.0,Bearing3_2,2,2195,40Hz10kN/Bearing3_2/2195.csv,train,32768,25600,1.28,1,301
XJTU-SY,3,40Hz10kN,2400,10.0,Bearing3_2,2,2196,40Hz10kN/Bearing3_2/2196.csv,train,32768,25600,1.28,1,300
XJTU-SY,3,40Hz10kN,2400,10.0,Bearing3_2,2,2197,40Hz10kN/Bearing3_2/2197.csv,train,32768,25600,1.28,1,299
XJTU-SY,3,40Hz10kN,2400,10.0,Bearing3_2,2,2198,40Hz10kN/Bearing3_2/2198.csv,train,32768,25600,1.28,1,298
XJTU-SY,3,40Hz10kN,2400,10.0,Bearing3_2,2,2199,40Hz10kN/Bearing3_2/2199.csv,train,32768,25600,1.28,1,297
XJTU-SY,3,40Hz10kN,2400,10.0,Bearing3_2,2,2200,40Hz10kN/Bearing3_2/2200.csv,train,32768,25600,1.28,1,296
XJTU-SY,3,40Hz10kN,2400,10.0,Bearing3_2,2,2201,40Hz10kN/Bearing3_2/2201.csv,train,32768,25600,1.28,1,295
XJTU-SY,3,40Hz10kN,2400,10.0,Bearing3_2,2,2202,40Hz10kN/Bearing3_2/2202.csv,train,32768,25600,1.28,1,294
XJTU-SY,3,40Hz10kN,2400,10.0,Bearing3_2,2,2203,40Hz10kN/Bearing3_2/2203.csv,train,32768,25600,1.28,1,293
XJTU-SY,3,40Hz10kN,2400,10.0,Bearing3_2,2,2204,40Hz10kN/Bearing3_2/2204.csv,train,32768,25600,1.28,1,292
XJTU-SY,3,40Hz10kN,2400,10.0,Bearing3_2,2,2205,40Hz10kN/Bearing3_2/2205.csv,train,32768,25600,1.28,1,291
XJTU-SY,3,40Hz10kN,2400,10.0,Bearing3_2,2,2206,40Hz10kN/Bearing3_2/2206.csv,train,32768,25600,1.28,1,290
XJTU-SY,3,40Hz10kN,2400,10.0,Bearing3_2,2,2207,40Hz10kN/Bearing3_2/2207.csv,train,32768,25600,1.28,1,289
XJTU-SY,3,40Hz10kN,2400,10.0,Bearing3_2,2,2208,40Hz10kN/Bearing3_2/2208.csv,train,32768,25600,1.28,1,288
XJTU-SY,3,40Hz10kN,2400,10.0,Bearing3_2,2,2209,40Hz10kN/Bearing3_2/2209.csv,train,32768,25600,1.28,1,287
XJTU-SY,3,40Hz10kN,2400,10.0,Bearing3_2,2,2210,40Hz10kN/Bearing3_2/2210.csv,train,32768,25600,1.28,1,286
XJTU-SY,3,40Hz10kN,2400,10.0,Bearing3_2,2,2211,40Hz10kN/Bearing3_2/2211.csv,train,32768,25600,1.28,1,285
XJTU-SY,3,40Hz10kN,2400,10.0,Bearing3_2,2,2212,40Hz10kN/Bearing3_2/2212.csv,train,32768,25600,1.28,1,284
XJTU-SY,3,40Hz10kN,2400,10.0,Bearing3_2,2,2213,40Hz10kN/Bearing3_2/2213.csv,train,32768,25600,1.28,1,283
XJTU-SY,3,40Hz10kN,2400,10.0,Bearing3_2,2,2214,40Hz10kN/Bearing3_2/2214.csv,train,32768,25600,1.28,1,282
XJTU-SY,3,40Hz10kN,2400,10.0,Bearing3_2,2,2215,40Hz10kN/Bearing3_2/2215.csv,train,32768,25600,1.28,1,281
XJTU-SY,3,40Hz10kN,2400,10.0,Bearing3_2,2,2216,40Hz10kN/Bearing3_2/2216.csv,train,32768,25600,1.28,1,280
XJTU-SY,3,40Hz10kN,2400,10.0,Bearing3_2,2,2217,40Hz10kN/Bearing3_2/2217.csv,train,32768,25600,1.28,1,279
XJTU-SY,3,40Hz10kN,2400,10.0,Bearing3_2,2,2218,40Hz10kN/Bearing3_2/2218.csv,train,32768,25600,1.28,1,278
XJTU-SY,3,40Hz10kN,2400,10.0,Bearing3_2,2,2219,40Hz10kN/Bearing3_2/2219.csv,train,32768,25600,1.28,1,277
XJTU-SY,3,40Hz10kN,2400,10.0,Bearing3_2,2,2220,40Hz10kN/Bearing3_2/2220.csv,train,32768,25600,1.28,1,276
XJTU-SY,3,40Hz10kN,2400,10.0,Bearing3_2,2,2221,40Hz10kN/Bearing3_2/2221.csv,train,32768,25600,1.28,1,275
XJTU-SY,3,40Hz10kN,2400,10.0,Bearing3_2,2,2222,40Hz10kN/Bearing3_2/2222.csv,train,32768,25600,1.28,1,274
XJTU-SY,3,40Hz10kN,2400,10.0,Bearing3_2,2,2223,40Hz10kN/Bearing3_2/2223.csv,train,32768,25600,1.28,1,273
XJTU-SY,3,40Hz10kN,2400,10.0,Bearing3_2,2,2224,40Hz10kN/Bearing3_2/2224.csv,train,32768,25600,1.28,1,272
XJTU-SY,3,40Hz10kN,2400,10.0,Bearing3_2,2,2225,40Hz10kN/Bearing3_2/2225.csv,train,32768,25600,1.28,1,271
XJTU-SY,3,40Hz10kN,2400,10.0,Bearing3_2,2,2226,40Hz10kN/Bearing3_2/2226.csv,train,32768,25600,1.28,1,270
XJTU-SY,3,40Hz10kN,2400,10.0,Bearing3_2,2,2227,40Hz10kN/Bearing3_2/2227.csv,train,32768,25600,1.28,1,269
XJTU-SY,3,40Hz10kN,2400,10.0,Bearing3_2,2,2228,40Hz10kN/Bearing3_2/2228.csv,train,32768,25600,1.28,1,268
XJTU-SY,3,40Hz10kN,2400,10.0,Bearing3_2,2,2229,40Hz10kN/Bearing3_2/2229.csv,train,32768,25600,1.28,1,267
XJTU-SY,3,40Hz10kN,2400,10.0,Bearing3_2,2,2230,40Hz10kN/Bearing3_2/2230.csv,train,32768,25600,1.28,1,266
XJTU-SY,3,40Hz10kN,2400,10.0,Bearing3_2,2,2231,40Hz10kN/Bearing3_2/2231.csv,train,32768,25600,1.28,1,265
XJTU-SY,3,40Hz10kN,2400,10.0,Bearing3_2,2,2232,40Hz10kN/Bearing3_2/2232.csv,train,32768,25600,1.28,1,264
XJTU-SY,3,40Hz10kN,2400,10.0,Bearing3_2,2,2233,40Hz10kN/Bearing3_2/2233.csv,train,32768,25600,1.28,1,263
XJTU-SY,3,40Hz10kN,2400,10.0,Bearing3_2,2,2234,40Hz10kN/Bearing3_2/2234.csv,train,32768,25600,1.28,1,262
XJTU-SY,3,40Hz10kN,2400,10.0,Bearing3_2,2,2235,40Hz10kN/Bearing3_2/2235.csv,train,32768,25600,1.28,1,261
XJTU-SY,3,40Hz10kN,2400,10.0,Bearing3_2,2,2236,40Hz10kN/Bearing3_2/2236.csv,train,32768,25600,1.28,1,260
XJTU-SY,3,40Hz10kN,2400,10.0,Bearing3_2,2,2237,40Hz10kN/Bearing3_2/2237.csv,train,32768,25600,1.28,1,259
XJTU-SY,3,40Hz10kN,2400,10.0,Bearing3_2,2,2238,40Hz10kN/Bearing3_2/2238.csv,train,32768,25600,1.28,1,258
XJTU-SY,3,40Hz10kN,2400,10.0,Bearing3_2,2,2239,40Hz10kN/Bearing3_2/2239.csv,train,32768,25600,1.28,1,257
XJTU-SY,3,40Hz10kN,2400,10.0,Bearing3_2,2,2240,40Hz10kN/Bearing3_2/2240.csv,train,32768,25600,1.28,1,256
XJTU-SY,3,40Hz10kN,2400,10.0,Bearing3_2,2,2241,40Hz10kN/Bearing3_2/2241.csv,train,32768,25600,1.28,1,255
XJTU-SY,3,40Hz10kN,2400,10.0,Bearing3_2,2,2242,40Hz10kN/Bearing3_2/2242.csv,train,32768,25600,1.28,1,254
XJTU-SY,3,40Hz10kN,2400,10.0,Bearing3_2,2,2243,40Hz10kN/Bearing3_2/2243.csv,train,32768,25600,1.28,1,253
XJTU-SY,3,40Hz10kN,2400,10.0,Bearing3_2,2,2244,40Hz10kN/Bearing3_2/2244.csv,train,32768,25600,1.28,1,252
XJTU-SY,3,40Hz10kN,2400,10.0,Bearing3_2,2,2245,40Hz10kN/Bearing3_2/2245.csv,train,32768,25600,1.28,1,251
XJTU-SY,3,40Hz10kN,2400,10.0,Bearing3_2,2,2246,40Hz10kN/Bearing3_2/2246.csv,train,32768,25600,1.28,1,250
XJTU-SY,3,40Hz10kN,2400,10.0,Bearing3_2,2,2247,40Hz10kN/Bearing3_2/2247.csv,train,32768,25600,1.28,1,249
XJTU-SY,3,40Hz10kN,2400,10.0,Bearing3_2,2,2248,40Hz10kN/Bearing3_2/2248.csv,train,32768,25600,1.28,1,248
XJTU-SY,3,40Hz10kN,2400,10.0,Bearing3_2,2,2249,40Hz10kN/Bearing3_2/2249.csv,train,32768,25600,1.28,1,247
XJTU-SY,3,40Hz10kN,2400,10.0,Bearing3_2,2,2250,40Hz10kN/Bearing3_2/2250.csv,train,32768,25600,1.28,1,246
XJTU-SY,3,40Hz10kN,2400,10.0,Bearing3_2,2,2251,40Hz10kN/Bearing3_2/2251.csv,train,32768,25600,1.28,1,245
XJTU-SY,3,40Hz10kN,2400,10.0,Bearing3_2,2,2252,40Hz10kN/Bearing3_2/2252.csv,train,32768,25600,1.28,1,244
XJTU-SY,3,40Hz10kN,2400,10.0,Bearing3_2,2,2253,40Hz10kN/Bearing3_2/2253.csv,train,32768,25600,1.28,1,243
XJTU-SY,3,40Hz10kN,2400,10.0,Bearing3_2,2,2254,40Hz10kN/Bearing3_2/2254.csv,train,32768,25600,1.28,1,242
XJTU-SY,3,40Hz10kN,2400,10.0,Bearing3_2,2,2255,40Hz10kN/Bearing3_2/2255.csv,train,32768,25600,1.28,1,241
XJTU-SY,3,40Hz10kN,2400,10.0,Bearing3_2,2,2256,40Hz10kN/Bearing3_2/2256.csv,train,32768,25600,1.28,1,240
XJTU-SY,3,40Hz10kN,2400,10.0,Bearing3_2,2,2257,40Hz10kN/Bearing3_2/2257.csv,train,32768,25600,1.28,1,239
XJTU-SY,3,40Hz10kN,2400,10.0,Bearing3_2,2,2258,40Hz10kN/Bearing3_2/2258.csv,train,32768,25600,1.28,1,238
XJTU-SY,3,40Hz10kN,2400,10.0,Bearing3_2,2,2259,40Hz10kN/Bearing3_2/2259.csv,train,32768,25600,1.28,1,237
XJTU-SY,3,40Hz10kN,2400,10.0,Bearing3_2,2,2260,40Hz10kN/Bearing3_2/2260.csv,train,32768,25600,1.28,1,236
XJTU-SY,3,40Hz10kN,2400,10.0,Bearing3_2,2,2261,40Hz10kN/Bearing3_2/2261.csv,train,32768,25600,1.28,1,235
XJTU-SY,3,40Hz10kN,2400,10.0,Bearing3_2,2,2262,40Hz10kN/Bearing3_2/2262.csv,train,32768,25600,1.28,1,234
XJTU-SY,3,40Hz10kN,2400,10.0,Bearing3_2,2,2263,40Hz10kN/Bearing3_2/2263.csv,train,32768,25600,1.28,1,233
XJTU-SY,3,40Hz10kN,2400,10.0,Bearing3_2,2,2264,40Hz10kN/Bearing3_2/2264.csv,train,32768,25600,1.28,1,232
XJTU-SY,3,40Hz10kN,2400,10.0,Bearing3_2,2,2265,40Hz10kN/Bearing3_2/2265.csv,train,32768,25600,1.28,1,231
XJTU-SY,3,40Hz10kN,2400,10.0,Bearing3_2,2,2266,40Hz10kN/Bearing3_2/2266.csv,train,32768,25600,1.28,1,230
XJTU-SY,3,40Hz10kN,2400,10.0,Bearing3_2,2,2267,40Hz10kN/Bearing3_2/2267.csv,train,32768,25600,1.28,1,229
XJTU-SY,3,40Hz10kN,2400,10.0,Bearing3_2,2,2268,40Hz10kN/Bearing3_2/2268.csv,train,32768,25600,1.28,1,228
XJTU-SY,3,40Hz10kN,2400,10.0,Bearing3_2,2,2269,40Hz10kN/Bearing3_2/2269.csv,train,32768,25600,1.28,1,227
XJTU-SY,3,40Hz10kN,2400,10.0,Bearing3_2,2,2270,40Hz10kN/Bearing3_2/2270.csv,train,32768,25600,1.28,1,226
XJTU-SY,3,40Hz10kN,2400,10.0,Bearing3_2,2,2271,40Hz10kN/Bearing3_2/2271.csv,train,32768,25600,1.28,1,225
XJTU-SY,3,40Hz10kN,2400,10.0,Bearing3_2,2,2272,40Hz10kN/Bearing3_2/2272.csv,train,32768,25600,1.28,1,224
XJTU-SY,3,40Hz10kN,2400,10.0,Bearing3_2,2,2273,40Hz10kN/Bearing3_2/2273.csv,train,32768,25600,1.28,1,223
XJTU-SY,3,40Hz10kN,2400,10.0,Bearing3_2,2,2274,40Hz10kN/Bearing3_2/2274.csv,train,32768,25600,1.28,1,222
XJTU-SY,3,40Hz10kN,2400,10.0,Bearing3_2,2,2275,40Hz10kN/Bearing3_2/2275.csv,train,32768,25600,1.28,1,221
XJTU-SY,3,40Hz10kN,2400,10.0,Bearing3_2,2,2276,40Hz10kN/Bearing3_2/2276.csv,train,32768,25600,1.28,1,220
XJTU-SY,3,40Hz10kN,2400,10.0,Bearing3_2,2,2277,40Hz10kN/Bearing3_2/2277.csv,train,32768,25600,1.28,1,219
XJTU-SY,3,40Hz10kN,2400,10.0,Bearing3_2,2,2278,40Hz10kN/Bearing3_2/2278.csv,train,32768,25600,1.28,1,218
XJTU-SY,3,40Hz10kN,2400,10.0,Bearing3_2,2,2279,40Hz10kN/Bearing3_2/2279.csv,train,32768,25600,1.28,1,217
XJTU-SY,3,40Hz10kN,2400,10.0,Bearing3_2,2,2280,40Hz10kN/Bearing3_2/2280.csv,train,32768,25600,1.28,1,216
XJTU-SY,3,40Hz10kN,2400,10.0,Bearing3_2,2,2281,40Hz10kN/Bearing3_2/2281.csv,train,32768,25600,1.28,1,215
XJTU-SY,3,40Hz10kN,2400,10.0,Bearing3_2,2,2282,40Hz10kN/Bearing3_2/2282.csv,train,32768,25600,1.28,1,214
XJTU-SY,3,40Hz10kN,2400,10.0,Bearing3_2,2,2283,40Hz10kN/Bearing3_2/2283.csv,train,32768,25600,1.28,1,213
XJTU-SY,3,40Hz10kN,2400,10.0,Bearing3_2,2,2284,40Hz10kN/Bearing3_2/2284.csv,train,32768,25600,1.28,1,212
XJTU-SY,3,40Hz10kN,2400,10.0,Bearing3_2,2,2285,40Hz10kN/Bearing3_2/2285.csv,train,32768,25600,1.28,1,211
XJTU-SY,3,40Hz10kN,2400,10.0,Bearing3_2,2,2286,40Hz10kN/Bearing3_2/2286.csv,train,32768,25600,1.28,1,210
XJTU-SY,3,40Hz10kN,2400,10.0,Bearing3_2,2,2287,40Hz10kN/Bearing3_2/2287.csv,train,32768,25600,1.28,1,209
XJTU-SY,3,40Hz10kN,2400,10.0,Bearing3_2,2,2288,40Hz10kN/Bearing3_2/2288.csv,train,32768,25600,1.28,1,208
XJTU-SY,3,40Hz10kN,2400,10.0,Bearing3_2,2,2289,40Hz10kN/Bearing3_2/2289.csv,train,32768,25600,1.28,1,207
XJTU-SY,3,40Hz10kN,2400,10.0,Bearing3_2,2,2290,40Hz10kN/Bearing3_2/2290.csv,train,32768,25600,1.28,1,206
XJTU-SY,3,40Hz10kN,2400,10.0,Bearing3_2,2,2291,40Hz10kN/Bearing3_2/2291.csv,train,32768,25600,1.28,1,205
XJTU-SY,3,40Hz10kN,2400,10.0,Bearing3_2,2,2292,40Hz10kN/Bearing3_2/2292.csv,train,32768,25600,1.28,1,204
XJTU-SY,3,40Hz10kN,2400,10.0,Bearing3_2,2,2293,40Hz10kN/Bearing3_2/2293.csv,train,32768,25600,1.28,1,203
XJTU-SY,3,40Hz10kN,2400,10.0,Bearing3_2,2,2294,40Hz10kN/Bearing3_2/2294.csv,train,32768,25600,1.28,1,202
XJTU-SY,3,40Hz10kN,2400,10.0,Bearing3_2,2,2295,40Hz10kN/Bearing3_2/2295.csv,train,32768,25600,1.28,1,201
XJTU-SY,3,40Hz10kN,2400,10.0,Bearing3_2,2,2296,40Hz10kN/Bearing3_2/2296.csv,train,32768,25600,1.28,1,200
XJTU-SY,3,40Hz10kN,2400,10.0,Bearing3_2,2,2297,40Hz10kN/Bearing3_2/2297.csv,train,32768,25600,1.28,1,199
XJTU-SY,3,40Hz10kN,2400,10.0,Bearing3_2,2,2298,40Hz10kN/Bearing3_2/2298.csv,train,32768,25600,1.28,1,198
XJTU-SY,3,40Hz10kN,2400,10.0,Bearing3_2,2,2299,40Hz10kN/Bearing3_2/2299.csv,train,32768,25600,1.28,1,197
XJTU-SY,3,40Hz10kN,2400,10.0,Bearing3_2,2,2300,40Hz10kN/Bearing3_2/2300.csv,train,32768,25600,1.28,1,196
XJTU-SY,3,40Hz10kN,2400,10.0,Bearing3_2,2,2301,40Hz10kN/Bearing3_2/2301.csv,train,32768,25600,1.28,1,195
XJTU-SY,3,40Hz10kN,2400,10.0,Bearing3_2,2,2302,40Hz10kN/Bearing3_2/2302.csv,train,32768,25600,1.28,1,194
XJTU-SY,3,40Hz10kN,2400,10.0,Bearing3_2,2,2303,40Hz10kN/Bearing3_2/2303.csv,train,32768,25600,1.28,1,193
XJTU-SY,3,40Hz10kN,2400,10.0,Bearing3_2,2,2304,40Hz10kN/Bearing3_2/2304.csv,train,32768,25600,1.28,1,192
XJTU-SY,3,40Hz10kN,2400,10.0,Bearing3_2,2,2305,40Hz10kN/Bearing3_2/2305.csv,train,32768,25600,1.28,1,191
XJTU-SY,3,40Hz10kN,2400,10.0,Bearing3_2,2,2306,40Hz10kN/Bearing3_2/2306.csv,train,32768,25600,1.28,1,190
XJTU-SY,3,40Hz10kN,2400,10.0,Bearing3_2,2,2307,40Hz10kN/Bearing3_2/2307.csv,train,32768,25600,1.28,1,189
XJTU-SY,3,40Hz10kN,2400,10.0,Bearing3_2,2,2308,40Hz10kN/Bearing3_2/2308.csv,train,32768,25600,1.28,1,188
XJTU-SY,3,40Hz10kN,2400,10.0,Bearing3_2,2,2309,40Hz10kN/Bearing3_2/2309.csv,train,32768,25600,1.28,1,187
XJTU-SY,3,40Hz10kN,2400,10.0,Bearing3_2,2,2310,40Hz10kN/Bearing3_2/2310.csv,train,32768,25600,1.28,1,186
XJTU-SY,3,40Hz10kN,2400,10.0,Bearing3_2,2,2311,40Hz10kN/Bearing3_2/2311.csv,train,32768,25600,1.28,1,185
XJTU-SY,3,40Hz10kN,2400,10.0,Bearing3_2,2,2312,40Hz10kN/Bearing3_2/2312.csv,train,32768,25600,1.28,1,184
XJTU-SY,3,40Hz10kN,2400,10.0,Bearing3_2,2,2313,40Hz10kN/Bearing3_2/2313.csv,train,32768,25600,1.28,1,183
XJTU-SY,3,40Hz10kN,2400,10.0,Bearing3_2,2,2314,40Hz10kN/Bearing3_2/2314.csv,train,32768,25600,1.28,1,182
XJTU-SY,3,40Hz10kN,2400,10.0,Bearing3_2,2,2315,40Hz10kN/Bearing3_2/2315.csv,train,32768,25600,1.28,1,181
XJTU-SY,3,40Hz10kN,2400,10.0,Bearing3_2,2,2316,40Hz10kN/Bearing3_2/2316.csv,train,32768,25600,1.28,1,180
XJTU-SY,3,40Hz10kN,2400,10.0,Bearing3_2,2,2317,40Hz10kN/Bearing3_2/2317.csv,train,32768,25600,1.28,1,179
XJTU-SY,3,40Hz10kN,2400,10.0,Bearing3_2,2,2318,40Hz10kN/Bearing3_2/2318.csv,train,32768,25600,1.28,1,178
XJTU-SY,3,40Hz10kN,2400,10.0,Bearing3_2,2,2319,40Hz10kN/Bearing3_2/2319.csv,train,32768,25600,1.28,1,177
XJTU-SY,3,40Hz10kN,2400,10.0,Bearing3_2,2,2320,40Hz10kN/Bearing3_2/2320.csv,train,32768,25600,1.28,1,176
XJTU-SY,3,40Hz10kN,2400,10.0,Bearing3_2,2,2321,40Hz10kN/Bearing3_2/2321.csv,train,32768,25600,1.28,1,175
XJTU-SY,3,40Hz10kN,2400,10.0,Bearing3_2,2,2322,40Hz10kN/Bearing3_2/2322.csv,train,32768,25600,1.28,1,174
XJTU-SY,3,40Hz10kN,2400,10.0,Bearing3_2,2,2323,40Hz10kN/Bearing3_2/2323.csv,train,32768,25600,1.28,1,173
XJTU-SY,3,40Hz10kN,2400,10.0,Bearing3_2,2,2324,40Hz10kN/Bearing3_2/2324.csv,train,32768,25600,1.28,1,172
XJTU-SY,3,40Hz10kN,2400,10.0,Bearing3_2,2,2325,40Hz10kN/Bearing3_2/2325.csv,train,32768,25600,1.28,1,171
XJTU-SY,3,40Hz10kN,2400,10.0,Bearing3_2,2,2326,40Hz10kN/Bearing3_2/2326.csv,train,32768,25600,1.28,1,170
XJTU-SY,3,40Hz10kN,2400,10.0,Bearing3_2,2,2327,40Hz10kN/Bearing3_2/2327.csv,train,32768,25600,1.28,1,169
XJTU-SY,3,40Hz10kN,2400,10.0,Bearing3_2,2,2328,40Hz10kN/Bearing3_2/2328.csv,train,32768,25600,1.28,1,168
XJTU-SY,3,40Hz10kN,2400,10.0,Bearing3_2,2,2329,40Hz10kN/Bearing3_2/2329.csv,train,32768,25600,1.28,1,167
XJTU-SY,3,40Hz10kN,2400,10.0,Bearing3_2,2,2330,40Hz10kN/Bearing3_2/2330.csv,train,32768,25600,1.28,1,166
XJTU-SY,3,40Hz10kN,2400,10.0,Bearing3_2,2,2331,40Hz10kN/Bearing3_2/2331.csv,train,32768,25600,1.28,1,165
XJTU-SY,3,40Hz10kN,2400,10.0,Bearing3_2,2,2332,40Hz10kN/Bearing3_2/2332.csv,train,32768,25600,1.28,1,164
XJTU-SY,3,40Hz10kN,2400,10.0,Bearing3_2,2,2333,40Hz10kN/Bearing3_2/2333.csv,train,32768,25600,1.28,1,163
XJTU-SY,3,40Hz10kN,2400,10.0,Bearing3_2,2,2334,40Hz10kN/Bearing3_2/2334.csv,train,32768,25600,1.28,1,162
XJTU-SY,3,40Hz10kN,2400,10.0,Bearing3_2,2,2335,40Hz10kN/Bearing3_2/2335.csv,train,32768,25600,1.28,1,161
XJTU-SY,3,40Hz10kN,2400,10.0,Bearing3_2,2,2336,40Hz10kN/Bearing3_2/2336.csv,train,32768,25600,1.28,1,160
XJTU-SY,3,40Hz10kN,2400,10.0,Bearing3_2,2,2337,40Hz10kN/Bearing3_2/2337.csv,train,32768,25600,1.28,1,159
XJTU-SY,3,40Hz10kN,2400,10.0,Bearing3_2,2,2338,40Hz10kN/Bearing3_2/2338.csv,train,32768,25600,1.28,1,158
XJTU-SY,3,40Hz10kN,2400,10.0,Bearing3_2,2,2339,40Hz10kN/Bearing3_2/2339.csv,train,32768,25600,1.28,1,157
XJTU-SY,3,40Hz10kN,2400,10.0,Bearing3_2,2,2340,40Hz10kN/Bearing3_2/2340.csv,train,32768,25600,1.28,1,156
XJTU-SY,3,40Hz10kN,2400,10.0,Bearing3_2,2,2341,40Hz10kN/Bearing3_2/2341.csv,train,32768,25600,1.28,1,155
XJTU-SY,3,40Hz10kN,2400,10.0,Bearing3_2,2,2342,40Hz10kN/Bearing3_2/2342.csv,train,32768,25600,1.28,1,154
XJTU-SY,3,40Hz10kN,2400,10.0,Bearing3_2,2,2343,40Hz10kN/Bearing3_2/2343.csv,train,32768,25600,1.28,1,153
XJTU-SY,3,40Hz10kN,2400,10.0,Bearing3_2,2,2344,40Hz10kN/Bearing3_2/2344.csv,train,32768,25600,1.28,1,152
XJTU-SY,3,40Hz10kN,2400,10.0,Bearing3_2,2,2345,40Hz10kN/Bearing3_2/2345.csv,train,32768,25600,1.28,1,151
XJTU-SY,3,40Hz10kN,2400,10.0,Bearing3_2,2,2346,40Hz10kN/Bearing3_2/2346.csv,train,32768,25600,1.28,1,150
XJTU-SY,3,40Hz10kN,2400,10.0,Bearing3_2,2,2347,40Hz10kN/Bearing3_2/2347.csv,train,32768,25600,1.28,1,149
XJTU-SY,3,40Hz10kN,2400,10.0,Bearing3_2,2,2348,40Hz10kN/Bearing3_2/2348.csv,train,32768,25600,1.28,1,148
XJTU-SY,3,40Hz10kN,2400,10.0,Bearing3_2,2,2349,40Hz10kN/Bearing3_2/2349.csv,train,32768,25600,1.28,1,147
XJTU-SY,3,40Hz10kN,2400,10.0,Bearing3_2,2,2350,40Hz10kN/Bearing3_2/2350.csv,train,32768,25600,1.28,1,146
XJTU-SY,3,40Hz10kN,2400,10.0,Bearing3_2,2,2351,40Hz10kN/Bearing3_2/2351.csv,train,32768,25600,1.28,1,145
XJTU-SY,3,40Hz10kN,2400,10.0,Bearing3_2,2,2352,40Hz10kN/Bearing3_2/2352.csv,train,32768,25600,1.28,1,144
XJTU-SY,3,40Hz10kN,2400,10.0,Bearing3_2,2,2353,40Hz10kN/Bearing3_2/2353.csv,train,32768,25600,1.28,1,143
XJTU-SY,3,40Hz10kN,2400,10.0,Bearing3_2,2,2354,40Hz10kN/Bearing3_2/2354.csv,train,32768,25600,1.28,1,142
XJTU-SY,3,40Hz10kN,2400,10.0,Bearing3_2,2,2355,40Hz10kN/Bearing3_2/2355.csv,train,32768,25600,1.28,1,141
XJTU-SY,3,40Hz10kN,2400,10.0,Bearing3_2,2,2356,40Hz10kN/Bearing3_2/2356.csv,train,32768,25600,1.28,1,140
XJTU-SY,3,40Hz10kN,2400,10.0,Bearing3_2,2,2357,40Hz10kN/Bearing3_2/2357.csv,train,32768,25600,1.28,1,139
XJTU-SY,3,40Hz10kN,2400,10.0,Bearing3_2,2,2358,40Hz10kN/Bearing3_2/2358.csv,train,32768,25600,1.28,1,138
XJTU-SY,3,40Hz10kN,2400,10.0,Bearing3_2,2,2359,40Hz10kN/Bearing3_2/2359.csv,train,32768,25600,1.28,1,137
XJTU-SY,3,40Hz10kN,2400,10.0,Bearing3_2,2,2360,40Hz10kN/Bearing3_2/2360.csv,train,32768,25600,1.28,1,136
XJTU-SY,3,40Hz10kN,2400,10.0,Bearing3_2,2,2361,40Hz10kN/Bearing3_2/2361.csv,train,32768,25600,1.28,1,135
XJTU-SY,3,40Hz10kN,2400,10.0,Bearing3_2,2,2362,40Hz10kN/Bearing3_2/2362.csv,train,32768,25600,1.28,1,134
XJTU-SY,3,40Hz10kN,2400,10.0,Bearing3_2,2,2363,40Hz10kN/Bearing3_2/2363.csv,train,32768,25600,1.28,1,133
XJTU-SY,3,40Hz10kN,2400,10.0,Bearing3_2,2,2364,40Hz10kN/Bearing3_2/2364.csv,train,32768,25600,1.28,1,132
XJTU-SY,3,40Hz10kN,2400,10.0,Bearing3_2,2,2365,40Hz10kN/Bearing3_2/2365.csv,train,32768,25600,1.28,1,131
XJTU-SY,3,40Hz10kN,2400,10.0,Bearing3_2,2,2366,40Hz10kN/Bearing3_2/2366.csv,train,32768,25600,1.28,1,130
XJTU-SY,3,40Hz10kN,2400,10.0,Bearing3_2,2,2367,40Hz10kN/Bearing3_2/2367.csv,train,32768,25600,1.28,1,129
XJTU-SY,3,40Hz10kN,2400,10.0,Bearing3_2,2,2368,40Hz10kN/Bearing3_2/2368.csv,train,32768,25600,1.28,1,128
XJTU-SY,3,40Hz10kN,2400,10.0,Bearing3_2,2,2369,40Hz10kN/Bearing3_2/2369.csv,train,32768,25600,1.28,1,127
XJTU-SY,3,40Hz10kN,2400,10.0,Bearing3_2,2,2370,40Hz10kN/Bearing3_2/2370.csv,train,32768,25600,1.28,1,126
XJTU-SY,3,40Hz10kN,2400,10.0,Bearing3_2,2,2371,40Hz10kN/Bearing3_2/2371.csv,train,32768,25600,1.28,1,125
XJTU-SY,3,40Hz10kN,2400,10.0,Bearing3_2,2,2372,40Hz10kN/Bearing3_2/2372.csv,train,32768,25600,1.28,1,124
XJTU-SY,3,40Hz10kN,2400,10.0,Bearing3_2,2,2373,40Hz10kN/Bearing3_2/2373.csv,train,32768,25600,1.28,1,123
XJTU-SY,3,40Hz10kN,2400,10.0,Bearing3_2,2,2374,40Hz10kN/Bearing3_2/2374.csv,train,32768,25600,1.28,1,122
XJTU-SY,3,40Hz10kN,2400,10.0,Bearing3_2,2,2375,40Hz10kN/Bearing3_2/2375.csv,train,32768,25600,1.28,1,121
XJTU-SY,3,40Hz10kN,2400,10.0,Bearing3_2,2,2376,40Hz10kN/Bearing3_2/2376.csv,train,32768,25600,1.28,1,120
XJTU-SY,3,40Hz10kN,2400,10.0,Bearing3_2,2,2377,40Hz10kN/Bearing3_2/2377.csv,train,32768,25600,1.28,1,119
XJTU-SY,3,40Hz10kN,2400,10.0,Bearing3_2,2,2378,40Hz10kN/Bearing3_2/2378.csv,train,32768,25600,1.28,1,118
XJTU-SY,3,40Hz10kN,2400,10.0,Bearing3_2,2,2379,40Hz10kN/Bearing3_2/2379.csv,train,32768,25600,1.28,1,117
XJTU-SY,3,40Hz10kN,2400,10.0,Bearing3_2,2,2380,40Hz10kN/Bearing3_2/2380.csv,train,32768,25600,1.28,1,116
XJTU-SY,3,40Hz10kN,2400,10.0,Bearing3_2,2,2381,40Hz10kN/Bearing3_2/2381.csv,train,32768,25600,1.28,1,115
XJTU-SY,3,40Hz10kN,2400,10.0,Bearing3_2,2,2382,40Hz10kN/Bearing3_2/2382.csv,train,32768,25600,1.28,1,114
XJTU-SY,3,40Hz10kN,2400,10.0,Bearing3_2,2,2383,40Hz10kN/Bearing3_2/2383.csv,train,32768,25600,1.28,1,113
XJTU-SY,3,40Hz10kN,2400,10.0,Bearing3_2,2,2384,40Hz10kN/Bearing3_2/2384.csv,train,32768,25600,1.28,1,112
XJTU-SY,3,40Hz10kN,2400,10.0,Bearing3_2,2,2385,40Hz10kN/Bearing3_2/2385.csv,train,32768,25600,1.28,1,111
XJTU-SY,3,40Hz10kN,2400,10.0,Bearing3_2,2,2386,40Hz10kN/Bearing3_2/2386.csv,train,32768,25600,1.28,1,110
XJTU-SY,3,40Hz10kN,2400,10.0,Bearing3_2,2,2387,40Hz10kN/Bearing3_2/2387.csv,train,32768,25600,1.28,1,109
XJTU-SY,3,40Hz10kN,2400,10.0,Bearing3_2,2,2388,40Hz10kN/Bearing3_2/2388.csv,train,32768,25600,1.28,1,108
XJTU-SY,3,40Hz10kN,2400,10.0,Bearing3_2,2,2389,40Hz10kN/Bearing3_2/2389.csv,train,32768,25600,1.28,1,107
XJTU-SY,3,40Hz10kN,2400,10.0,Bearing3_2,2,2390,40Hz10kN/Bearing3_2/2390.csv,train,32768,25600,1.28,1,106
XJTU-SY,3,40Hz10kN,2400,10.0,Bearing3_2,2,2391,40Hz10kN/Bearing3_2/2391.csv,train,32768,25600,1.28,1,105
XJTU-SY,3,40Hz10kN,2400,10.0,Bearing3_2,2,2392,40Hz10kN/Bearing3_2/2392.csv,train,32768,25600,1.28,1,104
XJTU-SY,3,40Hz10kN,2400,10.0,Bearing3_2,2,2393,40Hz10kN/Bearing3_2/2393.csv,train,32768,25600,1.28,1,103
XJTU-SY,3,40Hz10kN,2400,10.0,Bearing3_2,2,2394,40Hz10kN/Bearing3_2/2394.csv,train,32768,25600,1.28,1,102
XJTU-SY,3,40Hz10kN,2400,10.0,Bearing3_2,2,2395,40Hz10kN/Bearing3_2/2395.csv,train,32768,25600,1.28,1,101
XJTU-SY,3,40Hz10kN,2400,10.0,Bearing3_2,2,2396,40Hz10kN/Bearing3_2/2396.csv,train,32768,25600,1.28,1,100
XJTU-SY,3,40Hz10kN,2400,10.0,Bearing3_2,2,2397,40Hz10kN/Bearing3_2/2397.csv,train,32768,25600,1.28,1,99
XJTU-SY,3,40Hz10kN,2400,10.0,Bearing3_2,2,2398,40Hz10kN/Bearing3_2/2398.csv,train,32768,25600,1.28,1,98
XJTU-SY,3,40Hz10kN,2400,10.0,Bearing3_2,2,2399,40Hz10kN/Bearing3_2/2399.csv,train,32768,25600,1.28,1,97
XJTU-SY,3,40Hz10kN,2400,10.0,Bearing3_2,2,2400,40Hz10kN/Bearing3_2/2400.csv,train,32768,25600,1.28,1,96
XJTU-SY,3,40Hz10kN,2400,10.0,Bearing3_2,2,2401,40Hz10kN/Bearing3_2/2401.csv,train,32768,25600,1.28,1,95
XJTU-SY,3,40Hz10kN,2400,10.0,Bearing3_2,2,2402,40Hz10kN/Bearing3_2/2402.csv,train,32768,25600,1.28,1,94
XJTU-SY,3,40Hz10kN,2400,10.0,Bearing3_2,2,2403,40Hz10kN/Bearing3_2/2403.csv,train,32768,25600,1.28,1,93
XJTU-SY,3,40Hz10kN,2400,10.0,Bearing3_2,2,2404,40Hz10kN/Bearing3_2/2404.csv,train,32768,25600,1.28,1,92
XJTU-SY,3,40Hz10kN,2400,10.0,Bearing3_2,2,2405,40Hz10kN/Bearing3_2/2405.csv,train,32768,25600,1.28,1,91
XJTU-SY,3,40Hz10kN,2400,10.0,Bearing3_2,2,2406,40Hz10kN/Bearing3_2/2406.csv,train,32768,25600,1.28,1,90
XJTU-SY,3,40Hz10kN,2400,10.0,Bearing3_2,2,2407,40Hz10kN/Bearing3_2/2407.csv,train,32768,25600,1.28,1,89
XJTU-SY,3,40Hz10kN,2400,10.0,Bearing3_2,2,2408,40Hz10kN/Bearing3_2/2408.csv,train,32768,25600,1.28,1,88
XJTU-SY,3,40Hz10kN,2400,10.0,Bearing3_2,2,2409,40Hz10kN/Bearing3_2/2409.csv,train,32768,25600,1.28,1,87
XJTU-SY,3,40Hz10kN,2400,10.0,Bearing3_2,2,2410,40Hz10kN/Bearing3_2/2410.csv,train,32768,25600,1.28,1,86
XJTU-SY,3,40Hz10kN,2400,10.0,Bearing3_2,2,2411,40Hz10kN/Bearing3_2/2411.csv,train,32768,25600,1.28,1,85
XJTU-SY,3,40Hz10kN,2400,10.0,Bearing3_2,2,2412,40Hz10kN/Bearing3_2/2412.csv,train,32768,25600,1.28,1,84
XJTU-SY,3,40Hz10kN,2400,10.0,Bearing3_2,2,2413,40Hz10kN/Bearing3_2/2413.csv,train,32768,25600,1.28,1,83
XJTU-SY,3,40Hz10kN,2400,10.0,Bearing3_2,2,2414,40Hz10kN/Bearing3_2/2414.csv,train,32768,25600,1.28,1,82
XJTU-SY,3,40Hz10kN,2400,10.0,Bearing3_2,2,2415,40Hz10kN/Bearing3_2/2415.csv,train,32768,25600,1.28,1,81
XJTU-SY,3,40Hz10kN,2400,10.0,Bearing3_2,2,2416,40Hz10kN/Bearing3_2/2416.csv,train,32768,25600,1.28,1,80
XJTU-SY,3,40Hz10kN,2400,10.0,Bearing3_2,2,2417,40Hz10kN/Bearing3_2/2417.csv,train,32768,25600,1.28,1,79
XJTU-SY,3,40Hz10kN,2400,10.0,Bearing3_2,2,2418,40Hz10kN/Bearing3_2/2418.csv,train,32768,25600,1.28,1,78
XJTU-SY,3,40Hz10kN,2400,10.0,Bearing3_2,2,2419,40Hz10kN/Bearing3_2/2419.csv,train,32768,25600,1.28,1,77
XJTU-SY,3,40Hz10kN,2400,10.0,Bearing3_2,2,2420,40Hz10kN/Bearing3_2/2420.csv,train,32768,25600,1.28,1,76
XJTU-SY,3,40Hz10kN,2400,10.0,Bearing3_2,2,2421,40Hz10kN/Bearing3_2/2421.csv,train,32768,25600,1.28,1,75
XJTU-SY,3,40Hz10kN,2400,10.0,Bearing3_2,2,2422,40Hz10kN/Bearing3_2/2422.csv,train,32768,25600,1.28,1,74
XJTU-SY,3,40Hz10kN,2400,10.0,Bearing3_2,2,2423,40Hz10kN/Bearing3_2/2423.csv,train,32768,25600,1.28,1,73
XJTU-SY,3,40Hz10kN,2400,10.0,Bearing3_2,2,2424,40Hz10kN/Bearing3_2/2424.csv,train,32768,25600,1.28,1,72
XJTU-SY,3,40Hz10kN,2400,10.0,Bearing3_2,2,2425,40Hz10kN/Bearing3_2/2425.csv,train,32768,25600,1.28,1,71
XJTU-SY,3,40Hz10kN,2400,10.0,Bearing3_2,2,2426,40Hz10kN/Bearing3_2/2426.csv,train,32768,25600,1.28,1,70
XJTU-SY,3,40Hz10kN,2400,10.0,Bearing3_2,2,2427,40Hz10kN/Bearing3_2/2427.csv,train,32768,25600,1.28,1,69
XJTU-SY,3,40Hz10kN,2400,10.0,Bearing3_2,2,2428,40Hz10kN/Bearing3_2/2428.csv,train,32768,25600,1.28,1,68
XJTU-SY,3,40Hz10kN,2400,10.0,Bearing3_2,2,2429,40Hz10kN/Bearing3_2/2429.csv,train,32768,25600,1.28,1,67
XJTU-SY,3,40Hz10kN,2400,10.0,Bearing3_2,2,2430,40Hz10kN/Bearing3_2/2430.csv,train,32768,25600,1.28,1,66
XJTU-SY,3,40Hz10kN,2400,10.0,Bearing3_2,2,2431,40Hz10kN/Bearing3_2/2431.csv,train,32768,25600,1.28,1,65
XJTU-SY,3,40Hz10kN,2400,10.0,Bearing3_2,2,2432,40Hz10kN/Bearing3_2/2432.csv,train,32768,25600,1.28,1,64
XJTU-SY,3,40Hz10kN,2400,10.0,Bearing3_2,2,2433,40Hz10kN/Bearing3_2/2433.csv,train,32768,25600,1.28,1,63
XJTU-SY,3,40Hz10kN,2400,10.0,Bearing3_2,2,2434,40Hz10kN/Bearing3_2/2434.csv,train,32768,25600,1.28,1,62
XJTU-SY,3,40Hz10kN,2400,10.0,Bearing3_2,2,2435,40Hz10kN/Bearing3_2/2435.csv,train,32768,25600,1.28,1,61
XJTU-SY,3,40Hz10kN,2400,10.0,Bearing3_2,2,2436,40Hz10kN/Bearing3_2/2436.csv,train,32768,25600,1.28,1,60
XJTU-SY,3,40Hz10kN,2400,10.0,Bearing3_2,2,2437,40Hz10kN/Bearing3_2/2437.csv,train,32768,25600,1.28,1,59
XJTU-SY,3,40Hz10kN,2400,10.0,Bearing3_2,2,2438,40Hz10kN/Bearing3_2/2438.csv,train,32768,25600,1.28,1,58
XJTU-SY,3,40Hz10kN,2400,10.0,Bearing3_2,2,2439,40Hz10kN/Bearing3_2/2439.csv,train,32768,25600,1.28,1,57
XJTU-SY,3,40Hz10kN,2400,10.0,Bearing3_2,2,2440,40Hz10kN/Bearing3_2/2440.csv,train,32768,25600,1.28,1,56
XJTU-SY,3,40Hz10kN,2400,10.0,Bearing3_2,2,2441,40Hz10kN/Bearing3_2/2441.csv,train,32768,25600,1.28,1,55
XJTU-SY,3,40Hz10kN,2400,10.0,Bearing3_2,2,2442,40Hz10kN/Bearing3_2/2442.csv,train,32768,25600,1.28,1,54
XJTU-SY,3,40Hz10kN,2400,10.0,Bearing3_2,2,2443,40Hz10kN/Bearing3_2/2443.csv,train,32768,25600,1.28,1,53
XJTU-SY,3,40Hz10kN,2400,10.0,Bearing3_2,2,2444,40Hz10kN/Bearing3_2/2444.csv,train,32768,25600,1.28,1,52
XJTU-SY,3,40Hz10kN,2400,10.0,Bearing3_2,2,2445,40Hz10kN/Bearing3_2/2445.csv,train,32768,25600,1.28,1,51
XJTU-SY,3,40Hz10kN,2400,10.0,Bearing3_2,2,2446,40Hz10kN/Bearing3_2/2446.csv,train,32768,25600,1.28,1,50
XJTU-SY,3,40Hz10kN,2400,10.0,Bearing3_2,2,2447,40Hz10kN/Bearing3_2/2447.csv,train,32768,25600,1.28,1,49
XJTU-SY,3,40Hz10kN,2400,10.0,Bearing3_2,2,2448,40Hz10kN/Bearing3_2/2448.csv,train,32768,25600,1.28,1,48
XJTU-SY,3,40Hz10kN,2400,10.0,Bearing3_2,2,2449,40Hz10kN/Bearing3_2/2449.csv,train,32768,25600,1.28,1,47
XJTU-SY,3,40Hz10kN,2400,10.0,Bearing3_2,2,2450,40Hz10kN/Bearing3_2/2450.csv,train,32768,25600,1.28,1,46
XJTU-SY,3,40Hz10kN,2400,10.0,Bearing3_2,2,2451,40Hz10kN/Bearing3_2/2451.csv,train,32768,25600,1.28,1,45
XJTU-SY,3,40Hz10kN,2400,10.0,Bearing3_2,2,2452,40Hz10kN/Bearing3_2/2452.csv,train,32768,25600,1.28,1,44
XJTU-SY,3,40Hz10kN,2400,10.0,Bearing3_2,2,2453,40Hz10kN/Bearing3_2/2453.csv,train,32768,25600,1.28,1,43
XJTU-SY,3,40Hz10kN,2400,10.0,Bearing3_2,2,2454,40Hz10kN/Bearing3_2/2454.csv,train,32768,25600,1.28,1,42
XJTU-SY,3,40Hz10kN,2400,10.0,Bearing3_2,2,2455,40Hz10kN/Bearing3_2/2455.csv,train,32768,25600,1.28,1,41
XJTU-SY,3,40Hz10kN,2400,10.0,Bearing3_2,2,2456,40Hz10kN/Bearing3_2/2456.csv,train,32768,25600,1.28,1,40
XJTU-SY,3,40Hz10kN,2400,10.0,Bearing3_2,2,2457,40Hz10kN/Bearing3_2/2457.csv,train,32768,25600,1.28,1,39
XJTU-SY,3,40Hz10kN,2400,10.0,Bearing3_2,2,2458,40Hz10kN/Bearing3_2/2458.csv,train,32768,25600,1.28,1,38
XJTU-SY,3,40Hz10kN,2400,10.0,Bearing3_2,2,2459,40Hz10kN/Bearing3_2/2459.csv,train,32768,25600,1.28,1,37
XJTU-SY,3,40Hz10kN,2400,10.0,Bearing3_2,2,2460,40Hz10kN/Bearing3_2/2460.csv,train,32768,25600,1.28,1,36
XJTU-SY,3,40Hz10kN,2400,10.0,Bearing3_2,2,2461,40Hz10kN/Bearing3_2/2461.csv,train,32768,25600,1.28,1,35
XJTU-SY,3,40Hz10kN,2400,10.0,Bearing3_2,2,2462,40Hz10kN/Bearing3_2/2462.csv,train,32768,25600,1.28,1,34
XJTU-SY,3,40Hz10kN,2400,10.0,Bearing3_2,2,2463,40Hz10kN/Bearing3_2/2463.csv,train,32768,25600,1.28,1,33
XJTU-SY,3,40Hz10kN,2400,10.0,Bearing3_2,2,2464,40Hz10kN/Bearing3_2/2464.csv,train,32768,25600,1.28,1,32
XJTU-SY,3,40Hz10kN,2400,10.0,Bearing3_2,2,2465,40Hz10kN/Bearing3_2/2465.csv,train,32768,25600,1.28,1,31
XJTU-SY,3,40Hz10kN,2400,10.0,Bearing3_2,2,2466,40Hz10kN/Bearing3_2/2466.csv,train,32768,25600,1.28,1,30
XJTU-SY,3,40Hz10kN,2400,10.0,Bearing3_2,2,2467,40Hz10kN/Bearing3_2/2467.csv,train,32768,25600,1.28,1,29
XJTU-SY,3,40Hz10kN,2400,10.0,Bearing3_2,2,2468,40Hz10kN/Bearing3_2/2468.csv,train,32768,25600,1.28,1,28
XJTU-SY,3,40Hz10kN,2400,10.0,Bearing3_2,2,2469,40Hz10kN/Bearing3_2/2469.csv,train,32768,25600,1.28,1,27
XJTU-SY,3,40Hz10kN,2400,10.0,Bearing3_2,2,2470,40Hz10kN/Bearing3_2/2470.csv,train,32768,25600,1.28,1,26
XJTU-SY,3,40Hz10kN,2400,10.0,Bearing3_2,2,2471,40Hz10kN/Bearing3_2/2471.csv,train,32768,25600,1.28,1,25
XJTU-SY,3,40Hz10kN,2400,10.0,Bearing3_2,2,2472,40Hz10kN/Bearing3_2/2472.csv,train,32768,25600,1.28,1,24
XJTU-SY,3,40Hz10kN,2400,10.0,Bearing3_2,2,2473,40Hz10kN/Bearing3_2/2473.csv,train,32768,25600,1.28,1,23
XJTU-SY,3,40Hz10kN,2400,10.0,Bearing3_2,2,2474,40Hz10kN/Bearing3_2/2474.csv,train,32768,25600,1.28,1,22
XJTU-SY,3,40Hz10kN,2400,10.0,Bearing3_2,2,2475,40Hz10kN/Bearing3_2/2475.csv,train,32768,25600,1.28,1,21
XJTU-SY,3,40Hz10kN,2400,10.0,Bearing3_2,2,2476,40Hz10kN/Bearing3_2/2476.csv,train,32768,25600,1.28,1,20
XJTU-SY,3,40Hz10kN,2400,10.0,Bearing3_2,2,2477,40Hz10kN/Bearing3_2/2477.csv,train,32768,25600,1.28,1,19
XJTU-SY,3,40Hz10kN,2400,10.0,Bearing3_2,2,2478,40Hz10kN/Bearing3_2/2478.csv,train,32768,25600,1.28,1,18
XJTU-SY,3,40Hz10kN,2400,10.0,Bearing3_2,2,2479,40Hz10kN/Bearing3_2/2479.csv,train,32768,25600,1.28,1,17
XJTU-SY,3,40Hz10kN,2400,10.0,Bearing3_2,2,2480,40Hz10kN/Bearing3_2/2480.csv,train,32768,25600,1.28,1,16
XJTU-SY,3,40Hz10kN,2400,10.0,Bearing3_2,2,2481,40Hz10kN/Bearing3_2/2481.csv,train,32768,25600,1.28,1,15
XJTU-SY,3,40Hz10kN,2400,10.0,Bearing3_2,2,2482,40Hz10kN/Bearing3_2/2482.csv,train,32768,25600,1.28,1,14
XJTU-SY,3,40Hz10kN,2400,10.0,Bearing3_2,2,2483,40Hz10kN/Bearing3_2/2483.csv,train,32768,25600,1.28,1,13
XJTU-SY,3,40Hz10kN,2400,10.0,Bearing3_2,2,2484,40Hz10kN/Bearing3_2/2484.csv,train,32768,25600,1.28,1,12
XJTU-SY,3,40Hz10kN,2400,10.0,Bearing3_2,2,2485,40Hz10kN/Bearing3_2/2485.csv,train,32768,25600,1.28,1,11
XJTU-SY,3,40Hz10kN,2400,10.0,Bearing3_2,2,2486,40Hz10kN/Bearing3_2/2486.csv,train,32768,25600,1.28,1,10
XJTU-SY,3,40Hz10kN,2400,10.0,Bearing3_2,2,2487,40Hz10kN/Bearing3_2/2487.csv,train,32768,25600,1.28,1,9
XJTU-SY,3,40Hz10kN,2400,10.0,Bearing3_2,2,2488,40Hz10kN/Bearing3_2/2488.csv,train,32768,25600,1.28,1,8
XJTU-SY,3,40Hz10kN,2400,10.0,Bearing3_2,2,2489,40Hz10kN/Bearing3_2/2489.csv,train,32768,25600,1.28,1,7
XJTU-SY,3,40Hz10kN,2400,10.0,Bearing3_2,2,2490,40Hz10kN/Bearing3_2/2490.csv,train,32768,25600,1.28,1,6
XJTU-SY,3,40Hz10kN,2400,10.0,Bearing3_2,2,2491,40Hz10kN/Bearing3_2/2491.csv,train,32768,25600,1.28,1,5
XJTU-SY,3,40Hz10kN,2400,10.0,Bearing3_2,2,2492,40Hz10kN/Bearing3_2/2492.csv,train,32768,25600,1.28,1,4
XJTU-SY,3,40Hz10kN,2400,10.0,Bearing3_2,2,2493,40Hz10kN/Bearing3_2/2493.csv,train,32768,25600,1.28,1,3
XJTU-SY,3,40Hz10kN,2400,10.0,Bearing3_2,2,2494,40Hz10kN/Bearing3_2/2494.csv,train,32768,25600,1.28,1,2
XJTU-SY,3,40Hz10kN,2400,10.0,Bearing3_2,2,2495,40Hz10kN/Bearing3_2/2495.csv,train,32768,25600,1.28,1,1
XJTU-SY,3,40Hz10kN,2400,10.0,Bearing3_2,2,2496,40Hz10kN/Bearing3_2/2496.csv,train,32768,25600,1.28,1,0
XJTU-SY,3,40Hz10kN,2400,10.0,Bearing3_3,3,1,40Hz10kN/Bearing3_3/1.csv,validation,32768,25600,1.28,1,370
XJTU-SY,3,40Hz10kN,2400,10.0,Bearing3_3,3,2,40Hz10kN/Bearing3_3/2.csv,validation,32768,25600,1.28,1,369
XJTU-SY,3,40Hz10kN,2400,10.0,Bearing3_3,3,3,40Hz10kN/Bearing3_3/3.csv,validation,32768,25600,1.28,1,368
XJTU-SY,3,40Hz10kN,2400,10.0,Bearing3_3,3,4,40Hz10kN/Bearing3_3/4.csv,validation,32768,25600,1.28,1,367
XJTU-SY,3,40Hz10kN,2400,10.0,Bearing3_3,3,5,40Hz10kN/Bearing3_3/5.csv,validation,32768,25600,1.28,1,366
XJTU-SY,3,40Hz10kN,2400,10.0,Bearing3_3,3,6,40Hz10kN/Bearing3_3/6.csv,validation,32768,25600,1.28,1,365
XJTU-SY,3,40Hz10kN,2400,10.0,Bearing3_3,3,7,40Hz10kN/Bearing3_3/7.csv,validation,32768,25600,1.28,1,364
XJTU-SY,3,40Hz10kN,2400,10.0,Bearing3_3,3,8,40Hz10kN/Bearing3_3/8.csv,validation,32768,25600,1.28,1,363
XJTU-SY,3,40Hz10kN,2400,10.0,Bearing3_3,3,9,40Hz10kN/Bearing3_3/9.csv,validation,32768,25600,1.28,1,362
XJTU-SY,3,40Hz10kN,2400,10.0,Bearing3_3,3,10,40Hz10kN/Bearing3_3/10.csv,validation,32768,25600,1.28,1,361
XJTU-SY,3,40Hz10kN,2400,10.0,Bearing3_3,3,11,40Hz10kN/Bearing3_3/11.csv,validation,32768,25600,1.28,1,360
XJTU-SY,3,40Hz10kN,2400,10.0,Bearing3_3,3,12,40Hz10kN/Bearing3_3/12.csv,validation,32768,25600,1.28,1,359
XJTU-SY,3,40Hz10kN,2400,10.0,Bearing3_3,3,13,40Hz10kN/Bearing3_3/13.csv,validation,32768,25600,1.28,1,358
XJTU-SY,3,40Hz10kN,2400,10.0,Bearing3_3,3,14,40Hz10kN/Bearing3_3/14.csv,validation,32768,25600,1.28,1,357
XJTU-SY,3,40Hz10kN,2400,10.0,Bearing3_3,3,15,40Hz10kN/Bearing3_3/15.csv,validation,32768,25600,1.28,1,356
XJTU-SY,3,40Hz10kN,2400,10.0,Bearing3_3,3,16,40Hz10kN/Bearing3_3/16.csv,validation,32768,25600,1.28,1,355
XJTU-SY,3,40Hz10kN,2400,10.0,Bearing3_3,3,17,40Hz10kN/Bearing3_3/17.csv,validation,32768,25600,1.28,1,354
XJTU-SY,3,40Hz10kN,2400,10.0,Bearing3_3,3,18,40Hz10kN/Bearing3_3/18.csv,validation,32768,25600,1.28,1,353
XJTU-SY,3,40Hz10kN,2400,10.0,Bearing3_3,3,19,40Hz10kN/Bearing3_3/19.csv,validation,32768,25600,1.28,1,352
XJTU-SY,3,40Hz10kN,2400,10.0,Bearing3_3,3,20,40Hz10kN/Bearing3_3/20.csv,validation,32768,25600,1.28,1,351
XJTU-SY,3,40Hz10kN,2400,10.0,Bearing3_3,3,21,40Hz10kN/Bearing3_3/21.csv,validation,32768,25600,1.28,1,350
XJTU-SY,3,40Hz10kN,2400,10.0,Bearing3_3,3,22,40Hz10kN/Bearing3_3/22.csv,validation,32768,25600,1.28,1,349
XJTU-SY,3,40Hz10kN,2400,10.0,Bearing3_3,3,23,40Hz10kN/Bearing3_3/23.csv,validation,32768,25600,1.28,1,348
XJTU-SY,3,40Hz10kN,2400,10.0,Bearing3_3,3,24,40Hz10kN/Bearing3_3/24.csv,validation,32768,25600,1.28,1,347
XJTU-SY,3,40Hz10kN,2400,10.0,Bearing3_3,3,25,40Hz10kN/Bearing3_3/25.csv,validation,32768,25600,1.28,1,346
XJTU-SY,3,40Hz10kN,2400,10.0,Bearing3_3,3,26,40Hz10kN/Bearing3_3/26.csv,validation,32768,25600,1.28,1,345
XJTU-SY,3,40Hz10kN,2400,10.0,Bearing3_3,3,27,40Hz10kN/Bearing3_3/27.csv,validation,32768,25600,1.28,1,344
XJTU-SY,3,40Hz10kN,2400,10.0,Bearing3_3,3,28,40Hz10kN/Bearing3_3/28.csv,validation,32768,25600,1.28,1,343
XJTU-SY,3,40Hz10kN,2400,10.0,Bearing3_3,3,29,40Hz10kN/Bearing3_3/29.csv,validation,32768,25600,1.28,1,342
XJTU-SY,3,40Hz10kN,2400,10.0,Bearing3_3,3,30,40Hz10kN/Bearing3_3/30.csv,validation,32768,25600,1.28,1,341
XJTU-SY,3,40Hz10kN,2400,10.0,Bearing3_3,3,31,40Hz10kN/Bearing3_3/31.csv,validation,32768,25600,1.28,1,340
XJTU-SY,3,40Hz10kN,2400,10.0,Bearing3_3,3,32,40Hz10kN/Bearing3_3/32.csv,validation,32768,25600,1.28,1,339
XJTU-SY,3,40Hz10kN,2400,10.0,Bearing3_3,3,33,40Hz10kN/Bearing3_3/33.csv,validation,32768,25600,1.28,1,338
XJTU-SY,3,40Hz10kN,2400,10.0,Bearing3_3,3,34,40Hz10kN/Bearing3_3/34.csv,validation,32768,25600,1.28,1,337
XJTU-SY,3,40Hz10kN,2400,10.0,Bearing3_3,3,35,40Hz10kN/Bearing3_3/35.csv,validation,32768,25600,1.28,1,336
XJTU-SY,3,40Hz10kN,2400,10.0,Bearing3_3,3,36,40Hz10kN/Bearing3_3/36.csv,validation,32768,25600,1.28,1,335
XJTU-SY,3,40Hz10kN,2400,10.0,Bearing3_3,3,37,40Hz10kN/Bearing3_3/37.csv,validation,32768,25600,1.28,1,334
XJTU-SY,3,40Hz10kN,2400,10.0,Bearing3_3,3,38,40Hz10kN/Bearing3_3/38.csv,validation,32768,25600,1.28,1,333
XJTU-SY,3,40Hz10kN,2400,10.0,Bearing3_3,3,39,40Hz10kN/Bearing3_3/39.csv,validation,32768,25600,1.28,1,332
XJTU-SY,3,40Hz10kN,2400,10.0,Bearing3_3,3,40,40Hz10kN/Bearing3_3/40.csv,validation,32768,25600,1.28,1,331
XJTU-SY,3,40Hz10kN,2400,10.0,Bearing3_3,3,41,40Hz10kN/Bearing3_3/41.csv,validation,32768,25600,1.28,1,330
XJTU-SY,3,40Hz10kN,2400,10.0,Bearing3_3,3,42,40Hz10kN/Bearing3_3/42.csv,validation,32768,25600,1.28,1,329
XJTU-SY,3,40Hz10kN,2400,10.0,Bearing3_3,3,43,40Hz10kN/Bearing3_3/43.csv,validation,32768,25600,1.28,1,328
XJTU-SY,3,40Hz10kN,2400,10.0,Bearing3_3,3,44,40Hz10kN/Bearing3_3/44.csv,validation,32768,25600,1.28,1,327
XJTU-SY,3,40Hz10kN,2400,10.0,Bearing3_3,3,45,40Hz10kN/Bearing3_3/45.csv,validation,32768,25600,1.28,1,326
XJTU-SY,3,40Hz10kN,2400,10.0,Bearing3_3,3,46,40Hz10kN/Bearing3_3/46.csv,validation,32768,25600,1.28,1,325
XJTU-SY,3,40Hz10kN,2400,10.0,Bearing3_3,3,47,40Hz10kN/Bearing3_3/47.csv,validation,32768,25600,1.28,1,324
XJTU-SY,3,40Hz10kN,2400,10.0,Bearing3_3,3,48,40Hz10kN/Bearing3_3/48.csv,validation,32768,25600,1.28,1,323
XJTU-SY,3,40Hz10kN,2400,10.0,Bearing3_3,3,49,40Hz10kN/Bearing3_3/49.csv,validation,32768,25600,1.28,1,322
XJTU-SY,3,40Hz10kN,2400,10.0,Bearing3_3,3,50,40Hz10kN/Bearing3_3/50.csv,validation,32768,25600,1.28,1,321
XJTU-SY,3,40Hz10kN,2400,10.0,Bearing3_3,3,51,40Hz10kN/Bearing3_3/51.csv,validation,32768,25600,1.28,1,320
XJTU-SY,3,40Hz10kN,2400,10.0,Bearing3_3,3,52,40Hz10kN/Bearing3_3/52.csv,validation,32768,25600,1.28,1,319
XJTU-SY,3,40Hz10kN,2400,10.0,Bearing3_3,3,53,40Hz10kN/Bearing3_3/53.csv,validation,32768,25600,1.28,1,318
XJTU-SY,3,40Hz10kN,2400,10.0,Bearing3_3,3,54,40Hz10kN/Bearing3_3/54.csv,validation,32768,25600,1.28,1,317
XJTU-SY,3,40Hz10kN,2400,10.0,Bearing3_3,3,55,40Hz10kN/Bearing3_3/55.csv,validation,32768,25600,1.28,1,316
XJTU-SY,3,40Hz10kN,2400,10.0,Bearing3_3,3,56,40Hz10kN/Bearing3_3/56.csv,validation,32768,25600,1.28,1,315
XJTU-SY,3,40Hz10kN,2400,10.0,Bearing3_3,3,57,40Hz10kN/Bearing3_3/57.csv,validation,32768,25600,1.28,1,314
XJTU-SY,3,40Hz10kN,2400,10.0,Bearing3_3,3,58,40Hz10kN/Bearing3_3/58.csv,validation,32768,25600,1.28,1,313
XJTU-SY,3,40Hz10kN,2400,10.0,Bearing3_3,3,59,40Hz10kN/Bearing3_3/59.csv,validation,32768,25600,1.28,1,312
XJTU-SY,3,40Hz10kN,2400,10.0,Bearing3_3,3,60,40Hz10kN/Bearing3_3/60.csv,validation,32768,25600,1.28,1,311
XJTU-SY,3,40Hz10kN,2400,10.0,Bearing3_3,3,61,40Hz10kN/Bearing3_3/61.csv,validation,32768,25600,1.28,1,310
XJTU-SY,3,40Hz10kN,2400,10.0,Bearing3_3,3,62,40Hz10kN/Bearing3_3/62.csv,validation,32768,25600,1.28,1,309
XJTU-SY,3,40Hz10kN,2400,10.0,Bearing3_3,3,63,40Hz10kN/Bearing3_3/63.csv,validation,32768,25600,1.28,1,308
XJTU-SY,3,40Hz10kN,2400,10.0,Bearing3_3,3,64,40Hz10kN/Bearing3_3/64.csv,validation,32768,25600,1.28,1,307
XJTU-SY,3,40Hz10kN,2400,10.0,Bearing3_3,3,65,40Hz10kN/Bearing3_3/65.csv,validation,32768,25600,1.28,1,306
XJTU-SY,3,40Hz10kN,2400,10.0,Bearing3_3,3,66,40Hz10kN/Bearing3_3/66.csv,validation,32768,25600,1.28,1,305
XJTU-SY,3,40Hz10kN,2400,10.0,Bearing3_3,3,67,40Hz10kN/Bearing3_3/67.csv,validation,32768,25600,1.28,1,304
XJTU-SY,3,40Hz10kN,2400,10.0,Bearing3_3,3,68,40Hz10kN/Bearing3_3/68.csv,validation,32768,25600,1.28,1,303
XJTU-SY,3,40Hz10kN,2400,10.0,Bearing3_3,3,69,40Hz10kN/Bearing3_3/69.csv,validation,32768,25600,1.28,1,302
XJTU-SY,3,40Hz10kN,2400,10.0,Bearing3_3,3,70,40Hz10kN/Bearing3_3/70.csv,validation,32768,25600,1.28,1,301
XJTU-SY,3,40Hz10kN,2400,10.0,Bearing3_3,3,71,40Hz10kN/Bearing3_3/71.csv,validation,32768,25600,1.28,1,300
XJTU-SY,3,40Hz10kN,2400,10.0,Bearing3_3,3,72,40Hz10kN/Bearing3_3/72.csv,validation,32768,25600,1.28,1,299
XJTU-SY,3,40Hz10kN,2400,10.0,Bearing3_3,3,73,40Hz10kN/Bearing3_3/73.csv,validation,32768,25600,1.28,1,298
XJTU-SY,3,40Hz10kN,2400,10.0,Bearing3_3,3,74,40Hz10kN/Bearing3_3/74.csv,validation,32768,25600,1.28,1,297
XJTU-SY,3,40Hz10kN,2400,10.0,Bearing3_3,3,75,40Hz10kN/Bearing3_3/75.csv,validation,32768,25600,1.28,1,296
XJTU-SY,3,40Hz10kN,2400,10.0,Bearing3_3,3,76,40Hz10kN/Bearing3_3/76.csv,validation,32768,25600,1.28,1,295
XJTU-SY,3,40Hz10kN,2400,10.0,Bearing3_3,3,77,40Hz10kN/Bearing3_3/77.csv,validation,32768,25600,1.28,1,294
XJTU-SY,3,40Hz10kN,2400,10.0,Bearing3_3,3,78,40Hz10kN/Bearing3_3/78.csv,validation,32768,25600,1.28,1,293
XJTU-SY,3,40Hz10kN,2400,10.0,Bearing3_3,3,79,40Hz10kN/Bearing3_3/79.csv,validation,32768,25600,1.28,1,292
XJTU-SY,3,40Hz10kN,2400,10.0,Bearing3_3,3,80,40Hz10kN/Bearing3_3/80.csv,validation,32768,25600,1.28,1,291
XJTU-SY,3,40Hz10kN,2400,10.0,Bearing3_3,3,81,40Hz10kN/Bearing3_3/81.csv,validation,32768,25600,1.28,1,290
XJTU-SY,3,40Hz10kN,2400,10.0,Bearing3_3,3,82,40Hz10kN/Bearing3_3/82.csv,validation,32768,25600,1.28,1,289
XJTU-SY,3,40Hz10kN,2400,10.0,Bearing3_3,3,83,40Hz10kN/Bearing3_3/83.csv,validation,32768,25600,1.28,1,288
XJTU-SY,3,40Hz10kN,2400,10.0,Bearing3_3,3,84,40Hz10kN/Bearing3_3/84.csv,validation,32768,25600,1.28,1,287
XJTU-SY,3,40Hz10kN,2400,10.0,Bearing3_3,3,85,40Hz10kN/Bearing3_3/85.csv,validation,32768,25600,1.28,1,286
XJTU-SY,3,40Hz10kN,2400,10.0,Bearing3_3,3,86,40Hz10kN/Bearing3_3/86.csv,validation,32768,25600,1.28,1,285
XJTU-SY,3,40Hz10kN,2400,10.0,Bearing3_3,3,87,40Hz10kN/Bearing3_3/87.csv,validation,32768,25600,1.28,1,284
XJTU-SY,3,40Hz10kN,2400,10.0,Bearing3_3,3,88,40Hz10kN/Bearing3_3/88.csv,validation,32768,25600,1.28,1,283
XJTU-SY,3,40Hz10kN,2400,10.0,Bearing3_3,3,89,40Hz10kN/Bearing3_3/89.csv,validation,32768,25600,1.28,1,282
XJTU-SY,3,40Hz10kN,2400,10.0,Bearing3_3,3,90,40Hz10kN/Bearing3_3/90.csv,validation,32768,25600,1.28,1,281
XJTU-SY,3,40Hz10kN,2400,10.0,Bearing3_3,3,91,40Hz10kN/Bearing3_3/91.csv,validation,32768,25600,1.28,1,280
XJTU-SY,3,40Hz10kN,2400,10.0,Bearing3_3,3,92,40Hz10kN/Bearing3_3/92.csv,validation,32768,25600,1.28,1,279
XJTU-SY,3,40Hz10kN,2400,10.0,Bearing3_3,3,93,40Hz10kN/Bearing3_3/93.csv,validation,32768,25600,1.28,1,278
XJTU-SY,3,40Hz10kN,2400,10.0,Bearing3_3,3,94,40Hz10kN/Bearing3_3/94.csv,validation,32768,25600,1.28,1,277
XJTU-SY,3,40Hz10kN,2400,10.0,Bearing3_3,3,95,40Hz10kN/Bearing3_3/95.csv,validation,32768,25600,1.28,1,276
XJTU-SY,3,40Hz10kN,2400,10.0,Bearing3_3,3,96,40Hz10kN/Bearing3_3/96.csv,validation,32768,25600,1.28,1,275
XJTU-SY,3,40Hz10kN,2400,10.0,Bearing3_3,3,97,40Hz10kN/Bearing3_3/97.csv,validation,32768,25600,1.28,1,274
XJTU-SY,3,40Hz10kN,2400,10.0,Bearing3_3,3,98,40Hz10kN/Bearing3_3/98.csv,validation,32768,25600,1.28,1,273
XJTU-SY,3,40Hz10kN,2400,10.0,Bearing3_3,3,99,40Hz10kN/Bearing3_3/99.csv,validation,32768,25600,1.28,1,272
XJTU-SY,3,40Hz10kN,2400,10.0,Bearing3_3,3,100,40Hz10kN/Bearing3_3/100.csv,validation,32768,25600,1.28,1,271
XJTU-SY,3,40Hz10kN,2400,10.0,Bearing3_3,3,101,40Hz10kN/Bearing3_3/101.csv,validation,32768,25600,1.28,1,270
XJTU-SY,3,40Hz10kN,2400,10.0,Bearing3_3,3,102,40Hz10kN/Bearing3_3/102.csv,validation,32768,25600,1.28,1,269
XJTU-SY,3,40Hz10kN,2400,10.0,Bearing3_3,3,103,40Hz10kN/Bearing3_3/103.csv,validation,32768,25600,1.28,1,268
XJTU-SY,3,40Hz10kN,2400,10.0,Bearing3_3,3,104,40Hz10kN/Bearing3_3/104.csv,validation,32768,25600,1.28,1,267
XJTU-SY,3,40Hz10kN,2400,10.0,Bearing3_3,3,105,40Hz10kN/Bearing3_3/105.csv,validation,32768,25600,1.28,1,266
XJTU-SY,3,40Hz10kN,2400,10.0,Bearing3_3,3,106,40Hz10kN/Bearing3_3/106.csv,validation,32768,25600,1.28,1,265
XJTU-SY,3,40Hz10kN,2400,10.0,Bearing3_3,3,107,40Hz10kN/Bearing3_3/107.csv,validation,32768,25600,1.28,1,264
XJTU-SY,3,40Hz10kN,2400,10.0,Bearing3_3,3,108,40Hz10kN/Bearing3_3/108.csv,validation,32768,25600,1.28,1,263
XJTU-SY,3,40Hz10kN,2400,10.0,Bearing3_3,3,109,40Hz10kN/Bearing3_3/109.csv,validation,32768,25600,1.28,1,262
XJTU-SY,3,40Hz10kN,2400,10.0,Bearing3_3,3,110,40Hz10kN/Bearing3_3/110.csv,validation,32768,25600,1.28,1,261
XJTU-SY,3,40Hz10kN,2400,10.0,Bearing3_3,3,111,40Hz10kN/Bearing3_3/111.csv,validation,32768,25600,1.28,1,260
XJTU-SY,3,40Hz10kN,2400,10.0,Bearing3_3,3,112,40Hz10kN/Bearing3_3/112.csv,validation,32768,25600,1.28,1,259
XJTU-SY,3,40Hz10kN,2400,10.0,Bearing3_3,3,113,40Hz10kN/Bearing3_3/113.csv,validation,32768,25600,1.28,1,258
XJTU-SY,3,40Hz10kN,2400,10.0,Bearing3_3,3,114,40Hz10kN/Bearing3_3/114.csv,validation,32768,25600,1.28,1,257
XJTU-SY,3,40Hz10kN,2400,10.0,Bearing3_3,3,115,40Hz10kN/Bearing3_3/115.csv,validation,32768,25600,1.28,1,256
XJTU-SY,3,40Hz10kN,2400,10.0,Bearing3_3,3,116,40Hz10kN/Bearing3_3/116.csv,validation,32768,25600,1.28,1,255
XJTU-SY,3,40Hz10kN,2400,10.0,Bearing3_3,3,117,40Hz10kN/Bearing3_3/117.csv,validation,32768,25600,1.28,1,254
XJTU-SY,3,40Hz10kN,2400,10.0,Bearing3_3,3,118,40Hz10kN/Bearing3_3/118.csv,validation,32768,25600,1.28,1,253
XJTU-SY,3,40Hz10kN,2400,10.0,Bearing3_3,3,119,40Hz10kN/Bearing3_3/119.csv,validation,32768,25600,1.28,1,252
XJTU-SY,3,40Hz10kN,2400,10.0,Bearing3_3,3,120,40Hz10kN/Bearing3_3/120.csv,validation,32768,25600,1.28,1,251
XJTU-SY,3,40Hz10kN,2400,10.0,Bearing3_3,3,121,40Hz10kN/Bearing3_3/121.csv,validation,32768,25600,1.28,1,250
XJTU-SY,3,40Hz10kN,2400,10.0,Bearing3_3,3,122,40Hz10kN/Bearing3_3/122.csv,validation,32768,25600,1.28,1,249
XJTU-SY,3,40Hz10kN,2400,10.0,Bearing3_3,3,123,40Hz10kN/Bearing3_3/123.csv,validation,32768,25600,1.28,1,248
XJTU-SY,3,40Hz10kN,2400,10.0,Bearing3_3,3,124,40Hz10kN/Bearing3_3/124.csv,validation,32768,25600,1.28,1,247
XJTU-SY,3,40Hz10kN,2400,10.0,Bearing3_3,3,125,40Hz10kN/Bearing3_3/125.csv,validation,32768,25600,1.28,1,246
XJTU-SY,3,40Hz10kN,2400,10.0,Bearing3_3,3,126,40Hz10kN/Bearing3_3/126.csv,validation,32768,25600,1.28,1,245
XJTU-SY,3,40Hz10kN,2400,10.0,Bearing3_3,3,127,40Hz10kN/Bearing3_3/127.csv,validation,32768,25600,1.28,1,244
XJTU-SY,3,40Hz10kN,2400,10.0,Bearing3_3,3,128,40Hz10kN/Bearing3_3/128.csv,validation,32768,25600,1.28,1,243
XJTU-SY,3,40Hz10kN,2400,10.0,Bearing3_3,3,129,40Hz10kN/Bearing3_3/129.csv,validation,32768,25600,1.28,1,242
XJTU-SY,3,40Hz10kN,2400,10.0,Bearing3_3,3,130,40Hz10kN/Bearing3_3/130.csv,validation,32768,25600,1.28,1,241
XJTU-SY,3,40Hz10kN,2400,10.0,Bearing3_3,3,131,40Hz10kN/Bearing3_3/131.csv,validation,32768,25600,1.28,1,240
XJTU-SY,3,40Hz10kN,2400,10.0,Bearing3_3,3,132,40Hz10kN/Bearing3_3/132.csv,validation,32768,25600,1.28,1,239
XJTU-SY,3,40Hz10kN,2400,10.0,Bearing3_3,3,133,40Hz10kN/Bearing3_3/133.csv,validation,32768,25600,1.28,1,238
XJTU-SY,3,40Hz10kN,2400,10.0,Bearing3_3,3,134,40Hz10kN/Bearing3_3/134.csv,validation,32768,25600,1.28,1,237
XJTU-SY,3,40Hz10kN,2400,10.0,Bearing3_3,3,135,40Hz10kN/Bearing3_3/135.csv,validation,32768,25600,1.28,1,236
XJTU-SY,3,40Hz10kN,2400,10.0,Bearing3_3,3,136,40Hz10kN/Bearing3_3/136.csv,validation,32768,25600,1.28,1,235
XJTU-SY,3,40Hz10kN,2400,10.0,Bearing3_3,3,137,40Hz10kN/Bearing3_3/137.csv,validation,32768,25600,1.28,1,234
XJTU-SY,3,40Hz10kN,2400,10.0,Bearing3_3,3,138,40Hz10kN/Bearing3_3/138.csv,validation,32768,25600,1.28,1,233
XJTU-SY,3,40Hz10kN,2400,10.0,Bearing3_3,3,139,40Hz10kN/Bearing3_3/139.csv,validation,32768,25600,1.28,1,232
XJTU-SY,3,40Hz10kN,2400,10.0,Bearing3_3,3,140,40Hz10kN/Bearing3_3/140.csv,validation,32768,25600,1.28,1,231
XJTU-SY,3,40Hz10kN,2400,10.0,Bearing3_3,3,141,40Hz10kN/Bearing3_3/141.csv,validation,32768,25600,1.28,1,230
XJTU-SY,3,40Hz10kN,2400,10.0,Bearing3_3,3,142,40Hz10kN/Bearing3_3/142.csv,validation,32768,25600,1.28,1,229
XJTU-SY,3,40Hz10kN,2400,10.0,Bearing3_3,3,143,40Hz10kN/Bearing3_3/143.csv,validation,32768,25600,1.28,1,228
XJTU-SY,3,40Hz10kN,2400,10.0,Bearing3_3,3,144,40Hz10kN/Bearing3_3/144.csv,validation,32768,25600,1.28,1,227
XJTU-SY,3,40Hz10kN,2400,10.0,Bearing3_3,3,145,40Hz10kN/Bearing3_3/145.csv,validation,32768,25600,1.28,1,226
XJTU-SY,3,40Hz10kN,2400,10.0,Bearing3_3,3,146,40Hz10kN/Bearing3_3/146.csv,validation,32768,25600,1.28,1,225
XJTU-SY,3,40Hz10kN,2400,10.0,Bearing3_3,3,147,40Hz10kN/Bearing3_3/147.csv,validation,32768,25600,1.28,1,224
XJTU-SY,3,40Hz10kN,2400,10.0,Bearing3_3,3,148,40Hz10kN/Bearing3_3/148.csv,validation,32768,25600,1.28,1,223
XJTU-SY,3,40Hz10kN,2400,10.0,Bearing3_3,3,149,40Hz10kN/Bearing3_3/149.csv,validation,32768,25600,1.28,1,222
XJTU-SY,3,40Hz10kN,2400,10.0,Bearing3_3,3,150,40Hz10kN/Bearing3_3/150.csv,validation,32768,25600,1.28,1,221
XJTU-SY,3,40Hz10kN,2400,10.0,Bearing3_3,3,151,40Hz10kN/Bearing3_3/151.csv,validation,32768,25600,1.28,1,220
XJTU-SY,3,40Hz10kN,2400,10.0,Bearing3_3,3,152,40Hz10kN/Bearing3_3/152.csv,validation,32768,25600,1.28,1,219
XJTU-SY,3,40Hz10kN,2400,10.0,Bearing3_3,3,153,40Hz10kN/Bearing3_3/153.csv,validation,32768,25600,1.28,1,218
XJTU-SY,3,40Hz10kN,2400,10.0,Bearing3_3,3,154,40Hz10kN/Bearing3_3/154.csv,validation,32768,25600,1.28,1,217
XJTU-SY,3,40Hz10kN,2400,10.0,Bearing3_3,3,155,40Hz10kN/Bearing3_3/155.csv,validation,32768,25600,1.28,1,216
XJTU-SY,3,40Hz10kN,2400,10.0,Bearing3_3,3,156,40Hz10kN/Bearing3_3/156.csv,validation,32768,25600,1.28,1,215
XJTU-SY,3,40Hz10kN,2400,10.0,Bearing3_3,3,157,40Hz10kN/Bearing3_3/157.csv,validation,32768,25600,1.28,1,214
XJTU-SY,3,40Hz10kN,2400,10.0,Bearing3_3,3,158,40Hz10kN/Bearing3_3/158.csv,validation,32768,25600,1.28,1,213
XJTU-SY,3,40Hz10kN,2400,10.0,Bearing3_3,3,159,40Hz10kN/Bearing3_3/159.csv,validation,32768,25600,1.28,1,212
XJTU-SY,3,40Hz10kN,2400,10.0,Bearing3_3,3,160,40Hz10kN/Bearing3_3/160.csv,validation,32768,25600,1.28,1,211
XJTU-SY,3,40Hz10kN,2400,10.0,Bearing3_3,3,161,40Hz10kN/Bearing3_3/161.csv,validation,32768,25600,1.28,1,210
XJTU-SY,3,40Hz10kN,2400,10.0,Bearing3_3,3,162,40Hz10kN/Bearing3_3/162.csv,validation,32768,25600,1.28,1,209
XJTU-SY,3,40Hz10kN,2400,10.0,Bearing3_3,3,163,40Hz10kN/Bearing3_3/163.csv,validation,32768,25600,1.28,1,208
XJTU-SY,3,40Hz10kN,2400,10.0,Bearing3_3,3,164,40Hz10kN/Bearing3_3/164.csv,validation,32768,25600,1.28,1,207
XJTU-SY,3,40Hz10kN,2400,10.0,Bearing3_3,3,165,40Hz10kN/Bearing3_3/165.csv,validation,32768,25600,1.28,1,206
XJTU-SY,3,40Hz10kN,2400,10.0,Bearing3_3,3,166,40Hz10kN/Bearing3_3/166.csv,validation,32768,25600,1.28,1,205
XJTU-SY,3,40Hz10kN,2400,10.0,Bearing3_3,3,167,40Hz10kN/Bearing3_3/167.csv,validation,32768,25600,1.28,1,204
XJTU-SY,3,40Hz10kN,2400,10.0,Bearing3_3,3,168,40Hz10kN/Bearing3_3/168.csv,validation,32768,25600,1.28,1,203
XJTU-SY,3,40Hz10kN,2400,10.0,Bearing3_3,3,169,40Hz10kN/Bearing3_3/169.csv,validation,32768,25600,1.28,1,202
XJTU-SY,3,40Hz10kN,2400,10.0,Bearing3_3,3,170,40Hz10kN/Bearing3_3/170.csv,validation,32768,25600,1.28,1,201
XJTU-SY,3,40Hz10kN,2400,10.0,Bearing3_3,3,171,40Hz10kN/Bearing3_3/171.csv,validation,32768,25600,1.28,1,200
XJTU-SY,3,40Hz10kN,2400,10.0,Bearing3_3,3,172,40Hz10kN/Bearing3_3/172.csv,validation,32768,25600,1.28,1,199
XJTU-SY,3,40Hz10kN,2400,10.0,Bearing3_3,3,173,40Hz10kN/Bearing3_3/173.csv,validation,32768,25600,1.28,1,198
XJTU-SY,3,40Hz10kN,2400,10.0,Bearing3_3,3,174,40Hz10kN/Bearing3_3/174.csv,validation,32768,25600,1.28,1,197
XJTU-SY,3,40Hz10kN,2400,10.0,Bearing3_3,3,175,40Hz10kN/Bearing3_3/175.csv,validation,32768,25600,1.28,1,196
XJTU-SY,3,40Hz10kN,2400,10.0,Bearing3_3,3,176,40Hz10kN/Bearing3_3/176.csv,validation,32768,25600,1.28,1,195
XJTU-SY,3,40Hz10kN,2400,10.0,Bearing3_3,3,177,40Hz10kN/Bearing3_3/177.csv,validation,32768,25600,1.28,1,194
XJTU-SY,3,40Hz10kN,2400,10.0,Bearing3_3,3,178,40Hz10kN/Bearing3_3/178.csv,validation,32768,25600,1.28,1,193
XJTU-SY,3,40Hz10kN,2400,10.0,Bearing3_3,3,179,40Hz10kN/Bearing3_3/179.csv,validation,32768,25600,1.28,1,192
XJTU-SY,3,40Hz10kN,2400,10.0,Bearing3_3,3,180,40Hz10kN/Bearing3_3/180.csv,validation,32768,25600,1.28,1,191
XJTU-SY,3,40Hz10kN,2400,10.0,Bearing3_3,3,181,40Hz10kN/Bearing3_3/181.csv,validation,32768,25600,1.28,1,190
XJTU-SY,3,40Hz10kN,2400,10.0,Bearing3_3,3,182,40Hz10kN/Bearing3_3/182.csv,validation,32768,25600,1.28,1,189
XJTU-SY,3,40Hz10kN,2400,10.0,Bearing3_3,3,183,40Hz10kN/Bearing3_3/183.csv,validation,32768,25600,1.28,1,188
XJTU-SY,3,40Hz10kN,2400,10.0,Bearing3_3,3,184,40Hz10kN/Bearing3_3/184.csv,validation,32768,25600,1.28,1,187
XJTU-SY,3,40Hz10kN,2400,10.0,Bearing3_3,3,185,40Hz10kN/Bearing3_3/185.csv,validation,32768,25600,1.28,1,186
XJTU-SY,3,40Hz10kN,2400,10.0,Bearing3_3,3,186,40Hz10kN/Bearing3_3/186.csv,validation,32768,25600,1.28,1,185
XJTU-SY,3,40Hz10kN,2400,10.0,Bearing3_3,3,187,40Hz10kN/Bearing3_3/187.csv,validation,32768,25600,1.28,1,184
XJTU-SY,3,40Hz10kN,2400,10.0,Bearing3_3,3,188,40Hz10kN/Bearing3_3/188.csv,validation,32768,25600,1.28,1,183
XJTU-SY,3,40Hz10kN,2400,10.0,Bearing3_3,3,189,40Hz10kN/Bearing3_3/189.csv,validation,32768,25600,1.28,1,182
XJTU-SY,3,40Hz10kN,2400,10.0,Bearing3_3,3,190,40Hz10kN/Bearing3_3/190.csv,validation,32768,25600,1.28,1,181
XJTU-SY,3,40Hz10kN,2400,10.0,Bearing3_3,3,191,40Hz10kN/Bearing3_3/191.csv,validation,32768,25600,1.28,1,180
XJTU-SY,3,40Hz10kN,2400,10.0,Bearing3_3,3,192,40Hz10kN/Bearing3_3/192.csv,validation,32768,25600,1.28,1,179
XJTU-SY,3,40Hz10kN,2400,10.0,Bearing3_3,3,193,40Hz10kN/Bearing3_3/193.csv,validation,32768,25600,1.28,1,178
XJTU-SY,3,40Hz10kN,2400,10.0,Bearing3_3,3,194,40Hz10kN/Bearing3_3/194.csv,validation,32768,25600,1.28,1,177
XJTU-SY,3,40Hz10kN,2400,10.0,Bearing3_3,3,195,40Hz10kN/Bearing3_3/195.csv,validation,32768,25600,1.28,1,176
XJTU-SY,3,40Hz10kN,2400,10.0,Bearing3_3,3,196,40Hz10kN/Bearing3_3/196.csv,validation,32768,25600,1.28,1,175
XJTU-SY,3,40Hz10kN,2400,10.0,Bearing3_3,3,197,40Hz10kN/Bearing3_3/197.csv,validation,32768,25600,1.28,1,174
XJTU-SY,3,40Hz10kN,2400,10.0,Bearing3_3,3,198,40Hz10kN/Bearing3_3/198.csv,validation,32768,25600,1.28,1,173
XJTU-SY,3,40Hz10kN,2400,10.0,Bearing3_3,3,199,40Hz10kN/Bearing3_3/199.csv,validation,32768,25600,1.28,1,172
XJTU-SY,3,40Hz10kN,2400,10.0,Bearing3_3,3,200,40Hz10kN/Bearing3_3/200.csv,validation,32768,25600,1.28,1,171
XJTU-SY,3,40Hz10kN,2400,10.0,Bearing3_3,3,201,40Hz10kN/Bearing3_3/201.csv,validation,32768,25600,1.28,1,170
XJTU-SY,3,40Hz10kN,2400,10.0,Bearing3_3,3,202,40Hz10kN/Bearing3_3/202.csv,validation,32768,25600,1.28,1,169
XJTU-SY,3,40Hz10kN,2400,10.0,Bearing3_3,3,203,40Hz10kN/Bearing3_3/203.csv,validation,32768,25600,1.28,1,168
XJTU-SY,3,40Hz10kN,2400,10.0,Bearing3_3,3,204,40Hz10kN/Bearing3_3/204.csv,validation,32768,25600,1.28,1,167
XJTU-SY,3,40Hz10kN,2400,10.0,Bearing3_3,3,205,40Hz10kN/Bearing3_3/205.csv,validation,32768,25600,1.28,1,166
XJTU-SY,3,40Hz10kN,2400,10.0,Bearing3_3,3,206,40Hz10kN/Bearing3_3/206.csv,validation,32768,25600,1.28,1,165
XJTU-SY,3,40Hz10kN,2400,10.0,Bearing3_3,3,207,40Hz10kN/Bearing3_3/207.csv,validation,32768,25600,1.28,1,164
XJTU-SY,3,40Hz10kN,2400,10.0,Bearing3_3,3,208,40Hz10kN/Bearing3_3/208.csv,validation,32768,25600,1.28,1,163
XJTU-SY,3,40Hz10kN,2400,10.0,Bearing3_3,3,209,40Hz10kN/Bearing3_3/209.csv,validation,32768,25600,1.28,1,162
XJTU-SY,3,40Hz10kN,2400,10.0,Bearing3_3,3,210,40Hz10kN/Bearing3_3/210.csv,validation,32768,25600,1.28,1,161
XJTU-SY,3,40Hz10kN,2400,10.0,Bearing3_3,3,211,40Hz10kN/Bearing3_3/211.csv,validation,32768,25600,1.28,1,160
XJTU-SY,3,40Hz10kN,2400,10.0,Bearing3_3,3,212,40Hz10kN/Bearing3_3/212.csv,validation,32768,25600,1.28,1,159
XJTU-SY,3,40Hz10kN,2400,10.0,Bearing3_3,3,213,40Hz10kN/Bearing3_3/213.csv,validation,32768,25600,1.28,1,158
XJTU-SY,3,40Hz10kN,2400,10.0,Bearing3_3,3,214,40Hz10kN/Bearing3_3/214.csv,validation,32768,25600,1.28,1,157
XJTU-SY,3,40Hz10kN,2400,10.0,Bearing3_3,3,215,40Hz10kN/Bearing3_3/215.csv,validation,32768,25600,1.28,1,156
XJTU-SY,3,40Hz10kN,2400,10.0,Bearing3_3,3,216,40Hz10kN/Bearing3_3/216.csv,validation,32768,25600,1.28,1,155
XJTU-SY,3,40Hz10kN,2400,10.0,Bearing3_3,3,217,40Hz10kN/Bearing3_3/217.csv,validation,32768,25600,1.28,1,154
XJTU-SY,3,40Hz10kN,2400,10.0,Bearing3_3,3,218,40Hz10kN/Bearing3_3/218.csv,validation,32768,25600,1.28,1,153
XJTU-SY,3,40Hz10kN,2400,10.0,Bearing3_3,3,219,40Hz10kN/Bearing3_3/219.csv,validation,32768,25600,1.28,1,152
XJTU-SY,3,40Hz10kN,2400,10.0,Bearing3_3,3,220,40Hz10kN/Bearing3_3/220.csv,validation,32768,25600,1.28,1,151
XJTU-SY,3,40Hz10kN,2400,10.0,Bearing3_3,3,221,40Hz10kN/Bearing3_3/221.csv,validation,32768,25600,1.28,1,150
XJTU-SY,3,40Hz10kN,2400,10.0,Bearing3_3,3,222,40Hz10kN/Bearing3_3/222.csv,validation,32768,25600,1.28,1,149
XJTU-SY,3,40Hz10kN,2400,10.0,Bearing3_3,3,223,40Hz10kN/Bearing3_3/223.csv,validation,32768,25600,1.28,1,148
XJTU-SY,3,40Hz10kN,2400,10.0,Bearing3_3,3,224,40Hz10kN/Bearing3_3/224.csv,validation,32768,25600,1.28,1,147
XJTU-SY,3,40Hz10kN,2400,10.0,Bearing3_3,3,225,40Hz10kN/Bearing3_3/225.csv,validation,32768,25600,1.28,1,146
XJTU-SY,3,40Hz10kN,2400,10.0,Bearing3_3,3,226,40Hz10kN/Bearing3_3/226.csv,validation,32768,25600,1.28,1,145
XJTU-SY,3,40Hz10kN,2400,10.0,Bearing3_3,3,227,40Hz10kN/Bearing3_3/227.csv,validation,32768,25600,1.28,1,144
XJTU-SY,3,40Hz10kN,2400,10.0,Bearing3_3,3,228,40Hz10kN/Bearing3_3/228.csv,validation,32768,25600,1.28,1,143
XJTU-SY,3,40Hz10kN,2400,10.0,Bearing3_3,3,229,40Hz10kN/Bearing3_3/229.csv,validation,32768,25600,1.28,1,142
XJTU-SY,3,40Hz10kN,2400,10.0,Bearing3_3,3,230,40Hz10kN/Bearing3_3/230.csv,validation,32768,25600,1.28,1,141
XJTU-SY,3,40Hz10kN,2400,10.0,Bearing3_3,3,231,40Hz10kN/Bearing3_3/231.csv,validation,32768,25600,1.28,1,140
XJTU-SY,3,40Hz10kN,2400,10.0,Bearing3_3,3,232,40Hz10kN/Bearing3_3/232.csv,validation,32768,25600,1.28,1,139
XJTU-SY,3,40Hz10kN,2400,10.0,Bearing3_3,3,233,40Hz10kN/Bearing3_3/233.csv,validation,32768,25600,1.28,1,138
XJTU-SY,3,40Hz10kN,2400,10.0,Bearing3_3,3,234,40Hz10kN/Bearing3_3/234.csv,validation,32768,25600,1.28,1,137
XJTU-SY,3,40Hz10kN,2400,10.0,Bearing3_3,3,235,40Hz10kN/Bearing3_3/235.csv,validation,32768,25600,1.28,1,136
XJTU-SY,3,40Hz10kN,2400,10.0,Bearing3_3,3,236,40Hz10kN/Bearing3_3/236.csv,validation,32768,25600,1.28,1,135
XJTU-SY,3,40Hz10kN,2400,10.0,Bearing3_3,3,237,40Hz10kN/Bearing3_3/237.csv,validation,32768,25600,1.28,1,134
XJTU-SY,3,40Hz10kN,2400,10.0,Bearing3_3,3,238,40Hz10kN/Bearing3_3/238.csv,validation,32768,25600,1.28,1,133
XJTU-SY,3,40Hz10kN,2400,10.0,Bearing3_3,3,239,40Hz10kN/Bearing3_3/239.csv,validation,32768,25600,1.28,1,132
XJTU-SY,3,40Hz10kN,2400,10.0,Bearing3_3,3,240,40Hz10kN/Bearing3_3/240.csv,validation,32768,25600,1.28,1,131
XJTU-SY,3,40Hz10kN,2400,10.0,Bearing3_3,3,241,40Hz10kN/Bearing3_3/241.csv,validation,32768,25600,1.28,1,130
XJTU-SY,3,40Hz10kN,2400,10.0,Bearing3_3,3,242,40Hz10kN/Bearing3_3/242.csv,validation,32768,25600,1.28,1,129
XJTU-SY,3,40Hz10kN,2400,10.0,Bearing3_3,3,243,40Hz10kN/Bearing3_3/243.csv,validation,32768,25600,1.28,1,128
XJTU-SY,3,40Hz10kN,2400,10.0,Bearing3_3,3,244,40Hz10kN/Bearing3_3/244.csv,validation,32768,25600,1.28,1,127
XJTU-SY,3,40Hz10kN,2400,10.0,Bearing3_3,3,245,40Hz10kN/Bearing3_3/245.csv,validation,32768,25600,1.28,1,126
XJTU-SY,3,40Hz10kN,2400,10.0,Bearing3_3,3,246,40Hz10kN/Bearing3_3/246.csv,validation,32768,25600,1.28,1,125
XJTU-SY,3,40Hz10kN,2400,10.0,Bearing3_3,3,247,40Hz10kN/Bearing3_3/247.csv,validation,32768,25600,1.28,1,124
XJTU-SY,3,40Hz10kN,2400,10.0,Bearing3_3,3,248,40Hz10kN/Bearing3_3/248.csv,validation,32768,25600,1.28,1,123
XJTU-SY,3,40Hz10kN,2400,10.0,Bearing3_3,3,249,40Hz10kN/Bearing3_3/249.csv,validation,32768,25600,1.28,1,122
XJTU-SY,3,40Hz10kN,2400,10.0,Bearing3_3,3,250,40Hz10kN/Bearing3_3/250.csv,validation,32768,25600,1.28,1,121
XJTU-SY,3,40Hz10kN,2400,10.0,Bearing3_3,3,251,40Hz10kN/Bearing3_3/251.csv,validation,32768,25600,1.28,1,120
XJTU-SY,3,40Hz10kN,2400,10.0,Bearing3_3,3,252,40Hz10kN/Bearing3_3/252.csv,validation,32768,25600,1.28,1,119
XJTU-SY,3,40Hz10kN,2400,10.0,Bearing3_3,3,253,40Hz10kN/Bearing3_3/253.csv,validation,32768,25600,1.28,1,118
XJTU-SY,3,40Hz10kN,2400,10.0,Bearing3_3,3,254,40Hz10kN/Bearing3_3/254.csv,validation,32768,25600,1.28,1,117
XJTU-SY,3,40Hz10kN,2400,10.0,Bearing3_3,3,255,40Hz10kN/Bearing3_3/255.csv,validation,32768,25600,1.28,1,116
XJTU-SY,3,40Hz10kN,2400,10.0,Bearing3_3,3,256,40Hz10kN/Bearing3_3/256.csv,validation,32768,25600,1.28,1,115
XJTU-SY,3,40Hz10kN,2400,10.0,Bearing3_3,3,257,40Hz10kN/Bearing3_3/257.csv,validation,32768,25600,1.28,1,114
XJTU-SY,3,40Hz10kN,2400,10.0,Bearing3_3,3,258,40Hz10kN/Bearing3_3/258.csv,validation,32768,25600,1.28,1,113
XJTU-SY,3,40Hz10kN,2400,10.0,Bearing3_3,3,259,40Hz10kN/Bearing3_3/259.csv,validation,32768,25600,1.28,1,112
XJTU-SY,3,40Hz10kN,2400,10.0,Bearing3_3,3,260,40Hz10kN/Bearing3_3/260.csv,validation,32768,25600,1.28,1,111
XJTU-SY,3,40Hz10kN,2400,10.0,Bearing3_3,3,261,40Hz10kN/Bearing3_3/261.csv,validation,32768,25600,1.28,1,110
XJTU-SY,3,40Hz10kN,2400,10.0,Bearing3_3,3,262,40Hz10kN/Bearing3_3/262.csv,validation,32768,25600,1.28,1,109
XJTU-SY,3,40Hz10kN,2400,10.0,Bearing3_3,3,263,40Hz10kN/Bearing3_3/263.csv,validation,32768,25600,1.28,1,108
XJTU-SY,3,40Hz10kN,2400,10.0,Bearing3_3,3,264,40Hz10kN/Bearing3_3/264.csv,validation,32768,25600,1.28,1,107
XJTU-SY,3,40Hz10kN,2400,10.0,Bearing3_3,3,265,40Hz10kN/Bearing3_3/265.csv,validation,32768,25600,1.28,1,106
XJTU-SY,3,40Hz10kN,2400,10.0,Bearing3_3,3,266,40Hz10kN/Bearing3_3/266.csv,validation,32768,25600,1.28,1,105
XJTU-SY,3,40Hz10kN,2400,10.0,Bearing3_3,3,267,40Hz10kN/Bearing3_3/267.csv,validation,32768,25600,1.28,1,104
XJTU-SY,3,40Hz10kN,2400,10.0,Bearing3_3,3,268,40Hz10kN/Bearing3_3/268.csv,validation,32768,25600,1.28,1,103
XJTU-SY,3,40Hz10kN,2400,10.0,Bearing3_3,3,269,40Hz10kN/Bearing3_3/269.csv,validation,32768,25600,1.28,1,102
XJTU-SY,3,40Hz10kN,2400,10.0,Bearing3_3,3,270,40Hz10kN/Bearing3_3/270.csv,validation,32768,25600,1.28,1,101
XJTU-SY,3,40Hz10kN,2400,10.0,Bearing3_3,3,271,40Hz10kN/Bearing3_3/271.csv,validation,32768,25600,1.28,1,100
XJTU-SY,3,40Hz10kN,2400,10.0,Bearing3_3,3,272,40Hz10kN/Bearing3_3/272.csv,validation,32768,25600,1.28,1,99
XJTU-SY,3,40Hz10kN,2400,10.0,Bearing3_3,3,273,40Hz10kN/Bearing3_3/273.csv,validation,32768,25600,1.28,1,98
XJTU-SY,3,40Hz10kN,2400,10.0,Bearing3_3,3,274,40Hz10kN/Bearing3_3/274.csv,validation,32768,25600,1.28,1,97
XJTU-SY,3,40Hz10kN,2400,10.0,Bearing3_3,3,275,40Hz10kN/Bearing3_3/275.csv,validation,32768,25600,1.28,1,96
XJTU-SY,3,40Hz10kN,2400,10.0,Bearing3_3,3,276,40Hz10kN/Bearing3_3/276.csv,validation,32768,25600,1.28,1,95
XJTU-SY,3,40Hz10kN,2400,10.0,Bearing3_3,3,277,40Hz10kN/Bearing3_3/277.csv,validation,32768,25600,1.28,1,94
XJTU-SY,3,40Hz10kN,2400,10.0,Bearing3_3,3,278,40Hz10kN/Bearing3_3/278.csv,validation,32768,25600,1.28,1,93
XJTU-SY,3,40Hz10kN,2400,10.0,Bearing3_3,3,279,40Hz10kN/Bearing3_3/279.csv,validation,32768,25600,1.28,1,92
XJTU-SY,3,40Hz10kN,2400,10.0,Bearing3_3,3,280,40Hz10kN/Bearing3_3/280.csv,validation,32768,25600,1.28,1,91
XJTU-SY,3,40Hz10kN,2400,10.0,Bearing3_3,3,281,40Hz10kN/Bearing3_3/281.csv,validation,32768,25600,1.28,1,90
XJTU-SY,3,40Hz10kN,2400,10.0,Bearing3_3,3,282,40Hz10kN/Bearing3_3/282.csv,validation,32768,25600,1.28,1,89
XJTU-SY,3,40Hz10kN,2400,10.0,Bearing3_3,3,283,40Hz10kN/Bearing3_3/283.csv,validation,32768,25600,1.28,1,88
XJTU-SY,3,40Hz10kN,2400,10.0,Bearing3_3,3,284,40Hz10kN/Bearing3_3/284.csv,validation,32768,25600,1.28,1,87
XJTU-SY,3,40Hz10kN,2400,10.0,Bearing3_3,3,285,40Hz10kN/Bearing3_3/285.csv,validation,32768,25600,1.28,1,86
XJTU-SY,3,40Hz10kN,2400,10.0,Bearing3_3,3,286,40Hz10kN/Bearing3_3/286.csv,validation,32768,25600,1.28,1,85
XJTU-SY,3,40Hz10kN,2400,10.0,Bearing3_3,3,287,40Hz10kN/Bearing3_3/287.csv,validation,32768,25600,1.28,1,84
XJTU-SY,3,40Hz10kN,2400,10.0,Bearing3_3,3,288,40Hz10kN/Bearing3_3/288.csv,validation,32768,25600,1.28,1,83
XJTU-SY,3,40Hz10kN,2400,10.0,Bearing3_3,3,289,40Hz10kN/Bearing3_3/289.csv,validation,32768,25600,1.28,1,82
XJTU-SY,3,40Hz10kN,2400,10.0,Bearing3_3,3,290,40Hz10kN/Bearing3_3/290.csv,validation,32768,25600,1.28,1,81
XJTU-SY,3,40Hz10kN,2400,10.0,Bearing3_3,3,291,40Hz10kN/Bearing3_3/291.csv,validation,32768,25600,1.28,1,80
XJTU-SY,3,40Hz10kN,2400,10.0,Bearing3_3,3,292,40Hz10kN/Bearing3_3/292.csv,validation,32768,25600,1.28,1,79
XJTU-SY,3,40Hz10kN,2400,10.0,Bearing3_3,3,293,40Hz10kN/Bearing3_3/293.csv,validation,32768,25600,1.28,1,78
XJTU-SY,3,40Hz10kN,2400,10.0,Bearing3_3,3,294,40Hz10kN/Bearing3_3/294.csv,validation,32768,25600,1.28,1,77
XJTU-SY,3,40Hz10kN,2400,10.0,Bearing3_3,3,295,40Hz10kN/Bearing3_3/295.csv,validation,32768,25600,1.28,1,76
XJTU-SY,3,40Hz10kN,2400,10.0,Bearing3_3,3,296,40Hz10kN/Bearing3_3/296.csv,validation,32768,25600,1.28,1,75
XJTU-SY,3,40Hz10kN,2400,10.0,Bearing3_3,3,297,40Hz10kN/Bearing3_3/297.csv,validation,32768,25600,1.28,1,74
XJTU-SY,3,40Hz10kN,2400,10.0,Bearing3_3,3,298,40Hz10kN/Bearing3_3/298.csv,validation,32768,25600,1.28,1,73
XJTU-SY,3,40Hz10kN,2400,10.0,Bearing3_3,3,299,40Hz10kN/Bearing3_3/299.csv,validation,32768,25600,1.28,1,72
XJTU-SY,3,40Hz10kN,2400,10.0,Bearing3_3,3,300,40Hz10kN/Bearing3_3/300.csv,validation,32768,25600,1.28,1,71
XJTU-SY,3,40Hz10kN,2400,10.0,Bearing3_3,3,301,40Hz10kN/Bearing3_3/301.csv,validation,32768,25600,1.28,1,70
XJTU-SY,3,40Hz10kN,2400,10.0,Bearing3_3,3,302,40Hz10kN/Bearing3_3/302.csv,validation,32768,25600,1.28,1,69
XJTU-SY,3,40Hz10kN,2400,10.0,Bearing3_3,3,303,40Hz10kN/Bearing3_3/303.csv,validation,32768,25600,1.28,1,68
XJTU-SY,3,40Hz10kN,2400,10.0,Bearing3_3,3,304,40Hz10kN/Bearing3_3/304.csv,validation,32768,25600,1.28,1,67
XJTU-SY,3,40Hz10kN,2400,10.0,Bearing3_3,3,305,40Hz10kN/Bearing3_3/305.csv,validation,32768,25600,1.28,1,66
XJTU-SY,3,40Hz10kN,2400,10.0,Bearing3_3,3,306,40Hz10kN/Bearing3_3/306.csv,validation,32768,25600,1.28,1,65
XJTU-SY,3,40Hz10kN,2400,10.0,Bearing3_3,3,307,40Hz10kN/Bearing3_3/307.csv,validation,32768,25600,1.28,1,64
XJTU-SY,3,40Hz10kN,2400,10.0,Bearing3_3,3,308,40Hz10kN/Bearing3_3/308.csv,validation,32768,25600,1.28,1,63
XJTU-SY,3,40Hz10kN,2400,10.0,Bearing3_3,3,309,40Hz10kN/Bearing3_3/309.csv,validation,32768,25600,1.28,1,62
XJTU-SY,3,40Hz10kN,2400,10.0,Bearing3_3,3,310,40Hz10kN/Bearing3_3/310.csv,validation,32768,25600,1.28,1,61
XJTU-SY,3,40Hz10kN,2400,10.0,Bearing3_3,3,311,40Hz10kN/Bearing3_3/311.csv,validation,32768,25600,1.28,1,60
XJTU-SY,3,40Hz10kN,2400,10.0,Bearing3_3,3,312,40Hz10kN/Bearing3_3/312.csv,validation,32768,25600,1.28,1,59
XJTU-SY,3,40Hz10kN,2400,10.0,Bearing3_3,3,313,40Hz10kN/Bearing3_3/313.csv,validation,32768,25600,1.28,1,58
XJTU-SY,3,40Hz10kN,2400,10.0,Bearing3_3,3,314,40Hz10kN/Bearing3_3/314.csv,validation,32768,25600,1.28,1,57
XJTU-SY,3,40Hz10kN,2400,10.0,Bearing3_3,3,315,40Hz10kN/Bearing3_3/315.csv,validation,32768,25600,1.28,1,56
XJTU-SY,3,40Hz10kN,2400,10.0,Bearing3_3,3,316,40Hz10kN/Bearing3_3/316.csv,validation,32768,25600,1.28,1,55
XJTU-SY,3,40Hz10kN,2400,10.0,Bearing3_3,3,317,40Hz10kN/Bearing3_3/317.csv,validation,32768,25600,1.28,1,54
XJTU-SY,3,40Hz10kN,2400,10.0,Bearing3_3,3,318,40Hz10kN/Bearing3_3/318.csv,validation,32768,25600,1.28,1,53
XJTU-SY,3,40Hz10kN,2400,10.0,Bearing3_3,3,319,40Hz10kN/Bearing3_3/319.csv,validation,32768,25600,1.28,1,52
XJTU-SY,3,40Hz10kN,2400,10.0,Bearing3_3,3,320,40Hz10kN/Bearing3_3/320.csv,validation,32768,25600,1.28,1,51
XJTU-SY,3,40Hz10kN,2400,10.0,Bearing3_3,3,321,40Hz10kN/Bearing3_3/321.csv,validation,32768,25600,1.28,1,50
XJTU-SY,3,40Hz10kN,2400,10.0,Bearing3_3,3,322,40Hz10kN/Bearing3_3/322.csv,validation,32768,25600,1.28,1,49
XJTU-SY,3,40Hz10kN,2400,10.0,Bearing3_3,3,323,40Hz10kN/Bearing3_3/323.csv,validation,32768,25600,1.28,1,48
XJTU-SY,3,40Hz10kN,2400,10.0,Bearing3_3,3,324,40Hz10kN/Bearing3_3/324.csv,validation,32768,25600,1.28,1,47
XJTU-SY,3,40Hz10kN,2400,10.0,Bearing3_3,3,325,40Hz10kN/Bearing3_3/325.csv,validation,32768,25600,1.28,1,46
XJTU-SY,3,40Hz10kN,2400,10.0,Bearing3_3,3,326,40Hz10kN/Bearing3_3/326.csv,validation,32768,25600,1.28,1,45
XJTU-SY,3,40Hz10kN,2400,10.0,Bearing3_3,3,327,40Hz10kN/Bearing3_3/327.csv,validation,32768,25600,1.28,1,44
XJTU-SY,3,40Hz10kN,2400,10.0,Bearing3_3,3,328,40Hz10kN/Bearing3_3/328.csv,validation,32768,25600,1.28,1,43
XJTU-SY,3,40Hz10kN,2400,10.0,Bearing3_3,3,329,40Hz10kN/Bearing3_3/329.csv,validation,32768,25600,1.28,1,42
XJTU-SY,3,40Hz10kN,2400,10.0,Bearing3_3,3,330,40Hz10kN/Bearing3_3/330.csv,validation,32768,25600,1.28,1,41
XJTU-SY,3,40Hz10kN,2400,10.0,Bearing3_3,3,331,40Hz10kN/Bearing3_3/331.csv,validation,32768,25600,1.28,1,40
XJTU-SY,3,40Hz10kN,2400,10.0,Bearing3_3,3,332,40Hz10kN/Bearing3_3/332.csv,validation,32768,25600,1.28,1,39
XJTU-SY,3,40Hz10kN,2400,10.0,Bearing3_3,3,333,40Hz10kN/Bearing3_3/333.csv,validation,32768,25600,1.28,1,38
XJTU-SY,3,40Hz10kN,2400,10.0,Bearing3_3,3,334,40Hz10kN/Bearing3_3/334.csv,validation,32768,25600,1.28,1,37
XJTU-SY,3,40Hz10kN,2400,10.0,Bearing3_3,3,335,40Hz10kN/Bearing3_3/335.csv,validation,32768,25600,1.28,1,36
XJTU-SY,3,40Hz10kN,2400,10.0,Bearing3_3,3,336,40Hz10kN/Bearing3_3/336.csv,validation,32768,25600,1.28,1,35
XJTU-SY,3,40Hz10kN,2400,10.0,Bearing3_3,3,337,40Hz10kN/Bearing3_3/337.csv,validation,32768,25600,1.28,1,34
XJTU-SY,3,40Hz10kN,2400,10.0,Bearing3_3,3,338,40Hz10kN/Bearing3_3/338.csv,validation,32768,25600,1.28,1,33
XJTU-SY,3,40Hz10kN,2400,10.0,Bearing3_3,3,339,40Hz10kN/Bearing3_3/339.csv,validation,32768,25600,1.28,1,32
XJTU-SY,3,40Hz10kN,2400,10.0,Bearing3_3,3,340,40Hz10kN/Bearing3_3/340.csv,validation,32768,25600,1.28,1,31
XJTU-SY,3,40Hz10kN,2400,10.0,Bearing3_3,3,341,40Hz10kN/Bearing3_3/341.csv,validation,32768,25600,1.28,1,30
XJTU-SY,3,40Hz10kN,2400,10.0,Bearing3_3,3,342,40Hz10kN/Bearing3_3/342.csv,validation,32768,25600,1.28,1,29
XJTU-SY,3,40Hz10kN,2400,10.0,Bearing3_3,3,343,40Hz10kN/Bearing3_3/343.csv,validation,32768,25600,1.28,1,28
XJTU-SY,3,40Hz10kN,2400,10.0,Bearing3_3,3,344,40Hz10kN/Bearing3_3/344.csv,validation,32768,25600,1.28,1,27
XJTU-SY,3,40Hz10kN,2400,10.0,Bearing3_3,3,345,40Hz10kN/Bearing3_3/345.csv,validation,32768,25600,1.28,1,26
XJTU-SY,3,40Hz10kN,2400,10.0,Bearing3_3,3,346,40Hz10kN/Bearing3_3/346.csv,validation,32768,25600,1.28,1,25
XJTU-SY,3,40Hz10kN,2400,10.0,Bearing3_3,3,347,40Hz10kN/Bearing3_3/347.csv,validation,32768,25600,1.28,1,24
XJTU-SY,3,40Hz10kN,2400,10.0,Bearing3_3,3,348,40Hz10kN/Bearing3_3/348.csv,validation,32768,25600,1.28,1,23
XJTU-SY,3,40Hz10kN,2400,10.0,Bearing3_3,3,349,40Hz10kN/Bearing3_3/349.csv,validation,32768,25600,1.28,1,22
XJTU-SY,3,40Hz10kN,2400,10.0,Bearing3_3,3,350,40Hz10kN/Bearing3_3/350.csv,validation,32768,25600,1.28,1,21
XJTU-SY,3,40Hz10kN,2400,10.0,Bearing3_3,3,351,40Hz10kN/Bearing3_3/351.csv,validation,32768,25600,1.28,1,20
XJTU-SY,3,40Hz10kN,2400,10.0,Bearing3_3,3,352,40Hz10kN/Bearing3_3/352.csv,validation,32768,25600,1.28,1,19
XJTU-SY,3,40Hz10kN,2400,10.0,Bearing3_3,3,353,40Hz10kN/Bearing3_3/353.csv,validation,32768,25600,1.28,1,18
XJTU-SY,3,40Hz10kN,2400,10.0,Bearing3_3,3,354,40Hz10kN/Bearing3_3/354.csv,validation,32768,25600,1.28,1,17
XJTU-SY,3,40Hz10kN,2400,10.0,Bearing3_3,3,355,40Hz10kN/Bearing3_3/355.csv,validation,32768,25600,1.28,1,16
XJTU-SY,3,40Hz10kN,2400,10.0,Bearing3_3,3,356,40Hz10kN/Bearing3_3/356.csv,validation,32768,25600,1.28,1,15
XJTU-SY,3,40Hz10kN,2400,10.0,Bearing3_3,3,357,40Hz10kN/Bearing3_3/357.csv,validation,32768,25600,1.28,1,14
XJTU-SY,3,40Hz10kN,2400,10.0,Bearing3_3,3,358,40Hz10kN/Bearing3_3/358.csv,validation,32768,25600,1.28,1,13
XJTU-SY,3,40Hz10kN,2400,10.0,Bearing3_3,3,359,40Hz10kN/Bearing3_3/359.csv,validation,32768,25600,1.28,1,12
XJTU-SY,3,40Hz10kN,2400,10.0,Bearing3_3,3,360,40Hz10kN/Bearing3_3/360.csv,validation,32768,25600,1.28,1,11
XJTU-SY,3,40Hz10kN,2400,10.0,Bearing3_3,3,361,40Hz10kN/Bearing3_3/361.csv,validation,32768,25600,1.28,1,10
XJTU-SY,3,40Hz10kN,2400,10.0,Bearing3_3,3,362,40Hz10kN/Bearing3_3/362.csv,validation,32768,25600,1.28,1,9
XJTU-SY,3,40Hz10kN,2400,10.0,Bearing3_3,3,363,40Hz10kN/Bearing3_3/363.csv,validation,32768,25600,1.28,1,8
XJTU-SY,3,40Hz10kN,2400,10.0,Bearing3_3,3,364,40Hz10kN/Bearing3_3/364.csv,validation,32768,25600,1.28,1,7
XJTU-SY,3,40Hz10kN,2400,10.0,Bearing3_3,3,365,40Hz10kN/Bearing3_3/365.csv,validation,32768,25600,1.28,1,6
XJTU-SY,3,40Hz10kN,2400,10.0,Bearing3_3,3,366,40Hz10kN/Bearing3_3/366.csv,validation,32768,25600,1.28,1,5
XJTU-SY,3,40Hz10kN,2400,10.0,Bearing3_3,3,367,40Hz10kN/Bearing3_3/367.csv,validation,32768,25600,1.28,1,4
XJTU-SY,3,40Hz10kN,2400,10.0,Bearing3_3,3,368,40Hz10kN/Bearing3_3/368.csv,validation,32768,25600,1.28,1,3
XJTU-SY,3,40Hz10kN,2400,10.0,Bearing3_3,3,369,40Hz10kN/Bearing3_3/369.csv,validation,32768,25600,1.28,1,2
XJTU-SY,3,40Hz10kN,2400,10.0,Bearing3_3,3,370,40Hz10kN/Bearing3_3/370.csv,validation,32768,25600,1.28,1,1
XJTU-SY,3,40Hz10kN,2400,10.0,Bearing3_3,3,371,40Hz10kN/Bearing3_3/371.csv,validation,32768,25600,1.28,1,0
XJTU-SY,3,40Hz10kN,2400,10.0,Bearing3_4,4,1,40Hz10kN/Bearing3_4/1.csv,test,32768,25600,1.28,1,1514
XJTU-SY,3,40Hz10kN,2400,10.0,Bearing3_4,4,2,40Hz10kN/Bearing3_4/2.csv,test,32768,25600,1.28,1,1513
XJTU-SY,3,40Hz10kN,2400,10.0,Bearing3_4,4,3,40Hz10kN/Bearing3_4/3.csv,test,32768,25600,1.28,1,1512
XJTU-SY,3,40Hz10kN,2400,10.0,Bearing3_4,4,4,40Hz10kN/Bearing3_4/4.csv,test,32768,25600,1.28,1,1511
XJTU-SY,3,40Hz10kN,2400,10.0,Bearing3_4,4,5,40Hz10kN/Bearing3_4/5.csv,test,32768,25600,1.28,1,1510
XJTU-SY,3,40Hz10kN,2400,10.0,Bearing3_4,4,6,40Hz10kN/Bearing3_4/6.csv,test,32768,25600,1.28,1,1509
XJTU-SY,3,40Hz10kN,2400,10.0,Bearing3_4,4,7,40Hz10kN/Bearing3_4/7.csv,test,32768,25600,1.28,1,1508
XJTU-SY,3,40Hz10kN,2400,10.0,Bearing3_4,4,8,40Hz10kN/Bearing3_4/8.csv,test,32768,25600,1.28,1,1507
XJTU-SY,3,40Hz10kN,2400,10.0,Bearing3_4,4,9,40Hz10kN/Bearing3_4/9.csv,test,32768,25600,1.28,1,1506
XJTU-SY,3,40Hz10kN,2400,10.0,Bearing3_4,4,10,40Hz10kN/Bearing3_4/10.csv,test,32768,25600,1.28,1,1505
XJTU-SY,3,40Hz10kN,2400,10.0,Bearing3_4,4,11,40Hz10kN/Bearing3_4/11.csv,test,32768,25600,1.28,1,1504
XJTU-SY,3,40Hz10kN,2400,10.0,Bearing3_4,4,12,40Hz10kN/Bearing3_4/12.csv,test,32768,25600,1.28,1,1503
XJTU-SY,3,40Hz10kN,2400,10.0,Bearing3_4,4,13,40Hz10kN/Bearing3_4/13.csv,test,32768,25600,1.28,1,1502
XJTU-SY,3,40Hz10kN,2400,10.0,Bearing3_4,4,14,40Hz10kN/Bearing3_4/14.csv,test,32768,25600,1.28,1,1501
XJTU-SY,3,40Hz10kN,2400,10.0,Bearing3_4,4,15,40Hz10kN/Bearing3_4/15.csv,test,32768,25600,1.28,1,1500
XJTU-SY,3,40Hz10kN,2400,10.0,Bearing3_4,4,16,40Hz10kN/Bearing3_4/16.csv,test,32768,25600,1.28,1,1499
XJTU-SY,3,40Hz10kN,2400,10.0,Bearing3_4,4,17,40Hz10kN/Bearing3_4/17.csv,test,32768,25600,1.28,1,1498
XJTU-SY,3,40Hz10kN,2400,10.0,Bearing3_4,4,18,40Hz10kN/Bearing3_4/18.csv,test,32768,25600,1.28,1,1497
XJTU-SY,3,40Hz10kN,2400,10.0,Bearing3_4,4,19,40Hz10kN/Bearing3_4/19.csv,test,32768,25600,1.28,1,1496
XJTU-SY,3,40Hz10kN,2400,10.0,Bearing3_4,4,20,40Hz10kN/Bearing3_4/20.csv,test,32768,25600,1.28,1,1495
XJTU-SY,3,40Hz10kN,2400,10.0,Bearing3_4,4,21,40Hz10kN/Bearing3_4/21.csv,test,32768,25600,1.28,1,1494
XJTU-SY,3,40Hz10kN,2400,10.0,Bearing3_4,4,22,40Hz10kN/Bearing3_4/22.csv,test,32768,25600,1.28,1,1493
XJTU-SY,3,40Hz10kN,2400,10.0,Bearing3_4,4,23,40Hz10kN/Bearing3_4/23.csv,test,32768,25600,1.28,1,1492
XJTU-SY,3,40Hz10kN,2400,10.0,Bearing3_4,4,24,40Hz10kN/Bearing3_4/24.csv,test,32768,25600,1.28,1,1491
XJTU-SY,3,40Hz10kN,2400,10.0,Bearing3_4,4,25,40Hz10kN/Bearing3_4/25.csv,test,32768,25600,1.28,1,1490
XJTU-SY,3,40Hz10kN,2400,10.0,Bearing3_4,4,26,40Hz10kN/Bearing3_4/26.csv,test,32768,25600,1.28,1,1489
XJTU-SY,3,40Hz10kN,2400,10.0,Bearing3_4,4,27,40Hz10kN/Bearing3_4/27.csv,test,32768,25600,1.28,1,1488
XJTU-SY,3,40Hz10kN,2400,10.0,Bearing3_4,4,28,40Hz10kN/Bearing3_4/28.csv,test,32768,25600,1.28,1,1487
XJTU-SY,3,40Hz10kN,2400,10.0,Bearing3_4,4,29,40Hz10kN/Bearing3_4/29.csv,test,32768,25600,1.28,1,1486
XJTU-SY,3,40Hz10kN,2400,10.0,Bearing3_4,4,30,40Hz10kN/Bearing3_4/30.csv,test,32768,25600,1.28,1,1485
XJTU-SY,3,40Hz10kN,2400,10.0,Bearing3_4,4,31,40Hz10kN/Bearing3_4/31.csv,test,32768,25600,1.28,1,1484
XJTU-SY,3,40Hz10kN,2400,10.0,Bearing3_4,4,32,40Hz10kN/Bearing3_4/32.csv,test,32768,25600,1.28,1,1483
XJTU-SY,3,40Hz10kN,2400,10.0,Bearing3_4,4,33,40Hz10kN/Bearing3_4/33.csv,test,32768,25600,1.28,1,1482
XJTU-SY,3,40Hz10kN,2400,10.0,Bearing3_4,4,34,40Hz10kN/Bearing3_4/34.csv,test,32768,25600,1.28,1,1481
XJTU-SY,3,40Hz10kN,2400,10.0,Bearing3_4,4,35,40Hz10kN/Bearing3_4/35.csv,test,32768,25600,1.28,1,1480
XJTU-SY,3,40Hz10kN,2400,10.0,Bearing3_4,4,36,40Hz10kN/Bearing3_4/36.csv,test,32768,25600,1.28,1,1479
XJTU-SY,3,40Hz10kN,2400,10.0,Bearing3_4,4,37,40Hz10kN/Bearing3_4/37.csv,test,32768,25600,1.28,1,1478
XJTU-SY,3,40Hz10kN,2400,10.0,Bearing3_4,4,38,40Hz10kN/Bearing3_4/38.csv,test,32768,25600,1.28,1,1477
XJTU-SY,3,40Hz10kN,2400,10.0,Bearing3_4,4,39,40Hz10kN/Bearing3_4/39.csv,test,32768,25600,1.28,1,1476
XJTU-SY,3,40Hz10kN,2400,10.0,Bearing3_4,4,40,40Hz10kN/Bearing3_4/40.csv,test,32768,25600,1.28,1,1475
XJTU-SY,3,40Hz10kN,2400,10.0,Bearing3_4,4,41,40Hz10kN/Bearing3_4/41.csv,test,32768,25600,1.28,1,1474
XJTU-SY,3,40Hz10kN,2400,10.0,Bearing3_4,4,42,40Hz10kN/Bearing3_4/42.csv,test,32768,25600,1.28,1,1473
XJTU-SY,3,40Hz10kN,2400,10.0,Bearing3_4,4,43,40Hz10kN/Bearing3_4/43.csv,test,32768,25600,1.28,1,1472
XJTU-SY,3,40Hz10kN,2400,10.0,Bearing3_4,4,44,40Hz10kN/Bearing3_4/44.csv,test,32768,25600,1.28,1,1471
XJTU-SY,3,40Hz10kN,2400,10.0,Bearing3_4,4,45,40Hz10kN/Bearing3_4/45.csv,test,32768,25600,1.28,1,1470
XJTU-SY,3,40Hz10kN,2400,10.0,Bearing3_4,4,46,40Hz10kN/Bearing3_4/46.csv,test,32768,25600,1.28,1,1469
XJTU-SY,3,40Hz10kN,2400,10.0,Bearing3_4,4,47,40Hz10kN/Bearing3_4/47.csv,test,32768,25600,1.28,1,1468
XJTU-SY,3,40Hz10kN,2400,10.0,Bearing3_4,4,48,40Hz10kN/Bearing3_4/48.csv,test,32768,25600,1.28,1,1467
XJTU-SY,3,40Hz10kN,2400,10.0,Bearing3_4,4,49,40Hz10kN/Bearing3_4/49.csv,test,32768,25600,1.28,1,1466
XJTU-SY,3,40Hz10kN,2400,10.0,Bearing3_4,4,50,40Hz10kN/Bearing3_4/50.csv,test,32768,25600,1.28,1,1465
XJTU-SY,3,40Hz10kN,2400,10.0,Bearing3_4,4,51,40Hz10kN/Bearing3_4/51.csv,test,32768,25600,1.28,1,1464
XJTU-SY,3,40Hz10kN,2400,10.0,Bearing3_4,4,52,40Hz10kN/Bearing3_4/52.csv,test,32768,25600,1.28,1,1463
XJTU-SY,3,40Hz10kN,2400,10.0,Bearing3_4,4,53,40Hz10kN/Bearing3_4/53.csv,test,32768,25600,1.28,1,1462
XJTU-SY,3,40Hz10kN,2400,10.0,Bearing3_4,4,54,40Hz10kN/Bearing3_4/54.csv,test,32768,25600,1.28,1,1461
XJTU-SY,3,40Hz10kN,2400,10.0,Bearing3_4,4,55,40Hz10kN/Bearing3_4/55.csv,test,32768,25600,1.28,1,1460
XJTU-SY,3,40Hz10kN,2400,10.0,Bearing3_4,4,56,40Hz10kN/Bearing3_4/56.csv,test,32768,25600,1.28,1,1459
XJTU-SY,3,40Hz10kN,2400,10.0,Bearing3_4,4,57,40Hz10kN/Bearing3_4/57.csv,test,32768,25600,1.28,1,1458
XJTU-SY,3,40Hz10kN,2400,10.0,Bearing3_4,4,58,40Hz10kN/Bearing3_4/58.csv,test,32768,25600,1.28,1,1457
XJTU-SY,3,40Hz10kN,2400,10.0,Bearing3_4,4,59,40Hz10kN/Bearing3_4/59.csv,test,32768,25600,1.28,1,1456
XJTU-SY,3,40Hz10kN,2400,10.0,Bearing3_4,4,60,40Hz10kN/Bearing3_4/60.csv,test,32768,25600,1.28,1,1455
XJTU-SY,3,40Hz10kN,2400,10.0,Bearing3_4,4,61,40Hz10kN/Bearing3_4/61.csv,test,32768,25600,1.28,1,1454
XJTU-SY,3,40Hz10kN,2400,10.0,Bearing3_4,4,62,40Hz10kN/Bearing3_4/62.csv,test,32768,25600,1.28,1,1453
XJTU-SY,3,40Hz10kN,2400,10.0,Bearing3_4,4,63,40Hz10kN/Bearing3_4/63.csv,test,32768,25600,1.28,1,1452
XJTU-SY,3,40Hz10kN,2400,10.0,Bearing3_4,4,64,40Hz10kN/Bearing3_4/64.csv,test,32768,25600,1.28,1,1451
XJTU-SY,3,40Hz10kN,2400,10.0,Bearing3_4,4,65,40Hz10kN/Bearing3_4/65.csv,test,32768,25600,1.28,1,1450
XJTU-SY,3,40Hz10kN,2400,10.0,Bearing3_4,4,66,40Hz10kN/Bearing3_4/66.csv,test,32768,25600,1.28,1,1449
XJTU-SY,3,40Hz10kN,2400,10.0,Bearing3_4,4,67,40Hz10kN/Bearing3_4/67.csv,test,32768,25600,1.28,1,1448
XJTU-SY,3,40Hz10kN,2400,10.0,Bearing3_4,4,68,40Hz10kN/Bearing3_4/68.csv,test,32768,25600,1.28,1,1447
XJTU-SY,3,40Hz10kN,2400,10.0,Bearing3_4,4,69,40Hz10kN/Bearing3_4/69.csv,test,32768,25600,1.28,1,1446
XJTU-SY,3,40Hz10kN,2400,10.0,Bearing3_4,4,70,40Hz10kN/Bearing3_4/70.csv,test,32768,25600,1.28,1,1445
XJTU-SY,3,40Hz10kN,2400,10.0,Bearing3_4,4,71,40Hz10kN/Bearing3_4/71.csv,test,32768,25600,1.28,1,1444
XJTU-SY,3,40Hz10kN,2400,10.0,Bearing3_4,4,72,40Hz10kN/Bearing3_4/72.csv,test,32768,25600,1.28,1,1443
XJTU-SY,3,40Hz10kN,2400,10.0,Bearing3_4,4,73,40Hz10kN/Bearing3_4/73.csv,test,32768,25600,1.28,1,1442
XJTU-SY,3,40Hz10kN,2400,10.0,Bearing3_4,4,74,40Hz10kN/Bearing3_4/74.csv,test,32768,25600,1.28,1,1441
XJTU-SY,3,40Hz10kN,2400,10.0,Bearing3_4,4,75,40Hz10kN/Bearing3_4/75.csv,test,32768,25600,1.28,1,1440
XJTU-SY,3,40Hz10kN,2400,10.0,Bearing3_4,4,76,40Hz10kN/Bearing3_4/76.csv,test,32768,25600,1.28,1,1439
XJTU-SY,3,40Hz10kN,2400,10.0,Bearing3_4,4,77,40Hz10kN/Bearing3_4/77.csv,test,32768,25600,1.28,1,1438
XJTU-SY,3,40Hz10kN,2400,10.0,Bearing3_4,4,78,40Hz10kN/Bearing3_4/78.csv,test,32768,25600,1.28,1,1437
XJTU-SY,3,40Hz10kN,2400,10.0,Bearing3_4,4,79,40Hz10kN/Bearing3_4/79.csv,test,32768,25600,1.28,1,1436
XJTU-SY,3,40Hz10kN,2400,10.0,Bearing3_4,4,80,40Hz10kN/Bearing3_4/80.csv,test,32768,25600,1.28,1,1435
XJTU-SY,3,40Hz10kN,2400,10.0,Bearing3_4,4,81,40Hz10kN/Bearing3_4/81.csv,test,32768,25600,1.28,1,1434
XJTU-SY,3,40Hz10kN,2400,10.0,Bearing3_4,4,82,40Hz10kN/Bearing3_4/82.csv,test,32768,25600,1.28,1,1433
XJTU-SY,3,40Hz10kN,2400,10.0,Bearing3_4,4,83,40Hz10kN/Bearing3_4/83.csv,test,32768,25600,1.28,1,1432
XJTU-SY,3,40Hz10kN,2400,10.0,Bearing3_4,4,84,40Hz10kN/Bearing3_4/84.csv,test,32768,25600,1.28,1,1431
XJTU-SY,3,40Hz10kN,2400,10.0,Bearing3_4,4,85,40Hz10kN/Bearing3_4/85.csv,test,32768,25600,1.28,1,1430
XJTU-SY,3,40Hz10kN,2400,10.0,Bearing3_4,4,86,40Hz10kN/Bearing3_4/86.csv,test,32768,25600,1.28,1,1429
XJTU-SY,3,40Hz10kN,2400,10.0,Bearing3_4,4,87,40Hz10kN/Bearing3_4/87.csv,test,32768,25600,1.28,1,1428
XJTU-SY,3,40Hz10kN,2400,10.0,Bearing3_4,4,88,40Hz10kN/Bearing3_4/88.csv,test,32768,25600,1.28,1,1427
XJTU-SY,3,40Hz10kN,2400,10.0,Bearing3_4,4,89,40Hz10kN/Bearing3_4/89.csv,test,32768,25600,1.28,1,1426
XJTU-SY,3,40Hz10kN,2400,10.0,Bearing3_4,4,90,40Hz10kN/Bearing3_4/90.csv,test,32768,25600,1.28,1,1425
XJTU-SY,3,40Hz10kN,2400,10.0,Bearing3_4,4,91,40Hz10kN/Bearing3_4/91.csv,test,32768,25600,1.28,1,1424
XJTU-SY,3,40Hz10kN,2400,10.0,Bearing3_4,4,92,40Hz10kN/Bearing3_4/92.csv,test,32768,25600,1.28,1,1423
XJTU-SY,3,40Hz10kN,2400,10.0,Bearing3_4,4,93,40Hz10kN/Bearing3_4/93.csv,test,32768,25600,1.28,1,1422
XJTU-SY,3,40Hz10kN,2400,10.0,Bearing3_4,4,94,40Hz10kN/Bearing3_4/94.csv,test,32768,25600,1.28,1,1421
XJTU-SY,3,40Hz10kN,2400,10.0,Bearing3_4,4,95,40Hz10kN/Bearing3_4/95.csv,test,32768,25600,1.28,1,1420
XJTU-SY,3,40Hz10kN,2400,10.0,Bearing3_4,4,96,40Hz10kN/Bearing3_4/96.csv,test,32768,25600,1.28,1,1419
XJTU-SY,3,40Hz10kN,2400,10.0,Bearing3_4,4,97,40Hz10kN/Bearing3_4/97.csv,test,32768,25600,1.28,1,1418
XJTU-SY,3,40Hz10kN,2400,10.0,Bearing3_4,4,98,40Hz10kN/Bearing3_4/98.csv,test,32768,25600,1.28,1,1417
XJTU-SY,3,40Hz10kN,2400,10.0,Bearing3_4,4,99,40Hz10kN/Bearing3_4/99.csv,test,32768,25600,1.28,1,1416
XJTU-SY,3,40Hz10kN,2400,10.0,Bearing3_4,4,100,40Hz10kN/Bearing3_4/100.csv,test,32768,25600,1.28,1,1415
XJTU-SY,3,40Hz10kN,2400,10.0,Bearing3_4,4,101,40Hz10kN/Bearing3_4/101.csv,test,32768,25600,1.28,1,1414
XJTU-SY,3,40Hz10kN,2400,10.0,Bearing3_4,4,102,40Hz10kN/Bearing3_4/102.csv,test,32768,25600,1.28,1,1413
XJTU-SY,3,40Hz10kN,2400,10.0,Bearing3_4,4,103,40Hz10kN/Bearing3_4/103.csv,test,32768,25600,1.28,1,1412
XJTU-SY,3,40Hz10kN,2400,10.0,Bearing3_4,4,104,40Hz10kN/Bearing3_4/104.csv,test,32768,25600,1.28,1,1411
XJTU-SY,3,40Hz10kN,2400,10.0,Bearing3_4,4,105,40Hz10kN/Bearing3_4/105.csv,test,32768,25600,1.28,1,1410
XJTU-SY,3,40Hz10kN,2400,10.0,Bearing3_4,4,106,40Hz10kN/Bearing3_4/106.csv,test,32768,25600,1.28,1,1409
XJTU-SY,3,40Hz10kN,2400,10.0,Bearing3_4,4,107,40Hz10kN/Bearing3_4/107.csv,test,32768,25600,1.28,1,1408
XJTU-SY,3,40Hz10kN,2400,10.0,Bearing3_4,4,108,40Hz10kN/Bearing3_4/108.csv,test,32768,25600,1.28,1,1407
XJTU-SY,3,40Hz10kN,2400,10.0,Bearing3_4,4,109,40Hz10kN/Bearing3_4/109.csv,test,32768,25600,1.28,1,1406
XJTU-SY,3,40Hz10kN,2400,10.0,Bearing3_4,4,110,40Hz10kN/Bearing3_4/110.csv,test,32768,25600,1.28,1,1405
XJTU-SY,3,40Hz10kN,2400,10.0,Bearing3_4,4,111,40Hz10kN/Bearing3_4/111.csv,test,32768,25600,1.28,1,1404
XJTU-SY,3,40Hz10kN,2400,10.0,Bearing3_4,4,112,40Hz10kN/Bearing3_4/112.csv,test,32768,25600,1.28,1,1403
XJTU-SY,3,40Hz10kN,2400,10.0,Bearing3_4,4,113,40Hz10kN/Bearing3_4/113.csv,test,32768,25600,1.28,1,1402
XJTU-SY,3,40Hz10kN,2400,10.0,Bearing3_4,4,114,40Hz10kN/Bearing3_4/114.csv,test,32768,25600,1.28,1,1401
XJTU-SY,3,40Hz10kN,2400,10.0,Bearing3_4,4,115,40Hz10kN/Bearing3_4/115.csv,test,32768,25600,1.28,1,1400
XJTU-SY,3,40Hz10kN,2400,10.0,Bearing3_4,4,116,40Hz10kN/Bearing3_4/116.csv,test,32768,25600,1.28,1,1399
XJTU-SY,3,40Hz10kN,2400,10.0,Bearing3_4,4,117,40Hz10kN/Bearing3_4/117.csv,test,32768,25600,1.28,1,1398
XJTU-SY,3,40Hz10kN,2400,10.0,Bearing3_4,4,118,40Hz10kN/Bearing3_4/118.csv,test,32768,25600,1.28,1,1397
XJTU-SY,3,40Hz10kN,2400,10.0,Bearing3_4,4,119,40Hz10kN/Bearing3_4/119.csv,test,32768,25600,1.28,1,1396
XJTU-SY,3,40Hz10kN,2400,10.0,Bearing3_4,4,120,40Hz10kN/Bearing3_4/120.csv,test,32768,25600,1.28,1,1395
XJTU-SY,3,40Hz10kN,2400,10.0,Bearing3_4,4,121,40Hz10kN/Bearing3_4/121.csv,test,32768,25600,1.28,1,1394
XJTU-SY,3,40Hz10kN,2400,10.0,Bearing3_4,4,122,40Hz10kN/Bearing3_4/122.csv,test,32768,25600,1.28,1,1393
XJTU-SY,3,40Hz10kN,2400,10.0,Bearing3_4,4,123,40Hz10kN/Bearing3_4/123.csv,test,32768,25600,1.28,1,1392
XJTU-SY,3,40Hz10kN,2400,10.0,Bearing3_4,4,124,40Hz10kN/Bearing3_4/124.csv,test,32768,25600,1.28,1,1391
XJTU-SY,3,40Hz10kN,2400,10.0,Bearing3_4,4,125,40Hz10kN/Bearing3_4/125.csv,test,32768,25600,1.28,1,1390
XJTU-SY,3,40Hz10kN,2400,10.0,Bearing3_4,4,126,40Hz10kN/Bearing3_4/126.csv,test,32768,25600,1.28,1,1389
XJTU-SY,3,40Hz10kN,2400,10.0,Bearing3_4,4,127,40Hz10kN/Bearing3_4/127.csv,test,32768,25600,1.28,1,1388
XJTU-SY,3,40Hz10kN,2400,10.0,Bearing3_4,4,128,40Hz10kN/Bearing3_4/128.csv,test,32768,25600,1.28,1,1387
XJTU-SY,3,40Hz10kN,2400,10.0,Bearing3_4,4,129,40Hz10kN/Bearing3_4/129.csv,test,32768,25600,1.28,1,1386
XJTU-SY,3,40Hz10kN,2400,10.0,Bearing3_4,4,130,40Hz10kN/Bearing3_4/130.csv,test,32768,25600,1.28,1,1385
XJTU-SY,3,40Hz10kN,2400,10.0,Bearing3_4,4,131,40Hz10kN/Bearing3_4/131.csv,test,32768,25600,1.28,1,1384
XJTU-SY,3,40Hz10kN,2400,10.0,Bearing3_4,4,132,40Hz10kN/Bearing3_4/132.csv,test,32768,25600,1.28,1,1383
XJTU-SY,3,40Hz10kN,2400,10.0,Bearing3_4,4,133,40Hz10kN/Bearing3_4/133.csv,test,32768,25600,1.28,1,1382
XJTU-SY,3,40Hz10kN,2400,10.0,Bearing3_4,4,134,40Hz10kN/Bearing3_4/134.csv,test,32768,25600,1.28,1,1381
XJTU-SY,3,40Hz10kN,2400,10.0,Bearing3_4,4,135,40Hz10kN/Bearing3_4/135.csv,test,32768,25600,1.28,1,1380
XJTU-SY,3,40Hz10kN,2400,10.0,Bearing3_4,4,136,40Hz10kN/Bearing3_4/136.csv,test,32768,25600,1.28,1,1379
XJTU-SY,3,40Hz10kN,2400,10.0,Bearing3_4,4,137,40Hz10kN/Bearing3_4/137.csv,test,32768,25600,1.28,1,1378
XJTU-SY,3,40Hz10kN,2400,10.0,Bearing3_4,4,138,40Hz10kN/Bearing3_4/138.csv,test,32768,25600,1.28,1,1377
XJTU-SY,3,40Hz10kN,2400,10.0,Bearing3_4,4,139,40Hz10kN/Bearing3_4/139.csv,test,32768,25600,1.28,1,1376
XJTU-SY,3,40Hz10kN,2400,10.0,Bearing3_4,4,140,40Hz10kN/Bearing3_4/140.csv,test,32768,25600,1.28,1,1375
XJTU-SY,3,40Hz10kN,2400,10.0,Bearing3_4,4,141,40Hz10kN/Bearing3_4/141.csv,test,32768,25600,1.28,1,1374
XJTU-SY,3,40Hz10kN,2400,10.0,Bearing3_4,4,142,40Hz10kN/Bearing3_4/142.csv,test,32768,25600,1.28,1,1373
XJTU-SY,3,40Hz10kN,2400,10.0,Bearing3_4,4,143,40Hz10kN/Bearing3_4/143.csv,test,32768,25600,1.28,1,1372
XJTU-SY,3,40Hz10kN,2400,10.0,Bearing3_4,4,144,40Hz10kN/Bearing3_4/144.csv,test,32768,25600,1.28,1,1371
XJTU-SY,3,40Hz10kN,2400,10.0,Bearing3_4,4,145,40Hz10kN/Bearing3_4/145.csv,test,32768,25600,1.28,1,1370
XJTU-SY,3,40Hz10kN,2400,10.0,Bearing3_4,4,146,40Hz10kN/Bearing3_4/146.csv,test,32768,25600,1.28,1,1369
XJTU-SY,3,40Hz10kN,2400,10.0,Bearing3_4,4,147,40Hz10kN/Bearing3_4/147.csv,test,32768,25600,1.28,1,1368
XJTU-SY,3,40Hz10kN,2400,10.0,Bearing3_4,4,148,40Hz10kN/Bearing3_4/148.csv,test,32768,25600,1.28,1,1367
XJTU-SY,3,40Hz10kN,2400,10.0,Bearing3_4,4,149,40Hz10kN/Bearing3_4/149.csv,test,32768,25600,1.28,1,1366
XJTU-SY,3,40Hz10kN,2400,10.0,Bearing3_4,4,150,40Hz10kN/Bearing3_4/150.csv,test,32768,25600,1.28,1,1365
XJTU-SY,3,40Hz10kN,2400,10.0,Bearing3_4,4,151,40Hz10kN/Bearing3_4/151.csv,test,32768,25600,1.28,1,1364
XJTU-SY,3,40Hz10kN,2400,10.0,Bearing3_4,4,152,40Hz10kN/Bearing3_4/152.csv,test,32768,25600,1.28,1,1363
XJTU-SY,3,40Hz10kN,2400,10.0,Bearing3_4,4,153,40Hz10kN/Bearing3_4/153.csv,test,32768,25600,1.28,1,1362
XJTU-SY,3,40Hz10kN,2400,10.0,Bearing3_4,4,154,40Hz10kN/Bearing3_4/154.csv,test,32768,25600,1.28,1,1361
XJTU-SY,3,40Hz10kN,2400,10.0,Bearing3_4,4,155,40Hz10kN/Bearing3_4/155.csv,test,32768,25600,1.28,1,1360
XJTU-SY,3,40Hz10kN,2400,10.0,Bearing3_4,4,156,40Hz10kN/Bearing3_4/156.csv,test,32768,25600,1.28,1,1359
XJTU-SY,3,40Hz10kN,2400,10.0,Bearing3_4,4,157,40Hz10kN/Bearing3_4/157.csv,test,32768,25600,1.28,1,1358
XJTU-SY,3,40Hz10kN,2400,10.0,Bearing3_4,4,158,40Hz10kN/Bearing3_4/158.csv,test,32768,25600,1.28,1,1357
XJTU-SY,3,40Hz10kN,2400,10.0,Bearing3_4,4,159,40Hz10kN/Bearing3_4/159.csv,test,32768,25600,1.28,1,1356
XJTU-SY,3,40Hz10kN,2400,10.0,Bearing3_4,4,160,40Hz10kN/Bearing3_4/160.csv,test,32768,25600,1.28,1,1355
XJTU-SY,3,40Hz10kN,2400,10.0,Bearing3_4,4,161,40Hz10kN/Bearing3_4/161.csv,test,32768,25600,1.28,1,1354
XJTU-SY,3,40Hz10kN,2400,10.0,Bearing3_4,4,162,40Hz10kN/Bearing3_4/162.csv,test,32768,25600,1.28,1,1353
XJTU-SY,3,40Hz10kN,2400,10.0,Bearing3_4,4,163,40Hz10kN/Bearing3_4/163.csv,test,32768,25600,1.28,1,1352
XJTU-SY,3,40Hz10kN,2400,10.0,Bearing3_4,4,164,40Hz10kN/Bearing3_4/164.csv,test,32768,25600,1.28,1,1351
XJTU-SY,3,40Hz10kN,2400,10.0,Bearing3_4,4,165,40Hz10kN/Bearing3_4/165.csv,test,32768,25600,1.28,1,1350
XJTU-SY,3,40Hz10kN,2400,10.0,Bearing3_4,4,166,40Hz10kN/Bearing3_4/166.csv,test,32768,25600,1.28,1,1349
XJTU-SY,3,40Hz10kN,2400,10.0,Bearing3_4,4,167,40Hz10kN/Bearing3_4/167.csv,test,32768,25600,1.28,1,1348
XJTU-SY,3,40Hz10kN,2400,10.0,Bearing3_4,4,168,40Hz10kN/Bearing3_4/168.csv,test,32768,25600,1.28,1,1347
XJTU-SY,3,40Hz10kN,2400,10.0,Bearing3_4,4,169,40Hz10kN/Bearing3_4/169.csv,test,32768,25600,1.28,1,1346
XJTU-SY,3,40Hz10kN,2400,10.0,Bearing3_4,4,170,40Hz10kN/Bearing3_4/170.csv,test,32768,25600,1.28,1,1345
XJTU-SY,3,40Hz10kN,2400,10.0,Bearing3_4,4,171,40Hz10kN/Bearing3_4/171.csv,test,32768,25600,1.28,1,1344
XJTU-SY,3,40Hz10kN,2400,10.0,Bearing3_4,4,172,40Hz10kN/Bearing3_4/172.csv,test,32768,25600,1.28,1,1343
XJTU-SY,3,40Hz10kN,2400,10.0,Bearing3_4,4,173,40Hz10kN/Bearing3_4/173.csv,test,32768,25600,1.28,1,1342
XJTU-SY,3,40Hz10kN,2400,10.0,Bearing3_4,4,174,40Hz10kN/Bearing3_4/174.csv,test,32768,25600,1.28,1,1341
XJTU-SY,3,40Hz10kN,2400,10.0,Bearing3_4,4,175,40Hz10kN/Bearing3_4/175.csv,test,32768,25600,1.28,1,1340
XJTU-SY,3,40Hz10kN,2400,10.0,Bearing3_4,4,176,40Hz10kN/Bearing3_4/176.csv,test,32768,25600,1.28,1,1339
XJTU-SY,3,40Hz10kN,2400,10.0,Bearing3_4,4,177,40Hz10kN/Bearing3_4/177.csv,test,32768,25600,1.28,1,1338
XJTU-SY,3,40Hz10kN,2400,10.0,Bearing3_4,4,178,40Hz10kN/Bearing3_4/178.csv,test,32768,25600,1.28,1,1337
XJTU-SY,3,40Hz10kN,2400,10.0,Bearing3_4,4,179,40Hz10kN/Bearing3_4/179.csv,test,32768,25600,1.28,1,1336
XJTU-SY,3,40Hz10kN,2400,10.0,Bearing3_4,4,180,40Hz10kN/Bearing3_4/180.csv,test,32768,25600,1.28,1,1335
XJTU-SY,3,40Hz10kN,2400,10.0,Bearing3_4,4,181,40Hz10kN/Bearing3_4/181.csv,test,32768,25600,1.28,1,1334
XJTU-SY,3,40Hz10kN,2400,10.0,Bearing3_4,4,182,40Hz10kN/Bearing3_4/182.csv,test,32768,25600,1.28,1,1333
XJTU-SY,3,40Hz10kN,2400,10.0,Bearing3_4,4,183,40Hz10kN/Bearing3_4/183.csv,test,32768,25600,1.28,1,1332
XJTU-SY,3,40Hz10kN,2400,10.0,Bearing3_4,4,184,40Hz10kN/Bearing3_4/184.csv,test,32768,25600,1.28,1,1331
XJTU-SY,3,40Hz10kN,2400,10.0,Bearing3_4,4,185,40Hz10kN/Bearing3_4/185.csv,test,32768,25600,1.28,1,1330
XJTU-SY,3,40Hz10kN,2400,10.0,Bearing3_4,4,186,40Hz10kN/Bearing3_4/186.csv,test,32768,25600,1.28,1,1329
XJTU-SY,3,40Hz10kN,2400,10.0,Bearing3_4,4,187,40Hz10kN/Bearing3_4/187.csv,test,32768,25600,1.28,1,1328
XJTU-SY,3,40Hz10kN,2400,10.0,Bearing3_4,4,188,40Hz10kN/Bearing3_4/188.csv,test,32768,25600,1.28,1,1327
XJTU-SY,3,40Hz10kN,2400,10.0,Bearing3_4,4,189,40Hz10kN/Bearing3_4/189.csv,test,32768,25600,1.28,1,1326
XJTU-SY,3,40Hz10kN,2400,10.0,Bearing3_4,4,190,40Hz10kN/Bearing3_4/190.csv,test,32768,25600,1.28,1,1325
XJTU-SY,3,40Hz10kN,2400,10.0,Bearing3_4,4,191,40Hz10kN/Bearing3_4/191.csv,test,32768,25600,1.28,1,1324
XJTU-SY,3,40Hz10kN,2400,10.0,Bearing3_4,4,192,40Hz10kN/Bearing3_4/192.csv,test,32768,25600,1.28,1,1323
XJTU-SY,3,40Hz10kN,2400,10.0,Bearing3_4,4,193,40Hz10kN/Bearing3_4/193.csv,test,32768,25600,1.28,1,1322
XJTU-SY,3,40Hz10kN,2400,10.0,Bearing3_4,4,194,40Hz10kN/Bearing3_4/194.csv,test,32768,25600,1.28,1,1321
XJTU-SY,3,40Hz10kN,2400,10.0,Bearing3_4,4,195,40Hz10kN/Bearing3_4/195.csv,test,32768,25600,1.28,1,1320
XJTU-SY,3,40Hz10kN,2400,10.0,Bearing3_4,4,196,40Hz10kN/Bearing3_4/196.csv,test,32768,25600,1.28,1,1319
XJTU-SY,3,40Hz10kN,2400,10.0,Bearing3_4,4,197,40Hz10kN/Bearing3_4/197.csv,test,32768,25600,1.28,1,1318
XJTU-SY,3,40Hz10kN,2400,10.0,Bearing3_4,4,198,40Hz10kN/Bearing3_4/198.csv,test,32768,25600,1.28,1,1317
XJTU-SY,3,40Hz10kN,2400,10.0,Bearing3_4,4,199,40Hz10kN/Bearing3_4/199.csv,test,32768,25600,1.28,1,1316
XJTU-SY,3,40Hz10kN,2400,10.0,Bearing3_4,4,200,40Hz10kN/Bearing3_4/200.csv,test,32768,25600,1.28,1,1315
XJTU-SY,3,40Hz10kN,2400,10.0,Bearing3_4,4,201,40Hz10kN/Bearing3_4/201.csv,test,32768,25600,1.28,1,1314
XJTU-SY,3,40Hz10kN,2400,10.0,Bearing3_4,4,202,40Hz10kN/Bearing3_4/202.csv,test,32768,25600,1.28,1,1313
XJTU-SY,3,40Hz10kN,2400,10.0,Bearing3_4,4,203,40Hz10kN/Bearing3_4/203.csv,test,32768,25600,1.28,1,1312
XJTU-SY,3,40Hz10kN,2400,10.0,Bearing3_4,4,204,40Hz10kN/Bearing3_4/204.csv,test,32768,25600,1.28,1,1311
XJTU-SY,3,40Hz10kN,2400,10.0,Bearing3_4,4,205,40Hz10kN/Bearing3_4/205.csv,test,32768,25600,1.28,1,1310
XJTU-SY,3,40Hz10kN,2400,10.0,Bearing3_4,4,206,40Hz10kN/Bearing3_4/206.csv,test,32768,25600,1.28,1,1309
XJTU-SY,3,40Hz10kN,2400,10.0,Bearing3_4,4,207,40Hz10kN/Bearing3_4/207.csv,test,32768,25600,1.28,1,1308
XJTU-SY,3,40Hz10kN,2400,10.0,Bearing3_4,4,208,40Hz10kN/Bearing3_4/208.csv,test,32768,25600,1.28,1,1307
XJTU-SY,3,40Hz10kN,2400,10.0,Bearing3_4,4,209,40Hz10kN/Bearing3_4/209.csv,test,32768,25600,1.28,1,1306
XJTU-SY,3,40Hz10kN,2400,10.0,Bearing3_4,4,210,40Hz10kN/Bearing3_4/210.csv,test,32768,25600,1.28,1,1305
XJTU-SY,3,40Hz10kN,2400,10.0,Bearing3_4,4,211,40Hz10kN/Bearing3_4/211.csv,test,32768,25600,1.28,1,1304
XJTU-SY,3,40Hz10kN,2400,10.0,Bearing3_4,4,212,40Hz10kN/Bearing3_4/212.csv,test,32768,25600,1.28,1,1303
XJTU-SY,3,40Hz10kN,2400,10.0,Bearing3_4,4,213,40Hz10kN/Bearing3_4/213.csv,test,32768,25600,1.28,1,1302
XJTU-SY,3,40Hz10kN,2400,10.0,Bearing3_4,4,214,40Hz10kN/Bearing3_4/214.csv,test,32768,25600,1.28,1,1301
XJTU-SY,3,40Hz10kN,2400,10.0,Bearing3_4,4,215,40Hz10kN/Bearing3_4/215.csv,test,32768,25600,1.28,1,1300
XJTU-SY,3,40Hz10kN,2400,10.0,Bearing3_4,4,216,40Hz10kN/Bearing3_4/216.csv,test,32768,25600,1.28,1,1299
XJTU-SY,3,40Hz10kN,2400,10.0,Bearing3_4,4,217,40Hz10kN/Bearing3_4/217.csv,test,32768,25600,1.28,1,1298
XJTU-SY,3,40Hz10kN,2400,10.0,Bearing3_4,4,218,40Hz10kN/Bearing3_4/218.csv,test,32768,25600,1.28,1,1297
XJTU-SY,3,40Hz10kN,2400,10.0,Bearing3_4,4,219,40Hz10kN/Bearing3_4/219.csv,test,32768,25600,1.28,1,1296
XJTU-SY,3,40Hz10kN,2400,10.0,Bearing3_4,4,220,40Hz10kN/Bearing3_4/220.csv,test,32768,25600,1.28,1,1295
XJTU-SY,3,40Hz10kN,2400,10.0,Bearing3_4,4,221,40Hz10kN/Bearing3_4/221.csv,test,32768,25600,1.28,1,1294
XJTU-SY,3,40Hz10kN,2400,10.0,Bearing3_4,4,222,40Hz10kN/Bearing3_4/222.csv,test,32768,25600,1.28,1,1293
XJTU-SY,3,40Hz10kN,2400,10.0,Bearing3_4,4,223,40Hz10kN/Bearing3_4/223.csv,test,32768,25600,1.28,1,1292
XJTU-SY,3,40Hz10kN,2400,10.0,Bearing3_4,4,224,40Hz10kN/Bearing3_4/224.csv,test,32768,25600,1.28,1,1291
XJTU-SY,3,40Hz10kN,2400,10.0,Bearing3_4,4,225,40Hz10kN/Bearing3_4/225.csv,test,32768,25600,1.28,1,1290
XJTU-SY,3,40Hz10kN,2400,10.0,Bearing3_4,4,226,40Hz10kN/Bearing3_4/226.csv,test,32768,25600,1.28,1,1289
XJTU-SY,3,40Hz10kN,2400,10.0,Bearing3_4,4,227,40Hz10kN/Bearing3_4/227.csv,test,32768,25600,1.28,1,1288
XJTU-SY,3,40Hz10kN,2400,10.0,Bearing3_4,4,228,40Hz10kN/Bearing3_4/228.csv,test,32768,25600,1.28,1,1287
XJTU-SY,3,40Hz10kN,2400,10.0,Bearing3_4,4,229,40Hz10kN/Bearing3_4/229.csv,test,32768,25600,1.28,1,1286
XJTU-SY,3,40Hz10kN,2400,10.0,Bearing3_4,4,230,40Hz10kN/Bearing3_4/230.csv,test,32768,25600,1.28,1,1285
XJTU-SY,3,40Hz10kN,2400,10.0,Bearing3_4,4,231,40Hz10kN/Bearing3_4/231.csv,test,32768,25600,1.28,1,1284
XJTU-SY,3,40Hz10kN,2400,10.0,Bearing3_4,4,232,40Hz10kN/Bearing3_4/232.csv,test,32768,25600,1.28,1,1283
XJTU-SY,3,40Hz10kN,2400,10.0,Bearing3_4,4,233,40Hz10kN/Bearing3_4/233.csv,test,32768,25600,1.28,1,1282
XJTU-SY,3,40Hz10kN,2400,10.0,Bearing3_4,4,234,40Hz10kN/Bearing3_4/234.csv,test,32768,25600,1.28,1,1281
XJTU-SY,3,40Hz10kN,2400,10.0,Bearing3_4,4,235,40Hz10kN/Bearing3_4/235.csv,test,32768,25600,1.28,1,1280
XJTU-SY,3,40Hz10kN,2400,10.0,Bearing3_4,4,236,40Hz10kN/Bearing3_4/236.csv,test,32768,25600,1.28,1,1279
XJTU-SY,3,40Hz10kN,2400,10.0,Bearing3_4,4,237,40Hz10kN/Bearing3_4/237.csv,test,32768,25600,1.28,1,1278
XJTU-SY,3,40Hz10kN,2400,10.0,Bearing3_4,4,238,40Hz10kN/Bearing3_4/238.csv,test,32768,25600,1.28,1,1277
XJTU-SY,3,40Hz10kN,2400,10.0,Bearing3_4,4,239,40Hz10kN/Bearing3_4/239.csv,test,32768,25600,1.28,1,1276
XJTU-SY,3,40Hz10kN,2400,10.0,Bearing3_4,4,240,40Hz10kN/Bearing3_4/240.csv,test,32768,25600,1.28,1,1275
XJTU-SY,3,40Hz10kN,2400,10.0,Bearing3_4,4,241,40Hz10kN/Bearing3_4/241.csv,test,32768,25600,1.28,1,1274
XJTU-SY,3,40Hz10kN,2400,10.0,Bearing3_4,4,242,40Hz10kN/Bearing3_4/242.csv,test,32768,25600,1.28,1,1273
XJTU-SY,3,40Hz10kN,2400,10.0,Bearing3_4,4,243,40Hz10kN/Bearing3_4/243.csv,test,32768,25600,1.28,1,1272
XJTU-SY,3,40Hz10kN,2400,10.0,Bearing3_4,4,244,40Hz10kN/Bearing3_4/244.csv,test,32768,25600,1.28,1,1271
XJTU-SY,3,40Hz10kN,2400,10.0,Bearing3_4,4,245,40Hz10kN/Bearing3_4/245.csv,test,32768,25600,1.28,1,1270
XJTU-SY,3,40Hz10kN,2400,10.0,Bearing3_4,4,246,40Hz10kN/Bearing3_4/246.csv,test,32768,25600,1.28,1,1269
XJTU-SY,3,40Hz10kN,2400,10.0,Bearing3_4,4,247,40Hz10kN/Bearing3_4/247.csv,test,32768,25600,1.28,1,1268
XJTU-SY,3,40Hz10kN,2400,10.0,Bearing3_4,4,248,40Hz10kN/Bearing3_4/248.csv,test,32768,25600,1.28,1,1267
XJTU-SY,3,40Hz10kN,2400,10.0,Bearing3_4,4,249,40Hz10kN/Bearing3_4/249.csv,test,32768,25600,1.28,1,1266
XJTU-SY,3,40Hz10kN,2400,10.0,Bearing3_4,4,250,40Hz10kN/Bearing3_4/250.csv,test,32768,25600,1.28,1,1265
XJTU-SY,3,40Hz10kN,2400,10.0,Bearing3_4,4,251,40Hz10kN/Bearing3_4/251.csv,test,32768,25600,1.28,1,1264
XJTU-SY,3,40Hz10kN,2400,10.0,Bearing3_4,4,252,40Hz10kN/Bearing3_4/252.csv,test,32768,25600,1.28,1,1263
XJTU-SY,3,40Hz10kN,2400,10.0,Bearing3_4,4,253,40Hz10kN/Bearing3_4/253.csv,test,32768,25600,1.28,1,1262
XJTU-SY,3,40Hz10kN,2400,10.0,Bearing3_4,4,254,40Hz10kN/Bearing3_4/254.csv,test,32768,25600,1.28,1,1261
XJTU-SY,3,40Hz10kN,2400,10.0,Bearing3_4,4,255,40Hz10kN/Bearing3_4/255.csv,test,32768,25600,1.28,1,1260
XJTU-SY,3,40Hz10kN,2400,10.0,Bearing3_4,4,256,40Hz10kN/Bearing3_4/256.csv,test,32768,25600,1.28,1,1259
XJTU-SY,3,40Hz10kN,2400,10.0,Bearing3_4,4,257,40Hz10kN/Bearing3_4/257.csv,test,32768,25600,1.28,1,1258
XJTU-SY,3,40Hz10kN,2400,10.0,Bearing3_4,4,258,40Hz10kN/Bearing3_4/258.csv,test,32768,25600,1.28,1,1257
XJTU-SY,3,40Hz10kN,2400,10.0,Bearing3_4,4,259,40Hz10kN/Bearing3_4/259.csv,test,32768,25600,1.28,1,1256
XJTU-SY,3,40Hz10kN,2400,10.0,Bearing3_4,4,260,40Hz10kN/Bearing3_4/260.csv,test,32768,25600,1.28,1,1255
XJTU-SY,3,40Hz10kN,2400,10.0,Bearing3_4,4,261,40Hz10kN/Bearing3_4/261.csv,test,32768,25600,1.28,1,1254
XJTU-SY,3,40Hz10kN,2400,10.0,Bearing3_4,4,262,40Hz10kN/Bearing3_4/262.csv,test,32768,25600,1.28,1,1253
XJTU-SY,3,40Hz10kN,2400,10.0,Bearing3_4,4,263,40Hz10kN/Bearing3_4/263.csv,test,32768,25600,1.28,1,1252
XJTU-SY,3,40Hz10kN,2400,10.0,Bearing3_4,4,264,40Hz10kN/Bearing3_4/264.csv,test,32768,25600,1.28,1,1251
XJTU-SY,3,40Hz10kN,2400,10.0,Bearing3_4,4,265,40Hz10kN/Bearing3_4/265.csv,test,32768,25600,1.28,1,1250
XJTU-SY,3,40Hz10kN,2400,10.0,Bearing3_4,4,266,40Hz10kN/Bearing3_4/266.csv,test,32768,25600,1.28,1,1249
XJTU-SY,3,40Hz10kN,2400,10.0,Bearing3_4,4,267,40Hz10kN/Bearing3_4/267.csv,test,32768,25600,1.28,1,1248
XJTU-SY,3,40Hz10kN,2400,10.0,Bearing3_4,4,268,40Hz10kN/Bearing3_4/268.csv,test,32768,25600,1.28,1,1247
XJTU-SY,3,40Hz10kN,2400,10.0,Bearing3_4,4,269,40Hz10kN/Bearing3_4/269.csv,test,32768,25600,1.28,1,1246
XJTU-SY,3,40Hz10kN,2400,10.0,Bearing3_4,4,270,40Hz10kN/Bearing3_4/270.csv,test,32768,25600,1.28,1,1245
XJTU-SY,3,40Hz10kN,2400,10.0,Bearing3_4,4,271,40Hz10kN/Bearing3_4/271.csv,test,32768,25600,1.28,1,1244
XJTU-SY,3,40Hz10kN,2400,10.0,Bearing3_4,4,272,40Hz10kN/Bearing3_4/272.csv,test,32768,25600,1.28,1,1243
XJTU-SY,3,40Hz10kN,2400,10.0,Bearing3_4,4,273,40Hz10kN/Bearing3_4/273.csv,test,32768,25600,1.28,1,1242
XJTU-SY,3,40Hz10kN,2400,10.0,Bearing3_4,4,274,40Hz10kN/Bearing3_4/274.csv,test,32768,25600,1.28,1,1241
XJTU-SY,3,40Hz10kN,2400,10.0,Bearing3_4,4,275,40Hz10kN/Bearing3_4/275.csv,test,32768,25600,1.28,1,1240
XJTU-SY,3,40Hz10kN,2400,10.0,Bearing3_4,4,276,40Hz10kN/Bearing3_4/276.csv,test,32768,25600,1.28,1,1239
XJTU-SY,3,40Hz10kN,2400,10.0,Bearing3_4,4,277,40Hz10kN/Bearing3_4/277.csv,test,32768,25600,1.28,1,1238
XJTU-SY,3,40Hz10kN,2400,10.0,Bearing3_4,4,278,40Hz10kN/Bearing3_4/278.csv,test,32768,25600,1.28,1,1237
XJTU-SY,3,40Hz10kN,2400,10.0,Bearing3_4,4,279,40Hz10kN/Bearing3_4/279.csv,test,32768,25600,1.28,1,1236
XJTU-SY,3,40Hz10kN,2400,10.0,Bearing3_4,4,280,40Hz10kN/Bearing3_4/280.csv,test,32768,25600,1.28,1,1235
XJTU-SY,3,40Hz10kN,2400,10.0,Bearing3_4,4,281,40Hz10kN/Bearing3_4/281.csv,test,32768,25600,1.28,1,1234
XJTU-SY,3,40Hz10kN,2400,10.0,Bearing3_4,4,282,40Hz10kN/Bearing3_4/282.csv,test,32768,25600,1.28,1,1233
XJTU-SY,3,40Hz10kN,2400,10.0,Bearing3_4,4,283,40Hz10kN/Bearing3_4/283.csv,test,32768,25600,1.28,1,1232
XJTU-SY,3,40Hz10kN,2400,10.0,Bearing3_4,4,284,40Hz10kN/Bearing3_4/284.csv,test,32768,25600,1.28,1,1231
XJTU-SY,3,40Hz10kN,2400,10.0,Bearing3_4,4,285,40Hz10kN/Bearing3_4/285.csv,test,32768,25600,1.28,1,1230
XJTU-SY,3,40Hz10kN,2400,10.0,Bearing3_4,4,286,40Hz10kN/Bearing3_4/286.csv,test,32768,25600,1.28,1,1229
XJTU-SY,3,40Hz10kN,2400,10.0,Bearing3_4,4,287,40Hz10kN/Bearing3_4/287.csv,test,32768,25600,1.28,1,1228
XJTU-SY,3,40Hz10kN,2400,10.0,Bearing3_4,4,288,40Hz10kN/Bearing3_4/288.csv,test,32768,25600,1.28,1,1227
XJTU-SY,3,40Hz10kN,2400,10.0,Bearing3_4,4,289,40Hz10kN/Bearing3_4/289.csv,test,32768,25600,1.28,1,1226
XJTU-SY,3,40Hz10kN,2400,10.0,Bearing3_4,4,290,40Hz10kN/Bearing3_4/290.csv,test,32768,25600,1.28,1,1225
XJTU-SY,3,40Hz10kN,2400,10.0,Bearing3_4,4,291,40Hz10kN/Bearing3_4/291.csv,test,32768,25600,1.28,1,1224
XJTU-SY,3,40Hz10kN,2400,10.0,Bearing3_4,4,292,40Hz10kN/Bearing3_4/292.csv,test,32768,25600,1.28,1,1223
XJTU-SY,3,40Hz10kN,2400,10.0,Bearing3_4,4,293,40Hz10kN/Bearing3_4/293.csv,test,32768,25600,1.28,1,1222
XJTU-SY,3,40Hz10kN,2400,10.0,Bearing3_4,4,294,40Hz10kN/Bearing3_4/294.csv,test,32768,25600,1.28,1,1221
XJTU-SY,3,40Hz10kN,2400,10.0,Bearing3_4,4,295,40Hz10kN/Bearing3_4/295.csv,test,32768,25600,1.28,1,1220
XJTU-SY,3,40Hz10kN,2400,10.0,Bearing3_4,4,296,40Hz10kN/Bearing3_4/296.csv,test,32768,25600,1.28,1,1219
XJTU-SY,3,40Hz10kN,2400,10.0,Bearing3_4,4,297,40Hz10kN/Bearing3_4/297.csv,test,32768,25600,1.28,1,1218
XJTU-SY,3,40Hz10kN,2400,10.0,Bearing3_4,4,298,40Hz10kN/Bearing3_4/298.csv,test,32768,25600,1.28,1,1217
XJTU-SY,3,40Hz10kN,2400,10.0,Bearing3_4,4,299,40Hz10kN/Bearing3_4/299.csv,test,32768,25600,1.28,1,1216
XJTU-SY,3,40Hz10kN,2400,10.0,Bearing3_4,4,300,40Hz10kN/Bearing3_4/300.csv,test,32768,25600,1.28,1,1215
XJTU-SY,3,40Hz10kN,2400,10.0,Bearing3_4,4,301,40Hz10kN/Bearing3_4/301.csv,test,32768,25600,1.28,1,1214
XJTU-SY,3,40Hz10kN,2400,10.0,Bearing3_4,4,302,40Hz10kN/Bearing3_4/302.csv,test,32768,25600,1.28,1,1213
XJTU-SY,3,40Hz10kN,2400,10.0,Bearing3_4,4,303,40Hz10kN/Bearing3_4/303.csv,test,32768,25600,1.28,1,1212
XJTU-SY,3,40Hz10kN,2400,10.0,Bearing3_4,4,304,40Hz10kN/Bearing3_4/304.csv,test,32768,25600,1.28,1,1211
XJTU-SY,3,40Hz10kN,2400,10.0,Bearing3_4,4,305,40Hz10kN/Bearing3_4/305.csv,test,32768,25600,1.28,1,1210
XJTU-SY,3,40Hz10kN,2400,10.0,Bearing3_4,4,306,40Hz10kN/Bearing3_4/306.csv,test,32768,25600,1.28,1,1209
XJTU-SY,3,40Hz10kN,2400,10.0,Bearing3_4,4,307,40Hz10kN/Bearing3_4/307.csv,test,32768,25600,1.28,1,1208
XJTU-SY,3,40Hz10kN,2400,10.0,Bearing3_4,4,308,40Hz10kN/Bearing3_4/308.csv,test,32768,25600,1.28,1,1207
XJTU-SY,3,40Hz10kN,2400,10.0,Bearing3_4,4,309,40Hz10kN/Bearing3_4/309.csv,test,32768,25600,1.28,1,1206
XJTU-SY,3,40Hz10kN,2400,10.0,Bearing3_4,4,310,40Hz10kN/Bearing3_4/310.csv,test,32768,25600,1.28,1,1205
XJTU-SY,3,40Hz10kN,2400,10.0,Bearing3_4,4,311,40Hz10kN/Bearing3_4/311.csv,test,32768,25600,1.28,1,1204
XJTU-SY,3,40Hz10kN,2400,10.0,Bearing3_4,4,312,40Hz10kN/Bearing3_4/312.csv,test,32768,25600,1.28,1,1203
XJTU-SY,3,40Hz10kN,2400,10.0,Bearing3_4,4,313,40Hz10kN/Bearing3_4/313.csv,test,32768,25600,1.28,1,1202
XJTU-SY,3,40Hz10kN,2400,10.0,Bearing3_4,4,314,40Hz10kN/Bearing3_4/314.csv,test,32768,25600,1.28,1,1201
XJTU-SY,3,40Hz10kN,2400,10.0,Bearing3_4,4,315,40Hz10kN/Bearing3_4/315.csv,test,32768,25600,1.28,1,1200
XJTU-SY,3,40Hz10kN,2400,10.0,Bearing3_4,4,316,40Hz10kN/Bearing3_4/316.csv,test,32768,25600,1.28,1,1199
XJTU-SY,3,40Hz10kN,2400,10.0,Bearing3_4,4,317,40Hz10kN/Bearing3_4/317.csv,test,32768,25600,1.28,1,1198
XJTU-SY,3,40Hz10kN,2400,10.0,Bearing3_4,4,318,40Hz10kN/Bearing3_4/318.csv,test,32768,25600,1.28,1,1197
XJTU-SY,3,40Hz10kN,2400,10.0,Bearing3_4,4,319,40Hz10kN/Bearing3_4/319.csv,test,32768,25600,1.28,1,1196
XJTU-SY,3,40Hz10kN,2400,10.0,Bearing3_4,4,320,40Hz10kN/Bearing3_4/320.csv,test,32768,25600,1.28,1,1195
XJTU-SY,3,40Hz10kN,2400,10.0,Bearing3_4,4,321,40Hz10kN/Bearing3_4/321.csv,test,32768,25600,1.28,1,1194
XJTU-SY,3,40Hz10kN,2400,10.0,Bearing3_4,4,322,40Hz10kN/Bearing3_4/322.csv,test,32768,25600,1.28,1,1193
XJTU-SY,3,40Hz10kN,2400,10.0,Bearing3_4,4,323,40Hz10kN/Bearing3_4/323.csv,test,32768,25600,1.28,1,1192
XJTU-SY,3,40Hz10kN,2400,10.0,Bearing3_4,4,324,40Hz10kN/Bearing3_4/324.csv,test,32768,25600,1.28,1,1191
XJTU-SY,3,40Hz10kN,2400,10.0,Bearing3_4,4,325,40Hz10kN/Bearing3_4/325.csv,test,32768,25600,1.28,1,1190
XJTU-SY,3,40Hz10kN,2400,10.0,Bearing3_4,4,326,40Hz10kN/Bearing3_4/326.csv,test,32768,25600,1.28,1,1189
XJTU-SY,3,40Hz10kN,2400,10.0,Bearing3_4,4,327,40Hz10kN/Bearing3_4/327.csv,test,32768,25600,1.28,1,1188
XJTU-SY,3,40Hz10kN,2400,10.0,Bearing3_4,4,328,40Hz10kN/Bearing3_4/328.csv,test,32768,25600,1.28,1,1187
XJTU-SY,3,40Hz10kN,2400,10.0,Bearing3_4,4,329,40Hz10kN/Bearing3_4/329.csv,test,32768,25600,1.28,1,1186
XJTU-SY,3,40Hz10kN,2400,10.0,Bearing3_4,4,330,40Hz10kN/Bearing3_4/330.csv,test,32768,25600,1.28,1,1185
XJTU-SY,3,40Hz10kN,2400,10.0,Bearing3_4,4,331,40Hz10kN/Bearing3_4/331.csv,test,32768,25600,1.28,1,1184
XJTU-SY,3,40Hz10kN,2400,10.0,Bearing3_4,4,332,40Hz10kN/Bearing3_4/332.csv,test,32768,25600,1.28,1,1183
XJTU-SY,3,40Hz10kN,2400,10.0,Bearing3_4,4,333,40Hz10kN/Bearing3_4/333.csv,test,32768,25600,1.28,1,1182
XJTU-SY,3,40Hz10kN,2400,10.0,Bearing3_4,4,334,40Hz10kN/Bearing3_4/334.csv,test,32768,25600,1.28,1,1181
XJTU-SY,3,40Hz10kN,2400,10.0,Bearing3_4,4,335,40Hz10kN/Bearing3_4/335.csv,test,32768,25600,1.28,1,1180
XJTU-SY,3,40Hz10kN,2400,10.0,Bearing3_4,4,336,40Hz10kN/Bearing3_4/336.csv,test,32768,25600,1.28,1,1179
XJTU-SY,3,40Hz10kN,2400,10.0,Bearing3_4,4,337,40Hz10kN/Bearing3_4/337.csv,test,32768,25600,1.28,1,1178
XJTU-SY,3,40Hz10kN,2400,10.0,Bearing3_4,4,338,40Hz10kN/Bearing3_4/338.csv,test,32768,25600,1.28,1,1177
XJTU-SY,3,40Hz10kN,2400,10.0,Bearing3_4,4,339,40Hz10kN/Bearing3_4/339.csv,test,32768,25600,1.28,1,1176
XJTU-SY,3,40Hz10kN,2400,10.0,Bearing3_4,4,340,40Hz10kN/Bearing3_4/340.csv,test,32768,25600,1.28,1,1175
XJTU-SY,3,40Hz10kN,2400,10.0,Bearing3_4,4,341,40Hz10kN/Bearing3_4/341.csv,test,32768,25600,1.28,1,1174
XJTU-SY,3,40Hz10kN,2400,10.0,Bearing3_4,4,342,40Hz10kN/Bearing3_4/342.csv,test,32768,25600,1.28,1,1173
XJTU-SY,3,40Hz10kN,2400,10.0,Bearing3_4,4,343,40Hz10kN/Bearing3_4/343.csv,test,32768,25600,1.28,1,1172
XJTU-SY,3,40Hz10kN,2400,10.0,Bearing3_4,4,344,40Hz10kN/Bearing3_4/344.csv,test,32768,25600,1.28,1,1171
XJTU-SY,3,40Hz10kN,2400,10.0,Bearing3_4,4,345,40Hz10kN/Bearing3_4/345.csv,test,32768,25600,1.28,1,1170
XJTU-SY,3,40Hz10kN,2400,10.0,Bearing3_4,4,346,40Hz10kN/Bearing3_4/346.csv,test,32768,25600,1.28,1,1169
XJTU-SY,3,40Hz10kN,2400,10.0,Bearing3_4,4,347,40Hz10kN/Bearing3_4/347.csv,test,32768,25600,1.28,1,1168
XJTU-SY,3,40Hz10kN,2400,10.0,Bearing3_4,4,348,40Hz10kN/Bearing3_4/348.csv,test,32768,25600,1.28,1,1167
XJTU-SY,3,40Hz10kN,2400,10.0,Bearing3_4,4,349,40Hz10kN/Bearing3_4/349.csv,test,32768,25600,1.28,1,1166
XJTU-SY,3,40Hz10kN,2400,10.0,Bearing3_4,4,350,40Hz10kN/Bearing3_4/350.csv,test,32768,25600,1.28,1,1165
XJTU-SY,3,40Hz10kN,2400,10.0,Bearing3_4,4,351,40Hz10kN/Bearing3_4/351.csv,test,32768,25600,1.28,1,1164
XJTU-SY,3,40Hz10kN,2400,10.0,Bearing3_4,4,352,40Hz10kN/Bearing3_4/352.csv,test,32768,25600,1.28,1,1163
XJTU-SY,3,40Hz10kN,2400,10.0,Bearing3_4,4,353,40Hz10kN/Bearing3_4/353.csv,test,32768,25600,1.28,1,1162
XJTU-SY,3,40Hz10kN,2400,10.0,Bearing3_4,4,354,40Hz10kN/Bearing3_4/354.csv,test,32768,25600,1.28,1,1161
XJTU-SY,3,40Hz10kN,2400,10.0,Bearing3_4,4,355,40Hz10kN/Bearing3_4/355.csv,test,32768,25600,1.28,1,1160
XJTU-SY,3,40Hz10kN,2400,10.0,Bearing3_4,4,356,40Hz10kN/Bearing3_4/356.csv,test,32768,25600,1.28,1,1159
XJTU-SY,3,40Hz10kN,2400,10.0,Bearing3_4,4,357,40Hz10kN/Bearing3_4/357.csv,test,32768,25600,1.28,1,1158
XJTU-SY,3,40Hz10kN,2400,10.0,Bearing3_4,4,358,40Hz10kN/Bearing3_4/358.csv,test,32768,25600,1.28,1,1157
XJTU-SY,3,40Hz10kN,2400,10.0,Bearing3_4,4,359,40Hz10kN/Bearing3_4/359.csv,test,32768,25600,1.28,1,1156
XJTU-SY,3,40Hz10kN,2400,10.0,Bearing3_4,4,360,40Hz10kN/Bearing3_4/360.csv,test,32768,25600,1.28,1,1155
XJTU-SY,3,40Hz10kN,2400,10.0,Bearing3_4,4,361,40Hz10kN/Bearing3_4/361.csv,test,32768,25600,1.28,1,1154
XJTU-SY,3,40Hz10kN,2400,10.0,Bearing3_4,4,362,40Hz10kN/Bearing3_4/362.csv,test,32768,25600,1.28,1,1153
XJTU-SY,3,40Hz10kN,2400,10.0,Bearing3_4,4,363,40Hz10kN/Bearing3_4/363.csv,test,32768,25600,1.28,1,1152
XJTU-SY,3,40Hz10kN,2400,10.0,Bearing3_4,4,364,40Hz10kN/Bearing3_4/364.csv,test,32768,25600,1.28,1,1151
XJTU-SY,3,40Hz10kN,2400,10.0,Bearing3_4,4,365,40Hz10kN/Bearing3_4/365.csv,test,32768,25600,1.28,1,1150
XJTU-SY,3,40Hz10kN,2400,10.0,Bearing3_4,4,366,40Hz10kN/Bearing3_4/366.csv,test,32768,25600,1.28,1,1149
XJTU-SY,3,40Hz10kN,2400,10.0,Bearing3_4,4,367,40Hz10kN/Bearing3_4/367.csv,test,32768,25600,1.28,1,1148
XJTU-SY,3,40Hz10kN,2400,10.0,Bearing3_4,4,368,40Hz10kN/Bearing3_4/368.csv,test,32768,25600,1.28,1,1147
XJTU-SY,3,40Hz10kN,2400,10.0,Bearing3_4,4,369,40Hz10kN/Bearing3_4/369.csv,test,32768,25600,1.28,1,1146
XJTU-SY,3,40Hz10kN,2400,10.0,Bearing3_4,4,370,40Hz10kN/Bearing3_4/370.csv,test,32768,25600,1.28,1,1145
XJTU-SY,3,40Hz10kN,2400,10.0,Bearing3_4,4,371,40Hz10kN/Bearing3_4/371.csv,test,32768,25600,1.28,1,1144
XJTU-SY,3,40Hz10kN,2400,10.0,Bearing3_4,4,372,40Hz10kN/Bearing3_4/372.csv,test,32768,25600,1.28,1,1143
XJTU-SY,3,40Hz10kN,2400,10.0,Bearing3_4,4,373,40Hz10kN/Bearing3_4/373.csv,test,32768,25600,1.28,1,1142
XJTU-SY,3,40Hz10kN,2400,10.0,Bearing3_4,4,374,40Hz10kN/Bearing3_4/374.csv,test,32768,25600,1.28,1,1141
XJTU-SY,3,40Hz10kN,2400,10.0,Bearing3_4,4,375,40Hz10kN/Bearing3_4/375.csv,test,32768,25600,1.28,1,1140
XJTU-SY,3,40Hz10kN,2400,10.0,Bearing3_4,4,376,40Hz10kN/Bearing3_4/376.csv,test,32768,25600,1.28,1,1139
XJTU-SY,3,40Hz10kN,2400,10.0,Bearing3_4,4,377,40Hz10kN/Bearing3_4/377.csv,test,32768,25600,1.28,1,1138
XJTU-SY,3,40Hz10kN,2400,10.0,Bearing3_4,4,378,40Hz10kN/Bearing3_4/378.csv,test,32768,25600,1.28,1,1137
XJTU-SY,3,40Hz10kN,2400,10.0,Bearing3_4,4,379,40Hz10kN/Bearing3_4/379.csv,test,32768,25600,1.28,1,1136
XJTU-SY,3,40Hz10kN,2400,10.0,Bearing3_4,4,380,40Hz10kN/Bearing3_4/380.csv,test,32768,25600,1.28,1,1135
XJTU-SY,3,40Hz10kN,2400,10.0,Bearing3_4,4,381,40Hz10kN/Bearing3_4/381.csv,test,32768,25600,1.28,1,1134
XJTU-SY,3,40Hz10kN,2400,10.0,Bearing3_4,4,382,40Hz10kN/Bearing3_4/382.csv,test,32768,25600,1.28,1,1133
XJTU-SY,3,40Hz10kN,2400,10.0,Bearing3_4,4,383,40Hz10kN/Bearing3_4/383.csv,test,32768,25600,1.28,1,1132
XJTU-SY,3,40Hz10kN,2400,10.0,Bearing3_4,4,384,40Hz10kN/Bearing3_4/384.csv,test,32768,25600,1.28,1,1131
XJTU-SY,3,40Hz10kN,2400,10.0,Bearing3_4,4,385,40Hz10kN/Bearing3_4/385.csv,test,32768,25600,1.28,1,1130
XJTU-SY,3,40Hz10kN,2400,10.0,Bearing3_4,4,386,40Hz10kN/Bearing3_4/386.csv,test,32768,25600,1.28,1,1129
XJTU-SY,3,40Hz10kN,2400,10.0,Bearing3_4,4,387,40Hz10kN/Bearing3_4/387.csv,test,32768,25600,1.28,1,1128
XJTU-SY,3,40Hz10kN,2400,10.0,Bearing3_4,4,388,40Hz10kN/Bearing3_4/388.csv,test,32768,25600,1.28,1,1127
XJTU-SY,3,40Hz10kN,2400,10.0,Bearing3_4,4,389,40Hz10kN/Bearing3_4/389.csv,test,32768,25600,1.28,1,1126
XJTU-SY,3,40Hz10kN,2400,10.0,Bearing3_4,4,390,40Hz10kN/Bearing3_4/390.csv,test,32768,25600,1.28,1,1125
XJTU-SY,3,40Hz10kN,2400,10.0,Bearing3_4,4,391,40Hz10kN/Bearing3_4/391.csv,test,32768,25600,1.28,1,1124
XJTU-SY,3,40Hz10kN,2400,10.0,Bearing3_4,4,392,40Hz10kN/Bearing3_4/392.csv,test,32768,25600,1.28,1,1123
XJTU-SY,3,40Hz10kN,2400,10.0,Bearing3_4,4,393,40Hz10kN/Bearing3_4/393.csv,test,32768,25600,1.28,1,1122
XJTU-SY,3,40Hz10kN,2400,10.0,Bearing3_4,4,394,40Hz10kN/Bearing3_4/394.csv,test,32768,25600,1.28,1,1121
XJTU-SY,3,40Hz10kN,2400,10.0,Bearing3_4,4,395,40Hz10kN/Bearing3_4/395.csv,test,32768,25600,1.28,1,1120
XJTU-SY,3,40Hz10kN,2400,10.0,Bearing3_4,4,396,40Hz10kN/Bearing3_4/396.csv,test,32768,25600,1.28,1,1119
XJTU-SY,3,40Hz10kN,2400,10.0,Bearing3_4,4,397,40Hz10kN/Bearing3_4/397.csv,test,32768,25600,1.28,1,1118
XJTU-SY,3,40Hz10kN,2400,10.0,Bearing3_4,4,398,40Hz10kN/Bearing3_4/398.csv,test,32768,25600,1.28,1,1117
XJTU-SY,3,40Hz10kN,2400,10.0,Bearing3_4,4,399,40Hz10kN/Bearing3_4/399.csv,test,32768,25600,1.28,1,1116
XJTU-SY,3,40Hz10kN,2400,10.0,Bearing3_4,4,400,40Hz10kN/Bearing3_4/400.csv,test,32768,25600,1.28,1,1115
XJTU-SY,3,40Hz10kN,2400,10.0,Bearing3_4,4,401,40Hz10kN/Bearing3_4/401.csv,test,32768,25600,1.28,1,1114
XJTU-SY,3,40Hz10kN,2400,10.0,Bearing3_4,4,402,40Hz10kN/Bearing3_4/402.csv,test,32768,25600,1.28,1,1113
XJTU-SY,3,40Hz10kN,2400,10.0,Bearing3_4,4,403,40Hz10kN/Bearing3_4/403.csv,test,32768,25600,1.28,1,1112
XJTU-SY,3,40Hz10kN,2400,10.0,Bearing3_4,4,404,40Hz10kN/Bearing3_4/404.csv,test,32768,25600,1.28,1,1111
XJTU-SY,3,40Hz10kN,2400,10.0,Bearing3_4,4,405,40Hz10kN/Bearing3_4/405.csv,test,32768,25600,1.28,1,1110
XJTU-SY,3,40Hz10kN,2400,10.0,Bearing3_4,4,406,40Hz10kN/Bearing3_4/406.csv,test,32768,25600,1.28,1,1109
XJTU-SY,3,40Hz10kN,2400,10.0,Bearing3_4,4,407,40Hz10kN/Bearing3_4/407.csv,test,32768,25600,1.28,1,1108
XJTU-SY,3,40Hz10kN,2400,10.0,Bearing3_4,4,408,40Hz10kN/Bearing3_4/408.csv,test,32768,25600,1.28,1,1107
XJTU-SY,3,40Hz10kN,2400,10.0,Bearing3_4,4,409,40Hz10kN/Bearing3_4/409.csv,test,32768,25600,1.28,1,1106
XJTU-SY,3,40Hz10kN,2400,10.0,Bearing3_4,4,410,40Hz10kN/Bearing3_4/410.csv,test,32768,25600,1.28,1,1105
XJTU-SY,3,40Hz10kN,2400,10.0,Bearing3_4,4,411,40Hz10kN/Bearing3_4/411.csv,test,32768,25600,1.28,1,1104
XJTU-SY,3,40Hz10kN,2400,10.0,Bearing3_4,4,412,40Hz10kN/Bearing3_4/412.csv,test,32768,25600,1.28,1,1103
XJTU-SY,3,40Hz10kN,2400,10.0,Bearing3_4,4,413,40Hz10kN/Bearing3_4/413.csv,test,32768,25600,1.28,1,1102
XJTU-SY,3,40Hz10kN,2400,10.0,Bearing3_4,4,414,40Hz10kN/Bearing3_4/414.csv,test,32768,25600,1.28,1,1101
XJTU-SY,3,40Hz10kN,2400,10.0,Bearing3_4,4,415,40Hz10kN/Bearing3_4/415.csv,test,32768,25600,1.28,1,1100
XJTU-SY,3,40Hz10kN,2400,10.0,Bearing3_4,4,416,40Hz10kN/Bearing3_4/416.csv,test,32768,25600,1.28,1,1099
XJTU-SY,3,40Hz10kN,2400,10.0,Bearing3_4,4,417,40Hz10kN/Bearing3_4/417.csv,test,32768,25600,1.28,1,1098
XJTU-SY,3,40Hz10kN,2400,10.0,Bearing3_4,4,418,40Hz10kN/Bearing3_4/418.csv,test,32768,25600,1.28,1,1097
XJTU-SY,3,40Hz10kN,2400,10.0,Bearing3_4,4,419,40Hz10kN/Bearing3_4/419.csv,test,32768,25600,1.28,1,1096
XJTU-SY,3,40Hz10kN,2400,10.0,Bearing3_4,4,420,40Hz10kN/Bearing3_4/420.csv,test,32768,25600,1.28,1,1095
XJTU-SY,3,40Hz10kN,2400,10.0,Bearing3_4,4,421,40Hz10kN/Bearing3_4/421.csv,test,32768,25600,1.28,1,1094
XJTU-SY,3,40Hz10kN,2400,10.0,Bearing3_4,4,422,40Hz10kN/Bearing3_4/422.csv,test,32768,25600,1.28,1,1093
XJTU-SY,3,40Hz10kN,2400,10.0,Bearing3_4,4,423,40Hz10kN/Bearing3_4/423.csv,test,32768,25600,1.28,1,1092
XJTU-SY,3,40Hz10kN,2400,10.0,Bearing3_4,4,424,40Hz10kN/Bearing3_4/424.csv,test,32768,25600,1.28,1,1091
XJTU-SY,3,40Hz10kN,2400,10.0,Bearing3_4,4,425,40Hz10kN/Bearing3_4/425.csv,test,32768,25600,1.28,1,1090
XJTU-SY,3,40Hz10kN,2400,10.0,Bearing3_4,4,426,40Hz10kN/Bearing3_4/426.csv,test,32768,25600,1.28,1,1089
XJTU-SY,3,40Hz10kN,2400,10.0,Bearing3_4,4,427,40Hz10kN/Bearing3_4/427.csv,test,32768,25600,1.28,1,1088
XJTU-SY,3,40Hz10kN,2400,10.0,Bearing3_4,4,428,40Hz10kN/Bearing3_4/428.csv,test,32768,25600,1.28,1,1087
XJTU-SY,3,40Hz10kN,2400,10.0,Bearing3_4,4,429,40Hz10kN/Bearing3_4/429.csv,test,32768,25600,1.28,1,1086
XJTU-SY,3,40Hz10kN,2400,10.0,Bearing3_4,4,430,40Hz10kN/Bearing3_4/430.csv,test,32768,25600,1.28,1,1085
XJTU-SY,3,40Hz10kN,2400,10.0,Bearing3_4,4,431,40Hz10kN/Bearing3_4/431.csv,test,32768,25600,1.28,1,1084
XJTU-SY,3,40Hz10kN,2400,10.0,Bearing3_4,4,432,40Hz10kN/Bearing3_4/432.csv,test,32768,25600,1.28,1,1083
XJTU-SY,3,40Hz10kN,2400,10.0,Bearing3_4,4,433,40Hz10kN/Bearing3_4/433.csv,test,32768,25600,1.28,1,1082
XJTU-SY,3,40Hz10kN,2400,10.0,Bearing3_4,4,434,40Hz10kN/Bearing3_4/434.csv,test,32768,25600,1.28,1,1081
XJTU-SY,3,40Hz10kN,2400,10.0,Bearing3_4,4,435,40Hz10kN/Bearing3_4/435.csv,test,32768,25600,1.28,1,1080
XJTU-SY,3,40Hz10kN,2400,10.0,Bearing3_4,4,436,40Hz10kN/Bearing3_4/436.csv,test,32768,25600,1.28,1,1079
XJTU-SY,3,40Hz10kN,2400,10.0,Bearing3_4,4,437,40Hz10kN/Bearing3_4/437.csv,test,32768,25600,1.28,1,1078
XJTU-SY,3,40Hz10kN,2400,10.0,Bearing3_4,4,438,40Hz10kN/Bearing3_4/438.csv,test,32768,25600,1.28,1,1077
XJTU-SY,3,40Hz10kN,2400,10.0,Bearing3_4,4,439,40Hz10kN/Bearing3_4/439.csv,test,32768,25600,1.28,1,1076
XJTU-SY,3,40Hz10kN,2400,10.0,Bearing3_4,4,440,40Hz10kN/Bearing3_4/440.csv,test,32768,25600,1.28,1,1075
XJTU-SY,3,40Hz10kN,2400,10.0,Bearing3_4,4,441,40Hz10kN/Bearing3_4/441.csv,test,32768,25600,1.28,1,1074
XJTU-SY,3,40Hz10kN,2400,10.0,Bearing3_4,4,442,40Hz10kN/Bearing3_4/442.csv,test,32768,25600,1.28,1,1073
XJTU-SY,3,40Hz10kN,2400,10.0,Bearing3_4,4,443,40Hz10kN/Bearing3_4/443.csv,test,32768,25600,1.28,1,1072
XJTU-SY,3,40Hz10kN,2400,10.0,Bearing3_4,4,444,40Hz10kN/Bearing3_4/444.csv,test,32768,25600,1.28,1,1071
XJTU-SY,3,40Hz10kN,2400,10.0,Bearing3_4,4,445,40Hz10kN/Bearing3_4/445.csv,test,32768,25600,1.28,1,1070
XJTU-SY,3,40Hz10kN,2400,10.0,Bearing3_4,4,446,40Hz10kN/Bearing3_4/446.csv,test,32768,25600,1.28,1,1069
XJTU-SY,3,40Hz10kN,2400,10.0,Bearing3_4,4,447,40Hz10kN/Bearing3_4/447.csv,test,32768,25600,1.28,1,1068
XJTU-SY,3,40Hz10kN,2400,10.0,Bearing3_4,4,448,40Hz10kN/Bearing3_4/448.csv,test,32768,25600,1.28,1,1067
XJTU-SY,3,40Hz10kN,2400,10.0,Bearing3_4,4,449,40Hz10kN/Bearing3_4/449.csv,test,32768,25600,1.28,1,1066
XJTU-SY,3,40Hz10kN,2400,10.0,Bearing3_4,4,450,40Hz10kN/Bearing3_4/450.csv,test,32768,25600,1.28,1,1065
XJTU-SY,3,40Hz10kN,2400,10.0,Bearing3_4,4,451,40Hz10kN/Bearing3_4/451.csv,test,32768,25600,1.28,1,1064
XJTU-SY,3,40Hz10kN,2400,10.0,Bearing3_4,4,452,40Hz10kN/Bearing3_4/452.csv,test,32768,25600,1.28,1,1063
XJTU-SY,3,40Hz10kN,2400,10.0,Bearing3_4,4,453,40Hz10kN/Bearing3_4/453.csv,test,32768,25600,1.28,1,1062
XJTU-SY,3,40Hz10kN,2400,10.0,Bearing3_4,4,454,40Hz10kN/Bearing3_4/454.csv,test,32768,25600,1.28,1,1061
XJTU-SY,3,40Hz10kN,2400,10.0,Bearing3_4,4,455,40Hz10kN/Bearing3_4/455.csv,test,32768,25600,1.28,1,1060
XJTU-SY,3,40Hz10kN,2400,10.0,Bearing3_4,4,456,40Hz10kN/Bearing3_4/456.csv,test,32768,25600,1.28,1,1059
XJTU-SY,3,40Hz10kN,2400,10.0,Bearing3_4,4,457,40Hz10kN/Bearing3_4/457.csv,test,32768,25600,1.28,1,1058
XJTU-SY,3,40Hz10kN,2400,10.0,Bearing3_4,4,458,40Hz10kN/Bearing3_4/458.csv,test,32768,25600,1.28,1,1057
XJTU-SY,3,40Hz10kN,2400,10.0,Bearing3_4,4,459,40Hz10kN/Bearing3_4/459.csv,test,32768,25600,1.28,1,1056
XJTU-SY,3,40Hz10kN,2400,10.0,Bearing3_4,4,460,40Hz10kN/Bearing3_4/460.csv,test,32768,25600,1.28,1,1055
XJTU-SY,3,40Hz10kN,2400,10.0,Bearing3_4,4,461,40Hz10kN/Bearing3_4/461.csv,test,32768,25600,1.28,1,1054
XJTU-SY,3,40Hz10kN,2400,10.0,Bearing3_4,4,462,40Hz10kN/Bearing3_4/462.csv,test,32768,25600,1.28,1,1053
XJTU-SY,3,40Hz10kN,2400,10.0,Bearing3_4,4,463,40Hz10kN/Bearing3_4/463.csv,test,32768,25600,1.28,1,1052
XJTU-SY,3,40Hz10kN,2400,10.0,Bearing3_4,4,464,40Hz10kN/Bearing3_4/464.csv,test,32768,25600,1.28,1,1051
XJTU-SY,3,40Hz10kN,2400,10.0,Bearing3_4,4,465,40Hz10kN/Bearing3_4/465.csv,test,32768,25600,1.28,1,1050
XJTU-SY,3,40Hz10kN,2400,10.0,Bearing3_4,4,466,40Hz10kN/Bearing3_4/466.csv,test,32768,25600,1.28,1,1049
XJTU-SY,3,40Hz10kN,2400,10.0,Bearing3_4,4,467,40Hz10kN/Bearing3_4/467.csv,test,32768,25600,1.28,1,1048
XJTU-SY,3,40Hz10kN,2400,10.0,Bearing3_4,4,468,40Hz10kN/Bearing3_4/468.csv,test,32768,25600,1.28,1,1047
XJTU-SY,3,40Hz10kN,2400,10.0,Bearing3_4,4,469,40Hz10kN/Bearing3_4/469.csv,test,32768,25600,1.28,1,1046
XJTU-SY,3,40Hz10kN,2400,10.0,Bearing3_4,4,470,40Hz10kN/Bearing3_4/470.csv,test,32768,25600,1.28,1,1045
XJTU-SY,3,40Hz10kN,2400,10.0,Bearing3_4,4,471,40Hz10kN/Bearing3_4/471.csv,test,32768,25600,1.28,1,1044
XJTU-SY,3,40Hz10kN,2400,10.0,Bearing3_4,4,472,40Hz10kN/Bearing3_4/472.csv,test,32768,25600,1.28,1,1043
XJTU-SY,3,40Hz10kN,2400,10.0,Bearing3_4,4,473,40Hz10kN/Bearing3_4/473.csv,test,32768,25600,1.28,1,1042
XJTU-SY,3,40Hz10kN,2400,10.0,Bearing3_4,4,474,40Hz10kN/Bearing3_4/474.csv,test,32768,25600,1.28,1,1041
XJTU-SY,3,40Hz10kN,2400,10.0,Bearing3_4,4,475,40Hz10kN/Bearing3_4/475.csv,test,32768,25600,1.28,1,1040
XJTU-SY,3,40Hz10kN,2400,10.0,Bearing3_4,4,476,40Hz10kN/Bearing3_4/476.csv,test,32768,25600,1.28,1,1039
XJTU-SY,3,40Hz10kN,2400,10.0,Bearing3_4,4,477,40Hz10kN/Bearing3_4/477.csv,test,32768,25600,1.28,1,1038
XJTU-SY,3,40Hz10kN,2400,10.0,Bearing3_4,4,478,40Hz10kN/Bearing3_4/478.csv,test,32768,25600,1.28,1,1037
XJTU-SY,3,40Hz10kN,2400,10.0,Bearing3_4,4,479,40Hz10kN/Bearing3_4/479.csv,test,32768,25600,1.28,1,1036
XJTU-SY,3,40Hz10kN,2400,10.0,Bearing3_4,4,480,40Hz10kN/Bearing3_4/480.csv,test,32768,25600,1.28,1,1035
XJTU-SY,3,40Hz10kN,2400,10.0,Bearing3_4,4,481,40Hz10kN/Bearing3_4/481.csv,test,32768,25600,1.28,1,1034
XJTU-SY,3,40Hz10kN,2400,10.0,Bearing3_4,4,482,40Hz10kN/Bearing3_4/482.csv,test,32768,25600,1.28,1,1033
XJTU-SY,3,40Hz10kN,2400,10.0,Bearing3_4,4,483,40Hz10kN/Bearing3_4/483.csv,test,32768,25600,1.28,1,1032
XJTU-SY,3,40Hz10kN,2400,10.0,Bearing3_4,4,484,40Hz10kN/Bearing3_4/484.csv,test,32768,25600,1.28,1,1031
XJTU-SY,3,40Hz10kN,2400,10.0,Bearing3_4,4,485,40Hz10kN/Bearing3_4/485.csv,test,32768,25600,1.28,1,1030
XJTU-SY,3,40Hz10kN,2400,10.0,Bearing3_4,4,486,40Hz10kN/Bearing3_4/486.csv,test,32768,25600,1.28,1,1029
XJTU-SY,3,40Hz10kN,2400,10.0,Bearing3_4,4,487,40Hz10kN/Bearing3_4/487.csv,test,32768,25600,1.28,1,1028
XJTU-SY,3,40Hz10kN,2400,10.0,Bearing3_4,4,488,40Hz10kN/Bearing3_4/488.csv,test,32768,25600,1.28,1,1027
XJTU-SY,3,40Hz10kN,2400,10.0,Bearing3_4,4,489,40Hz10kN/Bearing3_4/489.csv,test,32768,25600,1.28,1,1026
XJTU-SY,3,40Hz10kN,2400,10.0,Bearing3_4,4,490,40Hz10kN/Bearing3_4/490.csv,test,32768,25600,1.28,1,1025
XJTU-SY,3,40Hz10kN,2400,10.0,Bearing3_4,4,491,40Hz10kN/Bearing3_4/491.csv,test,32768,25600,1.28,1,1024
XJTU-SY,3,40Hz10kN,2400,10.0,Bearing3_4,4,492,40Hz10kN/Bearing3_4/492.csv,test,32768,25600,1.28,1,1023
XJTU-SY,3,40Hz10kN,2400,10.0,Bearing3_4,4,493,40Hz10kN/Bearing3_4/493.csv,test,32768,25600,1.28,1,1022
XJTU-SY,3,40Hz10kN,2400,10.0,Bearing3_4,4,494,40Hz10kN/Bearing3_4/494.csv,test,32768,25600,1.28,1,1021
XJTU-SY,3,40Hz10kN,2400,10.0,Bearing3_4,4,495,40Hz10kN/Bearing3_4/495.csv,test,32768,25600,1.28,1,1020
XJTU-SY,3,40Hz10kN,2400,10.0,Bearing3_4,4,496,40Hz10kN/Bearing3_4/496.csv,test,32768,25600,1.28,1,1019
XJTU-SY,3,40Hz10kN,2400,10.0,Bearing3_4,4,497,40Hz10kN/Bearing3_4/497.csv,test,32768,25600,1.28,1,1018
XJTU-SY,3,40Hz10kN,2400,10.0,Bearing3_4,4,498,40Hz10kN/Bearing3_4/498.csv,test,32768,25600,1.28,1,1017
XJTU-SY,3,40Hz10kN,2400,10.0,Bearing3_4,4,499,40Hz10kN/Bearing3_4/499.csv,test,32768,25600,1.28,1,1016
XJTU-SY,3,40Hz10kN,2400,10.0,Bearing3_4,4,500,40Hz10kN/Bearing3_4/500.csv,test,32768,25600,1.28,1,1015
XJTU-SY,3,40Hz10kN,2400,10.0,Bearing3_4,4,501,40Hz10kN/Bearing3_4/501.csv,test,32768,25600,1.28,1,1014
XJTU-SY,3,40Hz10kN,2400,10.0,Bearing3_4,4,502,40Hz10kN/Bearing3_4/502.csv,test,32768,25600,1.28,1,1013
XJTU-SY,3,40Hz10kN,2400,10.0,Bearing3_4,4,503,40Hz10kN/Bearing3_4/503.csv,test,32768,25600,1.28,1,1012
XJTU-SY,3,40Hz10kN,2400,10.0,Bearing3_4,4,504,40Hz10kN/Bearing3_4/504.csv,test,32768,25600,1.28,1,1011
XJTU-SY,3,40Hz10kN,2400,10.0,Bearing3_4,4,505,40Hz10kN/Bearing3_4/505.csv,test,32768,25600,1.28,1,1010
XJTU-SY,3,40Hz10kN,2400,10.0,Bearing3_4,4,506,40Hz10kN/Bearing3_4/506.csv,test,32768,25600,1.28,1,1009
XJTU-SY,3,40Hz10kN,2400,10.0,Bearing3_4,4,507,40Hz10kN/Bearing3_4/507.csv,test,32768,25600,1.28,1,1008
XJTU-SY,3,40Hz10kN,2400,10.0,Bearing3_4,4,508,40Hz10kN/Bearing3_4/508.csv,test,32768,25600,1.28,1,1007
XJTU-SY,3,40Hz10kN,2400,10.0,Bearing3_4,4,509,40Hz10kN/Bearing3_4/509.csv,test,32768,25600,1.28,1,1006
XJTU-SY,3,40Hz10kN,2400,10.0,Bearing3_4,4,510,40Hz10kN/Bearing3_4/510.csv,test,32768,25600,1.28,1,1005
XJTU-SY,3,40Hz10kN,2400,10.0,Bearing3_4,4,511,40Hz10kN/Bearing3_4/511.csv,test,32768,25600,1.28,1,1004
XJTU-SY,3,40Hz10kN,2400,10.0,Bearing3_4,4,512,40Hz10kN/Bearing3_4/512.csv,test,32768,25600,1.28,1,1003
XJTU-SY,3,40Hz10kN,2400,10.0,Bearing3_4,4,513,40Hz10kN/Bearing3_4/513.csv,test,32768,25600,1.28,1,1002
XJTU-SY,3,40Hz10kN,2400,10.0,Bearing3_4,4,514,40Hz10kN/Bearing3_4/514.csv,test,32768,25600,1.28,1,1001
XJTU-SY,3,40Hz10kN,2400,10.0,Bearing3_4,4,515,40Hz10kN/Bearing3_4/515.csv,test,32768,25600,1.28,1,1000
XJTU-SY,3,40Hz10kN,2400,10.0,Bearing3_4,4,516,40Hz10kN/Bearing3_4/516.csv,test,32768,25600,1.28,1,999
XJTU-SY,3,40Hz10kN,2400,10.0,Bearing3_4,4,517,40Hz10kN/Bearing3_4/517.csv,test,32768,25600,1.28,1,998
XJTU-SY,3,40Hz10kN,2400,10.0,Bearing3_4,4,518,40Hz10kN/Bearing3_4/518.csv,test,32768,25600,1.28,1,997
XJTU-SY,3,40Hz10kN,2400,10.0,Bearing3_4,4,519,40Hz10kN/Bearing3_4/519.csv,test,32768,25600,1.28,1,996
XJTU-SY,3,40Hz10kN,2400,10.0,Bearing3_4,4,520,40Hz10kN/Bearing3_4/520.csv,test,32768,25600,1.28,1,995
XJTU-SY,3,40Hz10kN,2400,10.0,Bearing3_4,4,521,40Hz10kN/Bearing3_4/521.csv,test,32768,25600,1.28,1,994
XJTU-SY,3,40Hz10kN,2400,10.0,Bearing3_4,4,522,40Hz10kN/Bearing3_4/522.csv,test,32768,25600,1.28,1,993
XJTU-SY,3,40Hz10kN,2400,10.0,Bearing3_4,4,523,40Hz10kN/Bearing3_4/523.csv,test,32768,25600,1.28,1,992
XJTU-SY,3,40Hz10kN,2400,10.0,Bearing3_4,4,524,40Hz10kN/Bearing3_4/524.csv,test,32768,25600,1.28,1,991
XJTU-SY,3,40Hz10kN,2400,10.0,Bearing3_4,4,525,40Hz10kN/Bearing3_4/525.csv,test,32768,25600,1.28,1,990
XJTU-SY,3,40Hz10kN,2400,10.0,Bearing3_4,4,526,40Hz10kN/Bearing3_4/526.csv,test,32768,25600,1.28,1,989
XJTU-SY,3,40Hz10kN,2400,10.0,Bearing3_4,4,527,40Hz10kN/Bearing3_4/527.csv,test,32768,25600,1.28,1,988
XJTU-SY,3,40Hz10kN,2400,10.0,Bearing3_4,4,528,40Hz10kN/Bearing3_4/528.csv,test,32768,25600,1.28,1,987
XJTU-SY,3,40Hz10kN,2400,10.0,Bearing3_4,4,529,40Hz10kN/Bearing3_4/529.csv,test,32768,25600,1.28,1,986
XJTU-SY,3,40Hz10kN,2400,10.0,Bearing3_4,4,530,40Hz10kN/Bearing3_4/530.csv,test,32768,25600,1.28,1,985
XJTU-SY,3,40Hz10kN,2400,10.0,Bearing3_4,4,531,40Hz10kN/Bearing3_4/531.csv,test,32768,25600,1.28,1,984
XJTU-SY,3,40Hz10kN,2400,10.0,Bearing3_4,4,532,40Hz10kN/Bearing3_4/532.csv,test,32768,25600,1.28,1,983
XJTU-SY,3,40Hz10kN,2400,10.0,Bearing3_4,4,533,40Hz10kN/Bearing3_4/533.csv,test,32768,25600,1.28,1,982
XJTU-SY,3,40Hz10kN,2400,10.0,Bearing3_4,4,534,40Hz10kN/Bearing3_4/534.csv,test,32768,25600,1.28,1,981
XJTU-SY,3,40Hz10kN,2400,10.0,Bearing3_4,4,535,40Hz10kN/Bearing3_4/535.csv,test,32768,25600,1.28,1,980
XJTU-SY,3,40Hz10kN,2400,10.0,Bearing3_4,4,536,40Hz10kN/Bearing3_4/536.csv,test,32768,25600,1.28,1,979
XJTU-SY,3,40Hz10kN,2400,10.0,Bearing3_4,4,537,40Hz10kN/Bearing3_4/537.csv,test,32768,25600,1.28,1,978
XJTU-SY,3,40Hz10kN,2400,10.0,Bearing3_4,4,538,40Hz10kN/Bearing3_4/538.csv,test,32768,25600,1.28,1,977
XJTU-SY,3,40Hz10kN,2400,10.0,Bearing3_4,4,539,40Hz10kN/Bearing3_4/539.csv,test,32768,25600,1.28,1,976
XJTU-SY,3,40Hz10kN,2400,10.0,Bearing3_4,4,540,40Hz10kN/Bearing3_4/540.csv,test,32768,25600,1.28,1,975
XJTU-SY,3,40Hz10kN,2400,10.0,Bearing3_4,4,541,40Hz10kN/Bearing3_4/541.csv,test,32768,25600,1.28,1,974
XJTU-SY,3,40Hz10kN,2400,10.0,Bearing3_4,4,542,40Hz10kN/Bearing3_4/542.csv,test,32768,25600,1.28,1,973
XJTU-SY,3,40Hz10kN,2400,10.0,Bearing3_4,4,543,40Hz10kN/Bearing3_4/543.csv,test,32768,25600,1.28,1,972
XJTU-SY,3,40Hz10kN,2400,10.0,Bearing3_4,4,544,40Hz10kN/Bearing3_4/544.csv,test,32768,25600,1.28,1,971
XJTU-SY,3,40Hz10kN,2400,10.0,Bearing3_4,4,545,40Hz10kN/Bearing3_4/545.csv,test,32768,25600,1.28,1,970
XJTU-SY,3,40Hz10kN,2400,10.0,Bearing3_4,4,546,40Hz10kN/Bearing3_4/546.csv,test,32768,25600,1.28,1,969
XJTU-SY,3,40Hz10kN,2400,10.0,Bearing3_4,4,547,40Hz10kN/Bearing3_4/547.csv,test,32768,25600,1.28,1,968
XJTU-SY,3,40Hz10kN,2400,10.0,Bearing3_4,4,548,40Hz10kN/Bearing3_4/548.csv,test,32768,25600,1.28,1,967
XJTU-SY,3,40Hz10kN,2400,10.0,Bearing3_4,4,549,40Hz10kN/Bearing3_4/549.csv,test,32768,25600,1.28,1,966
XJTU-SY,3,40Hz10kN,2400,10.0,Bearing3_4,4,550,40Hz10kN/Bearing3_4/550.csv,test,32768,25600,1.28,1,965
XJTU-SY,3,40Hz10kN,2400,10.0,Bearing3_4,4,551,40Hz10kN/Bearing3_4/551.csv,test,32768,25600,1.28,1,964
XJTU-SY,3,40Hz10kN,2400,10.0,Bearing3_4,4,552,40Hz10kN/Bearing3_4/552.csv,test,32768,25600,1.28,1,963
XJTU-SY,3,40Hz10kN,2400,10.0,Bearing3_4,4,553,40Hz10kN/Bearing3_4/553.csv,test,32768,25600,1.28,1,962
XJTU-SY,3,40Hz10kN,2400,10.0,Bearing3_4,4,554,40Hz10kN/Bearing3_4/554.csv,test,32768,25600,1.28,1,961
XJTU-SY,3,40Hz10kN,2400,10.0,Bearing3_4,4,555,40Hz10kN/Bearing3_4/555.csv,test,32768,25600,1.28,1,960
XJTU-SY,3,40Hz10kN,2400,10.0,Bearing3_4,4,556,40Hz10kN/Bearing3_4/556.csv,test,32768,25600,1.28,1,959
XJTU-SY,3,40Hz10kN,2400,10.0,Bearing3_4,4,557,40Hz10kN/Bearing3_4/557.csv,test,32768,25600,1.28,1,958
XJTU-SY,3,40Hz10kN,2400,10.0,Bearing3_4,4,558,40Hz10kN/Bearing3_4/558.csv,test,32768,25600,1.28,1,957
XJTU-SY,3,40Hz10kN,2400,10.0,Bearing3_4,4,559,40Hz10kN/Bearing3_4/559.csv,test,32768,25600,1.28,1,956
XJTU-SY,3,40Hz10kN,2400,10.0,Bearing3_4,4,560,40Hz10kN/Bearing3_4/560.csv,test,32768,25600,1.28,1,955
XJTU-SY,3,40Hz10kN,2400,10.0,Bearing3_4,4,561,40Hz10kN/Bearing3_4/561.csv,test,32768,25600,1.28,1,954
XJTU-SY,3,40Hz10kN,2400,10.0,Bearing3_4,4,562,40Hz10kN/Bearing3_4/562.csv,test,32768,25600,1.28,1,953
XJTU-SY,3,40Hz10kN,2400,10.0,Bearing3_4,4,563,40Hz10kN/Bearing3_4/563.csv,test,32768,25600,1.28,1,952
XJTU-SY,3,40Hz10kN,2400,10.0,Bearing3_4,4,564,40Hz10kN/Bearing3_4/564.csv,test,32768,25600,1.28,1,951
XJTU-SY,3,40Hz10kN,2400,10.0,Bearing3_4,4,565,40Hz10kN/Bearing3_4/565.csv,test,32768,25600,1.28,1,950
XJTU-SY,3,40Hz10kN,2400,10.0,Bearing3_4,4,566,40Hz10kN/Bearing3_4/566.csv,test,32768,25600,1.28,1,949
XJTU-SY,3,40Hz10kN,2400,10.0,Bearing3_4,4,567,40Hz10kN/Bearing3_4/567.csv,test,32768,25600,1.28,1,948
XJTU-SY,3,40Hz10kN,2400,10.0,Bearing3_4,4,568,40Hz10kN/Bearing3_4/568.csv,test,32768,25600,1.28,1,947
XJTU-SY,3,40Hz10kN,2400,10.0,Bearing3_4,4,569,40Hz10kN/Bearing3_4/569.csv,test,32768,25600,1.28,1,946
XJTU-SY,3,40Hz10kN,2400,10.0,Bearing3_4,4,570,40Hz10kN/Bearing3_4/570.csv,test,32768,25600,1.28,1,945
XJTU-SY,3,40Hz10kN,2400,10.0,Bearing3_4,4,571,40Hz10kN/Bearing3_4/571.csv,test,32768,25600,1.28,1,944
XJTU-SY,3,40Hz10kN,2400,10.0,Bearing3_4,4,572,40Hz10kN/Bearing3_4/572.csv,test,32768,25600,1.28,1,943
XJTU-SY,3,40Hz10kN,2400,10.0,Bearing3_4,4,573,40Hz10kN/Bearing3_4/573.csv,test,32768,25600,1.28,1,942
XJTU-SY,3,40Hz10kN,2400,10.0,Bearing3_4,4,574,40Hz10kN/Bearing3_4/574.csv,test,32768,25600,1.28,1,941
XJTU-SY,3,40Hz10kN,2400,10.0,Bearing3_4,4,575,40Hz10kN/Bearing3_4/575.csv,test,32768,25600,1.28,1,940
XJTU-SY,3,40Hz10kN,2400,10.0,Bearing3_4,4,576,40Hz10kN/Bearing3_4/576.csv,test,32768,25600,1.28,1,939
XJTU-SY,3,40Hz10kN,2400,10.0,Bearing3_4,4,577,40Hz10kN/Bearing3_4/577.csv,test,32768,25600,1.28,1,938
XJTU-SY,3,40Hz10kN,2400,10.0,Bearing3_4,4,578,40Hz10kN/Bearing3_4/578.csv,test,32768,25600,1.28,1,937
XJTU-SY,3,40Hz10kN,2400,10.0,Bearing3_4,4,579,40Hz10kN/Bearing3_4/579.csv,test,32768,25600,1.28,1,936
XJTU-SY,3,40Hz10kN,2400,10.0,Bearing3_4,4,580,40Hz10kN/Bearing3_4/580.csv,test,32768,25600,1.28,1,935
XJTU-SY,3,40Hz10kN,2400,10.0,Bearing3_4,4,581,40Hz10kN/Bearing3_4/581.csv,test,32768,25600,1.28,1,934
XJTU-SY,3,40Hz10kN,2400,10.0,Bearing3_4,4,582,40Hz10kN/Bearing3_4/582.csv,test,32768,25600,1.28,1,933
XJTU-SY,3,40Hz10kN,2400,10.0,Bearing3_4,4,583,40Hz10kN/Bearing3_4/583.csv,test,32768,25600,1.28,1,932
XJTU-SY,3,40Hz10kN,2400,10.0,Bearing3_4,4,584,40Hz10kN/Bearing3_4/584.csv,test,32768,25600,1.28,1,931
XJTU-SY,3,40Hz10kN,2400,10.0,Bearing3_4,4,585,40Hz10kN/Bearing3_4/585.csv,test,32768,25600,1.28,1,930
XJTU-SY,3,40Hz10kN,2400,10.0,Bearing3_4,4,586,40Hz10kN/Bearing3_4/586.csv,test,32768,25600,1.28,1,929
XJTU-SY,3,40Hz10kN,2400,10.0,Bearing3_4,4,587,40Hz10kN/Bearing3_4/587.csv,test,32768,25600,1.28,1,928
XJTU-SY,3,40Hz10kN,2400,10.0,Bearing3_4,4,588,40Hz10kN/Bearing3_4/588.csv,test,32768,25600,1.28,1,927
XJTU-SY,3,40Hz10kN,2400,10.0,Bearing3_4,4,589,40Hz10kN/Bearing3_4/589.csv,test,32768,25600,1.28,1,926
XJTU-SY,3,40Hz10kN,2400,10.0,Bearing3_4,4,590,40Hz10kN/Bearing3_4/590.csv,test,32768,25600,1.28,1,925
XJTU-SY,3,40Hz10kN,2400,10.0,Bearing3_4,4,591,40Hz10kN/Bearing3_4/591.csv,test,32768,25600,1.28,1,924
XJTU-SY,3,40Hz10kN,2400,10.0,Bearing3_4,4,592,40Hz10kN/Bearing3_4/592.csv,test,32768,25600,1.28,1,923
XJTU-SY,3,40Hz10kN,2400,10.0,Bearing3_4,4,593,40Hz10kN/Bearing3_4/593.csv,test,32768,25600,1.28,1,922
XJTU-SY,3,40Hz10kN,2400,10.0,Bearing3_4,4,594,40Hz10kN/Bearing3_4/594.csv,test,32768,25600,1.28,1,921
XJTU-SY,3,40Hz10kN,2400,10.0,Bearing3_4,4,595,40Hz10kN/Bearing3_4/595.csv,test,32768,25600,1.28,1,920
XJTU-SY,3,40Hz10kN,2400,10.0,Bearing3_4,4,596,40Hz10kN/Bearing3_4/596.csv,test,32768,25600,1.28,1,919
XJTU-SY,3,40Hz10kN,2400,10.0,Bearing3_4,4,597,40Hz10kN/Bearing3_4/597.csv,test,32768,25600,1.28,1,918
XJTU-SY,3,40Hz10kN,2400,10.0,Bearing3_4,4,598,40Hz10kN/Bearing3_4/598.csv,test,32768,25600,1.28,1,917
XJTU-SY,3,40Hz10kN,2400,10.0,Bearing3_4,4,599,40Hz10kN/Bearing3_4/599.csv,test,32768,25600,1.28,1,916
XJTU-SY,3,40Hz10kN,2400,10.0,Bearing3_4,4,600,40Hz10kN/Bearing3_4/600.csv,test,32768,25600,1.28,1,915
XJTU-SY,3,40Hz10kN,2400,10.0,Bearing3_4,4,601,40Hz10kN/Bearing3_4/601.csv,test,32768,25600,1.28,1,914
XJTU-SY,3,40Hz10kN,2400,10.0,Bearing3_4,4,602,40Hz10kN/Bearing3_4/602.csv,test,32768,25600,1.28,1,913
XJTU-SY,3,40Hz10kN,2400,10.0,Bearing3_4,4,603,40Hz10kN/Bearing3_4/603.csv,test,32768,25600,1.28,1,912
XJTU-SY,3,40Hz10kN,2400,10.0,Bearing3_4,4,604,40Hz10kN/Bearing3_4/604.csv,test,32768,25600,1.28,1,911
XJTU-SY,3,40Hz10kN,2400,10.0,Bearing3_4,4,605,40Hz10kN/Bearing3_4/605.csv,test,32768,25600,1.28,1,910
XJTU-SY,3,40Hz10kN,2400,10.0,Bearing3_4,4,606,40Hz10kN/Bearing3_4/606.csv,test,32768,25600,1.28,1,909
XJTU-SY,3,40Hz10kN,2400,10.0,Bearing3_4,4,607,40Hz10kN/Bearing3_4/607.csv,test,32768,25600,1.28,1,908
XJTU-SY,3,40Hz10kN,2400,10.0,Bearing3_4,4,608,40Hz10kN/Bearing3_4/608.csv,test,32768,25600,1.28,1,907
XJTU-SY,3,40Hz10kN,2400,10.0,Bearing3_4,4,609,40Hz10kN/Bearing3_4/609.csv,test,32768,25600,1.28,1,906
XJTU-SY,3,40Hz10kN,2400,10.0,Bearing3_4,4,610,40Hz10kN/Bearing3_4/610.csv,test,32768,25600,1.28,1,905
XJTU-SY,3,40Hz10kN,2400,10.0,Bearing3_4,4,611,40Hz10kN/Bearing3_4/611.csv,test,32768,25600,1.28,1,904
XJTU-SY,3,40Hz10kN,2400,10.0,Bearing3_4,4,612,40Hz10kN/Bearing3_4/612.csv,test,32768,25600,1.28,1,903
XJTU-SY,3,40Hz10kN,2400,10.0,Bearing3_4,4,613,40Hz10kN/Bearing3_4/613.csv,test,32768,25600,1.28,1,902
XJTU-SY,3,40Hz10kN,2400,10.0,Bearing3_4,4,614,40Hz10kN/Bearing3_4/614.csv,test,32768,25600,1.28,1,901
XJTU-SY,3,40Hz10kN,2400,10.0,Bearing3_4,4,615,40Hz10kN/Bearing3_4/615.csv,test,32768,25600,1.28,1,900
XJTU-SY,3,40Hz10kN,2400,10.0,Bearing3_4,4,616,40Hz10kN/Bearing3_4/616.csv,test,32768,25600,1.28,1,899
XJTU-SY,3,40Hz10kN,2400,10.0,Bearing3_4,4,617,40Hz10kN/Bearing3_4/617.csv,test,32768,25600,1.28,1,898
XJTU-SY,3,40Hz10kN,2400,10.0,Bearing3_4,4,618,40Hz10kN/Bearing3_4/618.csv,test,32768,25600,1.28,1,897
XJTU-SY,3,40Hz10kN,2400,10.0,Bearing3_4,4,619,40Hz10kN/Bearing3_4/619.csv,test,32768,25600,1.28,1,896
XJTU-SY,3,40Hz10kN,2400,10.0,Bearing3_4,4,620,40Hz10kN/Bearing3_4/620.csv,test,32768,25600,1.28,1,895
XJTU-SY,3,40Hz10kN,2400,10.0,Bearing3_4,4,621,40Hz10kN/Bearing3_4/621.csv,test,32768,25600,1.28,1,894
XJTU-SY,3,40Hz10kN,2400,10.0,Bearing3_4,4,622,40Hz10kN/Bearing3_4/622.csv,test,32768,25600,1.28,1,893
XJTU-SY,3,40Hz10kN,2400,10.0,Bearing3_4,4,623,40Hz10kN/Bearing3_4/623.csv,test,32768,25600,1.28,1,892
XJTU-SY,3,40Hz10kN,2400,10.0,Bearing3_4,4,624,40Hz10kN/Bearing3_4/624.csv,test,32768,25600,1.28,1,891
XJTU-SY,3,40Hz10kN,2400,10.0,Bearing3_4,4,625,40Hz10kN/Bearing3_4/625.csv,test,32768,25600,1.28,1,890
XJTU-SY,3,40Hz10kN,2400,10.0,Bearing3_4,4,626,40Hz10kN/Bearing3_4/626.csv,test,32768,25600,1.28,1,889
XJTU-SY,3,40Hz10kN,2400,10.0,Bearing3_4,4,627,40Hz10kN/Bearing3_4/627.csv,test,32768,25600,1.28,1,888
XJTU-SY,3,40Hz10kN,2400,10.0,Bearing3_4,4,628,40Hz10kN/Bearing3_4/628.csv,test,32768,25600,1.28,1,887
XJTU-SY,3,40Hz10kN,2400,10.0,Bearing3_4,4,629,40Hz10kN/Bearing3_4/629.csv,test,32768,25600,1.28,1,886
XJTU-SY,3,40Hz10kN,2400,10.0,Bearing3_4,4,630,40Hz10kN/Bearing3_4/630.csv,test,32768,25600,1.28,1,885
XJTU-SY,3,40Hz10kN,2400,10.0,Bearing3_4,4,631,40Hz10kN/Bearing3_4/631.csv,test,32768,25600,1.28,1,884
XJTU-SY,3,40Hz10kN,2400,10.0,Bearing3_4,4,632,40Hz10kN/Bearing3_4/632.csv,test,32768,25600,1.28,1,883
XJTU-SY,3,40Hz10kN,2400,10.0,Bearing3_4,4,633,40Hz10kN/Bearing3_4/633.csv,test,32768,25600,1.28,1,882
XJTU-SY,3,40Hz10kN,2400,10.0,Bearing3_4,4,634,40Hz10kN/Bearing3_4/634.csv,test,32768,25600,1.28,1,881
XJTU-SY,3,40Hz10kN,2400,10.0,Bearing3_4,4,635,40Hz10kN/Bearing3_4/635.csv,test,32768,25600,1.28,1,880
XJTU-SY,3,40Hz10kN,2400,10.0,Bearing3_4,4,636,40Hz10kN/Bearing3_4/636.csv,test,32768,25600,1.28,1,879
XJTU-SY,3,40Hz10kN,2400,10.0,Bearing3_4,4,637,40Hz10kN/Bearing3_4/637.csv,test,32768,25600,1.28,1,878
XJTU-SY,3,40Hz10kN,2400,10.0,Bearing3_4,4,638,40Hz10kN/Bearing3_4/638.csv,test,32768,25600,1.28,1,877
XJTU-SY,3,40Hz10kN,2400,10.0,Bearing3_4,4,639,40Hz10kN/Bearing3_4/639.csv,test,32768,25600,1.28,1,876
XJTU-SY,3,40Hz10kN,2400,10.0,Bearing3_4,4,640,40Hz10kN/Bearing3_4/640.csv,test,32768,25600,1.28,1,875
XJTU-SY,3,40Hz10kN,2400,10.0,Bearing3_4,4,641,40Hz10kN/Bearing3_4/641.csv,test,32768,25600,1.28,1,874
XJTU-SY,3,40Hz10kN,2400,10.0,Bearing3_4,4,642,40Hz10kN/Bearing3_4/642.csv,test,32768,25600,1.28,1,873
XJTU-SY,3,40Hz10kN,2400,10.0,Bearing3_4,4,643,40Hz10kN/Bearing3_4/643.csv,test,32768,25600,1.28,1,872
XJTU-SY,3,40Hz10kN,2400,10.0,Bearing3_4,4,644,40Hz10kN/Bearing3_4/644.csv,test,32768,25600,1.28,1,871
XJTU-SY,3,40Hz10kN,2400,10.0,Bearing3_4,4,645,40Hz10kN/Bearing3_4/645.csv,test,32768,25600,1.28,1,870
XJTU-SY,3,40Hz10kN,2400,10.0,Bearing3_4,4,646,40Hz10kN/Bearing3_4/646.csv,test,32768,25600,1.28,1,869
XJTU-SY,3,40Hz10kN,2400,10.0,Bearing3_4,4,647,40Hz10kN/Bearing3_4/647.csv,test,32768,25600,1.28,1,868
XJTU-SY,3,40Hz10kN,2400,10.0,Bearing3_4,4,648,40Hz10kN/Bearing3_4/648.csv,test,32768,25600,1.28,1,867
XJTU-SY,3,40Hz10kN,2400,10.0,Bearing3_4,4,649,40Hz10kN/Bearing3_4/649.csv,test,32768,25600,1.28,1,866
XJTU-SY,3,40Hz10kN,2400,10.0,Bearing3_4,4,650,40Hz10kN/Bearing3_4/650.csv,test,32768,25600,1.28,1,865
XJTU-SY,3,40Hz10kN,2400,10.0,Bearing3_4,4,651,40Hz10kN/Bearing3_4/651.csv,test,32768,25600,1.28,1,864
XJTU-SY,3,40Hz10kN,2400,10.0,Bearing3_4,4,652,40Hz10kN/Bearing3_4/652.csv,test,32768,25600,1.28,1,863
XJTU-SY,3,40Hz10kN,2400,10.0,Bearing3_4,4,653,40Hz10kN/Bearing3_4/653.csv,test,32768,25600,1.28,1,862
XJTU-SY,3,40Hz10kN,2400,10.0,Bearing3_4,4,654,40Hz10kN/Bearing3_4/654.csv,test,32768,25600,1.28,1,861
XJTU-SY,3,40Hz10kN,2400,10.0,Bearing3_4,4,655,40Hz10kN/Bearing3_4/655.csv,test,32768,25600,1.28,1,860
XJTU-SY,3,40Hz10kN,2400,10.0,Bearing3_4,4,656,40Hz10kN/Bearing3_4/656.csv,test,32768,25600,1.28,1,859
XJTU-SY,3,40Hz10kN,2400,10.0,Bearing3_4,4,657,40Hz10kN/Bearing3_4/657.csv,test,32768,25600,1.28,1,858
XJTU-SY,3,40Hz10kN,2400,10.0,Bearing3_4,4,658,40Hz10kN/Bearing3_4/658.csv,test,32768,25600,1.28,1,857
XJTU-SY,3,40Hz10kN,2400,10.0,Bearing3_4,4,659,40Hz10kN/Bearing3_4/659.csv,test,32768,25600,1.28,1,856
XJTU-SY,3,40Hz10kN,2400,10.0,Bearing3_4,4,660,40Hz10kN/Bearing3_4/660.csv,test,32768,25600,1.28,1,855
XJTU-SY,3,40Hz10kN,2400,10.0,Bearing3_4,4,661,40Hz10kN/Bearing3_4/661.csv,test,32768,25600,1.28,1,854
XJTU-SY,3,40Hz10kN,2400,10.0,Bearing3_4,4,662,40Hz10kN/Bearing3_4/662.csv,test,32768,25600,1.28,1,853
XJTU-SY,3,40Hz10kN,2400,10.0,Bearing3_4,4,663,40Hz10kN/Bearing3_4/663.csv,test,32768,25600,1.28,1,852
XJTU-SY,3,40Hz10kN,2400,10.0,Bearing3_4,4,664,40Hz10kN/Bearing3_4/664.csv,test,32768,25600,1.28,1,851
XJTU-SY,3,40Hz10kN,2400,10.0,Bearing3_4,4,665,40Hz10kN/Bearing3_4/665.csv,test,32768,25600,1.28,1,850
XJTU-SY,3,40Hz10kN,2400,10.0,Bearing3_4,4,666,40Hz10kN/Bearing3_4/666.csv,test,32768,25600,1.28,1,849
XJTU-SY,3,40Hz10kN,2400,10.0,Bearing3_4,4,667,40Hz10kN/Bearing3_4/667.csv,test,32768,25600,1.28,1,848
XJTU-SY,3,40Hz10kN,2400,10.0,Bearing3_4,4,668,40Hz10kN/Bearing3_4/668.csv,test,32768,25600,1.28,1,847
XJTU-SY,3,40Hz10kN,2400,10.0,Bearing3_4,4,669,40Hz10kN/Bearing3_4/669.csv,test,32768,25600,1.28,1,846
XJTU-SY,3,40Hz10kN,2400,10.0,Bearing3_4,4,670,40Hz10kN/Bearing3_4/670.csv,test,32768,25600,1.28,1,845
XJTU-SY,3,40Hz10kN,2400,10.0,Bearing3_4,4,671,40Hz10kN/Bearing3_4/671.csv,test,32768,25600,1.28,1,844
XJTU-SY,3,40Hz10kN,2400,10.0,Bearing3_4,4,672,40Hz10kN/Bearing3_4/672.csv,test,32768,25600,1.28,1,843
XJTU-SY,3,40Hz10kN,2400,10.0,Bearing3_4,4,673,40Hz10kN/Bearing3_4/673.csv,test,32768,25600,1.28,1,842
XJTU-SY,3,40Hz10kN,2400,10.0,Bearing3_4,4,674,40Hz10kN/Bearing3_4/674.csv,test,32768,25600,1.28,1,841
XJTU-SY,3,40Hz10kN,2400,10.0,Bearing3_4,4,675,40Hz10kN/Bearing3_4/675.csv,test,32768,25600,1.28,1,840
XJTU-SY,3,40Hz10kN,2400,10.0,Bearing3_4,4,676,40Hz10kN/Bearing3_4/676.csv,test,32768,25600,1.28,1,839
XJTU-SY,3,40Hz10kN,2400,10.0,Bearing3_4,4,677,40Hz10kN/Bearing3_4/677.csv,test,32768,25600,1.28,1,838
XJTU-SY,3,40Hz10kN,2400,10.0,Bearing3_4,4,678,40Hz10kN/Bearing3_4/678.csv,test,32768,25600,1.28,1,837
XJTU-SY,3,40Hz10kN,2400,10.0,Bearing3_4,4,679,40Hz10kN/Bearing3_4/679.csv,test,32768,25600,1.28,1,836
XJTU-SY,3,40Hz10kN,2400,10.0,Bearing3_4,4,680,40Hz10kN/Bearing3_4/680.csv,test,32768,25600,1.28,1,835
XJTU-SY,3,40Hz10kN,2400,10.0,Bearing3_4,4,681,40Hz10kN/Bearing3_4/681.csv,test,32768,25600,1.28,1,834
XJTU-SY,3,40Hz10kN,2400,10.0,Bearing3_4,4,682,40Hz10kN/Bearing3_4/682.csv,test,32768,25600,1.28,1,833
XJTU-SY,3,40Hz10kN,2400,10.0,Bearing3_4,4,683,40Hz10kN/Bearing3_4/683.csv,test,32768,25600,1.28,1,832
XJTU-SY,3,40Hz10kN,2400,10.0,Bearing3_4,4,684,40Hz10kN/Bearing3_4/684.csv,test,32768,25600,1.28,1,831
XJTU-SY,3,40Hz10kN,2400,10.0,Bearing3_4,4,685,40Hz10kN/Bearing3_4/685.csv,test,32768,25600,1.28,1,830
XJTU-SY,3,40Hz10kN,2400,10.0,Bearing3_4,4,686,40Hz10kN/Bearing3_4/686.csv,test,32768,25600,1.28,1,829
XJTU-SY,3,40Hz10kN,2400,10.0,Bearing3_4,4,687,40Hz10kN/Bearing3_4/687.csv,test,32768,25600,1.28,1,828
XJTU-SY,3,40Hz10kN,2400,10.0,Bearing3_4,4,688,40Hz10kN/Bearing3_4/688.csv,test,32768,25600,1.28,1,827
XJTU-SY,3,40Hz10kN,2400,10.0,Bearing3_4,4,689,40Hz10kN/Bearing3_4/689.csv,test,32768,25600,1.28,1,826
XJTU-SY,3,40Hz10kN,2400,10.0,Bearing3_4,4,690,40Hz10kN/Bearing3_4/690.csv,test,32768,25600,1.28,1,825
XJTU-SY,3,40Hz10kN,2400,10.0,Bearing3_4,4,691,40Hz10kN/Bearing3_4/691.csv,test,32768,25600,1.28,1,824
XJTU-SY,3,40Hz10kN,2400,10.0,Bearing3_4,4,692,40Hz10kN/Bearing3_4/692.csv,test,32768,25600,1.28,1,823
XJTU-SY,3,40Hz10kN,2400,10.0,Bearing3_4,4,693,40Hz10kN/Bearing3_4/693.csv,test,32768,25600,1.28,1,822
XJTU-SY,3,40Hz10kN,2400,10.0,Bearing3_4,4,694,40Hz10kN/Bearing3_4/694.csv,test,32768,25600,1.28,1,821
XJTU-SY,3,40Hz10kN,2400,10.0,Bearing3_4,4,695,40Hz10kN/Bearing3_4/695.csv,test,32768,25600,1.28,1,820
XJTU-SY,3,40Hz10kN,2400,10.0,Bearing3_4,4,696,40Hz10kN/Bearing3_4/696.csv,test,32768,25600,1.28,1,819
XJTU-SY,3,40Hz10kN,2400,10.0,Bearing3_4,4,697,40Hz10kN/Bearing3_4/697.csv,test,32768,25600,1.28,1,818
XJTU-SY,3,40Hz10kN,2400,10.0,Bearing3_4,4,698,40Hz10kN/Bearing3_4/698.csv,test,32768,25600,1.28,1,817
XJTU-SY,3,40Hz10kN,2400,10.0,Bearing3_4,4,699,40Hz10kN/Bearing3_4/699.csv,test,32768,25600,1.28,1,816
XJTU-SY,3,40Hz10kN,2400,10.0,Bearing3_4,4,700,40Hz10kN/Bearing3_4/700.csv,test,32768,25600,1.28,1,815
XJTU-SY,3,40Hz10kN,2400,10.0,Bearing3_4,4,701,40Hz10kN/Bearing3_4/701.csv,test,32768,25600,1.28,1,814
XJTU-SY,3,40Hz10kN,2400,10.0,Bearing3_4,4,702,40Hz10kN/Bearing3_4/702.csv,test,32768,25600,1.28,1,813
XJTU-SY,3,40Hz10kN,2400,10.0,Bearing3_4,4,703,40Hz10kN/Bearing3_4/703.csv,test,32768,25600,1.28,1,812
XJTU-SY,3,40Hz10kN,2400,10.0,Bearing3_4,4,704,40Hz10kN/Bearing3_4/704.csv,test,32768,25600,1.28,1,811
XJTU-SY,3,40Hz10kN,2400,10.0,Bearing3_4,4,705,40Hz10kN/Bearing3_4/705.csv,test,32768,25600,1.28,1,810
XJTU-SY,3,40Hz10kN,2400,10.0,Bearing3_4,4,706,40Hz10kN/Bearing3_4/706.csv,test,32768,25600,1.28,1,809
XJTU-SY,3,40Hz10kN,2400,10.0,Bearing3_4,4,707,40Hz10kN/Bearing3_4/707.csv,test,32768,25600,1.28,1,808
XJTU-SY,3,40Hz10kN,2400,10.0,Bearing3_4,4,708,40Hz10kN/Bearing3_4/708.csv,test,32768,25600,1.28,1,807
XJTU-SY,3,40Hz10kN,2400,10.0,Bearing3_4,4,709,40Hz10kN/Bearing3_4/709.csv,test,32768,25600,1.28,1,806
XJTU-SY,3,40Hz10kN,2400,10.0,Bearing3_4,4,710,40Hz10kN/Bearing3_4/710.csv,test,32768,25600,1.28,1,805
XJTU-SY,3,40Hz10kN,2400,10.0,Bearing3_4,4,711,40Hz10kN/Bearing3_4/711.csv,test,32768,25600,1.28,1,804
XJTU-SY,3,40Hz10kN,2400,10.0,Bearing3_4,4,712,40Hz10kN/Bearing3_4/712.csv,test,32768,25600,1.28,1,803
XJTU-SY,3,40Hz10kN,2400,10.0,Bearing3_4,4,713,40Hz10kN/Bearing3_4/713.csv,test,32768,25600,1.28,1,802
XJTU-SY,3,40Hz10kN,2400,10.0,Bearing3_4,4,714,40Hz10kN/Bearing3_4/714.csv,test,32768,25600,1.28,1,801
XJTU-SY,3,40Hz10kN,2400,10.0,Bearing3_4,4,715,40Hz10kN/Bearing3_4/715.csv,test,32768,25600,1.28,1,800
XJTU-SY,3,40Hz10kN,2400,10.0,Bearing3_4,4,716,40Hz10kN/Bearing3_4/716.csv,test,32768,25600,1.28,1,799
XJTU-SY,3,40Hz10kN,2400,10.0,Bearing3_4,4,717,40Hz10kN/Bearing3_4/717.csv,test,32768,25600,1.28,1,798
XJTU-SY,3,40Hz10kN,2400,10.0,Bearing3_4,4,718,40Hz10kN/Bearing3_4/718.csv,test,32768,25600,1.28,1,797
XJTU-SY,3,40Hz10kN,2400,10.0,Bearing3_4,4,719,40Hz10kN/Bearing3_4/719.csv,test,32768,25600,1.28,1,796
XJTU-SY,3,40Hz10kN,2400,10.0,Bearing3_4,4,720,40Hz10kN/Bearing3_4/720.csv,test,32768,25600,1.28,1,795
XJTU-SY,3,40Hz10kN,2400,10.0,Bearing3_4,4,721,40Hz10kN/Bearing3_4/721.csv,test,32768,25600,1.28,1,794
XJTU-SY,3,40Hz10kN,2400,10.0,Bearing3_4,4,722,40Hz10kN/Bearing3_4/722.csv,test,32768,25600,1.28,1,793
XJTU-SY,3,40Hz10kN,2400,10.0,Bearing3_4,4,723,40Hz10kN/Bearing3_4/723.csv,test,32768,25600,1.28,1,792
XJTU-SY,3,40Hz10kN,2400,10.0,Bearing3_4,4,724,40Hz10kN/Bearing3_4/724.csv,test,32768,25600,1.28,1,791
XJTU-SY,3,40Hz10kN,2400,10.0,Bearing3_4,4,725,40Hz10kN/Bearing3_4/725.csv,test,32768,25600,1.28,1,790
XJTU-SY,3,40Hz10kN,2400,10.0,Bearing3_4,4,726,40Hz10kN/Bearing3_4/726.csv,test,32768,25600,1.28,1,789
XJTU-SY,3,40Hz10kN,2400,10.0,Bearing3_4,4,727,40Hz10kN/Bearing3_4/727.csv,test,32768,25600,1.28,1,788
XJTU-SY,3,40Hz10kN,2400,10.0,Bearing3_4,4,728,40Hz10kN/Bearing3_4/728.csv,test,32768,25600,1.28,1,787
XJTU-SY,3,40Hz10kN,2400,10.0,Bearing3_4,4,729,40Hz10kN/Bearing3_4/729.csv,test,32768,25600,1.28,1,786
XJTU-SY,3,40Hz10kN,2400,10.0,Bearing3_4,4,730,40Hz10kN/Bearing3_4/730.csv,test,32768,25600,1.28,1,785
XJTU-SY,3,40Hz10kN,2400,10.0,Bearing3_4,4,731,40Hz10kN/Bearing3_4/731.csv,test,32768,25600,1.28,1,784
XJTU-SY,3,40Hz10kN,2400,10.0,Bearing3_4,4,732,40Hz10kN/Bearing3_4/732.csv,test,32768,25600,1.28,1,783
XJTU-SY,3,40Hz10kN,2400,10.0,Bearing3_4,4,733,40Hz10kN/Bearing3_4/733.csv,test,32768,25600,1.28,1,782
XJTU-SY,3,40Hz10kN,2400,10.0,Bearing3_4,4,734,40Hz10kN/Bearing3_4/734.csv,test,32768,25600,1.28,1,781
XJTU-SY,3,40Hz10kN,2400,10.0,Bearing3_4,4,735,40Hz10kN/Bearing3_4/735.csv,test,32768,25600,1.28,1,780
XJTU-SY,3,40Hz10kN,2400,10.0,Bearing3_4,4,736,40Hz10kN/Bearing3_4/736.csv,test,32768,25600,1.28,1,779
XJTU-SY,3,40Hz10kN,2400,10.0,Bearing3_4,4,737,40Hz10kN/Bearing3_4/737.csv,test,32768,25600,1.28,1,778
XJTU-SY,3,40Hz10kN,2400,10.0,Bearing3_4,4,738,40Hz10kN/Bearing3_4/738.csv,test,32768,25600,1.28,1,777
XJTU-SY,3,40Hz10kN,2400,10.0,Bearing3_4,4,739,40Hz10kN/Bearing3_4/739.csv,test,32768,25600,1.28,1,776
XJTU-SY,3,40Hz10kN,2400,10.0,Bearing3_4,4,740,40Hz10kN/Bearing3_4/740.csv,test,32768,25600,1.28,1,775
XJTU-SY,3,40Hz10kN,2400,10.0,Bearing3_4,4,741,40Hz10kN/Bearing3_4/741.csv,test,32768,25600,1.28,1,774
XJTU-SY,3,40Hz10kN,2400,10.0,Bearing3_4,4,742,40Hz10kN/Bearing3_4/742.csv,test,32768,25600,1.28,1,773
XJTU-SY,3,40Hz10kN,2400,10.0,Bearing3_4,4,743,40Hz10kN/Bearing3_4/743.csv,test,32768,25600,1.28,1,772
XJTU-SY,3,40Hz10kN,2400,10.0,Bearing3_4,4,744,40Hz10kN/Bearing3_4/744.csv,test,32768,25600,1.28,1,771
XJTU-SY,3,40Hz10kN,2400,10.0,Bearing3_4,4,745,40Hz10kN/Bearing3_4/745.csv,test,32768,25600,1.28,1,770
XJTU-SY,3,40Hz10kN,2400,10.0,Bearing3_4,4,746,40Hz10kN/Bearing3_4/746.csv,test,32768,25600,1.28,1,769
XJTU-SY,3,40Hz10kN,2400,10.0,Bearing3_4,4,747,40Hz10kN/Bearing3_4/747.csv,test,32768,25600,1.28,1,768
XJTU-SY,3,40Hz10kN,2400,10.0,Bearing3_4,4,748,40Hz10kN/Bearing3_4/748.csv,test,32768,25600,1.28,1,767
XJTU-SY,3,40Hz10kN,2400,10.0,Bearing3_4,4,749,40Hz10kN/Bearing3_4/749.csv,test,32768,25600,1.28,1,766
XJTU-SY,3,40Hz10kN,2400,10.0,Bearing3_4,4,750,40Hz10kN/Bearing3_4/750.csv,test,32768,25600,1.28,1,765
XJTU-SY,3,40Hz10kN,2400,10.0,Bearing3_4,4,751,40Hz10kN/Bearing3_4/751.csv,test,32768,25600,1.28,1,764
XJTU-SY,3,40Hz10kN,2400,10.0,Bearing3_4,4,752,40Hz10kN/Bearing3_4/752.csv,test,32768,25600,1.28,1,763
XJTU-SY,3,40Hz10kN,2400,10.0,Bearing3_4,4,753,40Hz10kN/Bearing3_4/753.csv,test,32768,25600,1.28,1,762
XJTU-SY,3,40Hz10kN,2400,10.0,Bearing3_4,4,754,40Hz10kN/Bearing3_4/754.csv,test,32768,25600,1.28,1,761
XJTU-SY,3,40Hz10kN,2400,10.0,Bearing3_4,4,755,40Hz10kN/Bearing3_4/755.csv,test,32768,25600,1.28,1,760
XJTU-SY,3,40Hz10kN,2400,10.0,Bearing3_4,4,756,40Hz10kN/Bearing3_4/756.csv,test,32768,25600,1.28,1,759
XJTU-SY,3,40Hz10kN,2400,10.0,Bearing3_4,4,757,40Hz10kN/Bearing3_4/757.csv,test,32768,25600,1.28,1,758
XJTU-SY,3,40Hz10kN,2400,10.0,Bearing3_4,4,758,40Hz10kN/Bearing3_4/758.csv,test,32768,25600,1.28,1,757
XJTU-SY,3,40Hz10kN,2400,10.0,Bearing3_4,4,759,40Hz10kN/Bearing3_4/759.csv,test,32768,25600,1.28,1,756
XJTU-SY,3,40Hz10kN,2400,10.0,Bearing3_4,4,760,40Hz10kN/Bearing3_4/760.csv,test,32768,25600,1.28,1,755
XJTU-SY,3,40Hz10kN,2400,10.0,Bearing3_4,4,761,40Hz10kN/Bearing3_4/761.csv,test,32768,25600,1.28,1,754
XJTU-SY,3,40Hz10kN,2400,10.0,Bearing3_4,4,762,40Hz10kN/Bearing3_4/762.csv,test,32768,25600,1.28,1,753
XJTU-SY,3,40Hz10kN,2400,10.0,Bearing3_4,4,763,40Hz10kN/Bearing3_4/763.csv,test,32768,25600,1.28,1,752
XJTU-SY,3,40Hz10kN,2400,10.0,Bearing3_4,4,764,40Hz10kN/Bearing3_4/764.csv,test,32768,25600,1.28,1,751
XJTU-SY,3,40Hz10kN,2400,10.0,Bearing3_4,4,765,40Hz10kN/Bearing3_4/765.csv,test,32768,25600,1.28,1,750
XJTU-SY,3,40Hz10kN,2400,10.0,Bearing3_4,4,766,40Hz10kN/Bearing3_4/766.csv,test,32768,25600,1.28,1,749
XJTU-SY,3,40Hz10kN,2400,10.0,Bearing3_4,4,767,40Hz10kN/Bearing3_4/767.csv,test,32768,25600,1.28,1,748
XJTU-SY,3,40Hz10kN,2400,10.0,Bearing3_4,4,768,40Hz10kN/Bearing3_4/768.csv,test,32768,25600,1.28,1,747
XJTU-SY,3,40Hz10kN,2400,10.0,Bearing3_4,4,769,40Hz10kN/Bearing3_4/769.csv,test,32768,25600,1.28,1,746
XJTU-SY,3,40Hz10kN,2400,10.0,Bearing3_4,4,770,40Hz10kN/Bearing3_4/770.csv,test,32768,25600,1.28,1,745
XJTU-SY,3,40Hz10kN,2400,10.0,Bearing3_4,4,771,40Hz10kN/Bearing3_4/771.csv,test,32768,25600,1.28,1,744
XJTU-SY,3,40Hz10kN,2400,10.0,Bearing3_4,4,772,40Hz10kN/Bearing3_4/772.csv,test,32768,25600,1.28,1,743
XJTU-SY,3,40Hz10kN,2400,10.0,Bearing3_4,4,773,40Hz10kN/Bearing3_4/773.csv,test,32768,25600,1.28,1,742
XJTU-SY,3,40Hz10kN,2400,10.0,Bearing3_4,4,774,40Hz10kN/Bearing3_4/774.csv,test,32768,25600,1.28,1,741
XJTU-SY,3,40Hz10kN,2400,10.0,Bearing3_4,4,775,40Hz10kN/Bearing3_4/775.csv,test,32768,25600,1.28,1,740
XJTU-SY,3,40Hz10kN,2400,10.0,Bearing3_4,4,776,40Hz10kN/Bearing3_4/776.csv,test,32768,25600,1.28,1,739
XJTU-SY,3,40Hz10kN,2400,10.0,Bearing3_4,4,777,40Hz10kN/Bearing3_4/777.csv,test,32768,25600,1.28,1,738
XJTU-SY,3,40Hz10kN,2400,10.0,Bearing3_4,4,778,40Hz10kN/Bearing3_4/778.csv,test,32768,25600,1.28,1,737
XJTU-SY,3,40Hz10kN,2400,10.0,Bearing3_4,4,779,40Hz10kN/Bearing3_4/779.csv,test,32768,25600,1.28,1,736
XJTU-SY,3,40Hz10kN,2400,10.0,Bearing3_4,4,780,40Hz10kN/Bearing3_4/780.csv,test,32768,25600,1.28,1,735
XJTU-SY,3,40Hz10kN,2400,10.0,Bearing3_4,4,781,40Hz10kN/Bearing3_4/781.csv,test,32768,25600,1.28,1,734
XJTU-SY,3,40Hz10kN,2400,10.0,Bearing3_4,4,782,40Hz10kN/Bearing3_4/782.csv,test,32768,25600,1.28,1,733
XJTU-SY,3,40Hz10kN,2400,10.0,Bearing3_4,4,783,40Hz10kN/Bearing3_4/783.csv,test,32768,25600,1.28,1,732
XJTU-SY,3,40Hz10kN,2400,10.0,Bearing3_4,4,784,40Hz10kN/Bearing3_4/784.csv,test,32768,25600,1.28,1,731
XJTU-SY,3,40Hz10kN,2400,10.0,Bearing3_4,4,785,40Hz10kN/Bearing3_4/785.csv,test,32768,25600,1.28,1,730
XJTU-SY,3,40Hz10kN,2400,10.0,Bearing3_4,4,786,40Hz10kN/Bearing3_4/786.csv,test,32768,25600,1.28,1,729
XJTU-SY,3,40Hz10kN,2400,10.0,Bearing3_4,4,787,40Hz10kN/Bearing3_4/787.csv,test,32768,25600,1.28,1,728
XJTU-SY,3,40Hz10kN,2400,10.0,Bearing3_4,4,788,40Hz10kN/Bearing3_4/788.csv,test,32768,25600,1.28,1,727
XJTU-SY,3,40Hz10kN,2400,10.0,Bearing3_4,4,789,40Hz10kN/Bearing3_4/789.csv,test,32768,25600,1.28,1,726
XJTU-SY,3,40Hz10kN,2400,10.0,Bearing3_4,4,790,40Hz10kN/Bearing3_4/790.csv,test,32768,25600,1.28,1,725
XJTU-SY,3,40Hz10kN,2400,10.0,Bearing3_4,4,791,40Hz10kN/Bearing3_4/791.csv,test,32768,25600,1.28,1,724
XJTU-SY,3,40Hz10kN,2400,10.0,Bearing3_4,4,792,40Hz10kN/Bearing3_4/792.csv,test,32768,25600,1.28,1,723
XJTU-SY,3,40Hz10kN,2400,10.0,Bearing3_4,4,793,40Hz10kN/Bearing3_4/793.csv,test,32768,25600,1.28,1,722
XJTU-SY,3,40Hz10kN,2400,10.0,Bearing3_4,4,794,40Hz10kN/Bearing3_4/794.csv,test,32768,25600,1.28,1,721
XJTU-SY,3,40Hz10kN,2400,10.0,Bearing3_4,4,795,40Hz10kN/Bearing3_4/795.csv,test,32768,25600,1.28,1,720
XJTU-SY,3,40Hz10kN,2400,10.0,Bearing3_4,4,796,40Hz10kN/Bearing3_4/796.csv,test,32768,25600,1.28,1,719
XJTU-SY,3,40Hz10kN,2400,10.0,Bearing3_4,4,797,40Hz10kN/Bearing3_4/797.csv,test,32768,25600,1.28,1,718
XJTU-SY,3,40Hz10kN,2400,10.0,Bearing3_4,4,798,40Hz10kN/Bearing3_4/798.csv,test,32768,25600,1.28,1,717
XJTU-SY,3,40Hz10kN,2400,10.0,Bearing3_4,4,799,40Hz10kN/Bearing3_4/799.csv,test,32768,25600,1.28,1,716
XJTU-SY,3,40Hz10kN,2400,10.0,Bearing3_4,4,800,40Hz10kN/Bearing3_4/800.csv,test,32768,25600,1.28,1,715
XJTU-SY,3,40Hz10kN,2400,10.0,Bearing3_4,4,801,40Hz10kN/Bearing3_4/801.csv,test,32768,25600,1.28,1,714
XJTU-SY,3,40Hz10kN,2400,10.0,Bearing3_4,4,802,40Hz10kN/Bearing3_4/802.csv,test,32768,25600,1.28,1,713
XJTU-SY,3,40Hz10kN,2400,10.0,Bearing3_4,4,803,40Hz10kN/Bearing3_4/803.csv,test,32768,25600,1.28,1,712
XJTU-SY,3,40Hz10kN,2400,10.0,Bearing3_4,4,804,40Hz10kN/Bearing3_4/804.csv,test,32768,25600,1.28,1,711
XJTU-SY,3,40Hz10kN,2400,10.0,Bearing3_4,4,805,40Hz10kN/Bearing3_4/805.csv,test,32768,25600,1.28,1,710
XJTU-SY,3,40Hz10kN,2400,10.0,Bearing3_4,4,806,40Hz10kN/Bearing3_4/806.csv,test,32768,25600,1.28,1,709
XJTU-SY,3,40Hz10kN,2400,10.0,Bearing3_4,4,807,40Hz10kN/Bearing3_4/807.csv,test,32768,25600,1.28,1,708
XJTU-SY,3,40Hz10kN,2400,10.0,Bearing3_4,4,808,40Hz10kN/Bearing3_4/808.csv,test,32768,25600,1.28,1,707
XJTU-SY,3,40Hz10kN,2400,10.0,Bearing3_4,4,809,40Hz10kN/Bearing3_4/809.csv,test,32768,25600,1.28,1,706
XJTU-SY,3,40Hz10kN,2400,10.0,Bearing3_4,4,810,40Hz10kN/Bearing3_4/810.csv,test,32768,25600,1.28,1,705
XJTU-SY,3,40Hz10kN,2400,10.0,Bearing3_4,4,811,40Hz10kN/Bearing3_4/811.csv,test,32768,25600,1.28,1,704
XJTU-SY,3,40Hz10kN,2400,10.0,Bearing3_4,4,812,40Hz10kN/Bearing3_4/812.csv,test,32768,25600,1.28,1,703
XJTU-SY,3,40Hz10kN,2400,10.0,Bearing3_4,4,813,40Hz10kN/Bearing3_4/813.csv,test,32768,25600,1.28,1,702
XJTU-SY,3,40Hz10kN,2400,10.0,Bearing3_4,4,814,40Hz10kN/Bearing3_4/814.csv,test,32768,25600,1.28,1,701
XJTU-SY,3,40Hz10kN,2400,10.0,Bearing3_4,4,815,40Hz10kN/Bearing3_4/815.csv,test,32768,25600,1.28,1,700
XJTU-SY,3,40Hz10kN,2400,10.0,Bearing3_4,4,816,40Hz10kN/Bearing3_4/816.csv,test,32768,25600,1.28,1,699
XJTU-SY,3,40Hz10kN,2400,10.0,Bearing3_4,4,817,40Hz10kN/Bearing3_4/817.csv,test,32768,25600,1.28,1,698
XJTU-SY,3,40Hz10kN,2400,10.0,Bearing3_4,4,818,40Hz10kN/Bearing3_4/818.csv,test,32768,25600,1.28,1,697
XJTU-SY,3,40Hz10kN,2400,10.0,Bearing3_4,4,819,40Hz10kN/Bearing3_4/819.csv,test,32768,25600,1.28,1,696
XJTU-SY,3,40Hz10kN,2400,10.0,Bearing3_4,4,820,40Hz10kN/Bearing3_4/820.csv,test,32768,25600,1.28,1,695
XJTU-SY,3,40Hz10kN,2400,10.0,Bearing3_4,4,821,40Hz10kN/Bearing3_4/821.csv,test,32768,25600,1.28,1,694
XJTU-SY,3,40Hz10kN,2400,10.0,Bearing3_4,4,822,40Hz10kN/Bearing3_4/822.csv,test,32768,25600,1.28,1,693
XJTU-SY,3,40Hz10kN,2400,10.0,Bearing3_4,4,823,40Hz10kN/Bearing3_4/823.csv,test,32768,25600,1.28,1,692
XJTU-SY,3,40Hz10kN,2400,10.0,Bearing3_4,4,824,40Hz10kN/Bearing3_4/824.csv,test,32768,25600,1.28,1,691
XJTU-SY,3,40Hz10kN,2400,10.0,Bearing3_4,4,825,40Hz10kN/Bearing3_4/825.csv,test,32768,25600,1.28,1,690
XJTU-SY,3,40Hz10kN,2400,10.0,Bearing3_4,4,826,40Hz10kN/Bearing3_4/826.csv,test,32768,25600,1.28,1,689
XJTU-SY,3,40Hz10kN,2400,10.0,Bearing3_4,4,827,40Hz10kN/Bearing3_4/827.csv,test,32768,25600,1.28,1,688
XJTU-SY,3,40Hz10kN,2400,10.0,Bearing3_4,4,828,40Hz10kN/Bearing3_4/828.csv,test,32768,25600,1.28,1,687
XJTU-SY,3,40Hz10kN,2400,10.0,Bearing3_4,4,829,40Hz10kN/Bearing3_4/829.csv,test,32768,25600,1.28,1,686
XJTU-SY,3,40Hz10kN,2400,10.0,Bearing3_4,4,830,40Hz10kN/Bearing3_4/830.csv,test,32768,25600,1.28,1,685
XJTU-SY,3,40Hz10kN,2400,10.0,Bearing3_4,4,831,40Hz10kN/Bearing3_4/831.csv,test,32768,25600,1.28,1,684
XJTU-SY,3,40Hz10kN,2400,10.0,Bearing3_4,4,832,40Hz10kN/Bearing3_4/832.csv,test,32768,25600,1.28,1,683
XJTU-SY,3,40Hz10kN,2400,10.0,Bearing3_4,4,833,40Hz10kN/Bearing3_4/833.csv,test,32768,25600,1.28,1,682
XJTU-SY,3,40Hz10kN,2400,10.0,Bearing3_4,4,834,40Hz10kN/Bearing3_4/834.csv,test,32768,25600,1.28,1,681
XJTU-SY,3,40Hz10kN,2400,10.0,Bearing3_4,4,835,40Hz10kN/Bearing3_4/835.csv,test,32768,25600,1.28,1,680
XJTU-SY,3,40Hz10kN,2400,10.0,Bearing3_4,4,836,40Hz10kN/Bearing3_4/836.csv,test,32768,25600,1.28,1,679
XJTU-SY,3,40Hz10kN,2400,10.0,Bearing3_4,4,837,40Hz10kN/Bearing3_4/837.csv,test,32768,25600,1.28,1,678
XJTU-SY,3,40Hz10kN,2400,10.0,Bearing3_4,4,838,40Hz10kN/Bearing3_4/838.csv,test,32768,25600,1.28,1,677
XJTU-SY,3,40Hz10kN,2400,10.0,Bearing3_4,4,839,40Hz10kN/Bearing3_4/839.csv,test,32768,25600,1.28,1,676
XJTU-SY,3,40Hz10kN,2400,10.0,Bearing3_4,4,840,40Hz10kN/Bearing3_4/840.csv,test,32768,25600,1.28,1,675
XJTU-SY,3,40Hz10kN,2400,10.0,Bearing3_4,4,841,40Hz10kN/Bearing3_4/841.csv,test,32768,25600,1.28,1,674
XJTU-SY,3,40Hz10kN,2400,10.0,Bearing3_4,4,842,40Hz10kN/Bearing3_4/842.csv,test,32768,25600,1.28,1,673
XJTU-SY,3,40Hz10kN,2400,10.0,Bearing3_4,4,843,40Hz10kN/Bearing3_4/843.csv,test,32768,25600,1.28,1,672
XJTU-SY,3,40Hz10kN,2400,10.0,Bearing3_4,4,844,40Hz10kN/Bearing3_4/844.csv,test,32768,25600,1.28,1,671
XJTU-SY,3,40Hz10kN,2400,10.0,Bearing3_4,4,845,40Hz10kN/Bearing3_4/845.csv,test,32768,25600,1.28,1,670
XJTU-SY,3,40Hz10kN,2400,10.0,Bearing3_4,4,846,40Hz10kN/Bearing3_4/846.csv,test,32768,25600,1.28,1,669
XJTU-SY,3,40Hz10kN,2400,10.0,Bearing3_4,4,847,40Hz10kN/Bearing3_4/847.csv,test,32768,25600,1.28,1,668
XJTU-SY,3,40Hz10kN,2400,10.0,Bearing3_4,4,848,40Hz10kN/Bearing3_4/848.csv,test,32768,25600,1.28,1,667
XJTU-SY,3,40Hz10kN,2400,10.0,Bearing3_4,4,849,40Hz10kN/Bearing3_4/849.csv,test,32768,25600,1.28,1,666
XJTU-SY,3,40Hz10kN,2400,10.0,Bearing3_4,4,850,40Hz10kN/Bearing3_4/850.csv,test,32768,25600,1.28,1,665
XJTU-SY,3,40Hz10kN,2400,10.0,Bearing3_4,4,851,40Hz10kN/Bearing3_4/851.csv,test,32768,25600,1.28,1,664
XJTU-SY,3,40Hz10kN,2400,10.0,Bearing3_4,4,852,40Hz10kN/Bearing3_4/852.csv,test,32768,25600,1.28,1,663
XJTU-SY,3,40Hz10kN,2400,10.0,Bearing3_4,4,853,40Hz10kN/Bearing3_4/853.csv,test,32768,25600,1.28,1,662
XJTU-SY,3,40Hz10kN,2400,10.0,Bearing3_4,4,854,40Hz10kN/Bearing3_4/854.csv,test,32768,25600,1.28,1,661
XJTU-SY,3,40Hz10kN,2400,10.0,Bearing3_4,4,855,40Hz10kN/Bearing3_4/855.csv,test,32768,25600,1.28,1,660
XJTU-SY,3,40Hz10kN,2400,10.0,Bearing3_4,4,856,40Hz10kN/Bearing3_4/856.csv,test,32768,25600,1.28,1,659
XJTU-SY,3,40Hz10kN,2400,10.0,Bearing3_4,4,857,40Hz10kN/Bearing3_4/857.csv,test,32768,25600,1.28,1,658
XJTU-SY,3,40Hz10kN,2400,10.0,Bearing3_4,4,858,40Hz10kN/Bearing3_4/858.csv,test,32768,25600,1.28,1,657
XJTU-SY,3,40Hz10kN,2400,10.0,Bearing3_4,4,859,40Hz10kN/Bearing3_4/859.csv,test,32768,25600,1.28,1,656
XJTU-SY,3,40Hz10kN,2400,10.0,Bearing3_4,4,860,40Hz10kN/Bearing3_4/860.csv,test,32768,25600,1.28,1,655
XJTU-SY,3,40Hz10kN,2400,10.0,Bearing3_4,4,861,40Hz10kN/Bearing3_4/861.csv,test,32768,25600,1.28,1,654
XJTU-SY,3,40Hz10kN,2400,10.0,Bearing3_4,4,862,40Hz10kN/Bearing3_4/862.csv,test,32768,25600,1.28,1,653
XJTU-SY,3,40Hz10kN,2400,10.0,Bearing3_4,4,863,40Hz10kN/Bearing3_4/863.csv,test,32768,25600,1.28,1,652
XJTU-SY,3,40Hz10kN,2400,10.0,Bearing3_4,4,864,40Hz10kN/Bearing3_4/864.csv,test,32768,25600,1.28,1,651
XJTU-SY,3,40Hz10kN,2400,10.0,Bearing3_4,4,865,40Hz10kN/Bearing3_4/865.csv,test,32768,25600,1.28,1,650
XJTU-SY,3,40Hz10kN,2400,10.0,Bearing3_4,4,866,40Hz10kN/Bearing3_4/866.csv,test,32768,25600,1.28,1,649
XJTU-SY,3,40Hz10kN,2400,10.0,Bearing3_4,4,867,40Hz10kN/Bearing3_4/867.csv,test,32768,25600,1.28,1,648
XJTU-SY,3,40Hz10kN,2400,10.0,Bearing3_4,4,868,40Hz10kN/Bearing3_4/868.csv,test,32768,25600,1.28,1,647
XJTU-SY,3,40Hz10kN,2400,10.0,Bearing3_4,4,869,40Hz10kN/Bearing3_4/869.csv,test,32768,25600,1.28,1,646
XJTU-SY,3,40Hz10kN,2400,10.0,Bearing3_4,4,870,40Hz10kN/Bearing3_4/870.csv,test,32768,25600,1.28,1,645
XJTU-SY,3,40Hz10kN,2400,10.0,Bearing3_4,4,871,40Hz10kN/Bearing3_4/871.csv,test,32768,25600,1.28,1,644
XJTU-SY,3,40Hz10kN,2400,10.0,Bearing3_4,4,872,40Hz10kN/Bearing3_4/872.csv,test,32768,25600,1.28,1,643
XJTU-SY,3,40Hz10kN,2400,10.0,Bearing3_4,4,873,40Hz10kN/Bearing3_4/873.csv,test,32768,25600,1.28,1,642
XJTU-SY,3,40Hz10kN,2400,10.0,Bearing3_4,4,874,40Hz10kN/Bearing3_4/874.csv,test,32768,25600,1.28,1,641
XJTU-SY,3,40Hz10kN,2400,10.0,Bearing3_4,4,875,40Hz10kN/Bearing3_4/875.csv,test,32768,25600,1.28,1,640
XJTU-SY,3,40Hz10kN,2400,10.0,Bearing3_4,4,876,40Hz10kN/Bearing3_4/876.csv,test,32768,25600,1.28,1,639
XJTU-SY,3,40Hz10kN,2400,10.0,Bearing3_4,4,877,40Hz10kN/Bearing3_4/877.csv,test,32768,25600,1.28,1,638
XJTU-SY,3,40Hz10kN,2400,10.0,Bearing3_4,4,878,40Hz10kN/Bearing3_4/878.csv,test,32768,25600,1.28,1,637
XJTU-SY,3,40Hz10kN,2400,10.0,Bearing3_4,4,879,40Hz10kN/Bearing3_4/879.csv,test,32768,25600,1.28,1,636
XJTU-SY,3,40Hz10kN,2400,10.0,Bearing3_4,4,880,40Hz10kN/Bearing3_4/880.csv,test,32768,25600,1.28,1,635
XJTU-SY,3,40Hz10kN,2400,10.0,Bearing3_4,4,881,40Hz10kN/Bearing3_4/881.csv,test,32768,25600,1.28,1,634
XJTU-SY,3,40Hz10kN,2400,10.0,Bearing3_4,4,882,40Hz10kN/Bearing3_4/882.csv,test,32768,25600,1.28,1,633
XJTU-SY,3,40Hz10kN,2400,10.0,Bearing3_4,4,883,40Hz10kN/Bearing3_4/883.csv,test,32768,25600,1.28,1,632
XJTU-SY,3,40Hz10kN,2400,10.0,Bearing3_4,4,884,40Hz10kN/Bearing3_4/884.csv,test,32768,25600,1.28,1,631
XJTU-SY,3,40Hz10kN,2400,10.0,Bearing3_4,4,885,40Hz10kN/Bearing3_4/885.csv,test,32768,25600,1.28,1,630
XJTU-SY,3,40Hz10kN,2400,10.0,Bearing3_4,4,886,40Hz10kN/Bearing3_4/886.csv,test,32768,25600,1.28,1,629
XJTU-SY,3,40Hz10kN,2400,10.0,Bearing3_4,4,887,40Hz10kN/Bearing3_4/887.csv,test,32768,25600,1.28,1,628
XJTU-SY,3,40Hz10kN,2400,10.0,Bearing3_4,4,888,40Hz10kN/Bearing3_4/888.csv,test,32768,25600,1.28,1,627
XJTU-SY,3,40Hz10kN,2400,10.0,Bearing3_4,4,889,40Hz10kN/Bearing3_4/889.csv,test,32768,25600,1.28,1,626
XJTU-SY,3,40Hz10kN,2400,10.0,Bearing3_4,4,890,40Hz10kN/Bearing3_4/890.csv,test,32768,25600,1.28,1,625
XJTU-SY,3,40Hz10kN,2400,10.0,Bearing3_4,4,891,40Hz10kN/Bearing3_4/891.csv,test,32768,25600,1.28,1,624
XJTU-SY,3,40Hz10kN,2400,10.0,Bearing3_4,4,892,40Hz10kN/Bearing3_4/892.csv,test,32768,25600,1.28,1,623
XJTU-SY,3,40Hz10kN,2400,10.0,Bearing3_4,4,893,40Hz10kN/Bearing3_4/893.csv,test,32768,25600,1.28,1,622
XJTU-SY,3,40Hz10kN,2400,10.0,Bearing3_4,4,894,40Hz10kN/Bearing3_4/894.csv,test,32768,25600,1.28,1,621
XJTU-SY,3,40Hz10kN,2400,10.0,Bearing3_4,4,895,40Hz10kN/Bearing3_4/895.csv,test,32768,25600,1.28,1,620
XJTU-SY,3,40Hz10kN,2400,10.0,Bearing3_4,4,896,40Hz10kN/Bearing3_4/896.csv,test,32768,25600,1.28,1,619
XJTU-SY,3,40Hz10kN,2400,10.0,Bearing3_4,4,897,40Hz10kN/Bearing3_4/897.csv,test,32768,25600,1.28,1,618
XJTU-SY,3,40Hz10kN,2400,10.0,Bearing3_4,4,898,40Hz10kN/Bearing3_4/898.csv,test,32768,25600,1.28,1,617
XJTU-SY,3,40Hz10kN,2400,10.0,Bearing3_4,4,899,40Hz10kN/Bearing3_4/899.csv,test,32768,25600,1.28,1,616
XJTU-SY,3,40Hz10kN,2400,10.0,Bearing3_4,4,900,40Hz10kN/Bearing3_4/900.csv,test,32768,25600,1.28,1,615
XJTU-SY,3,40Hz10kN,2400,10.0,Bearing3_4,4,901,40Hz10kN/Bearing3_4/901.csv,test,32768,25600,1.28,1,614
XJTU-SY,3,40Hz10kN,2400,10.0,Bearing3_4,4,902,40Hz10kN/Bearing3_4/902.csv,test,32768,25600,1.28,1,613
XJTU-SY,3,40Hz10kN,2400,10.0,Bearing3_4,4,903,40Hz10kN/Bearing3_4/903.csv,test,32768,25600,1.28,1,612
XJTU-SY,3,40Hz10kN,2400,10.0,Bearing3_4,4,904,40Hz10kN/Bearing3_4/904.csv,test,32768,25600,1.28,1,611
XJTU-SY,3,40Hz10kN,2400,10.0,Bearing3_4,4,905,40Hz10kN/Bearing3_4/905.csv,test,32768,25600,1.28,1,610
XJTU-SY,3,40Hz10kN,2400,10.0,Bearing3_4,4,906,40Hz10kN/Bearing3_4/906.csv,test,32768,25600,1.28,1,609
XJTU-SY,3,40Hz10kN,2400,10.0,Bearing3_4,4,907,40Hz10kN/Bearing3_4/907.csv,test,32768,25600,1.28,1,608
XJTU-SY,3,40Hz10kN,2400,10.0,Bearing3_4,4,908,40Hz10kN/Bearing3_4/908.csv,test,32768,25600,1.28,1,607
XJTU-SY,3,40Hz10kN,2400,10.0,Bearing3_4,4,909,40Hz10kN/Bearing3_4/909.csv,test,32768,25600,1.28,1,606
XJTU-SY,3,40Hz10kN,2400,10.0,Bearing3_4,4,910,40Hz10kN/Bearing3_4/910.csv,test,32768,25600,1.28,1,605
XJTU-SY,3,40Hz10kN,2400,10.0,Bearing3_4,4,911,40Hz10kN/Bearing3_4/911.csv,test,32768,25600,1.28,1,604
XJTU-SY,3,40Hz10kN,2400,10.0,Bearing3_4,4,912,40Hz10kN/Bearing3_4/912.csv,test,32768,25600,1.28,1,603
XJTU-SY,3,40Hz10kN,2400,10.0,Bearing3_4,4,913,40Hz10kN/Bearing3_4/913.csv,test,32768,25600,1.28,1,602
XJTU-SY,3,40Hz10kN,2400,10.0,Bearing3_4,4,914,40Hz10kN/Bearing3_4/914.csv,test,32768,25600,1.28,1,601
XJTU-SY,3,40Hz10kN,2400,10.0,Bearing3_4,4,915,40Hz10kN/Bearing3_4/915.csv,test,32768,25600,1.28,1,600
XJTU-SY,3,40Hz10kN,2400,10.0,Bearing3_4,4,916,40Hz10kN/Bearing3_4/916.csv,test,32768,25600,1.28,1,599
XJTU-SY,3,40Hz10kN,2400,10.0,Bearing3_4,4,917,40Hz10kN/Bearing3_4/917.csv,test,32768,25600,1.28,1,598
XJTU-SY,3,40Hz10kN,2400,10.0,Bearing3_4,4,918,40Hz10kN/Bearing3_4/918.csv,test,32768,25600,1.28,1,597
XJTU-SY,3,40Hz10kN,2400,10.0,Bearing3_4,4,919,40Hz10kN/Bearing3_4/919.csv,test,32768,25600,1.28,1,596
XJTU-SY,3,40Hz10kN,2400,10.0,Bearing3_4,4,920,40Hz10kN/Bearing3_4/920.csv,test,32768,25600,1.28,1,595
XJTU-SY,3,40Hz10kN,2400,10.0,Bearing3_4,4,921,40Hz10kN/Bearing3_4/921.csv,test,32768,25600,1.28,1,594
XJTU-SY,3,40Hz10kN,2400,10.0,Bearing3_4,4,922,40Hz10kN/Bearing3_4/922.csv,test,32768,25600,1.28,1,593
XJTU-SY,3,40Hz10kN,2400,10.0,Bearing3_4,4,923,40Hz10kN/Bearing3_4/923.csv,test,32768,25600,1.28,1,592
XJTU-SY,3,40Hz10kN,2400,10.0,Bearing3_4,4,924,40Hz10kN/Bearing3_4/924.csv,test,32768,25600,1.28,1,591
XJTU-SY,3,40Hz10kN,2400,10.0,Bearing3_4,4,925,40Hz10kN/Bearing3_4/925.csv,test,32768,25600,1.28,1,590
XJTU-SY,3,40Hz10kN,2400,10.0,Bearing3_4,4,926,40Hz10kN/Bearing3_4/926.csv,test,32768,25600,1.28,1,589
XJTU-SY,3,40Hz10kN,2400,10.0,Bearing3_4,4,927,40Hz10kN/Bearing3_4/927.csv,test,32768,25600,1.28,1,588
XJTU-SY,3,40Hz10kN,2400,10.0,Bearing3_4,4,928,40Hz10kN/Bearing3_4/928.csv,test,32768,25600,1.28,1,587
XJTU-SY,3,40Hz10kN,2400,10.0,Bearing3_4,4,929,40Hz10kN/Bearing3_4/929.csv,test,32768,25600,1.28,1,586
XJTU-SY,3,40Hz10kN,2400,10.0,Bearing3_4,4,930,40Hz10kN/Bearing3_4/930.csv,test,32768,25600,1.28,1,585
XJTU-SY,3,40Hz10kN,2400,10.0,Bearing3_4,4,931,40Hz10kN/Bearing3_4/931.csv,test,32768,25600,1.28,1,584
XJTU-SY,3,40Hz10kN,2400,10.0,Bearing3_4,4,932,40Hz10kN/Bearing3_4/932.csv,test,32768,25600,1.28,1,583
XJTU-SY,3,40Hz10kN,2400,10.0,Bearing3_4,4,933,40Hz10kN/Bearing3_4/933.csv,test,32768,25600,1.28,1,582
XJTU-SY,3,40Hz10kN,2400,10.0,Bearing3_4,4,934,40Hz10kN/Bearing3_4/934.csv,test,32768,25600,1.28,1,581
XJTU-SY,3,40Hz10kN,2400,10.0,Bearing3_4,4,935,40Hz10kN/Bearing3_4/935.csv,test,32768,25600,1.28,1,580
XJTU-SY,3,40Hz10kN,2400,10.0,Bearing3_4,4,936,40Hz10kN/Bearing3_4/936.csv,test,32768,25600,1.28,1,579
XJTU-SY,3,40Hz10kN,2400,10.0,Bearing3_4,4,937,40Hz10kN/Bearing3_4/937.csv,test,32768,25600,1.28,1,578
XJTU-SY,3,40Hz10kN,2400,10.0,Bearing3_4,4,938,40Hz10kN/Bearing3_4/938.csv,test,32768,25600,1.28,1,577
XJTU-SY,3,40Hz10kN,2400,10.0,Bearing3_4,4,939,40Hz10kN/Bearing3_4/939.csv,test,32768,25600,1.28,1,576
XJTU-SY,3,40Hz10kN,2400,10.0,Bearing3_4,4,940,40Hz10kN/Bearing3_4/940.csv,test,32768,25600,1.28,1,575
XJTU-SY,3,40Hz10kN,2400,10.0,Bearing3_4,4,941,40Hz10kN/Bearing3_4/941.csv,test,32768,25600,1.28,1,574
XJTU-SY,3,40Hz10kN,2400,10.0,Bearing3_4,4,942,40Hz10kN/Bearing3_4/942.csv,test,32768,25600,1.28,1,573
XJTU-SY,3,40Hz10kN,2400,10.0,Bearing3_4,4,943,40Hz10kN/Bearing3_4/943.csv,test,32768,25600,1.28,1,572
XJTU-SY,3,40Hz10kN,2400,10.0,Bearing3_4,4,944,40Hz10kN/Bearing3_4/944.csv,test,32768,25600,1.28,1,571
XJTU-SY,3,40Hz10kN,2400,10.0,Bearing3_4,4,945,40Hz10kN/Bearing3_4/945.csv,test,32768,25600,1.28,1,570
XJTU-SY,3,40Hz10kN,2400,10.0,Bearing3_4,4,946,40Hz10kN/Bearing3_4/946.csv,test,32768,25600,1.28,1,569
XJTU-SY,3,40Hz10kN,2400,10.0,Bearing3_4,4,947,40Hz10kN/Bearing3_4/947.csv,test,32768,25600,1.28,1,568
XJTU-SY,3,40Hz10kN,2400,10.0,Bearing3_4,4,948,40Hz10kN/Bearing3_4/948.csv,test,32768,25600,1.28,1,567
XJTU-SY,3,40Hz10kN,2400,10.0,Bearing3_4,4,949,40Hz10kN/Bearing3_4/949.csv,test,32768,25600,1.28,1,566
XJTU-SY,3,40Hz10kN,2400,10.0,Bearing3_4,4,950,40Hz10kN/Bearing3_4/950.csv,test,32768,25600,1.28,1,565
XJTU-SY,3,40Hz10kN,2400,10.0,Bearing3_4,4,951,40Hz10kN/Bearing3_4/951.csv,test,32768,25600,1.28,1,564
XJTU-SY,3,40Hz10kN,2400,10.0,Bearing3_4,4,952,40Hz10kN/Bearing3_4/952.csv,test,32768,25600,1.28,1,563
XJTU-SY,3,40Hz10kN,2400,10.0,Bearing3_4,4,953,40Hz10kN/Bearing3_4/953.csv,test,32768,25600,1.28,1,562
XJTU-SY,3,40Hz10kN,2400,10.0,Bearing3_4,4,954,40Hz10kN/Bearing3_4/954.csv,test,32768,25600,1.28,1,561
XJTU-SY,3,40Hz10kN,2400,10.0,Bearing3_4,4,955,40Hz10kN/Bearing3_4/955.csv,test,32768,25600,1.28,1,560
XJTU-SY,3,40Hz10kN,2400,10.0,Bearing3_4,4,956,40Hz10kN/Bearing3_4/956.csv,test,32768,25600,1.28,1,559
XJTU-SY,3,40Hz10kN,2400,10.0,Bearing3_4,4,957,40Hz10kN/Bearing3_4/957.csv,test,32768,25600,1.28,1,558
XJTU-SY,3,40Hz10kN,2400,10.0,Bearing3_4,4,958,40Hz10kN/Bearing3_4/958.csv,test,32768,25600,1.28,1,557
XJTU-SY,3,40Hz10kN,2400,10.0,Bearing3_4,4,959,40Hz10kN/Bearing3_4/959.csv,test,32768,25600,1.28,1,556
XJTU-SY,3,40Hz10kN,2400,10.0,Bearing3_4,4,960,40Hz10kN/Bearing3_4/960.csv,test,32768,25600,1.28,1,555
XJTU-SY,3,40Hz10kN,2400,10.0,Bearing3_4,4,961,40Hz10kN/Bearing3_4/961.csv,test,32768,25600,1.28,1,554
XJTU-SY,3,40Hz10kN,2400,10.0,Bearing3_4,4,962,40Hz10kN/Bearing3_4/962.csv,test,32768,25600,1.28,1,553
XJTU-SY,3,40Hz10kN,2400,10.0,Bearing3_4,4,963,40Hz10kN/Bearing3_4/963.csv,test,32768,25600,1.28,1,552
XJTU-SY,3,40Hz10kN,2400,10.0,Bearing3_4,4,964,40Hz10kN/Bearing3_4/964.csv,test,32768,25600,1.28,1,551
XJTU-SY,3,40Hz10kN,2400,10.0,Bearing3_4,4,965,40Hz10kN/Bearing3_4/965.csv,test,32768,25600,1.28,1,550
XJTU-SY,3,40Hz10kN,2400,10.0,Bearing3_4,4,966,40Hz10kN/Bearing3_4/966.csv,test,32768,25600,1.28,1,549
XJTU-SY,3,40Hz10kN,2400,10.0,Bearing3_4,4,967,40Hz10kN/Bearing3_4/967.csv,test,32768,25600,1.28,1,548
XJTU-SY,3,40Hz10kN,2400,10.0,Bearing3_4,4,968,40Hz10kN/Bearing3_4/968.csv,test,32768,25600,1.28,1,547
XJTU-SY,3,40Hz10kN,2400,10.0,Bearing3_4,4,969,40Hz10kN/Bearing3_4/969.csv,test,32768,25600,1.28,1,546
XJTU-SY,3,40Hz10kN,2400,10.0,Bearing3_4,4,970,40Hz10kN/Bearing3_4/970.csv,test,32768,25600,1.28,1,545
XJTU-SY,3,40Hz10kN,2400,10.0,Bearing3_4,4,971,40Hz10kN/Bearing3_4/971.csv,test,32768,25600,1.28,1,544
XJTU-SY,3,40Hz10kN,2400,10.0,Bearing3_4,4,972,40Hz10kN/Bearing3_4/972.csv,test,32768,25600,1.28,1,543
XJTU-SY,3,40Hz10kN,2400,10.0,Bearing3_4,4,973,40Hz10kN/Bearing3_4/973.csv,test,32768,25600,1.28,1,542
XJTU-SY,3,40Hz10kN,2400,10.0,Bearing3_4,4,974,40Hz10kN/Bearing3_4/974.csv,test,32768,25600,1.28,1,541
XJTU-SY,3,40Hz10kN,2400,10.0,Bearing3_4,4,975,40Hz10kN/Bearing3_4/975.csv,test,32768,25600,1.28,1,540
XJTU-SY,3,40Hz10kN,2400,10.0,Bearing3_4,4,976,40Hz10kN/Bearing3_4/976.csv,test,32768,25600,1.28,1,539
XJTU-SY,3,40Hz10kN,2400,10.0,Bearing3_4,4,977,40Hz10kN/Bearing3_4/977.csv,test,32768,25600,1.28,1,538
XJTU-SY,3,40Hz10kN,2400,10.0,Bearing3_4,4,978,40Hz10kN/Bearing3_4/978.csv,test,32768,25600,1.28,1,537
XJTU-SY,3,40Hz10kN,2400,10.0,Bearing3_4,4,979,40Hz10kN/Bearing3_4/979.csv,test,32768,25600,1.28,1,536
XJTU-SY,3,40Hz10kN,2400,10.0,Bearing3_4,4,980,40Hz10kN/Bearing3_4/980.csv,test,32768,25600,1.28,1,535
XJTU-SY,3,40Hz10kN,2400,10.0,Bearing3_4,4,981,40Hz10kN/Bearing3_4/981.csv,test,32768,25600,1.28,1,534
XJTU-SY,3,40Hz10kN,2400,10.0,Bearing3_4,4,982,40Hz10kN/Bearing3_4/982.csv,test,32768,25600,1.28,1,533
XJTU-SY,3,40Hz10kN,2400,10.0,Bearing3_4,4,983,40Hz10kN/Bearing3_4/983.csv,test,32768,25600,1.28,1,532
XJTU-SY,3,40Hz10kN,2400,10.0,Bearing3_4,4,984,40Hz10kN/Bearing3_4/984.csv,test,32768,25600,1.28,1,531
XJTU-SY,3,40Hz10kN,2400,10.0,Bearing3_4,4,985,40Hz10kN/Bearing3_4/985.csv,test,32768,25600,1.28,1,530
XJTU-SY,3,40Hz10kN,2400,10.0,Bearing3_4,4,986,40Hz10kN/Bearing3_4/986.csv,test,32768,25600,1.28,1,529
XJTU-SY,3,40Hz10kN,2400,10.0,Bearing3_4,4,987,40Hz10kN/Bearing3_4/987.csv,test,32768,25600,1.28,1,528
XJTU-SY,3,40Hz10kN,2400,10.0,Bearing3_4,4,988,40Hz10kN/Bearing3_4/988.csv,test,32768,25600,1.28,1,527
XJTU-SY,3,40Hz10kN,2400,10.0,Bearing3_4,4,989,40Hz10kN/Bearing3_4/989.csv,test,32768,25600,1.28,1,526
XJTU-SY,3,40Hz10kN,2400,10.0,Bearing3_4,4,990,40Hz10kN/Bearing3_4/990.csv,test,32768,25600,1.28,1,525
XJTU-SY,3,40Hz10kN,2400,10.0,Bearing3_4,4,991,40Hz10kN/Bearing3_4/991.csv,test,32768,25600,1.28,1,524
XJTU-SY,3,40Hz10kN,2400,10.0,Bearing3_4,4,992,40Hz10kN/Bearing3_4/992.csv,test,32768,25600,1.28,1,523
XJTU-SY,3,40Hz10kN,2400,10.0,Bearing3_4,4,993,40Hz10kN/Bearing3_4/993.csv,test,32768,25600,1.28,1,522
XJTU-SY,3,40Hz10kN,2400,10.0,Bearing3_4,4,994,40Hz10kN/Bearing3_4/994.csv,test,32768,25600,1.28,1,521
XJTU-SY,3,40Hz10kN,2400,10.0,Bearing3_4,4,995,40Hz10kN/Bearing3_4/995.csv,test,32768,25600,1.28,1,520
XJTU-SY,3,40Hz10kN,2400,10.0,Bearing3_4,4,996,40Hz10kN/Bearing3_4/996.csv,test,32768,25600,1.28,1,519
XJTU-SY,3,40Hz10kN,2400,10.0,Bearing3_4,4,997,40Hz10kN/Bearing3_4/997.csv,test,32768,25600,1.28,1,518
XJTU-SY,3,40Hz10kN,2400,10.0,Bearing3_4,4,998,40Hz10kN/Bearing3_4/998.csv,test,32768,25600,1.28,1,517
XJTU-SY,3,40Hz10kN,2400,10.0,Bearing3_4,4,999,40Hz10kN/Bearing3_4/999.csv,test,32768,25600,1.28,1,516
XJTU-SY,3,40Hz10kN,2400,10.0,Bearing3_4,4,1000,40Hz10kN/Bearing3_4/1000.csv,test,32768,25600,1.28,1,515
XJTU-SY,3,40Hz10kN,2400,10.0,Bearing3_4,4,1001,40Hz10kN/Bearing3_4/1001.csv,test,32768,25600,1.28,1,514
XJTU-SY,3,40Hz10kN,2400,10.0,Bearing3_4,4,1002,40Hz10kN/Bearing3_4/1002.csv,test,32768,25600,1.28,1,513
XJTU-SY,3,40Hz10kN,2400,10.0,Bearing3_4,4,1003,40Hz10kN/Bearing3_4/1003.csv,test,32768,25600,1.28,1,512
XJTU-SY,3,40Hz10kN,2400,10.0,Bearing3_4,4,1004,40Hz10kN/Bearing3_4/1004.csv,test,32768,25600,1.28,1,511
XJTU-SY,3,40Hz10kN,2400,10.0,Bearing3_4,4,1005,40Hz10kN/Bearing3_4/1005.csv,test,32768,25600,1.28,1,510
XJTU-SY,3,40Hz10kN,2400,10.0,Bearing3_4,4,1006,40Hz10kN/Bearing3_4/1006.csv,test,32768,25600,1.28,1,509
XJTU-SY,3,40Hz10kN,2400,10.0,Bearing3_4,4,1007,40Hz10kN/Bearing3_4/1007.csv,test,32768,25600,1.28,1,508
XJTU-SY,3,40Hz10kN,2400,10.0,Bearing3_4,4,1008,40Hz10kN/Bearing3_4/1008.csv,test,32768,25600,1.28,1,507
XJTU-SY,3,40Hz10kN,2400,10.0,Bearing3_4,4,1009,40Hz10kN/Bearing3_4/1009.csv,test,32768,25600,1.28,1,506
XJTU-SY,3,40Hz10kN,2400,10.0,Bearing3_4,4,1010,40Hz10kN/Bearing3_4/1010.csv,test,32768,25600,1.28,1,505
XJTU-SY,3,40Hz10kN,2400,10.0,Bearing3_4,4,1011,40Hz10kN/Bearing3_4/1011.csv,test,32768,25600,1.28,1,504
XJTU-SY,3,40Hz10kN,2400,10.0,Bearing3_4,4,1012,40Hz10kN/Bearing3_4/1012.csv,test,32768,25600,1.28,1,503
XJTU-SY,3,40Hz10kN,2400,10.0,Bearing3_4,4,1013,40Hz10kN/Bearing3_4/1013.csv,test,32768,25600,1.28,1,502
XJTU-SY,3,40Hz10kN,2400,10.0,Bearing3_4,4,1014,40Hz10kN/Bearing3_4/1014.csv,test,32768,25600,1.28,1,501
XJTU-SY,3,40Hz10kN,2400,10.0,Bearing3_4,4,1015,40Hz10kN/Bearing3_4/1015.csv,test,32768,25600,1.28,1,500
XJTU-SY,3,40Hz10kN,2400,10.0,Bearing3_4,4,1016,40Hz10kN/Bearing3_4/1016.csv,test,32768,25600,1.28,1,499
XJTU-SY,3,40Hz10kN,2400,10.0,Bearing3_4,4,1017,40Hz10kN/Bearing3_4/1017.csv,test,32768,25600,1.28,1,498
XJTU-SY,3,40Hz10kN,2400,10.0,Bearing3_4,4,1018,40Hz10kN/Bearing3_4/1018.csv,test,32768,25600,1.28,1,497
XJTU-SY,3,40Hz10kN,2400,10.0,Bearing3_4,4,1019,40Hz10kN/Bearing3_4/1019.csv,test,32768,25600,1.28,1,496
XJTU-SY,3,40Hz10kN,2400,10.0,Bearing3_4,4,1020,40Hz10kN/Bearing3_4/1020.csv,test,32768,25600,1.28,1,495
XJTU-SY,3,40Hz10kN,2400,10.0,Bearing3_4,4,1021,40Hz10kN/Bearing3_4/1021.csv,test,32768,25600,1.28,1,494
XJTU-SY,3,40Hz10kN,2400,10.0,Bearing3_4,4,1022,40Hz10kN/Bearing3_4/1022.csv,test,32768,25600,1.28,1,493
XJTU-SY,3,40Hz10kN,2400,10.0,Bearing3_4,4,1023,40Hz10kN/Bearing3_4/1023.csv,test,32768,25600,1.28,1,492
XJTU-SY,3,40Hz10kN,2400,10.0,Bearing3_4,4,1024,40Hz10kN/Bearing3_4/1024.csv,test,32768,25600,1.28,1,491
XJTU-SY,3,40Hz10kN,2400,10.0,Bearing3_4,4,1025,40Hz10kN/Bearing3_4/1025.csv,test,32768,25600,1.28,1,490
XJTU-SY,3,40Hz10kN,2400,10.0,Bearing3_4,4,1026,40Hz10kN/Bearing3_4/1026.csv,test,32768,25600,1.28,1,489
XJTU-SY,3,40Hz10kN,2400,10.0,Bearing3_4,4,1027,40Hz10kN/Bearing3_4/1027.csv,test,32768,25600,1.28,1,488
XJTU-SY,3,40Hz10kN,2400,10.0,Bearing3_4,4,1028,40Hz10kN/Bearing3_4/1028.csv,test,32768,25600,1.28,1,487
XJTU-SY,3,40Hz10kN,2400,10.0,Bearing3_4,4,1029,40Hz10kN/Bearing3_4/1029.csv,test,32768,25600,1.28,1,486
XJTU-SY,3,40Hz10kN,2400,10.0,Bearing3_4,4,1030,40Hz10kN/Bearing3_4/1030.csv,test,32768,25600,1.28,1,485
XJTU-SY,3,40Hz10kN,2400,10.0,Bearing3_4,4,1031,40Hz10kN/Bearing3_4/1031.csv,test,32768,25600,1.28,1,484
XJTU-SY,3,40Hz10kN,2400,10.0,Bearing3_4,4,1032,40Hz10kN/Bearing3_4/1032.csv,test,32768,25600,1.28,1,483
XJTU-SY,3,40Hz10kN,2400,10.0,Bearing3_4,4,1033,40Hz10kN/Bearing3_4/1033.csv,test,32768,25600,1.28,1,482
XJTU-SY,3,40Hz10kN,2400,10.0,Bearing3_4,4,1034,40Hz10kN/Bearing3_4/1034.csv,test,32768,25600,1.28,1,481
XJTU-SY,3,40Hz10kN,2400,10.0,Bearing3_4,4,1035,40Hz10kN/Bearing3_4/1035.csv,test,32768,25600,1.28,1,480
XJTU-SY,3,40Hz10kN,2400,10.0,Bearing3_4,4,1036,40Hz10kN/Bearing3_4/1036.csv,test,32768,25600,1.28,1,479
XJTU-SY,3,40Hz10kN,2400,10.0,Bearing3_4,4,1037,40Hz10kN/Bearing3_4/1037.csv,test,32768,25600,1.28,1,478
XJTU-SY,3,40Hz10kN,2400,10.0,Bearing3_4,4,1038,40Hz10kN/Bearing3_4/1038.csv,test,32768,25600,1.28,1,477
XJTU-SY,3,40Hz10kN,2400,10.0,Bearing3_4,4,1039,40Hz10kN/Bearing3_4/1039.csv,test,32768,25600,1.28,1,476
XJTU-SY,3,40Hz10kN,2400,10.0,Bearing3_4,4,1040,40Hz10kN/Bearing3_4/1040.csv,test,32768,25600,1.28,1,475
XJTU-SY,3,40Hz10kN,2400,10.0,Bearing3_4,4,1041,40Hz10kN/Bearing3_4/1041.csv,test,32768,25600,1.28,1,474
XJTU-SY,3,40Hz10kN,2400,10.0,Bearing3_4,4,1042,40Hz10kN/Bearing3_4/1042.csv,test,32768,25600,1.28,1,473
XJTU-SY,3,40Hz10kN,2400,10.0,Bearing3_4,4,1043,40Hz10kN/Bearing3_4/1043.csv,test,32768,25600,1.28,1,472
XJTU-SY,3,40Hz10kN,2400,10.0,Bearing3_4,4,1044,40Hz10kN/Bearing3_4/1044.csv,test,32768,25600,1.28,1,471
XJTU-SY,3,40Hz10kN,2400,10.0,Bearing3_4,4,1045,40Hz10kN/Bearing3_4/1045.csv,test,32768,25600,1.28,1,470
XJTU-SY,3,40Hz10kN,2400,10.0,Bearing3_4,4,1046,40Hz10kN/Bearing3_4/1046.csv,test,32768,25600,1.28,1,469
XJTU-SY,3,40Hz10kN,2400,10.0,Bearing3_4,4,1047,40Hz10kN/Bearing3_4/1047.csv,test,32768,25600,1.28,1,468
XJTU-SY,3,40Hz10kN,2400,10.0,Bearing3_4,4,1048,40Hz10kN/Bearing3_4/1048.csv,test,32768,25600,1.28,1,467
XJTU-SY,3,40Hz10kN,2400,10.0,Bearing3_4,4,1049,40Hz10kN/Bearing3_4/1049.csv,test,32768,25600,1.28,1,466
XJTU-SY,3,40Hz10kN,2400,10.0,Bearing3_4,4,1050,40Hz10kN/Bearing3_4/1050.csv,test,32768,25600,1.28,1,465
XJTU-SY,3,40Hz10kN,2400,10.0,Bearing3_4,4,1051,40Hz10kN/Bearing3_4/1051.csv,test,32768,25600,1.28,1,464
XJTU-SY,3,40Hz10kN,2400,10.0,Bearing3_4,4,1052,40Hz10kN/Bearing3_4/1052.csv,test,32768,25600,1.28,1,463
XJTU-SY,3,40Hz10kN,2400,10.0,Bearing3_4,4,1053,40Hz10kN/Bearing3_4/1053.csv,test,32768,25600,1.28,1,462
XJTU-SY,3,40Hz10kN,2400,10.0,Bearing3_4,4,1054,40Hz10kN/Bearing3_4/1054.csv,test,32768,25600,1.28,1,461
XJTU-SY,3,40Hz10kN,2400,10.0,Bearing3_4,4,1055,40Hz10kN/Bearing3_4/1055.csv,test,32768,25600,1.28,1,460
XJTU-SY,3,40Hz10kN,2400,10.0,Bearing3_4,4,1056,40Hz10kN/Bearing3_4/1056.csv,test,32768,25600,1.28,1,459
XJTU-SY,3,40Hz10kN,2400,10.0,Bearing3_4,4,1057,40Hz10kN/Bearing3_4/1057.csv,test,32768,25600,1.28,1,458
XJTU-SY,3,40Hz10kN,2400,10.0,Bearing3_4,4,1058,40Hz10kN/Bearing3_4/1058.csv,test,32768,25600,1.28,1,457
XJTU-SY,3,40Hz10kN,2400,10.0,Bearing3_4,4,1059,40Hz10kN/Bearing3_4/1059.csv,test,32768,25600,1.28,1,456
XJTU-SY,3,40Hz10kN,2400,10.0,Bearing3_4,4,1060,40Hz10kN/Bearing3_4/1060.csv,test,32768,25600,1.28,1,455
XJTU-SY,3,40Hz10kN,2400,10.0,Bearing3_4,4,1061,40Hz10kN/Bearing3_4/1061.csv,test,32768,25600,1.28,1,454
XJTU-SY,3,40Hz10kN,2400,10.0,Bearing3_4,4,1062,40Hz10kN/Bearing3_4/1062.csv,test,32768,25600,1.28,1,453
XJTU-SY,3,40Hz10kN,2400,10.0,Bearing3_4,4,1063,40Hz10kN/Bearing3_4/1063.csv,test,32768,25600,1.28,1,452
XJTU-SY,3,40Hz10kN,2400,10.0,Bearing3_4,4,1064,40Hz10kN/Bearing3_4/1064.csv,test,32768,25600,1.28,1,451
XJTU-SY,3,40Hz10kN,2400,10.0,Bearing3_4,4,1065,40Hz10kN/Bearing3_4/1065.csv,test,32768,25600,1.28,1,450
XJTU-SY,3,40Hz10kN,2400,10.0,Bearing3_4,4,1066,40Hz10kN/Bearing3_4/1066.csv,test,32768,25600,1.28,1,449
XJTU-SY,3,40Hz10kN,2400,10.0,Bearing3_4,4,1067,40Hz10kN/Bearing3_4/1067.csv,test,32768,25600,1.28,1,448
XJTU-SY,3,40Hz10kN,2400,10.0,Bearing3_4,4,1068,40Hz10kN/Bearing3_4/1068.csv,test,32768,25600,1.28,1,447
XJTU-SY,3,40Hz10kN,2400,10.0,Bearing3_4,4,1069,40Hz10kN/Bearing3_4/1069.csv,test,32768,25600,1.28,1,446
XJTU-SY,3,40Hz10kN,2400,10.0,Bearing3_4,4,1070,40Hz10kN/Bearing3_4/1070.csv,test,32768,25600,1.28,1,445
XJTU-SY,3,40Hz10kN,2400,10.0,Bearing3_4,4,1071,40Hz10kN/Bearing3_4/1071.csv,test,32768,25600,1.28,1,444
XJTU-SY,3,40Hz10kN,2400,10.0,Bearing3_4,4,1072,40Hz10kN/Bearing3_4/1072.csv,test,32768,25600,1.28,1,443
XJTU-SY,3,40Hz10kN,2400,10.0,Bearing3_4,4,1073,40Hz10kN/Bearing3_4/1073.csv,test,32768,25600,1.28,1,442
XJTU-SY,3,40Hz10kN,2400,10.0,Bearing3_4,4,1074,40Hz10kN/Bearing3_4/1074.csv,test,32768,25600,1.28,1,441
XJTU-SY,3,40Hz10kN,2400,10.0,Bearing3_4,4,1075,40Hz10kN/Bearing3_4/1075.csv,test,32768,25600,1.28,1,440
XJTU-SY,3,40Hz10kN,2400,10.0,Bearing3_4,4,1076,40Hz10kN/Bearing3_4/1076.csv,test,32768,25600,1.28,1,439
XJTU-SY,3,40Hz10kN,2400,10.0,Bearing3_4,4,1077,40Hz10kN/Bearing3_4/1077.csv,test,32768,25600,1.28,1,438
XJTU-SY,3,40Hz10kN,2400,10.0,Bearing3_4,4,1078,40Hz10kN/Bearing3_4/1078.csv,test,32768,25600,1.28,1,437
XJTU-SY,3,40Hz10kN,2400,10.0,Bearing3_4,4,1079,40Hz10kN/Bearing3_4/1079.csv,test,32768,25600,1.28,1,436
XJTU-SY,3,40Hz10kN,2400,10.0,Bearing3_4,4,1080,40Hz10kN/Bearing3_4/1080.csv,test,32768,25600,1.28,1,435
XJTU-SY,3,40Hz10kN,2400,10.0,Bearing3_4,4,1081,40Hz10kN/Bearing3_4/1081.csv,test,32768,25600,1.28,1,434
XJTU-SY,3,40Hz10kN,2400,10.0,Bearing3_4,4,1082,40Hz10kN/Bearing3_4/1082.csv,test,32768,25600,1.28,1,433
XJTU-SY,3,40Hz10kN,2400,10.0,Bearing3_4,4,1083,40Hz10kN/Bearing3_4/1083.csv,test,32768,25600,1.28,1,432
XJTU-SY,3,40Hz10kN,2400,10.0,Bearing3_4,4,1084,40Hz10kN/Bearing3_4/1084.csv,test,32768,25600,1.28,1,431
XJTU-SY,3,40Hz10kN,2400,10.0,Bearing3_4,4,1085,40Hz10kN/Bearing3_4/1085.csv,test,32768,25600,1.28,1,430
XJTU-SY,3,40Hz10kN,2400,10.0,Bearing3_4,4,1086,40Hz10kN/Bearing3_4/1086.csv,test,32768,25600,1.28,1,429
XJTU-SY,3,40Hz10kN,2400,10.0,Bearing3_4,4,1087,40Hz10kN/Bearing3_4/1087.csv,test,32768,25600,1.28,1,428
XJTU-SY,3,40Hz10kN,2400,10.0,Bearing3_4,4,1088,40Hz10kN/Bearing3_4/1088.csv,test,32768,25600,1.28,1,427
XJTU-SY,3,40Hz10kN,2400,10.0,Bearing3_4,4,1089,40Hz10kN/Bearing3_4/1089.csv,test,32768,25600,1.28,1,426
XJTU-SY,3,40Hz10kN,2400,10.0,Bearing3_4,4,1090,40Hz10kN/Bearing3_4/1090.csv,test,32768,25600,1.28,1,425
XJTU-SY,3,40Hz10kN,2400,10.0,Bearing3_4,4,1091,40Hz10kN/Bearing3_4/1091.csv,test,32768,25600,1.28,1,424
XJTU-SY,3,40Hz10kN,2400,10.0,Bearing3_4,4,1092,40Hz10kN/Bearing3_4/1092.csv,test,32768,25600,1.28,1,423
XJTU-SY,3,40Hz10kN,2400,10.0,Bearing3_4,4,1093,40Hz10kN/Bearing3_4/1093.csv,test,32768,25600,1.28,1,422
XJTU-SY,3,40Hz10kN,2400,10.0,Bearing3_4,4,1094,40Hz10kN/Bearing3_4/1094.csv,test,32768,25600,1.28,1,421
XJTU-SY,3,40Hz10kN,2400,10.0,Bearing3_4,4,1095,40Hz10kN/Bearing3_4/1095.csv,test,32768,25600,1.28,1,420
XJTU-SY,3,40Hz10kN,2400,10.0,Bearing3_4,4,1096,40Hz10kN/Bearing3_4/1096.csv,test,32768,25600,1.28,1,419
XJTU-SY,3,40Hz10kN,2400,10.0,Bearing3_4,4,1097,40Hz10kN/Bearing3_4/1097.csv,test,32768,25600,1.28,1,418
XJTU-SY,3,40Hz10kN,2400,10.0,Bearing3_4,4,1098,40Hz10kN/Bearing3_4/1098.csv,test,32768,25600,1.28,1,417
XJTU-SY,3,40Hz10kN,2400,10.0,Bearing3_4,4,1099,40Hz10kN/Bearing3_4/1099.csv,test,32768,25600,1.28,1,416
XJTU-SY,3,40Hz10kN,2400,10.0,Bearing3_4,4,1100,40Hz10kN/Bearing3_4/1100.csv,test,32768,25600,1.28,1,415
XJTU-SY,3,40Hz10kN,2400,10.0,Bearing3_4,4,1101,40Hz10kN/Bearing3_4/1101.csv,test,32768,25600,1.28,1,414
XJTU-SY,3,40Hz10kN,2400,10.0,Bearing3_4,4,1102,40Hz10kN/Bearing3_4/1102.csv,test,32768,25600,1.28,1,413
XJTU-SY,3,40Hz10kN,2400,10.0,Bearing3_4,4,1103,40Hz10kN/Bearing3_4/1103.csv,test,32768,25600,1.28,1,412
XJTU-SY,3,40Hz10kN,2400,10.0,Bearing3_4,4,1104,40Hz10kN/Bearing3_4/1104.csv,test,32768,25600,1.28,1,411
XJTU-SY,3,40Hz10kN,2400,10.0,Bearing3_4,4,1105,40Hz10kN/Bearing3_4/1105.csv,test,32768,25600,1.28,1,410
XJTU-SY,3,40Hz10kN,2400,10.0,Bearing3_4,4,1106,40Hz10kN/Bearing3_4/1106.csv,test,32768,25600,1.28,1,409
XJTU-SY,3,40Hz10kN,2400,10.0,Bearing3_4,4,1107,40Hz10kN/Bearing3_4/1107.csv,test,32768,25600,1.28,1,408
XJTU-SY,3,40Hz10kN,2400,10.0,Bearing3_4,4,1108,40Hz10kN/Bearing3_4/1108.csv,test,32768,25600,1.28,1,407
XJTU-SY,3,40Hz10kN,2400,10.0,Bearing3_4,4,1109,40Hz10kN/Bearing3_4/1109.csv,test,32768,25600,1.28,1,406
XJTU-SY,3,40Hz10kN,2400,10.0,Bearing3_4,4,1110,40Hz10kN/Bearing3_4/1110.csv,test,32768,25600,1.28,1,405
XJTU-SY,3,40Hz10kN,2400,10.0,Bearing3_4,4,1111,40Hz10kN/Bearing3_4/1111.csv,test,32768,25600,1.28,1,404
XJTU-SY,3,40Hz10kN,2400,10.0,Bearing3_4,4,1112,40Hz10kN/Bearing3_4/1112.csv,test,32768,25600,1.28,1,403
XJTU-SY,3,40Hz10kN,2400,10.0,Bearing3_4,4,1113,40Hz10kN/Bearing3_4/1113.csv,test,32768,25600,1.28,1,402
XJTU-SY,3,40Hz10kN,2400,10.0,Bearing3_4,4,1114,40Hz10kN/Bearing3_4/1114.csv,test,32768,25600,1.28,1,401
XJTU-SY,3,40Hz10kN,2400,10.0,Bearing3_4,4,1115,40Hz10kN/Bearing3_4/1115.csv,test,32768,25600,1.28,1,400
XJTU-SY,3,40Hz10kN,2400,10.0,Bearing3_4,4,1116,40Hz10kN/Bearing3_4/1116.csv,test,32768,25600,1.28,1,399
XJTU-SY,3,40Hz10kN,2400,10.0,Bearing3_4,4,1117,40Hz10kN/Bearing3_4/1117.csv,test,32768,25600,1.28,1,398
XJTU-SY,3,40Hz10kN,2400,10.0,Bearing3_4,4,1118,40Hz10kN/Bearing3_4/1118.csv,test,32768,25600,1.28,1,397
XJTU-SY,3,40Hz10kN,2400,10.0,Bearing3_4,4,1119,40Hz10kN/Bearing3_4/1119.csv,test,32768,25600,1.28,1,396
XJTU-SY,3,40Hz10kN,2400,10.0,Bearing3_4,4,1120,40Hz10kN/Bearing3_4/1120.csv,test,32768,25600,1.28,1,395
XJTU-SY,3,40Hz10kN,2400,10.0,Bearing3_4,4,1121,40Hz10kN/Bearing3_4/1121.csv,test,32768,25600,1.28,1,394
XJTU-SY,3,40Hz10kN,2400,10.0,Bearing3_4,4,1122,40Hz10kN/Bearing3_4/1122.csv,test,32768,25600,1.28,1,393
XJTU-SY,3,40Hz10kN,2400,10.0,Bearing3_4,4,1123,40Hz10kN/Bearing3_4/1123.csv,test,32768,25600,1.28,1,392
XJTU-SY,3,40Hz10kN,2400,10.0,Bearing3_4,4,1124,40Hz10kN/Bearing3_4/1124.csv,test,32768,25600,1.28,1,391
XJTU-SY,3,40Hz10kN,2400,10.0,Bearing3_4,4,1125,40Hz10kN/Bearing3_4/1125.csv,test,32768,25600,1.28,1,390
XJTU-SY,3,40Hz10kN,2400,10.0,Bearing3_4,4,1126,40Hz10kN/Bearing3_4/1126.csv,test,32768,25600,1.28,1,389
XJTU-SY,3,40Hz10kN,2400,10.0,Bearing3_4,4,1127,40Hz10kN/Bearing3_4/1127.csv,test,32768,25600,1.28,1,388
XJTU-SY,3,40Hz10kN,2400,10.0,Bearing3_4,4,1128,40Hz10kN/Bearing3_4/1128.csv,test,32768,25600,1.28,1,387
XJTU-SY,3,40Hz10kN,2400,10.0,Bearing3_4,4,1129,40Hz10kN/Bearing3_4/1129.csv,test,32768,25600,1.28,1,386
XJTU-SY,3,40Hz10kN,2400,10.0,Bearing3_4,4,1130,40Hz10kN/Bearing3_4/1130.csv,test,32768,25600,1.28,1,385
XJTU-SY,3,40Hz10kN,2400,10.0,Bearing3_4,4,1131,40Hz10kN/Bearing3_4/1131.csv,test,32768,25600,1.28,1,384
XJTU-SY,3,40Hz10kN,2400,10.0,Bearing3_4,4,1132,40Hz10kN/Bearing3_4/1132.csv,test,32768,25600,1.28,1,383
XJTU-SY,3,40Hz10kN,2400,10.0,Bearing3_4,4,1133,40Hz10kN/Bearing3_4/1133.csv,test,32768,25600,1.28,1,382
XJTU-SY,3,40Hz10kN,2400,10.0,Bearing3_4,4,1134,40Hz10kN/Bearing3_4/1134.csv,test,32768,25600,1.28,1,381
XJTU-SY,3,40Hz10kN,2400,10.0,Bearing3_4,4,1135,40Hz10kN/Bearing3_4/1135.csv,test,32768,25600,1.28,1,380
XJTU-SY,3,40Hz10kN,2400,10.0,Bearing3_4,4,1136,40Hz10kN/Bearing3_4/1136.csv,test,32768,25600,1.28,1,379
XJTU-SY,3,40Hz10kN,2400,10.0,Bearing3_4,4,1137,40Hz10kN/Bearing3_4/1137.csv,test,32768,25600,1.28,1,378
XJTU-SY,3,40Hz10kN,2400,10.0,Bearing3_4,4,1138,40Hz10kN/Bearing3_4/1138.csv,test,32768,25600,1.28,1,377
XJTU-SY,3,40Hz10kN,2400,10.0,Bearing3_4,4,1139,40Hz10kN/Bearing3_4/1139.csv,test,32768,25600,1.28,1,376
XJTU-SY,3,40Hz10kN,2400,10.0,Bearing3_4,4,1140,40Hz10kN/Bearing3_4/1140.csv,test,32768,25600,1.28,1,375
XJTU-SY,3,40Hz10kN,2400,10.0,Bearing3_4,4,1141,40Hz10kN/Bearing3_4/1141.csv,test,32768,25600,1.28,1,374
XJTU-SY,3,40Hz10kN,2400,10.0,Bearing3_4,4,1142,40Hz10kN/Bearing3_4/1142.csv,test,32768,25600,1.28,1,373
XJTU-SY,3,40Hz10kN,2400,10.0,Bearing3_4,4,1143,40Hz10kN/Bearing3_4/1143.csv,test,32768,25600,1.28,1,372
XJTU-SY,3,40Hz10kN,2400,10.0,Bearing3_4,4,1144,40Hz10kN/Bearing3_4/1144.csv,test,32768,25600,1.28,1,371
XJTU-SY,3,40Hz10kN,2400,10.0,Bearing3_4,4,1145,40Hz10kN/Bearing3_4/1145.csv,test,32768,25600,1.28,1,370
XJTU-SY,3,40Hz10kN,2400,10.0,Bearing3_4,4,1146,40Hz10kN/Bearing3_4/1146.csv,test,32768,25600,1.28,1,369
XJTU-SY,3,40Hz10kN,2400,10.0,Bearing3_4,4,1147,40Hz10kN/Bearing3_4/1147.csv,test,32768,25600,1.28,1,368
XJTU-SY,3,40Hz10kN,2400,10.0,Bearing3_4,4,1148,40Hz10kN/Bearing3_4/1148.csv,test,32768,25600,1.28,1,367
XJTU-SY,3,40Hz10kN,2400,10.0,Bearing3_4,4,1149,40Hz10kN/Bearing3_4/1149.csv,test,32768,25600,1.28,1,366
XJTU-SY,3,40Hz10kN,2400,10.0,Bearing3_4,4,1150,40Hz10kN/Bearing3_4/1150.csv,test,32768,25600,1.28,1,365
XJTU-SY,3,40Hz10kN,2400,10.0,Bearing3_4,4,1151,40Hz10kN/Bearing3_4/1151.csv,test,32768,25600,1.28,1,364
XJTU-SY,3,40Hz10kN,2400,10.0,Bearing3_4,4,1152,40Hz10kN/Bearing3_4/1152.csv,test,32768,25600,1.28,1,363
XJTU-SY,3,40Hz10kN,2400,10.0,Bearing3_4,4,1153,40Hz10kN/Bearing3_4/1153.csv,test,32768,25600,1.28,1,362
XJTU-SY,3,40Hz10kN,2400,10.0,Bearing3_4,4,1154,40Hz10kN/Bearing3_4/1154.csv,test,32768,25600,1.28,1,361
XJTU-SY,3,40Hz10kN,2400,10.0,Bearing3_4,4,1155,40Hz10kN/Bearing3_4/1155.csv,test,32768,25600,1.28,1,360
XJTU-SY,3,40Hz10kN,2400,10.0,Bearing3_4,4,1156,40Hz10kN/Bearing3_4/1156.csv,test,32768,25600,1.28,1,359
XJTU-SY,3,40Hz10kN,2400,10.0,Bearing3_4,4,1157,40Hz10kN/Bearing3_4/1157.csv,test,32768,25600,1.28,1,358
XJTU-SY,3,40Hz10kN,2400,10.0,Bearing3_4,4,1158,40Hz10kN/Bearing3_4/1158.csv,test,32768,25600,1.28,1,357
XJTU-SY,3,40Hz10kN,2400,10.0,Bearing3_4,4,1159,40Hz10kN/Bearing3_4/1159.csv,test,32768,25600,1.28,1,356
XJTU-SY,3,40Hz10kN,2400,10.0,Bearing3_4,4,1160,40Hz10kN/Bearing3_4/1160.csv,test,32768,25600,1.28,1,355
XJTU-SY,3,40Hz10kN,2400,10.0,Bearing3_4,4,1161,40Hz10kN/Bearing3_4/1161.csv,test,32768,25600,1.28,1,354
XJTU-SY,3,40Hz10kN,2400,10.0,Bearing3_4,4,1162,40Hz10kN/Bearing3_4/1162.csv,test,32768,25600,1.28,1,353
XJTU-SY,3,40Hz10kN,2400,10.0,Bearing3_4,4,1163,40Hz10kN/Bearing3_4/1163.csv,test,32768,25600,1.28,1,352
XJTU-SY,3,40Hz10kN,2400,10.0,Bearing3_4,4,1164,40Hz10kN/Bearing3_4/1164.csv,test,32768,25600,1.28,1,351
XJTU-SY,3,40Hz10kN,2400,10.0,Bearing3_4,4,1165,40Hz10kN/Bearing3_4/1165.csv,test,32768,25600,1.28,1,350
XJTU-SY,3,40Hz10kN,2400,10.0,Bearing3_4,4,1166,40Hz10kN/Bearing3_4/1166.csv,test,32768,25600,1.28,1,349
XJTU-SY,3,40Hz10kN,2400,10.0,Bearing3_4,4,1167,40Hz10kN/Bearing3_4/1167.csv,test,32768,25600,1.28,1,348
XJTU-SY,3,40Hz10kN,2400,10.0,Bearing3_4,4,1168,40Hz10kN/Bearing3_4/1168.csv,test,32768,25600,1.28,1,347
XJTU-SY,3,40Hz10kN,2400,10.0,Bearing3_4,4,1169,40Hz10kN/Bearing3_4/1169.csv,test,32768,25600,1.28,1,346
XJTU-SY,3,40Hz10kN,2400,10.0,Bearing3_4,4,1170,40Hz10kN/Bearing3_4/1170.csv,test,32768,25600,1.28,1,345
XJTU-SY,3,40Hz10kN,2400,10.0,Bearing3_4,4,1171,40Hz10kN/Bearing3_4/1171.csv,test,32768,25600,1.28,1,344
XJTU-SY,3,40Hz10kN,2400,10.0,Bearing3_4,4,1172,40Hz10kN/Bearing3_4/1172.csv,test,32768,25600,1.28,1,343
XJTU-SY,3,40Hz10kN,2400,10.0,Bearing3_4,4,1173,40Hz10kN/Bearing3_4/1173.csv,test,32768,25600,1.28,1,342
XJTU-SY,3,40Hz10kN,2400,10.0,Bearing3_4,4,1174,40Hz10kN/Bearing3_4/1174.csv,test,32768,25600,1.28,1,341
XJTU-SY,3,40Hz10kN,2400,10.0,Bearing3_4,4,1175,40Hz10kN/Bearing3_4/1175.csv,test,32768,25600,1.28,1,340
XJTU-SY,3,40Hz10kN,2400,10.0,Bearing3_4,4,1176,40Hz10kN/Bearing3_4/1176.csv,test,32768,25600,1.28,1,339
XJTU-SY,3,40Hz10kN,2400,10.0,Bearing3_4,4,1177,40Hz10kN/Bearing3_4/1177.csv,test,32768,25600,1.28,1,338
XJTU-SY,3,40Hz10kN,2400,10.0,Bearing3_4,4,1178,40Hz10kN/Bearing3_4/1178.csv,test,32768,25600,1.28,1,337
XJTU-SY,3,40Hz10kN,2400,10.0,Bearing3_4,4,1179,40Hz10kN/Bearing3_4/1179.csv,test,32768,25600,1.28,1,336
XJTU-SY,3,40Hz10kN,2400,10.0,Bearing3_4,4,1180,40Hz10kN/Bearing3_4/1180.csv,test,32768,25600,1.28,1,335
XJTU-SY,3,40Hz10kN,2400,10.0,Bearing3_4,4,1181,40Hz10kN/Bearing3_4/1181.csv,test,32768,25600,1.28,1,334
XJTU-SY,3,40Hz10kN,2400,10.0,Bearing3_4,4,1182,40Hz10kN/Bearing3_4/1182.csv,test,32768,25600,1.28,1,333
XJTU-SY,3,40Hz10kN,2400,10.0,Bearing3_4,4,1183,40Hz10kN/Bearing3_4/1183.csv,test,32768,25600,1.28,1,332
XJTU-SY,3,40Hz10kN,2400,10.0,Bearing3_4,4,1184,40Hz10kN/Bearing3_4/1184.csv,test,32768,25600,1.28,1,331
XJTU-SY,3,40Hz10kN,2400,10.0,Bearing3_4,4,1185,40Hz10kN/Bearing3_4/1185.csv,test,32768,25600,1.28,1,330
XJTU-SY,3,40Hz10kN,2400,10.0,Bearing3_4,4,1186,40Hz10kN/Bearing3_4/1186.csv,test,32768,25600,1.28,1,329
XJTU-SY,3,40Hz10kN,2400,10.0,Bearing3_4,4,1187,40Hz10kN/Bearing3_4/1187.csv,test,32768,25600,1.28,1,328
XJTU-SY,3,40Hz10kN,2400,10.0,Bearing3_4,4,1188,40Hz10kN/Bearing3_4/1188.csv,test,32768,25600,1.28,1,327
XJTU-SY,3,40Hz10kN,2400,10.0,Bearing3_4,4,1189,40Hz10kN/Bearing3_4/1189.csv,test,32768,25600,1.28,1,326
XJTU-SY,3,40Hz10kN,2400,10.0,Bearing3_4,4,1190,40Hz10kN/Bearing3_4/1190.csv,test,32768,25600,1.28,1,325
XJTU-SY,3,40Hz10kN,2400,10.0,Bearing3_4,4,1191,40Hz10kN/Bearing3_4/1191.csv,test,32768,25600,1.28,1,324
XJTU-SY,3,40Hz10kN,2400,10.0,Bearing3_4,4,1192,40Hz10kN/Bearing3_4/1192.csv,test,32768,25600,1.28,1,323
XJTU-SY,3,40Hz10kN,2400,10.0,Bearing3_4,4,1193,40Hz10kN/Bearing3_4/1193.csv,test,32768,25600,1.28,1,322
XJTU-SY,3,40Hz10kN,2400,10.0,Bearing3_4,4,1194,40Hz10kN/Bearing3_4/1194.csv,test,32768,25600,1.28,1,321
XJTU-SY,3,40Hz10kN,2400,10.0,Bearing3_4,4,1195,40Hz10kN/Bearing3_4/1195.csv,test,32768,25600,1.28,1,320
XJTU-SY,3,40Hz10kN,2400,10.0,Bearing3_4,4,1196,40Hz10kN/Bearing3_4/1196.csv,test,32768,25600,1.28,1,319
XJTU-SY,3,40Hz10kN,2400,10.0,Bearing3_4,4,1197,40Hz10kN/Bearing3_4/1197.csv,test,32768,25600,1.28,1,318
XJTU-SY,3,40Hz10kN,2400,10.0,Bearing3_4,4,1198,40Hz10kN/Bearing3_4/1198.csv,test,32768,25600,1.28,1,317
XJTU-SY,3,40Hz10kN,2400,10.0,Bearing3_4,4,1199,40Hz10kN/Bearing3_4/1199.csv,test,32768,25600,1.28,1,316
XJTU-SY,3,40Hz10kN,2400,10.0,Bearing3_4,4,1200,40Hz10kN/Bearing3_4/1200.csv,test,32768,25600,1.28,1,315
XJTU-SY,3,40Hz10kN,2400,10.0,Bearing3_4,4,1201,40Hz10kN/Bearing3_4/1201.csv,test,32768,25600,1.28,1,314
XJTU-SY,3,40Hz10kN,2400,10.0,Bearing3_4,4,1202,40Hz10kN/Bearing3_4/1202.csv,test,32768,25600,1.28,1,313
XJTU-SY,3,40Hz10kN,2400,10.0,Bearing3_4,4,1203,40Hz10kN/Bearing3_4/1203.csv,test,32768,25600,1.28,1,312
XJTU-SY,3,40Hz10kN,2400,10.0,Bearing3_4,4,1204,40Hz10kN/Bearing3_4/1204.csv,test,32768,25600,1.28,1,311
XJTU-SY,3,40Hz10kN,2400,10.0,Bearing3_4,4,1205,40Hz10kN/Bearing3_4/1205.csv,test,32768,25600,1.28,1,310
XJTU-SY,3,40Hz10kN,2400,10.0,Bearing3_4,4,1206,40Hz10kN/Bearing3_4/1206.csv,test,32768,25600,1.28,1,309
XJTU-SY,3,40Hz10kN,2400,10.0,Bearing3_4,4,1207,40Hz10kN/Bearing3_4/1207.csv,test,32768,25600,1.28,1,308
XJTU-SY,3,40Hz10kN,2400,10.0,Bearing3_4,4,1208,40Hz10kN/Bearing3_4/1208.csv,test,32768,25600,1.28,1,307
XJTU-SY,3,40Hz10kN,2400,10.0,Bearing3_4,4,1209,40Hz10kN/Bearing3_4/1209.csv,test,32768,25600,1.28,1,306
XJTU-SY,3,40Hz10kN,2400,10.0,Bearing3_4,4,1210,40Hz10kN/Bearing3_4/1210.csv,test,32768,25600,1.28,1,305
XJTU-SY,3,40Hz10kN,2400,10.0,Bearing3_4,4,1211,40Hz10kN/Bearing3_4/1211.csv,test,32768,25600,1.28,1,304
XJTU-SY,3,40Hz10kN,2400,10.0,Bearing3_4,4,1212,40Hz10kN/Bearing3_4/1212.csv,test,32768,25600,1.28,1,303
XJTU-SY,3,40Hz10kN,2400,10.0,Bearing3_4,4,1213,40Hz10kN/Bearing3_4/1213.csv,test,32768,25600,1.28,1,302
XJTU-SY,3,40Hz10kN,2400,10.0,Bearing3_4,4,1214,40Hz10kN/Bearing3_4/1214.csv,test,32768,25600,1.28,1,301
XJTU-SY,3,40Hz10kN,2400,10.0,Bearing3_4,4,1215,40Hz10kN/Bearing3_4/1215.csv,test,32768,25600,1.28,1,300
XJTU-SY,3,40Hz10kN,2400,10.0,Bearing3_4,4,1216,40Hz10kN/Bearing3_4/1216.csv,test,32768,25600,1.28,1,299
XJTU-SY,3,40Hz10kN,2400,10.0,Bearing3_4,4,1217,40Hz10kN/Bearing3_4/1217.csv,test,32768,25600,1.28,1,298
XJTU-SY,3,40Hz10kN,2400,10.0,Bearing3_4,4,1218,40Hz10kN/Bearing3_4/1218.csv,test,32768,25600,1.28,1,297
XJTU-SY,3,40Hz10kN,2400,10.0,Bearing3_4,4,1219,40Hz10kN/Bearing3_4/1219.csv,test,32768,25600,1.28,1,296
XJTU-SY,3,40Hz10kN,2400,10.0,Bearing3_4,4,1220,40Hz10kN/Bearing3_4/1220.csv,test,32768,25600,1.28,1,295
XJTU-SY,3,40Hz10kN,2400,10.0,Bearing3_4,4,1221,40Hz10kN/Bearing3_4/1221.csv,test,32768,25600,1.28,1,294
XJTU-SY,3,40Hz10kN,2400,10.0,Bearing3_4,4,1222,40Hz10kN/Bearing3_4/1222.csv,test,32768,25600,1.28,1,293
XJTU-SY,3,40Hz10kN,2400,10.0,Bearing3_4,4,1223,40Hz10kN/Bearing3_4/1223.csv,test,32768,25600,1.28,1,292
XJTU-SY,3,40Hz10kN,2400,10.0,Bearing3_4,4,1224,40Hz10kN/Bearing3_4/1224.csv,test,32768,25600,1.28,1,291
XJTU-SY,3,40Hz10kN,2400,10.0,Bearing3_4,4,1225,40Hz10kN/Bearing3_4/1225.csv,test,32768,25600,1.28,1,290
XJTU-SY,3,40Hz10kN,2400,10.0,Bearing3_4,4,1226,40Hz10kN/Bearing3_4/1226.csv,test,32768,25600,1.28,1,289
XJTU-SY,3,40Hz10kN,2400,10.0,Bearing3_4,4,1227,40Hz10kN/Bearing3_4/1227.csv,test,32768,25600,1.28,1,288
XJTU-SY,3,40Hz10kN,2400,10.0,Bearing3_4,4,1228,40Hz10kN/Bearing3_4/1228.csv,test,32768,25600,1.28,1,287
XJTU-SY,3,40Hz10kN,2400,10.0,Bearing3_4,4,1229,40Hz10kN/Bearing3_4/1229.csv,test,32768,25600,1.28,1,286
XJTU-SY,3,40Hz10kN,2400,10.0,Bearing3_4,4,1230,40Hz10kN/Bearing3_4/1230.csv,test,32768,25600,1.28,1,285
XJTU-SY,3,40Hz10kN,2400,10.0,Bearing3_4,4,1231,40Hz10kN/Bearing3_4/1231.csv,test,32768,25600,1.28,1,284
XJTU-SY,3,40Hz10kN,2400,10.0,Bearing3_4,4,1232,40Hz10kN/Bearing3_4/1232.csv,test,32768,25600,1.28,1,283
XJTU-SY,3,40Hz10kN,2400,10.0,Bearing3_4,4,1233,40Hz10kN/Bearing3_4/1233.csv,test,32768,25600,1.28,1,282
XJTU-SY,3,40Hz10kN,2400,10.0,Bearing3_4,4,1234,40Hz10kN/Bearing3_4/1234.csv,test,32768,25600,1.28,1,281
XJTU-SY,3,40Hz10kN,2400,10.0,Bearing3_4,4,1235,40Hz10kN/Bearing3_4/1235.csv,test,32768,25600,1.28,1,280
XJTU-SY,3,40Hz10kN,2400,10.0,Bearing3_4,4,1236,40Hz10kN/Bearing3_4/1236.csv,test,32768,25600,1.28,1,279
XJTU-SY,3,40Hz10kN,2400,10.0,Bearing3_4,4,1237,40Hz10kN/Bearing3_4/1237.csv,test,32768,25600,1.28,1,278
XJTU-SY,3,40Hz10kN,2400,10.0,Bearing3_4,4,1238,40Hz10kN/Bearing3_4/1238.csv,test,32768,25600,1.28,1,277
XJTU-SY,3,40Hz10kN,2400,10.0,Bearing3_4,4,1239,40Hz10kN/Bearing3_4/1239.csv,test,32768,25600,1.28,1,276
XJTU-SY,3,40Hz10kN,2400,10.0,Bearing3_4,4,1240,40Hz10kN/Bearing3_4/1240.csv,test,32768,25600,1.28,1,275
XJTU-SY,3,40Hz10kN,2400,10.0,Bearing3_4,4,1241,40Hz10kN/Bearing3_4/1241.csv,test,32768,25600,1.28,1,274
XJTU-SY,3,40Hz10kN,2400,10.0,Bearing3_4,4,1242,40Hz10kN/Bearing3_4/1242.csv,test,32768,25600,1.28,1,273
XJTU-SY,3,40Hz10kN,2400,10.0,Bearing3_4,4,1243,40Hz10kN/Bearing3_4/1243.csv,test,32768,25600,1.28,1,272
XJTU-SY,3,40Hz10kN,2400,10.0,Bearing3_4,4,1244,40Hz10kN/Bearing3_4/1244.csv,test,32768,25600,1.28,1,271
XJTU-SY,3,40Hz10kN,2400,10.0,Bearing3_4,4,1245,40Hz10kN/Bearing3_4/1245.csv,test,32768,25600,1.28,1,270
XJTU-SY,3,40Hz10kN,2400,10.0,Bearing3_4,4,1246,40Hz10kN/Bearing3_4/1246.csv,test,32768,25600,1.28,1,269
XJTU-SY,3,40Hz10kN,2400,10.0,Bearing3_4,4,1247,40Hz10kN/Bearing3_4/1247.csv,test,32768,25600,1.28,1,268
XJTU-SY,3,40Hz10kN,2400,10.0,Bearing3_4,4,1248,40Hz10kN/Bearing3_4/1248.csv,test,32768,25600,1.28,1,267
XJTU-SY,3,40Hz10kN,2400,10.0,Bearing3_4,4,1249,40Hz10kN/Bearing3_4/1249.csv,test,32768,25600,1.28,1,266
XJTU-SY,3,40Hz10kN,2400,10.0,Bearing3_4,4,1250,40Hz10kN/Bearing3_4/1250.csv,test,32768,25600,1.28,1,265
XJTU-SY,3,40Hz10kN,2400,10.0,Bearing3_4,4,1251,40Hz10kN/Bearing3_4/1251.csv,test,32768,25600,1.28,1,264
XJTU-SY,3,40Hz10kN,2400,10.0,Bearing3_4,4,1252,40Hz10kN/Bearing3_4/1252.csv,test,32768,25600,1.28,1,263
XJTU-SY,3,40Hz10kN,2400,10.0,Bearing3_4,4,1253,40Hz10kN/Bearing3_4/1253.csv,test,32768,25600,1.28,1,262
XJTU-SY,3,40Hz10kN,2400,10.0,Bearing3_4,4,1254,40Hz10kN/Bearing3_4/1254.csv,test,32768,25600,1.28,1,261
XJTU-SY,3,40Hz10kN,2400,10.0,Bearing3_4,4,1255,40Hz10kN/Bearing3_4/1255.csv,test,32768,25600,1.28,1,260
XJTU-SY,3,40Hz10kN,2400,10.0,Bearing3_4,4,1256,40Hz10kN/Bearing3_4/1256.csv,test,32768,25600,1.28,1,259
XJTU-SY,3,40Hz10kN,2400,10.0,Bearing3_4,4,1257,40Hz10kN/Bearing3_4/1257.csv,test,32768,25600,1.28,1,258
XJTU-SY,3,40Hz10kN,2400,10.0,Bearing3_4,4,1258,40Hz10kN/Bearing3_4/1258.csv,test,32768,25600,1.28,1,257
XJTU-SY,3,40Hz10kN,2400,10.0,Bearing3_4,4,1259,40Hz10kN/Bearing3_4/1259.csv,test,32768,25600,1.28,1,256
XJTU-SY,3,40Hz10kN,2400,10.0,Bearing3_4,4,1260,40Hz10kN/Bearing3_4/1260.csv,test,32768,25600,1.28,1,255
XJTU-SY,3,40Hz10kN,2400,10.0,Bearing3_4,4,1261,40Hz10kN/Bearing3_4/1261.csv,test,32768,25600,1.28,1,254
XJTU-SY,3,40Hz10kN,2400,10.0,Bearing3_4,4,1262,40Hz10kN/Bearing3_4/1262.csv,test,32768,25600,1.28,1,253
XJTU-SY,3,40Hz10kN,2400,10.0,Bearing3_4,4,1263,40Hz10kN/Bearing3_4/1263.csv,test,32768,25600,1.28,1,252
XJTU-SY,3,40Hz10kN,2400,10.0,Bearing3_4,4,1264,40Hz10kN/Bearing3_4/1264.csv,test,32768,25600,1.28,1,251
XJTU-SY,3,40Hz10kN,2400,10.0,Bearing3_4,4,1265,40Hz10kN/Bearing3_4/1265.csv,test,32768,25600,1.28,1,250
XJTU-SY,3,40Hz10kN,2400,10.0,Bearing3_4,4,1266,40Hz10kN/Bearing3_4/1266.csv,test,32768,25600,1.28,1,249
XJTU-SY,3,40Hz10kN,2400,10.0,Bearing3_4,4,1267,40Hz10kN/Bearing3_4/1267.csv,test,32768,25600,1.28,1,248
XJTU-SY,3,40Hz10kN,2400,10.0,Bearing3_4,4,1268,40Hz10kN/Bearing3_4/1268.csv,test,32768,25600,1.28,1,247
XJTU-SY,3,40Hz10kN,2400,10.0,Bearing3_4,4,1269,40Hz10kN/Bearing3_4/1269.csv,test,32768,25600,1.28,1,246
XJTU-SY,3,40Hz10kN,2400,10.0,Bearing3_4,4,1270,40Hz10kN/Bearing3_4/1270.csv,test,32768,25600,1.28,1,245
XJTU-SY,3,40Hz10kN,2400,10.0,Bearing3_4,4,1271,40Hz10kN/Bearing3_4/1271.csv,test,32768,25600,1.28,1,244
XJTU-SY,3,40Hz10kN,2400,10.0,Bearing3_4,4,1272,40Hz10kN/Bearing3_4/1272.csv,test,32768,25600,1.28,1,243
XJTU-SY,3,40Hz10kN,2400,10.0,Bearing3_4,4,1273,40Hz10kN/Bearing3_4/1273.csv,test,32768,25600,1.28,1,242
XJTU-SY,3,40Hz10kN,2400,10.0,Bearing3_4,4,1274,40Hz10kN/Bearing3_4/1274.csv,test,32768,25600,1.28,1,241
XJTU-SY,3,40Hz10kN,2400,10.0,Bearing3_4,4,1275,40Hz10kN/Bearing3_4/1275.csv,test,32768,25600,1.28,1,240
XJTU-SY,3,40Hz10kN,2400,10.0,Bearing3_4,4,1276,40Hz10kN/Bearing3_4/1276.csv,test,32768,25600,1.28,1,239
XJTU-SY,3,40Hz10kN,2400,10.0,Bearing3_4,4,1277,40Hz10kN/Bearing3_4/1277.csv,test,32768,25600,1.28,1,238
XJTU-SY,3,40Hz10kN,2400,10.0,Bearing3_4,4,1278,40Hz10kN/Bearing3_4/1278.csv,test,32768,25600,1.28,1,237
XJTU-SY,3,40Hz10kN,2400,10.0,Bearing3_4,4,1279,40Hz10kN/Bearing3_4/1279.csv,test,32768,25600,1.28,1,236
XJTU-SY,3,40Hz10kN,2400,10.0,Bearing3_4,4,1280,40Hz10kN/Bearing3_4/1280.csv,test,32768,25600,1.28,1,235
XJTU-SY,3,40Hz10kN,2400,10.0,Bearing3_4,4,1281,40Hz10kN/Bearing3_4/1281.csv,test,32768,25600,1.28,1,234
XJTU-SY,3,40Hz10kN,2400,10.0,Bearing3_4,4,1282,40Hz10kN/Bearing3_4/1282.csv,test,32768,25600,1.28,1,233
XJTU-SY,3,40Hz10kN,2400,10.0,Bearing3_4,4,1283,40Hz10kN/Bearing3_4/1283.csv,test,32768,25600,1.28,1,232
XJTU-SY,3,40Hz10kN,2400,10.0,Bearing3_4,4,1284,40Hz10kN/Bearing3_4/1284.csv,test,32768,25600,1.28,1,231
XJTU-SY,3,40Hz10kN,2400,10.0,Bearing3_4,4,1285,40Hz10kN/Bearing3_4/1285.csv,test,32768,25600,1.28,1,230
XJTU-SY,3,40Hz10kN,2400,10.0,Bearing3_4,4,1286,40Hz10kN/Bearing3_4/1286.csv,test,32768,25600,1.28,1,229
XJTU-SY,3,40Hz10kN,2400,10.0,Bearing3_4,4,1287,40Hz10kN/Bearing3_4/1287.csv,test,32768,25600,1.28,1,228
XJTU-SY,3,40Hz10kN,2400,10.0,Bearing3_4,4,1288,40Hz10kN/Bearing3_4/1288.csv,test,32768,25600,1.28,1,227
XJTU-SY,3,40Hz10kN,2400,10.0,Bearing3_4,4,1289,40Hz10kN/Bearing3_4/1289.csv,test,32768,25600,1.28,1,226
XJTU-SY,3,40Hz10kN,2400,10.0,Bearing3_4,4,1290,40Hz10kN/Bearing3_4/1290.csv,test,32768,25600,1.28,1,225
XJTU-SY,3,40Hz10kN,2400,10.0,Bearing3_4,4,1291,40Hz10kN/Bearing3_4/1291.csv,test,32768,25600,1.28,1,224
XJTU-SY,3,40Hz10kN,2400,10.0,Bearing3_4,4,1292,40Hz10kN/Bearing3_4/1292.csv,test,32768,25600,1.28,1,223
XJTU-SY,3,40Hz10kN,2400,10.0,Bearing3_4,4,1293,40Hz10kN/Bearing3_4/1293.csv,test,32768,25600,1.28,1,222
XJTU-SY,3,40Hz10kN,2400,10.0,Bearing3_4,4,1294,40Hz10kN/Bearing3_4/1294.csv,test,32768,25600,1.28,1,221
XJTU-SY,3,40Hz10kN,2400,10.0,Bearing3_4,4,1295,40Hz10kN/Bearing3_4/1295.csv,test,32768,25600,1.28,1,220
XJTU-SY,3,40Hz10kN,2400,10.0,Bearing3_4,4,1296,40Hz10kN/Bearing3_4/1296.csv,test,32768,25600,1.28,1,219
XJTU-SY,3,40Hz10kN,2400,10.0,Bearing3_4,4,1297,40Hz10kN/Bearing3_4/1297.csv,test,32768,25600,1.28,1,218
XJTU-SY,3,40Hz10kN,2400,10.0,Bearing3_4,4,1298,40Hz10kN/Bearing3_4/1298.csv,test,32768,25600,1.28,1,217
XJTU-SY,3,40Hz10kN,2400,10.0,Bearing3_4,4,1299,40Hz10kN/Bearing3_4/1299.csv,test,32768,25600,1.28,1,216
XJTU-SY,3,40Hz10kN,2400,10.0,Bearing3_4,4,1300,40Hz10kN/Bearing3_4/1300.csv,test,32768,25600,1.28,1,215
XJTU-SY,3,40Hz10kN,2400,10.0,Bearing3_4,4,1301,40Hz10kN/Bearing3_4/1301.csv,test,32768,25600,1.28,1,214
XJTU-SY,3,40Hz10kN,2400,10.0,Bearing3_4,4,1302,40Hz10kN/Bearing3_4/1302.csv,test,32768,25600,1.28,1,213
XJTU-SY,3,40Hz10kN,2400,10.0,Bearing3_4,4,1303,40Hz10kN/Bearing3_4/1303.csv,test,32768,25600,1.28,1,212
XJTU-SY,3,40Hz10kN,2400,10.0,Bearing3_4,4,1304,40Hz10kN/Bearing3_4/1304.csv,test,32768,25600,1.28,1,211
XJTU-SY,3,40Hz10kN,2400,10.0,Bearing3_4,4,1305,40Hz10kN/Bearing3_4/1305.csv,test,32768,25600,1.28,1,210
XJTU-SY,3,40Hz10kN,2400,10.0,Bearing3_4,4,1306,40Hz10kN/Bearing3_4/1306.csv,test,32768,25600,1.28,1,209
XJTU-SY,3,40Hz10kN,2400,10.0,Bearing3_4,4,1307,40Hz10kN/Bearing3_4/1307.csv,test,32768,25600,1.28,1,208
XJTU-SY,3,40Hz10kN,2400,10.0,Bearing3_4,4,1308,40Hz10kN/Bearing3_4/1308.csv,test,32768,25600,1.28,1,207
XJTU-SY,3,40Hz10kN,2400,10.0,Bearing3_4,4,1309,40Hz10kN/Bearing3_4/1309.csv,test,32768,25600,1.28,1,206
XJTU-SY,3,40Hz10kN,2400,10.0,Bearing3_4,4,1310,40Hz10kN/Bearing3_4/1310.csv,test,32768,25600,1.28,1,205
XJTU-SY,3,40Hz10kN,2400,10.0,Bearing3_4,4,1311,40Hz10kN/Bearing3_4/1311.csv,test,32768,25600,1.28,1,204
XJTU-SY,3,40Hz10kN,2400,10.0,Bearing3_4,4,1312,40Hz10kN/Bearing3_4/1312.csv,test,32768,25600,1.28,1,203
XJTU-SY,3,40Hz10kN,2400,10.0,Bearing3_4,4,1313,40Hz10kN/Bearing3_4/1313.csv,test,32768,25600,1.28,1,202
XJTU-SY,3,40Hz10kN,2400,10.0,Bearing3_4,4,1314,40Hz10kN/Bearing3_4/1314.csv,test,32768,25600,1.28,1,201
XJTU-SY,3,40Hz10kN,2400,10.0,Bearing3_4,4,1315,40Hz10kN/Bearing3_4/1315.csv,test,32768,25600,1.28,1,200
XJTU-SY,3,40Hz10kN,2400,10.0,Bearing3_4,4,1316,40Hz10kN/Bearing3_4/1316.csv,test,32768,25600,1.28,1,199
XJTU-SY,3,40Hz10kN,2400,10.0,Bearing3_4,4,1317,40Hz10kN/Bearing3_4/1317.csv,test,32768,25600,1.28,1,198
XJTU-SY,3,40Hz10kN,2400,10.0,Bearing3_4,4,1318,40Hz10kN/Bearing3_4/1318.csv,test,32768,25600,1.28,1,197
XJTU-SY,3,40Hz10kN,2400,10.0,Bearing3_4,4,1319,40Hz10kN/Bearing3_4/1319.csv,test,32768,25600,1.28,1,196
XJTU-SY,3,40Hz10kN,2400,10.0,Bearing3_4,4,1320,40Hz10kN/Bearing3_4/1320.csv,test,32768,25600,1.28,1,195
XJTU-SY,3,40Hz10kN,2400,10.0,Bearing3_4,4,1321,40Hz10kN/Bearing3_4/1321.csv,test,32768,25600,1.28,1,194
XJTU-SY,3,40Hz10kN,2400,10.0,Bearing3_4,4,1322,40Hz10kN/Bearing3_4/1322.csv,test,32768,25600,1.28,1,193
XJTU-SY,3,40Hz10kN,2400,10.0,Bearing3_4,4,1323,40Hz10kN/Bearing3_4/1323.csv,test,32768,25600,1.28,1,192
XJTU-SY,3,40Hz10kN,2400,10.0,Bearing3_4,4,1324,40Hz10kN/Bearing3_4/1324.csv,test,32768,25600,1.28,1,191
XJTU-SY,3,40Hz10kN,2400,10.0,Bearing3_4,4,1325,40Hz10kN/Bearing3_4/1325.csv,test,32768,25600,1.28,1,190
XJTU-SY,3,40Hz10kN,2400,10.0,Bearing3_4,4,1326,40Hz10kN/Bearing3_4/1326.csv,test,32768,25600,1.28,1,189
XJTU-SY,3,40Hz10kN,2400,10.0,Bearing3_4,4,1327,40Hz10kN/Bearing3_4/1327.csv,test,32768,25600,1.28,1,188
XJTU-SY,3,40Hz10kN,2400,10.0,Bearing3_4,4,1328,40Hz10kN/Bearing3_4/1328.csv,test,32768,25600,1.28,1,187
XJTU-SY,3,40Hz10kN,2400,10.0,Bearing3_4,4,1329,40Hz10kN/Bearing3_4/1329.csv,test,32768,25600,1.28,1,186
XJTU-SY,3,40Hz10kN,2400,10.0,Bearing3_4,4,1330,40Hz10kN/Bearing3_4/1330.csv,test,32768,25600,1.28,1,185
XJTU-SY,3,40Hz10kN,2400,10.0,Bearing3_4,4,1331,40Hz10kN/Bearing3_4/1331.csv,test,32768,25600,1.28,1,184
XJTU-SY,3,40Hz10kN,2400,10.0,Bearing3_4,4,1332,40Hz10kN/Bearing3_4/1332.csv,test,32768,25600,1.28,1,183
XJTU-SY,3,40Hz10kN,2400,10.0,Bearing3_4,4,1333,40Hz10kN/Bearing3_4/1333.csv,test,32768,25600,1.28,1,182
XJTU-SY,3,40Hz10kN,2400,10.0,Bearing3_4,4,1334,40Hz10kN/Bearing3_4/1334.csv,test,32768,25600,1.28,1,181
XJTU-SY,3,40Hz10kN,2400,10.0,Bearing3_4,4,1335,40Hz10kN/Bearing3_4/1335.csv,test,32768,25600,1.28,1,180
XJTU-SY,3,40Hz10kN,2400,10.0,Bearing3_4,4,1336,40Hz10kN/Bearing3_4/1336.csv,test,32768,25600,1.28,1,179
XJTU-SY,3,40Hz10kN,2400,10.0,Bearing3_4,4,1337,40Hz10kN/Bearing3_4/1337.csv,test,32768,25600,1.28,1,178
XJTU-SY,3,40Hz10kN,2400,10.0,Bearing3_4,4,1338,40Hz10kN/Bearing3_4/1338.csv,test,32768,25600,1.28,1,177
XJTU-SY,3,40Hz10kN,2400,10.0,Bearing3_4,4,1339,40Hz10kN/Bearing3_4/1339.csv,test,32768,25600,1.28,1,176
XJTU-SY,3,40Hz10kN,2400,10.0,Bearing3_4,4,1340,40Hz10kN/Bearing3_4/1340.csv,test,32768,25600,1.28,1,175
XJTU-SY,3,40Hz10kN,2400,10.0,Bearing3_4,4,1341,40Hz10kN/Bearing3_4/1341.csv,test,32768,25600,1.28,1,174
XJTU-SY,3,40Hz10kN,2400,10.0,Bearing3_4,4,1342,40Hz10kN/Bearing3_4/1342.csv,test,32768,25600,1.28,1,173
XJTU-SY,3,40Hz10kN,2400,10.0,Bearing3_4,4,1343,40Hz10kN/Bearing3_4/1343.csv,test,32768,25600,1.28,1,172
XJTU-SY,3,40Hz10kN,2400,10.0,Bearing3_4,4,1344,40Hz10kN/Bearing3_4/1344.csv,test,32768,25600,1.28,1,171
XJTU-SY,3,40Hz10kN,2400,10.0,Bearing3_4,4,1345,40Hz10kN/Bearing3_4/1345.csv,test,32768,25600,1.28,1,170
XJTU-SY,3,40Hz10kN,2400,10.0,Bearing3_4,4,1346,40Hz10kN/Bearing3_4/1346.csv,test,32768,25600,1.28,1,169
XJTU-SY,3,40Hz10kN,2400,10.0,Bearing3_4,4,1347,40Hz10kN/Bearing3_4/1347.csv,test,32768,25600,1.28,1,168
XJTU-SY,3,40Hz10kN,2400,10.0,Bearing3_4,4,1348,40Hz10kN/Bearing3_4/1348.csv,test,32768,25600,1.28,1,167
XJTU-SY,3,40Hz10kN,2400,10.0,Bearing3_4,4,1349,40Hz10kN/Bearing3_4/1349.csv,test,32768,25600,1.28,1,166
XJTU-SY,3,40Hz10kN,2400,10.0,Bearing3_4,4,1350,40Hz10kN/Bearing3_4/1350.csv,test,32768,25600,1.28,1,165
XJTU-SY,3,40Hz10kN,2400,10.0,Bearing3_4,4,1351,40Hz10kN/Bearing3_4/1351.csv,test,32768,25600,1.28,1,164
XJTU-SY,3,40Hz10kN,2400,10.0,Bearing3_4,4,1352,40Hz10kN/Bearing3_4/1352.csv,test,32768,25600,1.28,1,163
XJTU-SY,3,40Hz10kN,2400,10.0,Bearing3_4,4,1353,40Hz10kN/Bearing3_4/1353.csv,test,32768,25600,1.28,1,162
XJTU-SY,3,40Hz10kN,2400,10.0,Bearing3_4,4,1354,40Hz10kN/Bearing3_4/1354.csv,test,32768,25600,1.28,1,161
XJTU-SY,3,40Hz10kN,2400,10.0,Bearing3_4,4,1355,40Hz10kN/Bearing3_4/1355.csv,test,32768,25600,1.28,1,160
XJTU-SY,3,40Hz10kN,2400,10.0,Bearing3_4,4,1356,40Hz10kN/Bearing3_4/1356.csv,test,32768,25600,1.28,1,159
XJTU-SY,3,40Hz10kN,2400,10.0,Bearing3_4,4,1357,40Hz10kN/Bearing3_4/1357.csv,test,32768,25600,1.28,1,158
XJTU-SY,3,40Hz10kN,2400,10.0,Bearing3_4,4,1358,40Hz10kN/Bearing3_4/1358.csv,test,32768,25600,1.28,1,157
XJTU-SY,3,40Hz10kN,2400,10.0,Bearing3_4,4,1359,40Hz10kN/Bearing3_4/1359.csv,test,32768,25600,1.28,1,156
XJTU-SY,3,40Hz10kN,2400,10.0,Bearing3_4,4,1360,40Hz10kN/Bearing3_4/1360.csv,test,32768,25600,1.28,1,155
XJTU-SY,3,40Hz10kN,2400,10.0,Bearing3_4,4,1361,40Hz10kN/Bearing3_4/1361.csv,test,32768,25600,1.28,1,154
XJTU-SY,3,40Hz10kN,2400,10.0,Bearing3_4,4,1362,40Hz10kN/Bearing3_4/1362.csv,test,32768,25600,1.28,1,153
XJTU-SY,3,40Hz10kN,2400,10.0,Bearing3_4,4,1363,40Hz10kN/Bearing3_4/1363.csv,test,32768,25600,1.28,1,152
XJTU-SY,3,40Hz10kN,2400,10.0,Bearing3_4,4,1364,40Hz10kN/Bearing3_4/1364.csv,test,32768,25600,1.28,1,151
XJTU-SY,3,40Hz10kN,2400,10.0,Bearing3_4,4,1365,40Hz10kN/Bearing3_4/1365.csv,test,32768,25600,1.28,1,150
XJTU-SY,3,40Hz10kN,2400,10.0,Bearing3_4,4,1366,40Hz10kN/Bearing3_4/1366.csv,test,32768,25600,1.28,1,149
XJTU-SY,3,40Hz10kN,2400,10.0,Bearing3_4,4,1367,40Hz10kN/Bearing3_4/1367.csv,test,32768,25600,1.28,1,148
XJTU-SY,3,40Hz10kN,2400,10.0,Bearing3_4,4,1368,40Hz10kN/Bearing3_4/1368.csv,test,32768,25600,1.28,1,147
XJTU-SY,3,40Hz10kN,2400,10.0,Bearing3_4,4,1369,40Hz10kN/Bearing3_4/1369.csv,test,32768,25600,1.28,1,146
XJTU-SY,3,40Hz10kN,2400,10.0,Bearing3_4,4,1370,40Hz10kN/Bearing3_4/1370.csv,test,32768,25600,1.28,1,145
XJTU-SY,3,40Hz10kN,2400,10.0,Bearing3_4,4,1371,40Hz10kN/Bearing3_4/1371.csv,test,32768,25600,1.28,1,144
XJTU-SY,3,40Hz10kN,2400,10.0,Bearing3_4,4,1372,40Hz10kN/Bearing3_4/1372.csv,test,32768,25600,1.28,1,143
XJTU-SY,3,40Hz10kN,2400,10.0,Bearing3_4,4,1373,40Hz10kN/Bearing3_4/1373.csv,test,32768,25600,1.28,1,142
XJTU-SY,3,40Hz10kN,2400,10.0,Bearing3_4,4,1374,40Hz10kN/Bearing3_4/1374.csv,test,32768,25600,1.28,1,141
XJTU-SY,3,40Hz10kN,2400,10.0,Bearing3_4,4,1375,40Hz10kN/Bearing3_4/1375.csv,test,32768,25600,1.28,1,140
XJTU-SY,3,40Hz10kN,2400,10.0,Bearing3_4,4,1376,40Hz10kN/Bearing3_4/1376.csv,test,32768,25600,1.28,1,139
XJTU-SY,3,40Hz10kN,2400,10.0,Bearing3_4,4,1377,40Hz10kN/Bearing3_4/1377.csv,test,32768,25600,1.28,1,138
XJTU-SY,3,40Hz10kN,2400,10.0,Bearing3_4,4,1378,40Hz10kN/Bearing3_4/1378.csv,test,32768,25600,1.28,1,137
XJTU-SY,3,40Hz10kN,2400,10.0,Bearing3_4,4,1379,40Hz10kN/Bearing3_4/1379.csv,test,32768,25600,1.28,1,136
XJTU-SY,3,40Hz10kN,2400,10.0,Bearing3_4,4,1380,40Hz10kN/Bearing3_4/1380.csv,test,32768,25600,1.28,1,135
XJTU-SY,3,40Hz10kN,2400,10.0,Bearing3_4,4,1381,40Hz10kN/Bearing3_4/1381.csv,test,32768,25600,1.28,1,134
XJTU-SY,3,40Hz10kN,2400,10.0,Bearing3_4,4,1382,40Hz10kN/Bearing3_4/1382.csv,test,32768,25600,1.28,1,133
XJTU-SY,3,40Hz10kN,2400,10.0,Bearing3_4,4,1383,40Hz10kN/Bearing3_4/1383.csv,test,32768,25600,1.28,1,132
XJTU-SY,3,40Hz10kN,2400,10.0,Bearing3_4,4,1384,40Hz10kN/Bearing3_4/1384.csv,test,32768,25600,1.28,1,131
XJTU-SY,3,40Hz10kN,2400,10.0,Bearing3_4,4,1385,40Hz10kN/Bearing3_4/1385.csv,test,32768,25600,1.28,1,130
XJTU-SY,3,40Hz10kN,2400,10.0,Bearing3_4,4,1386,40Hz10kN/Bearing3_4/1386.csv,test,32768,25600,1.28,1,129
XJTU-SY,3,40Hz10kN,2400,10.0,Bearing3_4,4,1387,40Hz10kN/Bearing3_4/1387.csv,test,32768,25600,1.28,1,128
XJTU-SY,3,40Hz10kN,2400,10.0,Bearing3_4,4,1388,40Hz10kN/Bearing3_4/1388.csv,test,32768,25600,1.28,1,127
XJTU-SY,3,40Hz10kN,2400,10.0,Bearing3_4,4,1389,40Hz10kN/Bearing3_4/1389.csv,test,32768,25600,1.28,1,126
XJTU-SY,3,40Hz10kN,2400,10.0,Bearing3_4,4,1390,40Hz10kN/Bearing3_4/1390.csv,test,32768,25600,1.28,1,125
XJTU-SY,3,40Hz10kN,2400,10.0,Bearing3_4,4,1391,40Hz10kN/Bearing3_4/1391.csv,test,32768,25600,1.28,1,124
XJTU-SY,3,40Hz10kN,2400,10.0,Bearing3_4,4,1392,40Hz10kN/Bearing3_4/1392.csv,test,32768,25600,1.28,1,123
XJTU-SY,3,40Hz10kN,2400,10.0,Bearing3_4,4,1393,40Hz10kN/Bearing3_4/1393.csv,test,32768,25600,1.28,1,122
XJTU-SY,3,40Hz10kN,2400,10.0,Bearing3_4,4,1394,40Hz10kN/Bearing3_4/1394.csv,test,32768,25600,1.28,1,121
XJTU-SY,3,40Hz10kN,2400,10.0,Bearing3_4,4,1395,40Hz10kN/Bearing3_4/1395.csv,test,32768,25600,1.28,1,120
XJTU-SY,3,40Hz10kN,2400,10.0,Bearing3_4,4,1396,40Hz10kN/Bearing3_4/1396.csv,test,32768,25600,1.28,1,119
XJTU-SY,3,40Hz10kN,2400,10.0,Bearing3_4,4,1397,40Hz10kN/Bearing3_4/1397.csv,test,32768,25600,1.28,1,118
XJTU-SY,3,40Hz10kN,2400,10.0,Bearing3_4,4,1398,40Hz10kN/Bearing3_4/1398.csv,test,32768,25600,1.28,1,117
XJTU-SY,3,40Hz10kN,2400,10.0,Bearing3_4,4,1399,40Hz10kN/Bearing3_4/1399.csv,test,32768,25600,1.28,1,116
XJTU-SY,3,40Hz10kN,2400,10.0,Bearing3_4,4,1400,40Hz10kN/Bearing3_4/1400.csv,test,32768,25600,1.28,1,115
XJTU-SY,3,40Hz10kN,2400,10.0,Bearing3_4,4,1401,40Hz10kN/Bearing3_4/1401.csv,test,32768,25600,1.28,1,114
XJTU-SY,3,40Hz10kN,2400,10.0,Bearing3_4,4,1402,40Hz10kN/Bearing3_4/1402.csv,test,32768,25600,1.28,1,113
XJTU-SY,3,40Hz10kN,2400,10.0,Bearing3_4,4,1403,40Hz10kN/Bearing3_4/1403.csv,test,32768,25600,1.28,1,112
XJTU-SY,3,40Hz10kN,2400,10.0,Bearing3_4,4,1404,40Hz10kN/Bearing3_4/1404.csv,test,32768,25600,1.28,1,111
XJTU-SY,3,40Hz10kN,2400,10.0,Bearing3_4,4,1405,40Hz10kN/Bearing3_4/1405.csv,test,32768,25600,1.28,1,110
XJTU-SY,3,40Hz10kN,2400,10.0,Bearing3_4,4,1406,40Hz10kN/Bearing3_4/1406.csv,test,32768,25600,1.28,1,109
XJTU-SY,3,40Hz10kN,2400,10.0,Bearing3_4,4,1407,40Hz10kN/Bearing3_4/1407.csv,test,32768,25600,1.28,1,108
XJTU-SY,3,40Hz10kN,2400,10.0,Bearing3_4,4,1408,40Hz10kN/Bearing3_4/1408.csv,test,32768,25600,1.28,1,107
XJTU-SY,3,40Hz10kN,2400,10.0,Bearing3_4,4,1409,40Hz10kN/Bearing3_4/1409.csv,test,32768,25600,1.28,1,106
XJTU-SY,3,40Hz10kN,2400,10.0,Bearing3_4,4,1410,40Hz10kN/Bearing3_4/1410.csv,test,32768,25600,1.28,1,105
XJTU-SY,3,40Hz10kN,2400,10.0,Bearing3_4,4,1411,40Hz10kN/Bearing3_4/1411.csv,test,32768,25600,1.28,1,104
XJTU-SY,3,40Hz10kN,2400,10.0,Bearing3_4,4,1412,40Hz10kN/Bearing3_4/1412.csv,test,32768,25600,1.28,1,103
XJTU-SY,3,40Hz10kN,2400,10.0,Bearing3_4,4,1413,40Hz10kN/Bearing3_4/1413.csv,test,32768,25600,1.28,1,102
XJTU-SY,3,40Hz10kN,2400,10.0,Bearing3_4,4,1414,40Hz10kN/Bearing3_4/1414.csv,test,32768,25600,1.28,1,101
XJTU-SY,3,40Hz10kN,2400,10.0,Bearing3_4,4,1415,40Hz10kN/Bearing3_4/1415.csv,test,32768,25600,1.28,1,100
XJTU-SY,3,40Hz10kN,2400,10.0,Bearing3_4,4,1416,40Hz10kN/Bearing3_4/1416.csv,test,32768,25600,1.28,1,99
XJTU-SY,3,40Hz10kN,2400,10.0,Bearing3_4,4,1417,40Hz10kN/Bearing3_4/1417.csv,test,32768,25600,1.28,1,98
XJTU-SY,3,40Hz10kN,2400,10.0,Bearing3_4,4,1418,40Hz10kN/Bearing3_4/1418.csv,test,32768,25600,1.28,1,97
XJTU-SY,3,40Hz10kN,2400,10.0,Bearing3_4,4,1419,40Hz10kN/Bearing3_4/1419.csv,test,32768,25600,1.28,1,96
XJTU-SY,3,40Hz10kN,2400,10.0,Bearing3_4,4,1420,40Hz10kN/Bearing3_4/1420.csv,test,32768,25600,1.28,1,95
XJTU-SY,3,40Hz10kN,2400,10.0,Bearing3_4,4,1421,40Hz10kN/Bearing3_4/1421.csv,test,32768,25600,1.28,1,94
XJTU-SY,3,40Hz10kN,2400,10.0,Bearing3_4,4,1422,40Hz10kN/Bearing3_4/1422.csv,test,32768,25600,1.28,1,93
XJTU-SY,3,40Hz10kN,2400,10.0,Bearing3_4,4,1423,40Hz10kN/Bearing3_4/1423.csv,test,32768,25600,1.28,1,92
XJTU-SY,3,40Hz10kN,2400,10.0,Bearing3_4,4,1424,40Hz10kN/Bearing3_4/1424.csv,test,32768,25600,1.28,1,91
XJTU-SY,3,40Hz10kN,2400,10.0,Bearing3_4,4,1425,40Hz10kN/Bearing3_4/1425.csv,test,32768,25600,1.28,1,90
XJTU-SY,3,40Hz10kN,2400,10.0,Bearing3_4,4,1426,40Hz10kN/Bearing3_4/1426.csv,test,32768,25600,1.28,1,89
XJTU-SY,3,40Hz10kN,2400,10.0,Bearing3_4,4,1427,40Hz10kN/Bearing3_4/1427.csv,test,32768,25600,1.28,1,88
XJTU-SY,3,40Hz10kN,2400,10.0,Bearing3_4,4,1428,40Hz10kN/Bearing3_4/1428.csv,test,32768,25600,1.28,1,87
XJTU-SY,3,40Hz10kN,2400,10.0,Bearing3_4,4,1429,40Hz10kN/Bearing3_4/1429.csv,test,32768,25600,1.28,1,86
XJTU-SY,3,40Hz10kN,2400,10.0,Bearing3_4,4,1430,40Hz10kN/Bearing3_4/1430.csv,test,32768,25600,1.28,1,85
XJTU-SY,3,40Hz10kN,2400,10.0,Bearing3_4,4,1431,40Hz10kN/Bearing3_4/1431.csv,test,32768,25600,1.28,1,84
XJTU-SY,3,40Hz10kN,2400,10.0,Bearing3_4,4,1432,40Hz10kN/Bearing3_4/1432.csv,test,32768,25600,1.28,1,83
XJTU-SY,3,40Hz10kN,2400,10.0,Bearing3_4,4,1433,40Hz10kN/Bearing3_4/1433.csv,test,32768,25600,1.28,1,82
XJTU-SY,3,40Hz10kN,2400,10.0,Bearing3_4,4,1434,40Hz10kN/Bearing3_4/1434.csv,test,32768,25600,1.28,1,81
XJTU-SY,3,40Hz10kN,2400,10.0,Bearing3_4,4,1435,40Hz10kN/Bearing3_4/1435.csv,test,32768,25600,1.28,1,80
XJTU-SY,3,40Hz10kN,2400,10.0,Bearing3_4,4,1436,40Hz10kN/Bearing3_4/1436.csv,test,32768,25600,1.28,1,79
XJTU-SY,3,40Hz10kN,2400,10.0,Bearing3_4,4,1437,40Hz10kN/Bearing3_4/1437.csv,test,32768,25600,1.28,1,78
XJTU-SY,3,40Hz10kN,2400,10.0,Bearing3_4,4,1438,40Hz10kN/Bearing3_4/1438.csv,test,32768,25600,1.28,1,77
XJTU-SY,3,40Hz10kN,2400,10.0,Bearing3_4,4,1439,40Hz10kN/Bearing3_4/1439.csv,test,32768,25600,1.28,1,76
XJTU-SY,3,40Hz10kN,2400,10.0,Bearing3_4,4,1440,40Hz10kN/Bearing3_4/1440.csv,test,32768,25600,1.28,1,75
XJTU-SY,3,40Hz10kN,2400,10.0,Bearing3_4,4,1441,40Hz10kN/Bearing3_4/1441.csv,test,32768,25600,1.28,1,74
XJTU-SY,3,40Hz10kN,2400,10.0,Bearing3_4,4,1442,40Hz10kN/Bearing3_4/1442.csv,test,32768,25600,1.28,1,73
XJTU-SY,3,40Hz10kN,2400,10.0,Bearing3_4,4,1443,40Hz10kN/Bearing3_4/1443.csv,test,32768,25600,1.28,1,72
XJTU-SY,3,40Hz10kN,2400,10.0,Bearing3_4,4,1444,40Hz10kN/Bearing3_4/1444.csv,test,32768,25600,1.28,1,71
XJTU-SY,3,40Hz10kN,2400,10.0,Bearing3_4,4,1445,40Hz10kN/Bearing3_4/1445.csv,test,32768,25600,1.28,1,70
XJTU-SY,3,40Hz10kN,2400,10.0,Bearing3_4,4,1446,40Hz10kN/Bearing3_4/1446.csv,test,32768,25600,1.28,1,69
XJTU-SY,3,40Hz10kN,2400,10.0,Bearing3_4,4,1447,40Hz10kN/Bearing3_4/1447.csv,test,32768,25600,1.28,1,68
XJTU-SY,3,40Hz10kN,2400,10.0,Bearing3_4,4,1448,40Hz10kN/Bearing3_4/1448.csv,test,32768,25600,1.28,1,67
XJTU-SY,3,40Hz10kN,2400,10.0,Bearing3_4,4,1449,40Hz10kN/Bearing3_4/1449.csv,test,32768,25600,1.28,1,66
XJTU-SY,3,40Hz10kN,2400,10.0,Bearing3_4,4,1450,40Hz10kN/Bearing3_4/1450.csv,test,32768,25600,1.28,1,65
XJTU-SY,3,40Hz10kN,2400,10.0,Bearing3_4,4,1451,40Hz10kN/Bearing3_4/1451.csv,test,32768,25600,1.28,1,64
XJTU-SY,3,40Hz10kN,2400,10.0,Bearing3_4,4,1452,40Hz10kN/Bearing3_4/1452.csv,test,32768,25600,1.28,1,63
XJTU-SY,3,40Hz10kN,2400,10.0,Bearing3_4,4,1453,40Hz10kN/Bearing3_4/1453.csv,test,32768,25600,1.28,1,62
XJTU-SY,3,40Hz10kN,2400,10.0,Bearing3_4,4,1454,40Hz10kN/Bearing3_4/1454.csv,test,32768,25600,1.28,1,61
XJTU-SY,3,40Hz10kN,2400,10.0,Bearing3_4,4,1455,40Hz10kN/Bearing3_4/1455.csv,test,32768,25600,1.28,1,60
XJTU-SY,3,40Hz10kN,2400,10.0,Bearing3_4,4,1456,40Hz10kN/Bearing3_4/1456.csv,test,32768,25600,1.28,1,59
XJTU-SY,3,40Hz10kN,2400,10.0,Bearing3_4,4,1457,40Hz10kN/Bearing3_4/1457.csv,test,32768,25600,1.28,1,58
XJTU-SY,3,40Hz10kN,2400,10.0,Bearing3_4,4,1458,40Hz10kN/Bearing3_4/1458.csv,test,32768,25600,1.28,1,57
XJTU-SY,3,40Hz10kN,2400,10.0,Bearing3_4,4,1459,40Hz10kN/Bearing3_4/1459.csv,test,32768,25600,1.28,1,56
XJTU-SY,3,40Hz10kN,2400,10.0,Bearing3_4,4,1460,40Hz10kN/Bearing3_4/1460.csv,test,32768,25600,1.28,1,55
XJTU-SY,3,40Hz10kN,2400,10.0,Bearing3_4,4,1461,40Hz10kN/Bearing3_4/1461.csv,test,32768,25600,1.28,1,54
XJTU-SY,3,40Hz10kN,2400,10.0,Bearing3_4,4,1462,40Hz10kN/Bearing3_4/1462.csv,test,32768,25600,1.28,1,53
XJTU-SY,3,40Hz10kN,2400,10.0,Bearing3_4,4,1463,40Hz10kN/Bearing3_4/1463.csv,test,32768,25600,1.28,1,52
XJTU-SY,3,40Hz10kN,2400,10.0,Bearing3_4,4,1464,40Hz10kN/Bearing3_4/1464.csv,test,32768,25600,1.28,1,51
XJTU-SY,3,40Hz10kN,2400,10.0,Bearing3_4,4,1465,40Hz10kN/Bearing3_4/1465.csv,test,32768,25600,1.28,1,50
XJTU-SY,3,40Hz10kN,2400,10.0,Bearing3_4,4,1466,40Hz10kN/Bearing3_4/1466.csv,test,32768,25600,1.28,1,49
XJTU-SY,3,40Hz10kN,2400,10.0,Bearing3_4,4,1467,40Hz10kN/Bearing3_4/1467.csv,test,32768,25600,1.28,1,48
XJTU-SY,3,40Hz10kN,2400,10.0,Bearing3_4,4,1468,40Hz10kN/Bearing3_4/1468.csv,test,32768,25600,1.28,1,47
XJTU-SY,3,40Hz10kN,2400,10.0,Bearing3_4,4,1469,40Hz10kN/Bearing3_4/1469.csv,test,32768,25600,1.28,1,46
XJTU-SY,3,40Hz10kN,2400,10.0,Bearing3_4,4,1470,40Hz10kN/Bearing3_4/1470.csv,test,32768,25600,1.28,1,45
XJTU-SY,3,40Hz10kN,2400,10.0,Bearing3_4,4,1471,40Hz10kN/Bearing3_4/1471.csv,test,32768,25600,1.28,1,44
XJTU-SY,3,40Hz10kN,2400,10.0,Bearing3_4,4,1472,40Hz10kN/Bearing3_4/1472.csv,test,32768,25600,1.28,1,43
XJTU-SY,3,40Hz10kN,2400,10.0,Bearing3_4,4,1473,40Hz10kN/Bearing3_4/1473.csv,test,32768,25600,1.28,1,42
XJTU-SY,3,40Hz10kN,2400,10.0,Bearing3_4,4,1474,40Hz10kN/Bearing3_4/1474.csv,test,32768,25600,1.28,1,41
XJTU-SY,3,40Hz10kN,2400,10.0,Bearing3_4,4,1475,40Hz10kN/Bearing3_4/1475.csv,test,32768,25600,1.28,1,40
XJTU-SY,3,40Hz10kN,2400,10.0,Bearing3_4,4,1476,40Hz10kN/Bearing3_4/1476.csv,test,32768,25600,1.28,1,39
XJTU-SY,3,40Hz10kN,2400,10.0,Bearing3_4,4,1477,40Hz10kN/Bearing3_4/1477.csv,test,32768,25600,1.28,1,38
XJTU-SY,3,40Hz10kN,2400,10.0,Bearing3_4,4,1478,40Hz10kN/Bearing3_4/1478.csv,test,32768,25600,1.28,1,37
XJTU-SY,3,40Hz10kN,2400,10.0,Bearing3_4,4,1479,40Hz10kN/Bearing3_4/1479.csv,test,32768,25600,1.28,1,36
XJTU-SY,3,40Hz10kN,2400,10.0,Bearing3_4,4,1480,40Hz10kN/Bearing3_4/1480.csv,test,32768,25600,1.28,1,35
XJTU-SY,3,40Hz10kN,2400,10.0,Bearing3_4,4,1481,40Hz10kN/Bearing3_4/1481.csv,test,32768,25600,1.28,1,34
XJTU-SY,3,40Hz10kN,2400,10.0,Bearing3_4,4,1482,40Hz10kN/Bearing3_4/1482.csv,test,32768,25600,1.28,1,33
XJTU-SY,3,40Hz10kN,2400,10.0,Bearing3_4,4,1483,40Hz10kN/Bearing3_4/1483.csv,test,32768,25600,1.28,1,32
XJTU-SY,3,40Hz10kN,2400,10.0,Bearing3_4,4,1484,40Hz10kN/Bearing3_4/1484.csv,test,32768,25600,1.28,1,31
XJTU-SY,3,40Hz10kN,2400,10.0,Bearing3_4,4,1485,40Hz10kN/Bearing3_4/1485.csv,test,32768,25600,1.28,1,30
XJTU-SY,3,40Hz10kN,2400,10.0,Bearing3_4,4,1486,40Hz10kN/Bearing3_4/1486.csv,test,32768,25600,1.28,1,29
XJTU-SY,3,40Hz10kN,2400,10.0,Bearing3_4,4,1487,40Hz10kN/Bearing3_4/1487.csv,test,32768,25600,1.28,1,28
XJTU-SY,3,40Hz10kN,2400,10.0,Bearing3_4,4,1488,40Hz10kN/Bearing3_4/1488.csv,test,32768,25600,1.28,1,27
XJTU-SY,3,40Hz10kN,2400,10.0,Bearing3_4,4,1489,40Hz10kN/Bearing3_4/1489.csv,test,32768,25600,1.28,1,26
XJTU-SY,3,40Hz10kN,2400,10.0,Bearing3_4,4,1490,40Hz10kN/Bearing3_4/1490.csv,test,32768,25600,1.28,1,25
XJTU-SY,3,40Hz10kN,2400,10.0,Bearing3_4,4,1491,40Hz10kN/Bearing3_4/1491.csv,test,32768,25600,1.28,1,24
XJTU-SY,3,40Hz10kN,2400,10.0,Bearing3_4,4,1492,40Hz10kN/Bearing3_4/1492.csv,test,32768,25600,1.28,1,23
XJTU-SY,3,40Hz10kN,2400,10.0,Bearing3_4,4,1493,40Hz10kN/Bearing3_4/1493.csv,test,32768,25600,1.28,1,22
XJTU-SY,3,40Hz10kN,2400,10.0,Bearing3_4,4,1494,40Hz10kN/Bearing3_4/1494.csv,test,32768,25600,1.28,1,21
XJTU-SY,3,40Hz10kN,2400,10.0,Bearing3_4,4,1495,40Hz10kN/Bearing3_4/1495.csv,test,32768,25600,1.28,1,20
XJTU-SY,3,40Hz10kN,2400,10.0,Bearing3_4,4,1496,40Hz10kN/Bearing3_4/1496.csv,test,32768,25600,1.28,1,19
XJTU-SY,3,40Hz10kN,2400,10.0,Bearing3_4,4,1497,40Hz10kN/Bearing3_4/1497.csv,test,32768,25600,1.28,1,18
XJTU-SY,3,40Hz10kN,2400,10.0,Bearing3_4,4,1498,40Hz10kN/Bearing3_4/1498.csv,test,32768,25600,1.28,1,17
XJTU-SY,3,40Hz10kN,2400,10.0,Bearing3_4,4,1499,40Hz10kN/Bearing3_4/1499.csv,test,32768,25600,1.28,1,16
XJTU-SY,3,40Hz10kN,2400,10.0,Bearing3_4,4,1500,40Hz10kN/Bearing3_4/1500.csv,test,32768,25600,1.28,1,15
XJTU-SY,3,40Hz10kN,2400,10.0,Bearing3_4,4,1501,40Hz10kN/Bearing3_4/1501.csv,test,32768,25600,1.28,1,14
XJTU-SY,3,40Hz10kN,2400,10.0,Bearing3_4,4,1502,40Hz10kN/Bearing3_4/1502.csv,test,32768,25600,1.28,1,13
XJTU-SY,3,40Hz10kN,2400,10.0,Bearing3_4,4,1503,40Hz10kN/Bearing3_4/1503.csv,test,32768,25600,1.28,1,12
XJTU-SY,3,40Hz10kN,2400,10.0,Bearing3_4,4,1504,40Hz10kN/Bearing3_4/1504.csv,test,32768,25600,1.28,1,11
XJTU-SY,3,40Hz10kN,2400,10.0,Bearing3_4,4,1505,40Hz10kN/Bearing3_4/1505.csv,test,32768,25600,1.28,1,10
XJTU-SY,3,40Hz10kN,2400,10.0,Bearing3_4,4,1506,40Hz10kN/Bearing3_4/1506.csv,test,32768,25600,1.28,1,9
XJTU-SY,3,40Hz10kN,2400,10.0,Bearing3_4,4,1507,40Hz10kN/Bearing3_4/1507.csv,test,32768,25600,1.28,1,8
XJTU-SY,3,40Hz10kN,2400,10.0,Bearing3_4,4,1508,40Hz10kN/Bearing3_4/1508.csv,test,32768,25600,1.28,1,7
XJTU-SY,3,40Hz10kN,2400,10.0,Bearing3_4,4,1509,40Hz10kN/Bearing3_4/1509.csv,test,32768,25600,1.28,1,6
XJTU-SY,3,40Hz10kN,2400,10.0,Bearing3_4,4,1510,40Hz10kN/Bearing3_4/1510.csv,test,32768,25600,1.28,1,5
XJTU-SY,3,40Hz10kN,2400,10.0,Bearing3_4,4,1511,40Hz10kN/Bearing3_4/1511.csv,test,32768,25600,1.28,1,4
XJTU-SY,3,40Hz10kN,2400,10.0,Bearing3_4,4,1512,40Hz10kN/Bearing3_4/1512.csv,test,32768,25600,1.28,1,3
XJTU-SY,3,40Hz10kN,2400,10.0,Bearing3_4,4,1513,40Hz10kN/Bearing3_4/1513.csv,test,32768,25600,1.28,1,2
XJTU-SY,3,40Hz10kN,2400,10.0,Bearing3_4,4,1514,40Hz10kN/Bearing3_4/1514.csv,test,32768,25600,1.28,1,1
XJTU-SY,3,40Hz10kN,2400,10.0,Bearing3_4,4,1515,40Hz10kN/Bearing3_4/1515.csv,test,32768,25600,1.28,1,0
XJTU-SY,3,40Hz10kN,2400,10.0,Bearing3_5,5,1,40Hz10kN/Bearing3_5/1.csv,test,32768,25600,1.28,1,113
XJTU-SY,3,40Hz10kN,2400,10.0,Bearing3_5,5,2,40Hz10kN/Bearing3_5/2.csv,test,32768,25600,1.28,1,112
XJTU-SY,3,40Hz10kN,2400,10.0,Bearing3_5,5,3,40Hz10kN/Bearing3_5/3.csv,test,32768,25600,1.28,1,111
XJTU-SY,3,40Hz10kN,2400,10.0,Bearing3_5,5,4,40Hz10kN/Bearing3_5/4.csv,test,32768,25600,1.28,1,110
XJTU-SY,3,40Hz10kN,2400,10.0,Bearing3_5,5,5,40Hz10kN/Bearing3_5/5.csv,test,32768,25600,1.28,1,109
XJTU-SY,3,40Hz10kN,2400,10.0,Bearing3_5,5,6,40Hz10kN/Bearing3_5/6.csv,test,32768,25600,1.28,1,108
XJTU-SY,3,40Hz10kN,2400,10.0,Bearing3_5,5,7,40Hz10kN/Bearing3_5/7.csv,test,32768,25600,1.28,1,107
XJTU-SY,3,40Hz10kN,2400,10.0,Bearing3_5,5,8,40Hz10kN/Bearing3_5/8.csv,test,32768,25600,1.28,1,106
XJTU-SY,3,40Hz10kN,2400,10.0,Bearing3_5,5,9,40Hz10kN/Bearing3_5/9.csv,test,32768,25600,1.28,1,105
XJTU-SY,3,40Hz10kN,2400,10.0,Bearing3_5,5,10,40Hz10kN/Bearing3_5/10.csv,test,32768,25600,1.28,1,104
XJTU-SY,3,40Hz10kN,2400,10.0,Bearing3_5,5,11,40Hz10kN/Bearing3_5/11.csv,test,32768,25600,1.28,1,103
XJTU-SY,3,40Hz10kN,2400,10.0,Bearing3_5,5,12,40Hz10kN/Bearing3_5/12.csv,test,32768,25600,1.28,1,102
XJTU-SY,3,40Hz10kN,2400,10.0,Bearing3_5,5,13,40Hz10kN/Bearing3_5/13.csv,test,32768,25600,1.28,1,101
XJTU-SY,3,40Hz10kN,2400,10.0,Bearing3_5,5,14,40Hz10kN/Bearing3_5/14.csv,test,32768,25600,1.28,1,100
XJTU-SY,3,40Hz10kN,2400,10.0,Bearing3_5,5,15,40Hz10kN/Bearing3_5/15.csv,test,32768,25600,1.28,1,99
XJTU-SY,3,40Hz10kN,2400,10.0,Bearing3_5,5,16,40Hz10kN/Bearing3_5/16.csv,test,32768,25600,1.28,1,98
XJTU-SY,3,40Hz10kN,2400,10.0,Bearing3_5,5,17,40Hz10kN/Bearing3_5/17.csv,test,32768,25600,1.28,1,97
XJTU-SY,3,40Hz10kN,2400,10.0,Bearing3_5,5,18,40Hz10kN/Bearing3_5/18.csv,test,32768,25600,1.28,1,96
XJTU-SY,3,40Hz10kN,2400,10.0,Bearing3_5,5,19,40Hz10kN/Bearing3_5/19.csv,test,32768,25600,1.28,1,95
XJTU-SY,3,40Hz10kN,2400,10.0,Bearing3_5,5,20,40Hz10kN/Bearing3_5/20.csv,test,32768,25600,1.28,1,94
XJTU-SY,3,40Hz10kN,2400,10.0,Bearing3_5,5,21,40Hz10kN/Bearing3_5/21.csv,test,32768,25600,1.28,1,93
XJTU-SY,3,40Hz10kN,2400,10.0,Bearing3_5,5,22,40Hz10kN/Bearing3_5/22.csv,test,32768,25600,1.28,1,92
XJTU-SY,3,40Hz10kN,2400,10.0,Bearing3_5,5,23,40Hz10kN/Bearing3_5/23.csv,test,32768,25600,1.28,1,91
XJTU-SY,3,40Hz10kN,2400,10.0,Bearing3_5,5,24,40Hz10kN/Bearing3_5/24.csv,test,32768,25600,1.28,1,90
XJTU-SY,3,40Hz10kN,2400,10.0,Bearing3_5,5,25,40Hz10kN/Bearing3_5/25.csv,test,32768,25600,1.28,1,89
XJTU-SY,3,40Hz10kN,2400,10.0,Bearing3_5,5,26,40Hz10kN/Bearing3_5/26.csv,test,32768,25600,1.28,1,88
XJTU-SY,3,40Hz10kN,2400,10.0,Bearing3_5,5,27,40Hz10kN/Bearing3_5/27.csv,test,32768,25600,1.28,1,87
XJTU-SY,3,40Hz10kN,2400,10.0,Bearing3_5,5,28,40Hz10kN/Bearing3_5/28.csv,test,32768,25600,1.28,1,86
XJTU-SY,3,40Hz10kN,2400,10.0,Bearing3_5,5,29,40Hz10kN/Bearing3_5/29.csv,test,32768,25600,1.28,1,85
XJTU-SY,3,40Hz10kN,2400,10.0,Bearing3_5,5,30,40Hz10kN/Bearing3_5/30.csv,test,32768,25600,1.28,1,84
XJTU-SY,3,40Hz10kN,2400,10.0,Bearing3_5,5,31,40Hz10kN/Bearing3_5/31.csv,test,32768,25600,1.28,1,83
XJTU-SY,3,40Hz10kN,2400,10.0,Bearing3_5,5,32,40Hz10kN/Bearing3_5/32.csv,test,32768,25600,1.28,1,82
XJTU-SY,3,40Hz10kN,2400,10.0,Bearing3_5,5,33,40Hz10kN/Bearing3_5/33.csv,test,32768,25600,1.28,1,81
XJTU-SY,3,40Hz10kN,2400,10.0,Bearing3_5,5,34,40Hz10kN/Bearing3_5/34.csv,test,32768,25600,1.28,1,80
XJTU-SY,3,40Hz10kN,2400,10.0,Bearing3_5,5,35,40Hz10kN/Bearing3_5/35.csv,test,32768,25600,1.28,1,79
XJTU-SY,3,40Hz10kN,2400,10.0,Bearing3_5,5,36,40Hz10kN/Bearing3_5/36.csv,test,32768,25600,1.28,1,78
XJTU-SY,3,40Hz10kN,2400,10.0,Bearing3_5,5,37,40Hz10kN/Bearing3_5/37.csv,test,32768,25600,1.28,1,77
XJTU-SY,3,40Hz10kN,2400,10.0,Bearing3_5,5,38,40Hz10kN/Bearing3_5/38.csv,test,32768,25600,1.28,1,76
XJTU-SY,3,40Hz10kN,2400,10.0,Bearing3_5,5,39,40Hz10kN/Bearing3_5/39.csv,test,32768,25600,1.28,1,75
XJTU-SY,3,40Hz10kN,2400,10.0,Bearing3_5,5,40,40Hz10kN/Bearing3_5/40.csv,test,32768,25600,1.28,1,74
XJTU-SY,3,40Hz10kN,2400,10.0,Bearing3_5,5,41,40Hz10kN/Bearing3_5/41.csv,test,32768,25600,1.28,1,73
XJTU-SY,3,40Hz10kN,2400,10.0,Bearing3_5,5,42,40Hz10kN/Bearing3_5/42.csv,test,32768,25600,1.28,1,72
XJTU-SY,3,40Hz10kN,2400,10.0,Bearing3_5,5,43,40Hz10kN/Bearing3_5/43.csv,test,32768,25600,1.28,1,71
XJTU-SY,3,40Hz10kN,2400,10.0,Bearing3_5,5,44,40Hz10kN/Bearing3_5/44.csv,test,32768,25600,1.28,1,70
XJTU-SY,3,40Hz10kN,2400,10.0,Bearing3_5,5,45,40Hz10kN/Bearing3_5/45.csv,test,32768,25600,1.28,1,69
XJTU-SY,3,40Hz10kN,2400,10.0,Bearing3_5,5,46,40Hz10kN/Bearing3_5/46.csv,test,32768,25600,1.28,1,68
XJTU-SY,3,40Hz10kN,2400,10.0,Bearing3_5,5,47,40Hz10kN/Bearing3_5/47.csv,test,32768,25600,1.28,1,67
XJTU-SY,3,40Hz10kN,2400,10.0,Bearing3_5,5,48,40Hz10kN/Bearing3_5/48.csv,test,32768,25600,1.28,1,66
XJTU-SY,3,40Hz10kN,2400,10.0,Bearing3_5,5,49,40Hz10kN/Bearing3_5/49.csv,test,32768,25600,1.28,1,65
XJTU-SY,3,40Hz10kN,2400,10.0,Bearing3_5,5,50,40Hz10kN/Bearing3_5/50.csv,test,32768,25600,1.28,1,64
XJTU-SY,3,40Hz10kN,2400,10.0,Bearing3_5,5,51,40Hz10kN/Bearing3_5/51.csv,test,32768,25600,1.28,1,63
XJTU-SY,3,40Hz10kN,2400,10.0,Bearing3_5,5,52,40Hz10kN/Bearing3_5/52.csv,test,32768,25600,1.28,1,62
XJTU-SY,3,40Hz10kN,2400,10.0,Bearing3_5,5,53,40Hz10kN/Bearing3_5/53.csv,test,32768,25600,1.28,1,61
XJTU-SY,3,40Hz10kN,2400,10.0,Bearing3_5,5,54,40Hz10kN/Bearing3_5/54.csv,test,32768,25600,1.28,1,60
XJTU-SY,3,40Hz10kN,2400,10.0,Bearing3_5,5,55,40Hz10kN/Bearing3_5/55.csv,test,32768,25600,1.28,1,59
XJTU-SY,3,40Hz10kN,2400,10.0,Bearing3_5,5,56,40Hz10kN/Bearing3_5/56.csv,test,32768,25600,1.28,1,58
XJTU-SY,3,40Hz10kN,2400,10.0,Bearing3_5,5,57,40Hz10kN/Bearing3_5/57.csv,test,32768,25600,1.28,1,57
XJTU-SY,3,40Hz10kN,2400,10.0,Bearing3_5,5,58,40Hz10kN/Bearing3_5/58.csv,test,32768,25600,1.28,1,56
XJTU-SY,3,40Hz10kN,2400,10.0,Bearing3_5,5,59,40Hz10kN/Bearing3_5/59.csv,test,32768,25600,1.28,1,55
XJTU-SY,3,40Hz10kN,2400,10.0,Bearing3_5,5,60,40Hz10kN/Bearing3_5/60.csv,test,32768,25600,1.28,1,54
XJTU-SY,3,40Hz10kN,2400,10.0,Bearing3_5,5,61,40Hz10kN/Bearing3_5/61.csv,test,32768,25600,1.28,1,53
XJTU-SY,3,40Hz10kN,2400,10.0,Bearing3_5,5,62,40Hz10kN/Bearing3_5/62.csv,test,32768,25600,1.28,1,52
XJTU-SY,3,40Hz10kN,2400,10.0,Bearing3_5,5,63,40Hz10kN/Bearing3_5/63.csv,test,32768,25600,1.28,1,51
XJTU-SY,3,40Hz10kN,2400,10.0,Bearing3_5,5,64,40Hz10kN/Bearing3_5/64.csv,test,32768,25600,1.28,1,50
XJTU-SY,3,40Hz10kN,2400,10.0,Bearing3_5,5,65,40Hz10kN/Bearing3_5/65.csv,test,32768,25600,1.28,1,49
XJTU-SY,3,40Hz10kN,2400,10.0,Bearing3_5,5,66,40Hz10kN/Bearing3_5/66.csv,test,32768,25600,1.28,1,48
XJTU-SY,3,40Hz10kN,2400,10.0,Bearing3_5,5,67,40Hz10kN/Bearing3_5/67.csv,test,32768,25600,1.28,1,47
XJTU-SY,3,40Hz10kN,2400,10.0,Bearing3_5,5,68,40Hz10kN/Bearing3_5/68.csv,test,32768,25600,1.28,1,46
XJTU-SY,3,40Hz10kN,2400,10.0,Bearing3_5,5,69,40Hz10kN/Bearing3_5/69.csv,test,32768,25600,1.28,1,45
XJTU-SY,3,40Hz10kN,2400,10.0,Bearing3_5,5,70,40Hz10kN/Bearing3_5/70.csv,test,32768,25600,1.28,1,44
XJTU-SY,3,40Hz10kN,2400,10.0,Bearing3_5,5,71,40Hz10kN/Bearing3_5/71.csv,test,32768,25600,1.28,1,43
XJTU-SY,3,40Hz10kN,2400,10.0,Bearing3_5,5,72,40Hz10kN/Bearing3_5/72.csv,test,32768,25600,1.28,1,42
XJTU-SY,3,40Hz10kN,2400,10.0,Bearing3_5,5,73,40Hz10kN/Bearing3_5/73.csv,test,32768,25600,1.28,1,41
XJTU-SY,3,40Hz10kN,2400,10.0,Bearing3_5,5,74,40Hz10kN/Bearing3_5/74.csv,test,32768,25600,1.28,1,40
XJTU-SY,3,40Hz10kN,2400,10.0,Bearing3_5,5,75,40Hz10kN/Bearing3_5/75.csv,test,32768,25600,1.28,1,39
XJTU-SY,3,40Hz10kN,2400,10.0,Bearing3_5,5,76,40Hz10kN/Bearing3_5/76.csv,test,32768,25600,1.28,1,38
XJTU-SY,3,40Hz10kN,2400,10.0,Bearing3_5,5,77,40Hz10kN/Bearing3_5/77.csv,test,32768,25600,1.28,1,37
XJTU-SY,3,40Hz10kN,2400,10.0,Bearing3_5,5,78,40Hz10kN/Bearing3_5/78.csv,test,32768,25600,1.28,1,36
XJTU-SY,3,40Hz10kN,2400,10.0,Bearing3_5,5,79,40Hz10kN/Bearing3_5/79.csv,test,32768,25600,1.28,1,35
XJTU-SY,3,40Hz10kN,2400,10.0,Bearing3_5,5,80,40Hz10kN/Bearing3_5/80.csv,test,32768,25600,1.28,1,34
XJTU-SY,3,40Hz10kN,2400,10.0,Bearing3_5,5,81,40Hz10kN/Bearing3_5/81.csv,test,32768,25600,1.28,1,33
XJTU-SY,3,40Hz10kN,2400,10.0,Bearing3_5,5,82,40Hz10kN/Bearing3_5/82.csv,test,32768,25600,1.28,1,32
XJTU-SY,3,40Hz10kN,2400,10.0,Bearing3_5,5,83,40Hz10kN/Bearing3_5/83.csv,test,32768,25600,1.28,1,31
XJTU-SY,3,40Hz10kN,2400,10.0,Bearing3_5,5,84,40Hz10kN/Bearing3_5/84.csv,test,32768,25600,1.28,1,30
XJTU-SY,3,40Hz10kN,2400,10.0,Bearing3_5,5,85,40Hz10kN/Bearing3_5/85.csv,test,32768,25600,1.28,1,29
XJTU-SY,3,40Hz10kN,2400,10.0,Bearing3_5,5,86,40Hz10kN/Bearing3_5/86.csv,test,32768,25600,1.28,1,28
XJTU-SY,3,40Hz10kN,2400,10.0,Bearing3_5,5,87,40Hz10kN/Bearing3_5/87.csv,test,32768,25600,1.28,1,27
XJTU-SY,3,40Hz10kN,2400,10.0,Bearing3_5,5,88,40Hz10kN/Bearing3_5/88.csv,test,32768,25600,1.28,1,26
XJTU-SY,3,40Hz10kN,2400,10.0,Bearing3_5,5,89,40Hz10kN/Bearing3_5/89.csv,test,32768,25600,1.28,1,25
XJTU-SY,3,40Hz10kN,2400,10.0,Bearing3_5,5,90,40Hz10kN/Bearing3_5/90.csv,test,32768,25600,1.28,1,24
XJTU-SY,3,40Hz10kN,2400,10.0,Bearing3_5,5,91,40Hz10kN/Bearing3_5/91.csv,test,32768,25600,1.28,1,23
XJTU-SY,3,40Hz10kN,2400,10.0,Bearing3_5,5,92,40Hz10kN/Bearing3_5/92.csv,test,32768,25600,1.28,1,22
XJTU-SY,3,40Hz10kN,2400,10.0,Bearing3_5,5,93,40Hz10kN/Bearing3_5/93.csv,test,32768,25600,1.28,1,21
XJTU-SY,3,40Hz10kN,2400,10.0,Bearing3_5,5,94,40Hz10kN/Bearing3_5/94.csv,test,32768,25600,1.28,1,20
XJTU-SY,3,40Hz10kN,2400,10.0,Bearing3_5,5,95,40Hz10kN/Bearing3_5/95.csv,test,32768,25600,1.28,1,19
XJTU-SY,3,40Hz10kN,2400,10.0,Bearing3_5,5,96,40Hz10kN/Bearing3_5/96.csv,test,32768,25600,1.28,1,18
XJTU-SY,3,40Hz10kN,2400,10.0,Bearing3_5,5,97,40Hz10kN/Bearing3_5/97.csv,test,32768,25600,1.28,1,17
XJTU-SY,3,40Hz10kN,2400,10.0,Bearing3_5,5,98,40Hz10kN/Bearing3_5/98.csv,test,32768,25600,1.28,1,16
XJTU-SY,3,40Hz10kN,2400,10.0,Bearing3_5,5,99,40Hz10kN/Bearing3_5/99.csv,test,32768,25600,1.28,1,15
XJTU-SY,3,40Hz10kN,2400,10.0,Bearing3_5,5,100,40Hz10kN/Bearing3_5/100.csv,test,32768,25600,1.28,1,14
XJTU-SY,3,40Hz10kN,2400,10.0,Bearing3_5,5,101,40Hz10kN/Bearing3_5/101.csv,test,32768,25600,1.28,1,13
XJTU-SY,3,40Hz10kN,2400,10.0,Bearing3_5,5,102,40Hz10kN/Bearing3_5/102.csv,test,32768,25600,1.28,1,12
XJTU-SY,3,40Hz10kN,2400,10.0,Bearing3_5,5,103,40Hz10kN/Bearing3_5/103.csv,test,32768,25600,1.28,1,11
XJTU-SY,3,40Hz10kN,2400,10.0,Bearing3_5,5,104,40Hz10kN/Bearing3_5/104.csv,test,32768,25600,1.28,1,10
XJTU-SY,3,40Hz10kN,2400,10.0,Bearing3_5,5,105,40Hz10kN/Bearing3_5/105.csv,test,32768,25600,1.28,1,9
XJTU-SY,3,40Hz10kN,2400,10.0,Bearing3_5,5,106,40Hz10kN/Bearing3_5/106.csv,test,32768,25600,1.28,1,8
XJTU-SY,3,40Hz10kN,2400,10.0,Bearing3_5,5,107,40Hz10kN/Bearing3_5/107.csv,test,32768,25600,1.28,1,7
XJTU-SY,3,40Hz10kN,2400,10.0,Bearing3_5,5,108,40Hz10kN/Bearing3_5/108.csv,test,32768,25600,1.28,1,6
XJTU-SY,3,40Hz10kN,2400,10.0,Bearing3_5,5,109,40Hz10kN/Bearing3_5/109.csv,test,32768,25600,1.28,1,5
XJTU-SY,3,40Hz10kN,2400,10.0,Bearing3_5,5,110,40Hz10kN/Bearing3_5/110.csv,test,32768,25600,1.28,1,4
XJTU-SY,3,40Hz10kN,2400,10.0,Bearing3_5,5,111,40Hz10kN/Bearing3_5/111.csv,test,32768,25600,1.28,1,3
XJTU-SY,3,40Hz10kN,2400,10.0,Bearing3_5,5,112,40Hz10kN/Bearing3_5/112.csv,test,32768,25600,1.28,1,2
XJTU-SY,3,40Hz10kN,2400,10.0,Bearing3_5,5,113,40Hz10kN/Bearing3_5/113.csv,test,32768,25600,1.28,1,1
XJTU-SY,3,40Hz10kN,2400,10.0,Bearing3_5,5,114,40Hz10kN/Bearing3_5/114.csv,test,32768,25600,1.28,1,0
